video_id,channel_id,validation_fold
C2Rzk_57ibo,UCe56RtxwepRSyZ-b--SedOw,0
gULXPkjihFg,UCpViDMEfvur724mBt8tLiHw,0
YJ1ZGMnT6LE,UCi21QsYAY8kw1YjFq16lZyw,0
3a3GOYdI_SM,UCUwP2XkG17aD53fmvYoA6Yw,0
jBqimheRNyM,UCO87c90DZllM_mAjrb5irpg,0
dP3dIiKceTU,UCO87c90DZllM_mAjrb5irpg,0
-hKfvmkFyT0,UCL8_vmF3_0473VvfU7Hi1ug,0
FwZFwKV796Y,UCGGwuSrxDFQymf66OdM_-pw,0
9-I9PmeGz0A,UCpViDMEfvur724mBt8tLiHw,0
CevlSWbc2GU,UC-RQhtMze3BUzskjv7fumpg,0
_tvvtLxbwKE,UCe56RtxwepRSyZ-b--SedOw,0
_a5P8AU8tjg,UCL8_vmF3_0473VvfU7Hi1ug,0
zK4GIJird6Y,UC7hVpCUJxZD0ACqGQ3zpJ9g,0
keA314gQjY8,UC--QxF30QUdNMP4WpTMe6qg,0
HfEKRf25QvE,UC4Gumj80pOghE8G7xq4Yxjg,0
XgmQrul0ZK4,UCGGwuSrxDFQymf66OdM_-pw,0
jcPjG3efcXA,UC-RQhtMze3BUzskjv7fumpg,0
dHUQjp2jC6I,UCe56RtxwepRSyZ-b--SedOw,0
wHM1GD2Fl3U,UC7hVpCUJxZD0ACqGQ3zpJ9g,0
ceh5dE4VhbM,UCr_s2VHtNnGH8LngWlsoZhw,0
qLVd2hFYr9k,UCO87c90DZllM_mAjrb5irpg,0
tVcE4XsIz2w,UCi21QsYAY8kw1YjFq16lZyw,0
NaK_rPZ7Yyo,UCpViDMEfvur724mBt8tLiHw,0
zHwD54o_QgQ,UC8BzE8H7qoFa60JjaRgmIfg,0
36wFOzND3wg,UCGGwuSrxDFQymf66OdM_-pw,0
V9apZmxSZZY,UCL8_vmF3_0473VvfU7Hi1ug,0
N4O1knSWpaw,UCpViDMEfvur724mBt8tLiHw,0
99M3gSNxNUg,UC-RQhtMze3BUzskjv7fumpg,0
lkkBbCVvU6A,UCe56RtxwepRSyZ-b--SedOw,0
eWgVq1mgMtw,UC7hVpCUJxZD0ACqGQ3zpJ9g,0
dII5XLPJczU,UC4Gumj80pOghE8G7xq4Yxjg,0
ofochlZvu3A,UCpViDMEfvur724mBt8tLiHw,0
RYMPIssBWqs,UCO87c90DZllM_mAjrb5irpg,0
XM2_dokCrDk,UCi21QsYAY8kw1YjFq16lZyw,0
zvEOiXPfPOw,UCL8_vmF3_0473VvfU7Hi1ug,0
LH_UDZYpaxA,UC-RQhtMze3BUzskjv7fumpg,0
MFZ92wXnIzw,UCpViDMEfvur724mBt8tLiHw,0
efzYyix4zXE,UCe56RtxwepRSyZ-b--SedOw,0
H7A636qIeiU,UC7hVpCUJxZD0ACqGQ3zpJ9g,0
gszVqpvn-Jw,UC4Gumj80pOghE8G7xq4Yxjg,0
b3cdIQNRFQs,UCyK5hrNdv4293IyUXs19wXw,0
gqSwaihkog4,UCO87c90DZllM_mAjrb5irpg,0
X9QSy79DY10,UCUwP2XkG17aD53fmvYoA6Yw,0
2AtDHhKysyQ,UCGGwuSrxDFQymf66OdM_-pw,0
rNcxqyLOiw4,UC-RQhtMze3BUzskjv7fumpg,0
BCkWyb7BbMQ,UCe56RtxwepRSyZ-b--SedOw,0
yOmxX8D-CqA,UC7hVpCUJxZD0ACqGQ3zpJ9g,0
ayHHANPnCdc,UCBGp_XPj3Oudk207UNw_tAg,0
0dCMELviQ1I,UCr_s2VHtNnGH8LngWlsoZhw,0
acCnV13_R8M,UCO87c90DZllM_mAjrb5irpg,0
3qZmxyFKSEw,UCi21QsYAY8kw1YjFq16lZyw,0
hflW0IAb3FY,UC7GZguUCh8gdEs-VKhWqkWA,0
stBKMAgdmYs,UCGGwuSrxDFQymf66OdM_-pw,0
D-vnNlzeY0w,UC-RQhtMze3BUzskjv7fumpg,0
1ORdKRl-z-8,UCe56RtxwepRSyZ-b--SedOw,0
sT3amNOXhHg,UC7hVpCUJxZD0ACqGQ3zpJ9g,0
GV_YV1FhgyA,UC4Gumj80pOghE8G7xq4Yxjg,0
V8-RemfTfxA,UCGGwuSrxDFQymf66OdM_-pw,0
Kg0RKh4nTNs,UC-RQhtMze3BUzskjv7fumpg,0
kDCf14VoRdM,UCe56RtxwepRSyZ-b--SedOw,0
sZXRS-J8nKU,UC7hVpCUJxZD0ACqGQ3zpJ9g,0
ShUe5LeLRho,UCO87c90DZllM_mAjrb5irpg,0
IrLrBBnnZPQ,UCUwP2XkG17aD53fmvYoA6Yw,0
jaAH9Kx8dXI,UCO87c90DZllM_mAjrb5irpg,0
Ze5-pGBTueM,UCpViDMEfvur724mBt8tLiHw,0
KmQBivOamJ4,UCGGwuSrxDFQymf66OdM_-pw,0
TBwER6FrlSM,UC-RQhtMze3BUzskjv7fumpg,0
vYQePbX0cV0,UCL8_vmF3_0473VvfU7Hi1ug,0
uDedSWXGJPg,UCe56RtxwepRSyZ-b--SedOw,0
Y2odDVsCR2Y,UC--QxF30QUdNMP4WpTMe6qg,0
NRarTkLNfVY,UC7hVpCUJxZD0ACqGQ3zpJ9g,0
mnwYdto5js0,UCi21QsYAY8kw1YjFq16lZyw,0
_PBxg-TR4Qw,UC4Gumj80pOghE8G7xq4Yxjg,0
QJ3Cva6uOBk,UCO87c90DZllM_mAjrb5irpg,0
W8lYAnIhp-w,UCO87c90DZllM_mAjrb5irpg,0
CsJkUTQ2Ywg,UCGGwuSrxDFQymf66OdM_-pw,0
w8JDPYN2vUI,UCpViDMEfvur724mBt8tLiHw,0
goipkzn-eS0,UC-RQhtMze3BUzskjv7fumpg,0
XhZ6qOyuiyo,UCO87c90DZllM_mAjrb5irpg,0
3Ie9LOJaUQY,UCe56RtxwepRSyZ-b--SedOw,0
z-LBuiKyyyM,UCi21QsYAY8kw1YjFq16lZyw,0
jNrlNNGktxk,UCi21QsYAY8kw1YjFq16lZyw,0
vonB8hLDMZQ,UC7hVpCUJxZD0ACqGQ3zpJ9g,0
YJNqRtefbtM,UCi21QsYAY8kw1YjFq16lZyw,0
6JkEmROJem8,UCpViDMEfvur724mBt8tLiHw,0
_VXL5ZPTZgs,UCpViDMEfvur724mBt8tLiHw,0
W658Scsw83E,UCGGwuSrxDFQymf66OdM_-pw,0
kwaKVxDf9lk,UCJ87OGZu8iQUO8IyACYYREg,0
2SnTW3GeOug,UC-RQhtMze3BUzskjv7fumpg,0
bjEd4D1EXGA,UCe56RtxwepRSyZ-b--SedOw,0
2heYwRxsgb0,UC--QxF30QUdNMP4WpTMe6qg,0
eDhpUcbebjc,UC7hVpCUJxZD0ACqGQ3zpJ9g,0
iiz1KGEUshk,UC4Gumj80pOghE8G7xq4Yxjg,0
n_SsQdY6Bk4,UCyK5hrNdv4293IyUXs19wXw,0
9TtH9OsEvI4,UCO87c90DZllM_mAjrb5irpg,0
lJHFxh4CaXc,UCUwP2XkG17aD53fmvYoA6Yw,0
n_E936_834Y,UCJ87OGZu8iQUO8IyACYYREg,0
s3thNK4K4ok,UC-RQhtMze3BUzskjv7fumpg,0
lOfLNf5LPZo,UCe56RtxwepRSyZ-b--SedOw,0
ERavzmJO4hc,UC7hVpCUJxZD0ACqGQ3zpJ9g,0
IpmexPO231w,UCi21QsYAY8kw1YjFq16lZyw,0
07dDK63CQCk,UC7hVpCUJxZD0ACqGQ3zpJ9g,0
T9U16f-Hvjk,UCi21QsYAY8kw1YjFq16lZyw,0
5GirLTTbseo,UCi21QsYAY8kw1YjFq16lZyw,0
Cvcr1ZoMPWI,UC4Gumj80pOghE8G7xq4Yxjg,0
W8Ct4BaoOGA,UCO87c90DZllM_mAjrb5irpg,0
ykL8Z4K_dqQ,UCpViDMEfvur724mBt8tLiHw,0
8pkskzFd6qw,UCO87c90DZllM_mAjrb5irpg,0
Ix5rmh_zHH0,UCGGwuSrxDFQymf66OdM_-pw,0
TBPgBMCoByo,UCJ87OGZu8iQUO8IyACYYREg,0
p8EZ4oMxHbc,UC-RQhtMze3BUzskjv7fumpg,0
6_lsL9o0x40,UCBGp_XPj3Oudk207UNw_tAg,0
yhBDOoS3bMY,UCe56RtxwepRSyZ-b--SedOw,0
eVTq_RTXRzM,UC7hVpCUJxZD0ACqGQ3zpJ9g,0
z3wiKDW9KKE,UCi21QsYAY8kw1YjFq16lZyw,0
vZTMrDBB_MI,UCr_s2VHtNnGH8LngWlsoZhw,0
v6m2BKkLqXc,UCO87c90DZllM_mAjrb5irpg,0
qNfsh0fRSzw,UC7GZguUCh8gdEs-VKhWqkWA,0
vG07gA0OdDk,UC8BzE8H7qoFa60JjaRgmIfg,0
x_UWh1Jmhss,UCGGwuSrxDFQymf66OdM_-pw,0
1hJmopp_UbI,UCL8_vmF3_0473VvfU7Hi1ug,0
cjAy3o3zolU,UC-RQhtMze3BUzskjv7fumpg,0
G98qxZD9ZIk,UCe56RtxwepRSyZ-b--SedOw,0
J83Xn6TChXQ,UC--QxF30QUdNMP4WpTMe6qg,0
on8bbcLDPMM,UCi21QsYAY8kw1YjFq16lZyw,0
NOv4N5h7__Q,UC7hVpCUJxZD0ACqGQ3zpJ9g,0
BThvp9SOAGk,UC4Gumj80pOghE8G7xq4Yxjg,0
jyDSUaPOHxw,UCpViDMEfvur724mBt8tLiHw,0
Az7yixvegqI,UCO87c90DZllM_mAjrb5irpg,0
63fXkavPWXk,UCGGwuSrxDFQymf66OdM_-pw,0
O49irWfSPQ8,UCe56RtxwepRSyZ-b--SedOw,0
oVUPGkFSGpM,UCi21QsYAY8kw1YjFq16lZyw,0
UwvJRhNN7vc,UCi21QsYAY8kw1YjFq16lZyw,0
6V_IsLX5mXU,UCpViDMEfvur724mBt8tLiHw,0
zbHdb385hEs,UCO87c90DZllM_mAjrb5irpg,0
RYo-Eo9iMeQ,UCS8uIXvlSK3HtC0p0VIWyTQ,0
i9-rZTxESWA,UCGGwuSrxDFQymf66OdM_-pw,0
J7nDeIhrcK8,UC-RQhtMze3BUzskjv7fumpg,0
9Tn-zV4a360,UCe56RtxwepRSyZ-b--SedOw,0
cLWnJagPjqI,UC7hVpCUJxZD0ACqGQ3zpJ9g,0
I2zRycLwkqo,UC7hVpCUJxZD0ACqGQ3zpJ9g,0
YBVlg5g_7WU,UCi21QsYAY8kw1YjFq16lZyw,0
qWYIBKGZRHQ,UCj2Pn8nWcMGnDOdzstvVnbA,0
zixNSyrBxe4,UCpViDMEfvur724mBt8tLiHw,0
s-LhOdGnNuw,UC4Gumj80pOghE8G7xq4Yxjg,0
SLEykY7a_TM,UCpViDMEfvur724mBt8tLiHw,0
rjDCDz-3PJE,UCGGwuSrxDFQymf66OdM_-pw,0
BNmPJGnGqgg,UCO87c90DZllM_mAjrb5irpg,0
f9RXDndcs6Q,UC8BzE8H7qoFa60JjaRgmIfg,0
xOJZXeyqDLk,UC-RQhtMze3BUzskjv7fumpg,0
u7YjYX2ZTMU,UCe56RtxwepRSyZ-b--SedOw,0
c3rX-FCIbpo,UC--QxF30QUdNMP4WpTMe6qg,0
BlwA9qel6SI,UCi21QsYAY8kw1YjFq16lZyw,0
RCSOm-09gkM,UCyK5hrNdv4293IyUXs19wXw,0
fhLNRia-ht8,UCO87c90DZllM_mAjrb5irpg,0
obovxjWr0vc,UCGGwuSrxDFQymf66OdM_-pw,0
Df_9dNOCJv0,UC-RQhtMze3BUzskjv7fumpg,0
1YexDey8bKE,UCe56RtxwepRSyZ-b--SedOw,0
jm1lnIrDq04,UCi21QsYAY8kw1YjFq16lZyw,0
yiH8KnjFI8k,UC4Gumj80pOghE8G7xq4Yxjg,0
NgnsQJX4WyI,UCO87c90DZllM_mAjrb5irpg,0
R2VRBYasY0M,UCO87c90DZllM_mAjrb5irpg,0
N_HMR7DH1AA,UCi21QsYAY8kw1YjFq16lZyw,0
t9u6aeyq1jw,UCpViDMEfvur724mBt8tLiHw,0
q6C2ZCVv1iU,UC-RQhtMze3BUzskjv7fumpg,0
2Me-t5OhwEg,UCe56RtxwepRSyZ-b--SedOw,0
EwpMlaUkrfs,UCpZLNDzplh9FDioOX-jnvKA,0
1CnbT8bEHaA,UC7hVpCUJxZD0ACqGQ3zpJ9g,0
nBfZxz7Osl8,UC4Gumj80pOghE8G7xq4Yxjg,0
mvgOAkOyE7Y,UCRTsD38mMGi7HnWFzlDUFYA,0
Q73-WfRPMGk,UCO87c90DZllM_mAjrb5irpg,0
oWghDVn3R9g,UCL8_vmF3_0473VvfU7Hi1ug,0
PhpAlQlDZOM,UCO87c90DZllM_mAjrb5irpg,0
atTI04gl4qg,UCGGwuSrxDFQymf66OdM_-pw,0
1X2wsMY6zbE,UC-RQhtMze3BUzskjv7fumpg,0
oiHwissTYC0,UCpViDMEfvur724mBt8tLiHw,0
TCw3liHMhS0,UCe56RtxwepRSyZ-b--SedOw,0
HONUQfvTTNw,UCBGp_XPj3Oudk207UNw_tAg,0
vS-VR6XeQfg,UC7hVpCUJxZD0ACqGQ3zpJ9g,0
OZVWj9J7_B0,UCi21QsYAY8kw1YjFq16lZyw,0
IDgarzNWjbM,UCr_s2VHtNnGH8LngWlsoZhw,0
aGnnKLonIi4,UC7GZguUCh8gdEs-VKhWqkWA,0
nTiM-22-6DY,UCO87c90DZllM_mAjrb5irpg,0
dmMox5D7Rlk,UC8BzE8H7qoFa60JjaRgmIfg,0
6kLhaXqiec8,UCpViDMEfvur724mBt8tLiHw,0
44QNocw68xg,UCGGwuSrxDFQymf66OdM_-pw,0
HOnr2ecUkyQ,UC--QxF30QUdNMP4WpTMe6qg,0
tHG-ZryRU34,UC-RQhtMze3BUzskjv7fumpg,0
Y5EWEnl-hfM,UCe56RtxwepRSyZ-b--SedOw,0
zyKVlrPoVzg,UC7hVpCUJxZD0ACqGQ3zpJ9g,0
q2iBsoquM8w,UCi21QsYAY8kw1YjFq16lZyw,0
kZFRIvAprEM,UC4Gumj80pOghE8G7xq4Yxjg,0
iPPUOIiLMc0,UCO87c90DZllM_mAjrb5irpg,0
LoZ_aWVNlJw,UCGGwuSrxDFQymf66OdM_-pw,0
5pG1TzTF3s4,UCGGwuSrxDFQymf66OdM_-pw,0
A8T1yC9ajQ8,UC-RQhtMze3BUzskjv7fumpg,0
3TsQPUBjS5E,UCpViDMEfvur724mBt8tLiHw,0
fYh4MDk38Ac,UCe56RtxwepRSyZ-b--SedOw,0
5FPBBZiUaJI,UCi21QsYAY8kw1YjFq16lZyw,0
DtWD6rXWXDE,UCUwP2XkG17aD53fmvYoA6Yw,0
8gfbHu1R0js,UCpViDMEfvur724mBt8tLiHw,0
ofHRv8S_roo,UC-RQhtMze3BUzskjv7fumpg,0
2uAHC9eJAyA,UCpViDMEfvur724mBt8tLiHw,0
XMH14w0Yv0E,UCGGwuSrxDFQymf66OdM_-pw,0
UEOcjkitCbs,UCO87c90DZllM_mAjrb5irpg,0
MF_VAeK5k2c,UCBGp_XPj3Oudk207UNw_tAg,0
Rzkqtmo3vaM,UCe56RtxwepRSyZ-b--SedOw,0
TdCzJ35EYrk,UCi21QsYAY8kw1YjFq16lZyw,0
SZwOjPQ87Zk,UCL8_vmF3_0473VvfU7Hi1ug,0
ysXiBK0mdQg,UCi21QsYAY8kw1YjFq16lZyw,0
ZbPaampzBEc,UC4Gumj80pOghE8G7xq4Yxjg,0
WQ0zdv1bRY8,UCyK5hrNdv4293IyUXs19wXw,0
H1Twsm8FMWw,UCGGwuSrxDFQymf66OdM_-pw,0
EcTUqsh_b-8,UC-RQhtMze3BUzskjv7fumpg,0
n6td4guuSTs,UCe56RtxwepRSyZ-b--SedOw,0
gRRiAKI74uA,UCpViDMEfvur724mBt8tLiHw,0
md6Y9Pi1aPY,UCGGwuSrxDFQymf66OdM_-pw,0
jLJQ7w0pPlE,UCe56RtxwepRSyZ-b--SedOw,0
hRgXcPTVA0Q,UC4Gumj80pOghE8G7xq4Yxjg,0
QF3qf5yGUWI,UCi21QsYAY8kw1YjFq16lZyw,0
q93Yxe4rz_8,UCL8_vmF3_0473VvfU7Hi1ug,0
MsAJTzWpfAc,UCpViDMEfvur724mBt8tLiHw,0
jyPHUxx3ZXM,UC--QxF30QUdNMP4WpTMe6qg,0
80b2ypQCQSE,UC-RQhtMze3BUzskjv7fumpg,0
VUB4RPVDZvA,UCpViDMEfvur724mBt8tLiHw,0
5EcMqIFXiFY,UCe56RtxwepRSyZ-b--SedOw,0
oMV73YE45hI,UCyK5hrNdv4293IyUXs19wXw,0
LjJJFaqEJmo,UC4Gumj80pOghE8G7xq4Yxjg,0
7e3AAqyj9Tc,UCi21QsYAY8kw1YjFq16lZyw,0
qrGO737PkLM,UCRTsD38mMGi7HnWFzlDUFYA,0
U7AEjAtxH24,UCGGwuSrxDFQymf66OdM_-pw,0
VReaiYv8EsM,UC-RQhtMze3BUzskjv7fumpg,0
K6jAnx0UfHA,UCO87c90DZllM_mAjrb5irpg,0
XBonz4IlCc4,UCe56RtxwepRSyZ-b--SedOw,0
3xAog4KePcw,UC7hVpCUJxZD0ACqGQ3zpJ9g,0
y9OhmRHfCE8,UCBGp_XPj3Oudk207UNw_tAg,0
4u8MmjNGXgo,UCi21QsYAY8kw1YjFq16lZyw,0
dAndFYHOlko,UCr_s2VHtNnGH8LngWlsoZhw,0
HZEg2iVMN_M,UCpViDMEfvur724mBt8tLiHw,0
dmy7e9HHcxo,UC-RQhtMze3BUzskjv7fumpg,0
F80lTeAxReU,UC7GZguUCh8gdEs-VKhWqkWA,0
imDu1GsM7sQ,UC8BzE8H7qoFa60JjaRgmIfg,0
XJr3N3oGOLg,UCGGwuSrxDFQymf66OdM_-pw,0
koIKI_YSTLE,UCe56RtxwepRSyZ-b--SedOw,0
4IAXVc9TmA8,UC4Gumj80pOghE8G7xq4Yxjg,0
UxTarANxzns,UCpViDMEfvur724mBt8tLiHw,0
5I0cF809k5M,UC-RQhtMze3BUzskjv7fumpg,0
rJKgRRRLnJ8,UCGGwuSrxDFQymf66OdM_-pw,0
aCCwAHUdwO8,UCL8_vmF3_0473VvfU7Hi1ug,0
SdZn6wRUra4,UCe56RtxwepRSyZ-b--SedOw,0
w6P8OJjh0Dc,UC7hVpCUJxZD0ACqGQ3zpJ9g,0
tpClVDzL3bQ,UCi21QsYAY8kw1YjFq16lZyw,0
XtDQsw6aDZA,UC4Gumj80pOghE8G7xq4Yxjg,0
b__4MvLZjPY,UCL8_vmF3_0473VvfU7Hi1ug,0
ZB9fHcgimqw,UCyK5hrNdv4293IyUXs19wXw,0
oNjNbZVAWAY,UCO87c90DZllM_mAjrb5irpg,0
5NZsU-3-52E,UCGGwuSrxDFQymf66OdM_-pw,0
KWDZuoPFOE0,UC-RQhtMze3BUzskjv7fumpg,0
2Wk9z2GXgms,UCpViDMEfvur724mBt8tLiHw,0
BE2ARfzs5C0,UCe56RtxwepRSyZ-b--SedOw,0
F-zWtgaULW8,UCBGp_XPj3Oudk207UNw_tAg,0
2q6PmTIPG6k,UC7hVpCUJxZD0ACqGQ3zpJ9g,0
21MFE1parzE,UCi21QsYAY8kw1YjFq16lZyw,0
7FvxTzkvNqg,UC4Gumj80pOghE8G7xq4Yxjg,0
xBJvh9zGUWM,UCL8_vmF3_0473VvfU7Hi1ug,0
4gPvYuAtY-U,UC-RQhtMze3BUzskjv7fumpg,0
JrzabXI-HXA,UCO87c90DZllM_mAjrb5irpg,0
bKQJ_hDpafg,UCGGwuSrxDFQymf66OdM_-pw,0
3eW3aOLkdEE,UC--QxF30QUdNMP4WpTMe6qg,0
ae7-snB27Pw,UCe56RtxwepRSyZ-b--SedOw,0
6FjnPlqgHuU,UCi21QsYAY8kw1YjFq16lZyw,0
VfS48gHtupE,UC7hVpCUJxZD0ACqGQ3zpJ9g,0
Nse0FF5fRWo,UCL8_vmF3_0473VvfU7Hi1ug,0
IYzaxNDklq4,UCpViDMEfvur724mBt8tLiHw,0
GXl1Ls46GIA,UCGGwuSrxDFQymf66OdM_-pw,0
WbYTHEOEXzs,UCpViDMEfvur724mBt8tLiHw,0
21SXICma05Y,UCe56RtxwepRSyZ-b--SedOw,0
-vVgkU7N2-s,UC7hVpCUJxZD0ACqGQ3zpJ9g,0
OG6xBj1LI40,UCpViDMEfvur724mBt8tLiHw,0
gZdPyyUSzzk,UCj2Pn8nWcMGnDOdzstvVnbA,0
PTQifeep6zE,UC4Gumj80pOghE8G7xq4Yxjg,0
ZWSnWY1Lr7Q,UCpViDMEfvur724mBt8tLiHw,0
Zcz7NGdvud4,UCyK5hrNdv4293IyUXs19wXw,0
ZVL1xCjAqDk,UCpViDMEfvur724mBt8tLiHw,0
x0v_HfdJpl4,UCO87c90DZllM_mAjrb5irpg,0
oSV2khU6HfM,UC-RQhtMze3BUzskjv7fumpg,0
jIyyRTKNtR8,UCpViDMEfvur724mBt8tLiHw,0
Drqdn7FHQn4,UCe56RtxwepRSyZ-b--SedOw,0
dhHmGX1GzTs,UCi21QsYAY8kw1YjFq16lZyw,0
KcqkgUl44BY,UC7hVpCUJxZD0ACqGQ3zpJ9g,0
jarCO8shIi4,UCr_s2VHtNnGH8LngWlsoZhw,0
sJ78i_pbyGI,UCO87c90DZllM_mAjrb5irpg,0
d1JW0JTdrSw,UCpViDMEfvur724mBt8tLiHw,0
eavk78RFtr0,UC-RQhtMze3BUzskjv7fumpg,0
_wNpChJaBqo,UCpViDMEfvur724mBt8tLiHw,0
dXvm8L_0F_s,UCGGwuSrxDFQymf66OdM_-pw,0
b8RLmBtqzcY,UCe56RtxwepRSyZ-b--SedOw,0
hKdFFloKAcY,UCBGp_XPj3Oudk207UNw_tAg,0
bQqJbTaKrpk,UC7hVpCUJxZD0ACqGQ3zpJ9g,0
pSPMIf2gJQ8,UCO87c90DZllM_mAjrb5irpg,0
JKJ1ALj-5D0,UCi21QsYAY8kw1YjFq16lZyw,0
4XK-nVe632c,UCr_s2VHtNnGH8LngWlsoZhw,0
KXcd7TD6mM4,UC-RQhtMze3BUzskjv7fumpg,0
q23rj47CliE,UC7GZguUCh8gdEs-VKhWqkWA,0
Ed3V3jaYQ6Q,UC8BzE8H7qoFa60JjaRgmIfg,0
Kmg6yANDhiU,UCS8uIXvlSK3HtC0p0VIWyTQ,0
Ed4Pa2Pmsac,UCGGwuSrxDFQymf66OdM_-pw,0
ofEP-tf1jwU,UCpViDMEfvur724mBt8tLiHw,0
Z0ptzKdEGmc,UCe56RtxwepRSyZ-b--SedOw,0
TIgtk364pDc,UC4Gumj80pOghE8G7xq4Yxjg,0
4UtEbczls48,UCi21QsYAY8kw1YjFq16lZyw,0
zPLDKaWqHIQ,UCO87c90DZllM_mAjrb5irpg,0
u1vkG8O5hek,UCpViDMEfvur724mBt8tLiHw,0
4Iy2OYLA5Ug,UCGGwuSrxDFQymf66OdM_-pw,0
LI-D1vqMSdU,UC--QxF30QUdNMP4WpTMe6qg,0
c5T-zZaFnIU,UCe56RtxwepRSyZ-b--SedOw,0
s03954ZRDZ4,UC7hVpCUJxZD0ACqGQ3zpJ9g,0
mjxoLqq5CuQ,UCi21QsYAY8kw1YjFq16lZyw,0
uRXaLNaku_0,UCi21QsYAY8kw1YjFq16lZyw,0
uWUvcUAolQc,UC4Gumj80pOghE8G7xq4Yxjg,0
XMpc62z8mwI,UCpViDMEfvur724mBt8tLiHw,0
fJFPpiHClOs,UCi21QsYAY8kw1YjFq16lZyw,0
uz2OdNZVdOw,UCyK5hrNdv4293IyUXs19wXw,0
e_OsA5mkcFk,UCO87c90DZllM_mAjrb5irpg,0
zT8YAa8JrRs,UCGGwuSrxDFQymf66OdM_-pw,0
6ZBu5IATlcc,UC-RQhtMze3BUzskjv7fumpg,0
cn6Lsq__2iI,UCe56RtxwepRSyZ-b--SedOw,0
Qjf6huslPCQ,UC7hVpCUJxZD0ACqGQ3zpJ9g,0
3qo5tRuaiLs,UCi21QsYAY8kw1YjFq16lZyw,0
AxCk05TTXio,UC4Gumj80pOghE8G7xq4Yxjg,0
pqPBvT6OF0s,UCpViDMEfvur724mBt8tLiHw,0
hUSjDF5UPfA,UCO87c90DZllM_mAjrb5irpg,0
BpALeI-j_JM,UCpViDMEfvur724mBt8tLiHw,0
vT6PZqahZno,UC-RQhtMze3BUzskjv7fumpg,0
RBzKdA500po,UCGGwuSrxDFQymf66OdM_-pw,0
tYtqQ61pyOY,UCe56RtxwepRSyZ-b--SedOw,0
a3ox9wrbAxM,UCUwP2XkG17aD53fmvYoA6Yw,0
GhbVb2MzBpU,UCO87c90DZllM_mAjrb5irpg,0
GVAF6AGX0MA,UCO87c90DZllM_mAjrb5irpg,0
KGkernb-N38,UCGGwuSrxDFQymf66OdM_-pw,0
_Plo_DY0Gw8,UC-RQhtMze3BUzskjv7fumpg,0
ePY9YGL4ZlE,UCe56RtxwepRSyZ-b--SedOw,0
DZdBx9Nxf9E,UCL8_vmF3_0473VvfU7Hi1ug,0
9JfdQitcCak,UCi21QsYAY8kw1YjFq16lZyw,0
FBqv6mp6mAY,UC4Gumj80pOghE8G7xq4Yxjg,0
cbl4Nz1SBrk,UCj2Pn8nWcMGnDOdzstvVnbA,0
t3tzvkCfXVo,UCpViDMEfvur724mBt8tLiHw,0
uJCj4rbSfPo,UCGGwuSrxDFQymf66OdM_-pw,0
rPFN17rzlcE,UC--QxF30QUdNMP4WpTMe6qg,0
npXaYm7Trik,UCpViDMEfvur724mBt8tLiHw,0
WbxnpoML7EI,UCe56RtxwepRSyZ-b--SedOw,0
4no4AyiZdyI,UCi21QsYAY8kw1YjFq16lZyw,0
deqc2NaxoZ4,UC4Gumj80pOghE8G7xq4Yxjg,0
8QDNsxmFuDE,UCO87c90DZllM_mAjrb5irpg,0
MgfXQDLZVnY,UCyK5hrNdv4293IyUXs19wXw,0
WN1K_rS7Xto,UCUwP2XkG17aD53fmvYoA6Yw,0
O82dzjPT5Eo,UCpViDMEfvur724mBt8tLiHw,0
4vmd-DfP4Lw,UCL8_vmF3_0473VvfU7Hi1ug,0
e_9QvO-WAUc,UC-RQhtMze3BUzskjv7fumpg,0
PZxJaYIrwEU,UCe56RtxwepRSyZ-b--SedOw,0
ODLkbPg1WRo,UCBGp_XPj3Oudk207UNw_tAg,0
8wx4L9DrABw,UCr_s2VHtNnGH8LngWlsoZhw,0
eLSudQD8CZk,UCyK5hrNdv4293IyUXs19wXw,0
wqDfP696MIc,UCO87c90DZllM_mAjrb5irpg,0
O7BV3okFsis,UCi21QsYAY8kw1YjFq16lZyw,0
NxzKKk9A0SU,UCO87c90DZllM_mAjrb5irpg,0
5fVGKADHQio,UC7GZguUCh8gdEs-VKhWqkWA,0
ITmYPqFQI1o,UCpViDMEfvur724mBt8tLiHw,0
5Gw91MQMyG0,UC8BzE8H7qoFa60JjaRgmIfg,0
3nzV8Wvl1Xk,UCGGwuSrxDFQymf66OdM_-pw,0
rxpvNbfNZe4,UC-RQhtMze3BUzskjv7fumpg,0
QrhmyK7w_zg,UCe56RtxwepRSyZ-b--SedOw,0
EVzYw9k1AAE,UCi21QsYAY8kw1YjFq16lZyw,0
tPFkaw_OF4s,UC4Gumj80pOghE8G7xq4Yxjg,0
fQ8-O0o83co,UCyK5hrNdv4293IyUXs19wXw,0
zehcG_umbxo,UCUwP2XkG17aD53fmvYoA6Yw,0
M61xoQZNwoE,UC8BzE8H7qoFa60JjaRgmIfg,0
AUGRA9_RsR4,UCpViDMEfvur724mBt8tLiHw,0
XDgQxERt0OQ,UCGGwuSrxDFQymf66OdM_-pw,0
sYNMCxZmZvE,UC-RQhtMze3BUzskjv7fumpg,0
hcizyh2Xilg,UCpViDMEfvur724mBt8tLiHw,0
e3yNV0bIRFs,UCe56RtxwepRSyZ-b--SedOw,0
Lu7ykQaTq28,UCi21QsYAY8kw1YjFq16lZyw,0
n_RQFYSDMW4,UC4Gumj80pOghE8G7xq4Yxjg,0
mDbbRp_5PDY,UCO87c90DZllM_mAjrb5irpg,0
_DLvVJp3pEE,UCL8_vmF3_0473VvfU7Hi1ug,0
h0cA1cXcBQ0,UCpViDMEfvur724mBt8tLiHw,0
fTUhG_IdT7w,UCGGwuSrxDFQymf66OdM_-pw,0
JPjAwVo0RW8,UC-RQhtMze3BUzskjv7fumpg,0
_KWrf0vqRFk,UC--QxF30QUdNMP4WpTMe6qg,0
j6Q3CD5gJPs,UCe56RtxwepRSyZ-b--SedOw,0
WIkKpVFdUrs,UCyK5hrNdv4293IyUXs19wXw,0
mwQjEKZkN0o,UCpZLNDzplh9FDioOX-jnvKA,0
V6J5jNt4CGQ,UCO87c90DZllM_mAjrb5irpg,0
9z9RMr5C8yE,UC4Gumj80pOghE8G7xq4Yxjg,0
3bTcbktzzss,UCUwP2XkG17aD53fmvYoA6Yw,0
EPXlo5GXYRY,UCpViDMEfvur724mBt8tLiHw,0
o62gnHUIclc,UCO87c90DZllM_mAjrb5irpg,0
wMyaB43Swj0,UCpViDMEfvur724mBt8tLiHw,0
Zhm9_0vzjwM,UCL8_vmF3_0473VvfU7Hi1ug,0
U_jDpbqcpPA,UCGGwuSrxDFQymf66OdM_-pw,0
dr-0qZDP-qs,UC-RQhtMze3BUzskjv7fumpg,0
IncBRaZRnMA,UCe56RtxwepRSyZ-b--SedOw,0
8LrPXLRdyEg,UCi21QsYAY8kw1YjFq16lZyw,0
95JZ2tpsXB0,UCi21QsYAY8kw1YjFq16lZyw,0
3xbravd-iv0,UCyK5hrNdv4293IyUXs19wXw,0
H4F7VoTZfm8,UCL8_vmF3_0473VvfU7Hi1ug,0
IHTVuWNaVSw,UCpViDMEfvur724mBt8tLiHw,0
pgAtMCZ93W4,UCGGwuSrxDFQymf66OdM_-pw,0
QfwertvICXA,UCpViDMEfvur724mBt8tLiHw,0
LmG-TjfnHOQ,UC-RQhtMze3BUzskjv7fumpg,0
cCBveoKXkSU,UCO87c90DZllM_mAjrb5irpg,0
sEUA2JehfK4,UCe56RtxwepRSyZ-b--SedOw,0
yrtrLc6kUis,UCj2Pn8nWcMGnDOdzstvVnbA,0
TAj7ZR8FD4k,UC4Gumj80pOghE8G7xq4Yxjg,0
Msw09jY_yoc,UCyK5hrNdv4293IyUXs19wXw,0
QicLya-3BUQ,UCUwP2XkG17aD53fmvYoA6Yw,0
eKZiIpM9r6U,UCj2Pn8nWcMGnDOdzstvVnbA,0
tCA8q81OhoM,UCpViDMEfvur724mBt8tLiHw,0
GdNMoHhB68k,UCGGwuSrxDFQymf66OdM_-pw,0
gfZ7dMEFbLo,UC-RQhtMze3BUzskjv7fumpg,0
dFCrrjEKRN0,UCe56RtxwepRSyZ-b--SedOw,0
6hlSFeBDd2k,UCj2Pn8nWcMGnDOdzstvVnbA,0
BqVj3u-ARGI,UCi21QsYAY8kw1YjFq16lZyw,0
ToX-wpvB1Wg,UC4Gumj80pOghE8G7xq4Yxjg,0
-lDT-r6QaRk,UCO87c90DZllM_mAjrb5irpg,0
GCwDCHeZiwc,UCj2Pn8nWcMGnDOdzstvVnbA,0
VtLZPiSTHsc,UCS8uIXvlSK3HtC0p0VIWyTQ,0
-XRK0OLNIRQ,UCO87c90DZllM_mAjrb5irpg,0
IZ_CvmFNL8E,UC--QxF30QUdNMP4WpTMe6qg,0
X_h2FK6fk1Q,UCGGwuSrxDFQymf66OdM_-pw,0
LK3BDCqAK7A,UCpViDMEfvur724mBt8tLiHw,0
LFYtnbGj2mA,UC-RQhtMze3BUzskjv7fumpg,0
5EJydubBkP4,UCe56RtxwepRSyZ-b--SedOw,0
R-yMj2_Nw08,UCBGp_XPj3Oudk207UNw_tAg,0
L6DRlK3z3b0,UCi21QsYAY8kw1YjFq16lZyw,0
wiLMKRdtPBs,UCi21QsYAY8kw1YjFq16lZyw,0
BqPeKz6tEIo,UCr_s2VHtNnGH8LngWlsoZhw,0
GSPY16suMp4,UCO87c90DZllM_mAjrb5irpg,0
CmeJp-HyQjw,UCj2Pn8nWcMGnDOdzstvVnbA,0
n8s1Abnt-qY,UCUwP2XkG17aD53fmvYoA6Yw,0
PjukuIcTnH8,UCO87c90DZllM_mAjrb5irpg,0
az9ebkRJjG8,UC7GZguUCh8gdEs-VKhWqkWA,0
PJJL35MpofI,UCpViDMEfvur724mBt8tLiHw,0
SMTizfgltnc,UC8BzE8H7qoFa60JjaRgmIfg,0
W3UN98_JAx4,UCGGwuSrxDFQymf66OdM_-pw,0
y5EEIqDXwsc,UCe56RtxwepRSyZ-b--SedOw,0
8pvnwiCFYoY,UC4Gumj80pOghE8G7xq4Yxjg,0
pLpJMhi2hoQ,UCO87c90DZllM_mAjrb5irpg,0
TBgolIyapyc,UCL8_vmF3_0473VvfU7Hi1ug,0
iD6b68zAzCs,UCpViDMEfvur724mBt8tLiHw,0
DmpwpfrlDZ8,UC-RQhtMze3BUzskjv7fumpg,0
dLdUy6rQw-0,UCe56RtxwepRSyZ-b--SedOw,0
Nnwbe74LqeQ,UCi21QsYAY8kw1YjFq16lZyw,0
JgybTPT5O2c,UCyK5hrNdv4293IyUXs19wXw,0
tAMoAnfZtEs,UCO87c90DZllM_mAjrb5irpg,0
pZncaLokjwc,UCO87c90DZllM_mAjrb5irpg,0
DkjUN9DrGPk,UCUwP2XkG17aD53fmvYoA6Yw,0
p1Z54HNUzsA,UCO87c90DZllM_mAjrb5irpg,0
-M14yRKtivc,UCL8_vmF3_0473VvfU7Hi1ug,0
yh9pLN2kzgk,UCGGwuSrxDFQymf66OdM_-pw,0
r3lX3CBQ34I,UCpViDMEfvur724mBt8tLiHw,0
gZT3hSrEgaQ,UC-RQhtMze3BUzskjv7fumpg,0
Lv4U0FMHixg,UCe56RtxwepRSyZ-b--SedOw,0
FwNJAOTAe0k,UCL8_vmF3_0473VvfU7Hi1ug,0
HEnUpqhj41w,UC4Gumj80pOghE8G7xq4Yxjg,0
5_TPchdqs40,UCpViDMEfvur724mBt8tLiHw,0
ep9EhGBJQ_w,UCO87c90DZllM_mAjrb5irpg,0
1BTUmQMrbnM,UCL8_vmF3_0473VvfU7Hi1ug,0
yersYTUjyzE,UCGGwuSrxDFQymf66OdM_-pw,0
mgJEghuifq4,UCpViDMEfvur724mBt8tLiHw,0
8s9sO0x1zX0,UCpViDMEfvur724mBt8tLiHw,0
0xhCFvxvaeQ,UCO87c90DZllM_mAjrb5irpg,0
ywGSFCpWBFw,UC-RQhtMze3BUzskjv7fumpg,0
iwASDfOPgnA,UCe56RtxwepRSyZ-b--SedOw,0
xqs1_MUOXzo,UC--QxF30QUdNMP4WpTMe6qg,0
4mUQi_TK2Bo,UCi21QsYAY8kw1YjFq16lZyw,0
EbdlE15gc6s,UCO87c90DZllM_mAjrb5irpg,0
KbnXZuOW2XU,UCpViDMEfvur724mBt8tLiHw,0
PzzQaJX2f5g,UCUwP2XkG17aD53fmvYoA6Yw,0
5p3FA_-EQ8Q,UCGGwuSrxDFQymf66OdM_-pw,0
ilAu14XDZ94,UCO87c90DZllM_mAjrb5irpg,0
tOx0cTb5xdk,UC-RQhtMze3BUzskjv7fumpg,0
QMTHHMYskYA,UCpViDMEfvur724mBt8tLiHw,0
Q-XeKgbKV0w,UCe56RtxwepRSyZ-b--SedOw,0
7_Gl7K0mux8,UCi21QsYAY8kw1YjFq16lZyw,0
FFgLM7YRLjw,UCi21QsYAY8kw1YjFq16lZyw,0
gVdUSYky-NI,UC4Gumj80pOghE8G7xq4Yxjg,0
8s5ZEUvGoFc,UCO87c90DZllM_mAjrb5irpg,0
6PhPdksz8Jk,UCyK5hrNdv4293IyUXs19wXw,0
9qDYiv-dGvw,UCL8_vmF3_0473VvfU7Hi1ug,0
H1oJIFcBITM,UCpViDMEfvur724mBt8tLiHw,0
Vtv88sw1vdg,UCe56RtxwepRSyZ-b--SedOw,0
jmnStCchfgc,UC4Gumj80pOghE8G7xq4Yxjg,0
dqiWGHBwe7Q,UCyK5hrNdv4293IyUXs19wXw,0
38rNVp13XOA,UCL8_vmF3_0473VvfU7Hi1ug,0
Qt1iRQfl9kc,UCUwP2XkG17aD53fmvYoA6Yw,0
VpxsK2WfizY,UC-RQhtMze3BUzskjv7fumpg,0
Pp5J71fJI_8,UCGGwuSrxDFQymf66OdM_-pw,0
GxQ6IeO41AI,UCpViDMEfvur724mBt8tLiHw,0
olkquc9L9-U,UC--QxF30QUdNMP4WpTMe6qg,0
4xqIR-CXjck,UCpViDMEfvur724mBt8tLiHw,0
NfQfxX7CEJQ,UCe56RtxwepRSyZ-b--SedOw,0
MdqqG4Fkl6k,UCBGp_XPj3Oudk207UNw_tAg,0
4CTFf2YsahM,UCi21QsYAY8kw1YjFq16lZyw,0
-KE14piIKfE,UCyK5hrNdv4293IyUXs19wXw,0
RS-HZCjxvzk,UCr_s2VHtNnGH8LngWlsoZhw,0
IdPFT-K3JuI,UCO87c90DZllM_mAjrb5irpg,0
li2gm4IR6b0,UCO87c90DZllM_mAjrb5irpg,0
3vHZeIpgHn4,UC7GZguUCh8gdEs-VKhWqkWA,0
sXD3xYwKPWQ,UCL8_vmF3_0473VvfU7Hi1ug,0
exkoB6U2BW8,UCS8uIXvlSK3HtC0p0VIWyTQ,0
d2B_YXHlyHA,UCGGwuSrxDFQymf66OdM_-pw,0
9CZ8gPB9kKM,UCpViDMEfvur724mBt8tLiHw,0
ipN5E1XScVc,UCpViDMEfvur724mBt8tLiHw,0
fvlyqQqk5_s,UC-RQhtMze3BUzskjv7fumpg,0
WdINBUyzBWE,UCe56RtxwepRSyZ-b--SedOw,0
vuCHglytE5c,UC4Gumj80pOghE8G7xq4Yxjg,0
APaMi_FJgTc,UCO87c90DZllM_mAjrb5irpg,0
HXMFRkTD0Sg,UCUwP2XkG17aD53fmvYoA6Yw,0
5hmbY2oLFxM,UCO87c90DZllM_mAjrb5irpg,0
QyJT_TAsNJY,UCL8_vmF3_0473VvfU7Hi1ug,0
nOi48Lq14oI,UCGGwuSrxDFQymf66OdM_-pw,0
bmmjeoF0j50,UCpViDMEfvur724mBt8tLiHw,0
6Seghf2AYFg,UC-RQhtMze3BUzskjv7fumpg,0
AwpvuDyW4go,UCe56RtxwepRSyZ-b--SedOw,0
cGmAf2Wa8r8,UCi21QsYAY8kw1YjFq16lZyw,0
0SZV2IamFIA,UCyK5hrNdv4293IyUXs19wXw,0
4eiVUm5-KAw,UCO87c90DZllM_mAjrb5irpg,0
HpdSx4icKdU,UCpViDMEfvur724mBt8tLiHw,0
8XfvVlpRXcA,UCGGwuSrxDFQymf66OdM_-pw,0
999LQsd1ovo,UC-RQhtMze3BUzskjv7fumpg,0
5Yle3W3cWGc,UCe56RtxwepRSyZ-b--SedOw,0
kbjtrq6YUIo,UCpViDMEfvur724mBt8tLiHw,0
QwtnId9nEio,UCi21QsYAY8kw1YjFq16lZyw,0
9W_qmfydjvc,UC4Gumj80pOghE8G7xq4Yxjg,0
hSWAWvRiwXk,UCUwP2XkG17aD53fmvYoA6Yw,0
xnEKoQx7FuY,UCGGwuSrxDFQymf66OdM_-pw,0
Efgn9bk7mNc,UCpViDMEfvur724mBt8tLiHw,0
o3qSwa53tvI,UC-RQhtMze3BUzskjv7fumpg,0
MvpWHLDNYGs,UCe56RtxwepRSyZ-b--SedOw,0
MS1l254agQ0,UCO87c90DZllM_mAjrb5irpg,0
Gxj166A6y-g,UCi21QsYAY8kw1YjFq16lZyw,0
tUoGzoyRhG8,UCL8_vmF3_0473VvfU7Hi1ug,0
sw1cBXyZF8k,UCUwP2XkG17aD53fmvYoA6Yw,0
eULYQJdvK1o,UC-RQhtMze3BUzskjv7fumpg,0
ZlKFxguPjbY,UCGGwuSrxDFQymf66OdM_-pw,0
klIEmytZwrc,UCe56RtxwepRSyZ-b--SedOw,0
B1FaEaIBY_c,UCyK5hrNdv4293IyUXs19wXw,0
kb4QF7YYQHg,UC4Gumj80pOghE8G7xq4Yxjg,0
XS3KVfje6nw,UCO87c90DZllM_mAjrb5irpg,0
uzZdwbzZpnk,UCO87c90DZllM_mAjrb5irpg,0
Xw_gbA11MMY,UCUwP2XkG17aD53fmvYoA6Yw,0
7tIsbjjeU-U,UCO87c90DZllM_mAjrb5irpg,0
3Xcw9NpngG0,UCL8_vmF3_0473VvfU7Hi1ug,0
F6YxhzKibHM,UCpViDMEfvur724mBt8tLiHw,0
hnTK55kyxxo,UCBGp_XPj3Oudk207UNw_tAg,0
X7k0SVEmE0A,UCe56RtxwepRSyZ-b--SedOw,0
UHfVLbt9elM,UCi21QsYAY8kw1YjFq16lZyw,0
s0O6YxKkvoI,UC4Gumj80pOghE8G7xq4Yxjg,0
lMlCYqn4Ysg,UCi21QsYAY8kw1YjFq16lZyw,0
JBssKQnFtAs,UCL8_vmF3_0473VvfU7Hi1ug,0
8ZzSUoWx1hM,UCGGwuSrxDFQymf66OdM_-pw,0
SfW5DXxCWUI,UCpViDMEfvur724mBt8tLiHw,0
TRwGVhO8GFc,UC-RQhtMze3BUzskjv7fumpg,0
bMtVxh4Ihjk,UCL8_vmF3_0473VvfU7Hi1ug,0
5x9CbMday9w,UCe56RtxwepRSyZ-b--SedOw,0
3I5ltlM6QpA,UCr_s2VHtNnGH8LngWlsoZhw,0
IOywGDCZU9M,UCUwP2XkG17aD53fmvYoA6Yw,0
GGpmIf-W0Qs,UCpViDMEfvur724mBt8tLiHw,0
wAOi4eIho8c,UC7GZguUCh8gdEs-VKhWqkWA,0
z-09kIBfyUE,UC8BzE8H7qoFa60JjaRgmIfg,0
0hj34IBdyvY,UCL8_vmF3_0473VvfU7Hi1ug,0
kuTPSohHdL0,UCGGwuSrxDFQymf66OdM_-pw,0
9Okg1M7kuyU,UC-RQhtMze3BUzskjv7fumpg,0
56xuGomiH2Q,UCe56RtxwepRSyZ-b--SedOw,0
bCJRI0zS0lE,UCj2Pn8nWcMGnDOdzstvVnbA,0
P8QeAEMSZDQ,UCL8_vmF3_0473VvfU7Hi1ug,0
ffcatx5e2D0,UC4Gumj80pOghE8G7xq4Yxjg,0
0h2M6OzmXtI,UCL8_vmF3_0473VvfU7Hi1ug,0
V8dNv8bmb2A,UCGGwuSrxDFQymf66OdM_-pw,0
p9lQ5YN6puU,UCO87c90DZllM_mAjrb5irpg,0
Ms3b2zSiPak,UC-RQhtMze3BUzskjv7fumpg,0
sZ-bjH2x0Hg,UCpViDMEfvur724mBt8tLiHw,0
A8kq7oQgwGU,UCe56RtxwepRSyZ-b--SedOw,0
1XskFYD3vrI,UCi21QsYAY8kw1YjFq16lZyw,0
cbhthbtl4tg,UCO87c90DZllM_mAjrb5irpg,0
LsJUbOVQliw,UCL8_vmF3_0473VvfU7Hi1ug,0
FhsUDS3cI2E,UCyK5hrNdv4293IyUXs19wXw,0
Rm3Q9nmXi-I,UCUwP2XkG17aD53fmvYoA6Yw,0
BfOq9QTzdjc,UCO87c90DZllM_mAjrb5irpg,0
fhaopMhDJj0,UCpViDMEfvur724mBt8tLiHw,0
n5CLErFM9vU,UCGGwuSrxDFQymf66OdM_-pw,0
9jEPLNEEeTk,UC-RQhtMze3BUzskjv7fumpg,0
22mnV_h1Mgc,UCO87c90DZllM_mAjrb5irpg,0
opViQ2KfJaE,UCJ87OGZu8iQUO8IyACYYREg,0
DUJZaqM5wT8,UCe56RtxwepRSyZ-b--SedOw,0
vURV2TAPaUQ,UCyK5hrNdv4293IyUXs19wXw,0
C7AEKGDqiqM,UC4Gumj80pOghE8G7xq4Yxjg,0
0ipphJalKJA,UCi21QsYAY8kw1YjFq16lZyw,0
aCGVaHDFkKo,UC7GZguUCh8gdEs-VKhWqkWA,0
3RONmQ2nJ00,UCL8_vmF3_0473VvfU7Hi1ug,0
vnSZfrrMCX0,UCO87c90DZllM_mAjrb5irpg,0
K_pt9e9uxkI,UCGGwuSrxDFQymf66OdM_-pw,0
mb4ltcuwwNs,UC-RQhtMze3BUzskjv7fumpg,0
-VcqfAbPtfM,UCe56RtxwepRSyZ-b--SedOw,0
Gu2n8W_vSOc,UCi21QsYAY8kw1YjFq16lZyw,0
xxCuyDbIMFY,UCUwP2XkG17aD53fmvYoA6Yw,0
GleMpVLVTwQ,UCO87c90DZllM_mAjrb5irpg,0
H0sVG3e6N7s,UCL8_vmF3_0473VvfU7Hi1ug,0
_h-zRGaP-1g,UCGGwuSrxDFQymf66OdM_-pw,0
lY5yYnwSW2c,UCpViDMEfvur724mBt8tLiHw,0
Yd5E8eclLMQ,UC-RQhtMze3BUzskjv7fumpg,0
rTrYX9IGNuA,UC7hVpCUJxZD0ACqGQ3zpJ9g,0
PgFTOAuWjmA,UCe56RtxwepRSyZ-b--SedOw,0
vRdYggedgMg,UC4Gumj80pOghE8G7xq4Yxjg,0
JbdU6GXWPcg,UCyK5hrNdv4293IyUXs19wXw,0
wnwYiK3Yw6w,UCO87c90DZllM_mAjrb5irpg,0
CVv6S1_DJPg,UCi21QsYAY8kw1YjFq16lZyw,0
GOW3fyh8opg,UCO87c90DZllM_mAjrb5irpg,0
keU_hjI7-tg,UCL8_vmF3_0473VvfU7Hi1ug,0
cgrJkf8NOuY,UCpViDMEfvur724mBt8tLiHw,0
b_UQB45huZM,UCe56RtxwepRSyZ-b--SedOw,0
nSO9SOmJ3zs,UCi21QsYAY8kw1YjFq16lZyw,0
fMPbSDSTExM,UCO87c90DZllM_mAjrb5irpg,0
G2C_vXA7tSA,UC4Gumj80pOghE8G7xq4Yxjg,0
zG_cGZKKbug,UCUwP2XkG17aD53fmvYoA6Yw,0
tdtDa7MLeMU,UCL8_vmF3_0473VvfU7Hi1ug,0
Lu9p6PcnslU,UCO87c90DZllM_mAjrb5irpg,0
dEyHGFgWaZA,UCGGwuSrxDFQymf66OdM_-pw,0
ZClKtXGw02k,UCpViDMEfvur724mBt8tLiHw,0
cFD90MoR-ew,UC-RQhtMze3BUzskjv7fumpg,0
8trYYfPbcuI,UC7GZguUCh8gdEs-VKhWqkWA,0
3Vma6qqBops,UCe56RtxwepRSyZ-b--SedOw,0
YobLudpMDqY,UCBGp_XPj3Oudk207UNw_tAg,0
Qvm3FZeTM0I,UCi21QsYAY8kw1YjFq16lZyw,0
8iSoBMlxsFQ,UCi21QsYAY8kw1YjFq16lZyw,0
mKaXs_R1kzs,UCr_s2VHtNnGH8LngWlsoZhw,0
8UeOufJzpHs,UCpViDMEfvur724mBt8tLiHw,0
x9EjokLguJc,UC8BzE8H7qoFa60JjaRgmIfg,0
Cqd7PiDCfME,UCL8_vmF3_0473VvfU7Hi1ug,0
8a7yv7wvl08,UCL8_vmF3_0473VvfU7Hi1ug,0
EHXMvcTCf1k,UCGGwuSrxDFQymf66OdM_-pw,0
XfKDw-Bc2X0,UCO87c90DZllM_mAjrb5irpg,0
rMLlAOF-fqk,UC-RQhtMze3BUzskjv7fumpg,0
qknIu4i9A2c,UCe56RtxwepRSyZ-b--SedOw,0
1RNR0xr5rtQ,UCyK5hrNdv4293IyUXs19wXw,0
wT-9D90ocx8,UC4Gumj80pOghE8G7xq4Yxjg,0
kqnss6nAGOs,UCpViDMEfvur724mBt8tLiHw,0
ThAhNPXC0Rg,UCi21QsYAY8kw1YjFq16lZyw,0
UZ-A53OEwgA,UCO87c90DZllM_mAjrb5irpg,0
Ixs-YP8j_bU,UCUwP2XkG17aD53fmvYoA6Yw,0
PCAmqQyjkSM,UCO87c90DZllM_mAjrb5irpg,0
F_jZ_i3ctlg,UCL8_vmF3_0473VvfU7Hi1ug,0
CXhDL9pRQLY,UCGGwuSrxDFQymf66OdM_-pw,0
cfl_XYTa-Hg,UC-RQhtMze3BUzskjv7fumpg,0
0Ozol8cvtIY,UCe56RtxwepRSyZ-b--SedOw,0
NWZp5R32GT0,UCi21QsYAY8kw1YjFq16lZyw,0
3fH768U_wpk,UCi21QsYAY8kw1YjFq16lZyw,0
8XIJraiSTNs,UC4Gumj80pOghE8G7xq4Yxjg,0
iGCosNKF_8Y,UCyK5hrNdv4293IyUXs19wXw,0
oL9bxtEO44M,UCL8_vmF3_0473VvfU7Hi1ug,0
nOcwKsh0Jtg,UCO87c90DZllM_mAjrb5irpg,0
_zBZlWvtl8w,UCGGwuSrxDFQymf66OdM_-pw,0
_b5VHXJhlfI,UC-RQhtMze3BUzskjv7fumpg,0
uhGg639QOrM,UCe56RtxwepRSyZ-b--SedOw,0
iWgtZV0vcjc,UC7hVpCUJxZD0ACqGQ3zpJ9g,0
97eeoZnnPbI,UCi21QsYAY8kw1YjFq16lZyw,0
WkgONPsV27s,UC4Gumj80pOghE8G7xq4Yxjg,0
U8XrI7nmROo,UCO87c90DZllM_mAjrb5irpg,0
6qn8XXgU-nY,UCUwP2XkG17aD53fmvYoA6Yw,0
1FbbwlePNiQ,UCpViDMEfvur724mBt8tLiHw,0
tR5FB1nbr7s,UCGGwuSrxDFQymf66OdM_-pw,0
mjhu0gZ-Twk,UC-RQhtMze3BUzskjv7fumpg,0
Y1K1klhJgx8,UCe56RtxwepRSyZ-b--SedOw,0
o8DcRQS6yZM,UC7hVpCUJxZD0ACqGQ3zpJ9g,0
oTlFEzCCNiU,UCi21QsYAY8kw1YjFq16lZyw,0
Mt7z-P3BHSQ,UCpViDMEfvur724mBt8tLiHw,0
IwjX8PDkGu4,UCO87c90DZllM_mAjrb5irpg,0
850BUPfObig,UCL8_vmF3_0473VvfU7Hi1ug,0
3wBU1qRhoWs,UCGGwuSrxDFQymf66OdM_-pw,0
VNed33avsEU,UC-RQhtMze3BUzskjv7fumpg,0
DcFn0uO-0ck,UCe56RtxwepRSyZ-b--SedOw,0
R8SJ8cJ6T-U,UC7hVpCUJxZD0ACqGQ3zpJ9g,0
f-UqcqJEoWM,UC4Gumj80pOghE8G7xq4Yxjg,0
iPtPuPC3oNY,UCi21QsYAY8kw1YjFq16lZyw,0
84vg1-Af4UY,UCUwP2XkG17aD53fmvYoA6Yw,0
gEV_bTkIQuk,UCL8_vmF3_0473VvfU7Hi1ug,0
5NxtVH-N91M,UCpViDMEfvur724mBt8tLiHw,0
Ju9UIFl7bxA,UC-RQhtMze3BUzskjv7fumpg,0
JrYmd3qUu-o,UCJ87OGZu8iQUO8IyACYYREg,0
WKaDr6QgIOg,UC7hVpCUJxZD0ACqGQ3zpJ9g,0
pQ8r9K--Kqw,UCe56RtxwepRSyZ-b--SedOw,0
WnjRs5Nb9tM,UC7hVpCUJxZD0ACqGQ3zpJ9g,0
irEjE9o1QBw,UC4Gumj80pOghE8G7xq4Yxjg,0
E94OjvnBoeQ,UCGGwuSrxDFQymf66OdM_-pw,0
NFlUo-xIZlc,UCO87c90DZllM_mAjrb5irpg,0
u2iMs9c788E,UCe56RtxwepRSyZ-b--SedOw,0
MGwn6m4Krx4,UCBGp_XPj3Oudk207UNw_tAg,0
IsVrj1kY5-4,UC7hVpCUJxZD0ACqGQ3zpJ9g,0
eR-cEYvvMkc,UCyK5hrNdv4293IyUXs19wXw,0
077NdQnSRIw,UCr_s2VHtNnGH8LngWlsoZhw,0
bnri2pQzxDM,UCUwP2XkG17aD53fmvYoA6Yw,0
JLSfYr4tpEE,UCL8_vmF3_0473VvfU7Hi1ug,0
2-2kUCcTpaM,UC7GZguUCh8gdEs-VKhWqkWA,0
GRr3TJ4SnjQ,UC8BzE8H7qoFa60JjaRgmIfg,0
RBXNvKJ8c-k,UCGGwuSrxDFQymf66OdM_-pw,0
PQcV4xeO8co,UCe56RtxwepRSyZ-b--SedOw,0
lfRZj2899Jw,UC7hVpCUJxZD0ACqGQ3zpJ9g,0
6oFbP9XpZZw,UC4Gumj80pOghE8G7xq4Yxjg,0
aw607n9IT_s,UCO87c90DZllM_mAjrb5irpg,0
_ZvhUaJL6qc,UCL8_vmF3_0473VvfU7Hi1ug,0
sjQrC-mLzBo,UCO87c90DZllM_mAjrb5irpg,0
HKLYf4zqkZw,UCO87c90DZllM_mAjrb5irpg,0
dELBklMCxZ4,UCpViDMEfvur724mBt8tLiHw,0
e25VMLePFY8,UCGGwuSrxDFQymf66OdM_-pw,0
1oYz3S6c0sk,UCe56RtxwepRSyZ-b--SedOw,0
7EYyHsmLR3Q,UCi21QsYAY8kw1YjFq16lZyw,0
DjJqnEPemOU,UC4Gumj80pOghE8G7xq4Yxjg,0
X8SYTuWz0w0,UCUwP2XkG17aD53fmvYoA6Yw,0
__ZWPFJ4wnI,UCpViDMEfvur724mBt8tLiHw,0
RIjaxBfFIP8,UCL8_vmF3_0473VvfU7Hi1ug,0
pD_FWw323pc,UCO87c90DZllM_mAjrb5irpg,0
tkWmiNsh-hE,UCO87c90DZllM_mAjrb5irpg,0
oaDrwtUo7jo,UCGGwuSrxDFQymf66OdM_-pw,0
QDdFRdib1vs,UCL8_vmF3_0473VvfU7Hi1ug,0
jocwARaJCa4,UCe56RtxwepRSyZ-b--SedOw,0
LARQtdQx0wE,UC4Gumj80pOghE8G7xq4Yxjg,0
37FEGMjzUSo,UCL8_vmF3_0473VvfU7Hi1ug,0
dVy3m2NGxrI,UC7GZguUCh8gdEs-VKhWqkWA,0
G10e5epQ2fE,UCO87c90DZllM_mAjrb5irpg,0
iPErhIPYWJA,UCpViDMEfvur724mBt8tLiHw,0
ol3KUvKvYWo,UCGGwuSrxDFQymf66OdM_-pw,0
j2j3ioWzX1Y,UCe56RtxwepRSyZ-b--SedOw,0
SQJNdF9rhCY,UCi21QsYAY8kw1YjFq16lZyw,0
wxhQ0--EUtQ,UCyK5hrNdv4293IyUXs19wXw,0
aoMMDq8Jn-g,UCUwP2XkG17aD53fmvYoA6Yw,0
S682Z8uXYoE,UCL8_vmF3_0473VvfU7Hi1ug,0
PoKdu8-yox4,UCGGwuSrxDFQymf66OdM_-pw,0
KDHjCEgNEtQ,UCO87c90DZllM_mAjrb5irpg,0
Z9TWBVcL6jM,UCpViDMEfvur724mBt8tLiHw,0
ldKd3055IwA,UC7hVpCUJxZD0ACqGQ3zpJ9g,0
zAKuDfbCN2c,UCe56RtxwepRSyZ-b--SedOw,0
-sbKI_WWL_I,UC4Gumj80pOghE8G7xq4Yxjg,0
ul2A6LlxhZw,UCO87c90DZllM_mAjrb5irpg,0
ZjlP4UGNwyw,UCL8_vmF3_0473VvfU7Hi1ug,0
l3lqN3OQY1A,UCe56RtxwepRSyZ-b--SedOw,0
fphMQLvNwcw,UCyK5hrNdv4293IyUXs19wXw,0
RuT0_zGt_7g,UC4Gumj80pOghE8G7xq4Yxjg,0
LlctH4YhJuI,UCi21QsYAY8kw1YjFq16lZyw,0
pGP65RtIsS0,UCO87c90DZllM_mAjrb5irpg,0
BTCY07RDUpg,UCUwP2XkG17aD53fmvYoA6Yw,0
tO43WYCYrFc,UCL8_vmF3_0473VvfU7Hi1ug,0
7vm4LRd5JEI,UCL8_vmF3_0473VvfU7Hi1ug,0
wrso5PHJs4o,UCGGwuSrxDFQymf66OdM_-pw,0
h0MfK5UB7hI,UCpViDMEfvur724mBt8tLiHw,0
p4D-r-ESlp4,UCe56RtxwepRSyZ-b--SedOw,0
WynvoeFGaPQ,UCBGp_XPj3Oudk207UNw_tAg,0
iTh6-VB-DPE,UCyK5hrNdv4293IyUXs19wXw,0
Z4cnMQz3uIg,UCO87c90DZllM_mAjrb5irpg,0
rxqRbZtyVWs,UCr_s2VHtNnGH8LngWlsoZhw,0
eQcBgcR41Gg,UCi21QsYAY8kw1YjFq16lZyw,0
WtsI3qb9784,UCUwP2XkG17aD53fmvYoA6Yw,0
jPF0NtpMT10,UCL8_vmF3_0473VvfU7Hi1ug,0
nmPn7kOaesg,UC7GZguUCh8gdEs-VKhWqkWA,0
YzUOz1Gkkc4,UC8BzE8H7qoFa60JjaRgmIfg,0
XjKdJaXj0QA,UCGGwuSrxDFQymf66OdM_-pw,0
IOz5Ks9pubM,UCe56RtxwepRSyZ-b--SedOw,0
Xj9UhaMPBvc,UCO87c90DZllM_mAjrb5irpg,0
ODhVS6nTlfk,UCpViDMEfvur724mBt8tLiHw,0
cYuI-4yvjig,UCi21QsYAY8kw1YjFq16lZyw,0
ekyDoOuIg6U,UCL8_vmF3_0473VvfU7Hi1ug,0
odECqPHApys,UC4Gumj80pOghE8G7xq4Yxjg,0
5l33mGcJ_8M,UCL8_vmF3_0473VvfU7Hi1ug,0
JvVhShHR_0w,UCS8uIXvlSK3HtC0p0VIWyTQ,0
MW1pjpiUTMA,UCGGwuSrxDFQymf66OdM_-pw,0
BSGaaQw17BQ,UCO87c90DZllM_mAjrb5irpg,0
zAHtqf5fiTo,UCe56RtxwepRSyZ-b--SedOw,0
fMDlhROcyl0,UCi21QsYAY8kw1YjFq16lZyw,0
P4PP4W1COqQ,UCi21QsYAY8kw1YjFq16lZyw,0
8YgAxJhz468,UCO87c90DZllM_mAjrb5irpg,0
XWIKI0ThCg4,UCyK5hrNdv4293IyUXs19wXw,0
mtkElJ_wIjU,UCUwP2XkG17aD53fmvYoA6Yw,0
M9iDu1JKMEI,UCL8_vmF3_0473VvfU7Hi1ug,0
M4TxbRUew3c,UCL8_vmF3_0473VvfU7Hi1ug,0
vyFDZfIXreQ,UCGGwuSrxDFQymf66OdM_-pw,0
GwhcJSmUY-E,UCe56RtxwepRSyZ-b--SedOw,0
jx4FWY5t3cI,UC4Gumj80pOghE8G7xq4Yxjg,0
2YACSSDhhC0,UCL8_vmF3_0473VvfU7Hi1ug,0
yBnp_hlYLpE,UCGGwuSrxDFQymf66OdM_-pw,0
lhZX5SxgYMY,UCe56RtxwepRSyZ-b--SedOw,0
TGXQXfSHhJQ,UCBGp_XPj3Oudk207UNw_tAg,0
bmIwXC581Bc,UCi21QsYAY8kw1YjFq16lZyw,0
fg5EhMkGsHg,UCO87c90DZllM_mAjrb5irpg,0
Zqc1sbLYuSc,UCUwP2XkG17aD53fmvYoA6Yw,0
j9Hi9rUhCXc,UCL8_vmF3_0473VvfU7Hi1ug,0
VjNPuTjKDdk,UCGGwuSrxDFQymf66OdM_-pw,0
Uk8WSzBStxw,UCJ87OGZu8iQUO8IyACYYREg,0
2U_xNPiHJh4,UCO87c90DZllM_mAjrb5irpg,0
5Motv4nInwI,UCe56RtxwepRSyZ-b--SedOw,0
y6giWAIaFUk,UC4Gumj80pOghE8G7xq4Yxjg,0
B_Ii7ftg3Cg,UCL8_vmF3_0473VvfU7Hi1ug,0
gft9AB76Q0I,UCO87c90DZllM_mAjrb5irpg,0
drcdcamHUzI,UCL8_vmF3_0473VvfU7Hi1ug,0
pmfwtO4CZVk,UCRTsD38mMGi7HnWFzlDUFYA,0
heQ3pb6LZro,UCO87c90DZllM_mAjrb5irpg,0
7yC4Gc0oQGc,UCe56RtxwepRSyZ-b--SedOw,0
U8K-vJYMXPc,UC7hVpCUJxZD0ACqGQ3zpJ9g,0
dkSIG_ofn9I,UC4Gumj80pOghE8G7xq4Yxjg,0
cZuOWaFtdSM,UCi21QsYAY8kw1YjFq16lZyw,0
BRtQ7f5efHI,UCyK5hrNdv4293IyUXs19wXw,0
O6TbHPwZaqM,UCUwP2XkG17aD53fmvYoA6Yw,0
aEhjxH_t4A4,UCO87c90DZllM_mAjrb5irpg,0
YDpkAAm7m8U,UCGGwuSrxDFQymf66OdM_-pw,0
83U5UO2ogcg,UC7GZguUCh8gdEs-VKhWqkWA,0
1c66bKEUWio,UCe56RtxwepRSyZ-b--SedOw,0
2B4l20FJqMo,UC7hVpCUJxZD0ACqGQ3zpJ9g,0
RjlX_EPDMvA,UCi21QsYAY8kw1YjFq16lZyw,0
tbdLsh1itWY,UCr_s2VHtNnGH8LngWlsoZhw,0
7U-nwrriRFI,UCL8_vmF3_0473VvfU7Hi1ug,0
PeQ8PVin19I,UCO87c90DZllM_mAjrb5irpg,0
6CD2VFheKqw,UC8BzE8H7qoFa60JjaRgmIfg,0
E63dl2eeuAY,UCGGwuSrxDFQymf66OdM_-pw,0
Ii67EsVPxJI,UCe56RtxwepRSyZ-b--SedOw,0
X3C_nX0GzUU,UC7hVpCUJxZD0ACqGQ3zpJ9g,0
Q4ghLbmInn0,UC4Gumj80pOghE8G7xq4Yxjg,0
SljGHPv_ibo,UCL8_vmF3_0473VvfU7Hi1ug,0
7gcO4IDlB4o,UCi21QsYAY8kw1YjFq16lZyw,0
pY9d9VO76gg,UCUwP2XkG17aD53fmvYoA6Yw,0
PfJ3NdoK3pw,UCO87c90DZllM_mAjrb5irpg,0
i8wFD8JefVk,UCO87c90DZllM_mAjrb5irpg,0
4S61J-zDhTI,UCGGwuSrxDFQymf66OdM_-pw,0
p2B9uFu46ns,UCL8_vmF3_0473VvfU7Hi1ug,0
7yIQ2_iF60s,UCBGp_XPj3Oudk207UNw_tAg,0
ugyap7dh5JE,UCe56RtxwepRSyZ-b--SedOw,0
KxllzasYm_0,UC7hVpCUJxZD0ACqGQ3zpJ9g,0
g0lojT029QM,UC4Gumj80pOghE8G7xq4Yxjg,0
We_FqoMhu-k,UCj2Pn8nWcMGnDOdzstvVnbA,0
_GXRgpy1csI,UCO87c90DZllM_mAjrb5irpg,0
K6MZQEn-96w,UCGGwuSrxDFQymf66OdM_-pw,0
F4-RQofDia4,UCpViDMEfvur724mBt8tLiHw,0
yPIHRl_jCus,UCL8_vmF3_0473VvfU7Hi1ug,0
XZspnjFtHto,UCpZLNDzplh9FDioOX-jnvKA,0
Fldypm-E4WI,UCe56RtxwepRSyZ-b--SedOw,0
Agr0EvWzvJg,UC7hVpCUJxZD0ACqGQ3zpJ9g,0
iV8RYLhXPQ0,UCO87c90DZllM_mAjrb5irpg,0
BatWzpOrBJI,UCi21QsYAY8kw1YjFq16lZyw,0
0tieKDBmpfQ,UC4Gumj80pOghE8G7xq4Yxjg,0
oKZivoxbC2Q,UCO87c90DZllM_mAjrb5irpg,0
cDNb4FuKWI8,UCUwP2XkG17aD53fmvYoA6Yw,0
PmdEXZJ6RzE,UC7GZguUCh8gdEs-VKhWqkWA,0
xewddIoH5A8,UCpViDMEfvur724mBt8tLiHw,0
j_DoVIi1F6o,UCpViDMEfvur724mBt8tLiHw,0
ZAt84UwBNqU,UCpViDMEfvur724mBt8tLiHw,0
_UeUy61Gw4Y,UCe56RtxwepRSyZ-b--SedOw,0
8y6zPOcTb3o,UC7hVpCUJxZD0ACqGQ3zpJ9g,0
3QEXiRLdy5Q,UCyK5hrNdv4293IyUXs19wXw,0
3wyx4iV0n2o,UCL8_vmF3_0473VvfU7Hi1ug,0
uaW7ZwsgmSY,UCL8_vmF3_0473VvfU7Hi1ug,0
BymEA6oleZQ,UCGGwuSrxDFQymf66OdM_-pw,0
0TVL-N4abnA,UCpViDMEfvur724mBt8tLiHw,0
YmYm1rTUKxc,UCe56RtxwepRSyZ-b--SedOw,0
wJHh7PsSAu0,UC7hVpCUJxZD0ACqGQ3zpJ9g,0
s1yPyr6dRuU,UC4Gumj80pOghE8G7xq4Yxjg,0
SOIZjJCdWkM,UCO87c90DZllM_mAjrb5irpg,0
aYrPcN_mbsM,UCUwP2XkG17aD53fmvYoA6Yw,0
4pnJiNBVN9k,UCL8_vmF3_0473VvfU7Hi1ug,0
EtMx5Uk7Ong,UCi21QsYAY8kw1YjFq16lZyw,0
9G6FXHk94yE,UCpViDMEfvur724mBt8tLiHw,0
NUvxzsCAF6Y,UCpViDMEfvur724mBt8tLiHw,0
nKMqIt4gQ6Y,UCe56RtxwepRSyZ-b--SedOw,0
RgrQ7lmB8x0,UC7hVpCUJxZD0ACqGQ3zpJ9g,0
lk1jrY1FPQY,UCi21QsYAY8kw1YjFq16lZyw,0
xPpEkRCuun8,UC4Gumj80pOghE8G7xq4Yxjg,0
hjG-jVbkW6k,UCO87c90DZllM_mAjrb5irpg,0
7gvkETlklhk,UCL8_vmF3_0473VvfU7Hi1ug,0
9HAiELFybmc,UCGGwuSrxDFQymf66OdM_-pw,0
RdqLemTpeLE,UCpViDMEfvur724mBt8tLiHw,0
4k5iTZo565E,UCpViDMEfvur724mBt8tLiHw,0
kHZ1rQKgLp0,UC7GZguUCh8gdEs-VKhWqkWA,0
AQsRHTvK6r4,UCe56RtxwepRSyZ-b--SedOw,0
LqDpxD5bl8E,UC7hVpCUJxZD0ACqGQ3zpJ9g,0
GSeCDP-sREo,UCr_s2VHtNnGH8LngWlsoZhw,0
yywECvWT_7w,UCUwP2XkG17aD53fmvYoA6Yw,0
bXIXlwGtYZA,UC8BzE8H7qoFa60JjaRgmIfg,0
_M0Odf7FStA,UCGGwuSrxDFQymf66OdM_-pw,0
pre8g2VDtIo,UCpViDMEfvur724mBt8tLiHw,0
gv9Jj0VyXXE,UCe56RtxwepRSyZ-b--SedOw,0
ov5w8zgENv0,UCBGp_XPj3Oudk207UNw_tAg,0
f7BeCicHNoE,UCO87c90DZllM_mAjrb5irpg,0
3G1xj6hVaCs,UC4Gumj80pOghE8G7xq4Yxjg,0
b0uKpnxUmSM,UCUwP2XkG17aD53fmvYoA6Yw,0
Q-19KRZaWeU,UCL8_vmF3_0473VvfU7Hi1ug,0
uLdIcxIy77w,UCGGwuSrxDFQymf66OdM_-pw,0
JAONQnpJQM4,UCpViDMEfvur724mBt8tLiHw,0
PLKVThn02pM,UCe56RtxwepRSyZ-b--SedOw,0
d7OuiuaSFT8,UCi21QsYAY8kw1YjFq16lZyw,0
_fo-IGNObAM,UCi21QsYAY8kw1YjFq16lZyw,0
dcLyxYGiQGY,UCUwP2XkG17aD53fmvYoA6Yw,0
hDOQG-8Nzgg,UCL8_vmF3_0473VvfU7Hi1ug,0
YWdZTAlkxq8,UCGGwuSrxDFQymf66OdM_-pw,0
aauYAOZpvzE,UCpViDMEfvur724mBt8tLiHw,0
87fEPOoDC34,UCe56RtxwepRSyZ-b--SedOw,0
9rvrQJITzDQ,UC7hVpCUJxZD0ACqGQ3zpJ9g,0
DxkSMCl657M,UCyK5hrNdv4293IyUXs19wXw,0
H_RGEDTJeAI,UCO87c90DZllM_mAjrb5irpg,0
y5sQ2v4EeLo,UC4Gumj80pOghE8G7xq4Yxjg,0
8_T6kRMZL1Q,UCL8_vmF3_0473VvfU7Hi1ug,0
igYcnTXlnDw,UCUwP2XkG17aD53fmvYoA6Yw,0
c85CIFwUuyQ,UCL8_vmF3_0473VvfU7Hi1ug,0
FExwo41y8sY,UCGGwuSrxDFQymf66OdM_-pw,0
l5X8tPL8tKE,UCpViDMEfvur724mBt8tLiHw,0
VW1rcEtE9Zs,UCe56RtxwepRSyZ-b--SedOw,0
jMChijBMrB4,UCi21QsYAY8kw1YjFq16lZyw,0
CthIqRf0tl0,UC4Gumj80pOghE8G7xq4Yxjg,0
w0Bh7GGAWPg,UCi21QsYAY8kw1YjFq16lZyw,0
DLG-9DEcEl4,UCL8_vmF3_0473VvfU7Hi1ug,0
_Tkd41zsZLU,UCUwP2XkG17aD53fmvYoA6Yw,0
urU_lE9uymo,UCGGwuSrxDFQymf66OdM_-pw,0
3FjyXk-eKMo,UCpViDMEfvur724mBt8tLiHw,0
Z5iEZyFaCsY,UCO87c90DZllM_mAjrb5irpg,0
Mb7d4-gsChk,UCe56RtxwepRSyZ-b--SedOw,0
o6IT3fOFSWU,UCL8_vmF3_0473VvfU7Hi1ug,0
7po6sWXdrOo,UC7hVpCUJxZD0ACqGQ3zpJ9g,0
HUKTJYvsCjI,UC4Gumj80pOghE8G7xq4Yxjg,0
MmEAmy9uSkk,UCL8_vmF3_0473VvfU7Hi1ug,0
e3MSniWE2gE,UCO87c90DZllM_mAjrb5irpg,0
hDdK2o2ZIT8,UCO87c90DZllM_mAjrb5irpg,0
aR3UNYQoTzA,UCpViDMEfvur724mBt8tLiHw,0
aCDKQu_4ABE,UCpViDMEfvur724mBt8tLiHw,0
BKWiH1LVk-Q,UCe56RtxwepRSyZ-b--SedOw,0
s5N9-2Z_31s,UC7hVpCUJxZD0ACqGQ3zpJ9g,0
kfF4Eettb0o,UCi21QsYAY8kw1YjFq16lZyw,0
OKZj_hDLT28,UCL8_vmF3_0473VvfU7Hi1ug,0
IBoFYzC8LSw,UCpViDMEfvur724mBt8tLiHw,0
xV1OBCWTaRY,UCpViDMEfvur724mBt8tLiHw,0
nzUdpiT9s7Y,UCGGwuSrxDFQymf66OdM_-pw,0
fllXh5Aq_2o,UCe56RtxwepRSyZ-b--SedOw,0
X0Jdw00v8Ak,UCL8_vmF3_0473VvfU7Hi1ug,0
7T-_4Q3rZOE,UCBGp_XPj3Oudk207UNw_tAg,0
KAtFmONVRgE,UC7hVpCUJxZD0ACqGQ3zpJ9g,0
HMkSCrE8ClU,UCpViDMEfvur724mBt8tLiHw,0
QpFo6weUD1w,UCr_s2VHtNnGH8LngWlsoZhw,0
Sstlb_iU8wA,UCO87c90DZllM_mAjrb5irpg,0
0OLbFBXZt1E,UCpViDMEfvur724mBt8tLiHw,0
sCWlEgoxYNU,UCL8_vmF3_0473VvfU7Hi1ug,0
NosA3DaRVnk,UC7GZguUCh8gdEs-VKhWqkWA,0
GhUGHqLKlGs,UC8BzE8H7qoFa60JjaRgmIfg,0
mvj2Aw49cOc,UCGGwuSrxDFQymf66OdM_-pw,0
iFBK1ET8EB0,UCe56RtxwepRSyZ-b--SedOw,0
TfxYN7QuOPI,UCi21QsYAY8kw1YjFq16lZyw,0
e8dyIJCUqMc,UCO87c90DZllM_mAjrb5irpg,0
QwtGXZRnWeQ,UC4Gumj80pOghE8G7xq4Yxjg,0
ti22UZEB31Y,UCUwP2XkG17aD53fmvYoA6Yw,0
vLuGCmJnOPA,UCL8_vmF3_0473VvfU7Hi1ug,0
WrKZlnnO-BE,UCO87c90DZllM_mAjrb5irpg,0
vtE2Z1u4Qrg,UCpViDMEfvur724mBt8tLiHw,0
NkW23ySM5LI,UCGGwuSrxDFQymf66OdM_-pw,0
jiy0KIurwj0,UCe56RtxwepRSyZ-b--SedOw,0
HWrmDY2gWRs,UCL8_vmF3_0473VvfU7Hi1ug,0
mE4fKH3zBvk,UC7hVpCUJxZD0ACqGQ3zpJ9g,0
sbN-QZcwDUU,UCyK5hrNdv4293IyUXs19wXw,0
zQSp9VH3wrY,UCL8_vmF3_0473VvfU7Hi1ug,0
yOqXaeSejm8,UCi21QsYAY8kw1YjFq16lZyw,0
dOwy2aP7F10,UCUwP2XkG17aD53fmvYoA6Yw,0
0-OG9_sRhv0,UCL8_vmF3_0473VvfU7Hi1ug,0
mRn4f8IktMk,UCO87c90DZllM_mAjrb5irpg,0
SnjRx9EVFvw,UCGGwuSrxDFQymf66OdM_-pw,0
DzvCF8nTb4Y,UCe56RtxwepRSyZ-b--SedOw,0
GZCLHVGawHQ,UC7hVpCUJxZD0ACqGQ3zpJ9g,0
1Tlma8W8VnY,UC4Gumj80pOghE8G7xq4Yxjg,0
-f0XACC6oqk,UCO87c90DZllM_mAjrb5irpg,0
7MqOg6L6bB0,UCUwP2XkG17aD53fmvYoA6Yw,0
-8Pi45gJBNw,UCL8_vmF3_0473VvfU7Hi1ug,0
1hpe1XgOV-o,UCpViDMEfvur724mBt8tLiHw,0
TH7CZARt5RI,UCGGwuSrxDFQymf66OdM_-pw,0
KNxIXYktTFY,UCe56RtxwepRSyZ-b--SedOw,0
XOUi9k3RtVk,UC7GZguUCh8gdEs-VKhWqkWA,0
ue5SJ8qetiQ,UCi21QsYAY8kw1YjFq16lZyw,0
5bbQyb5u4IM,UCL8_vmF3_0473VvfU7Hi1ug,0
ZKJefFs62sY,UCGGwuSrxDFQymf66OdM_-pw,0
FwoOMDB9VSY,UCpViDMEfvur724mBt8tLiHw,0
bB9_ziDIF_o,UCL8_vmF3_0473VvfU7Hi1ug,0
iave4y-tGBM,UCO87c90DZllM_mAjrb5irpg,0
f_Vo6omv9sA,UCe56RtxwepRSyZ-b--SedOw,0
Y-obKHrERC0,UCpZLNDzplh9FDioOX-jnvKA,0
OZc5db51c3c,UCO87c90DZllM_mAjrb5irpg,0
9EAebwNM-Bc,UCUwP2XkG17aD53fmvYoA6Yw,0
R9IRktH5GO4,UCL8_vmF3_0473VvfU7Hi1ug,0
fRO9n6lA1BE,UCe56RtxwepRSyZ-b--SedOw,0
9wf1u2tmrnA,UCi21QsYAY8kw1YjFq16lZyw,0
9qVRiM6qV6g,UC4Gumj80pOghE8G7xq4Yxjg,0
cCfZbQ_fCq8,UCL8_vmF3_0473VvfU7Hi1ug,0
H7yiEFqUSg8,UCi21QsYAY8kw1YjFq16lZyw,0
XDt_oa4ypcU,UCUwP2XkG17aD53fmvYoA6Yw,0
UpS9c9v7qeQ,UCL8_vmF3_0473VvfU7Hi1ug,0
y3oKlHMuRKw,UCpViDMEfvur724mBt8tLiHw,0
mMUdAdj8-_A,UCS8uIXvlSK3HtC0p0VIWyTQ,0
Wh7tCEejEro,UCL8_vmF3_0473VvfU7Hi1ug,0
jNp6Xw4e01c,UCGGwuSrxDFQymf66OdM_-pw,0
PHKoc6DCfbI,UC7GZguUCh8gdEs-VKhWqkWA,0
xwcxZNt9Txs,UCe56RtxwepRSyZ-b--SedOw,0
0llxwd9U_QM,UCBGp_XPj3Oudk207UNw_tAg,0
7HyLm5axWNA,UCyK5hrNdv4293IyUXs19wXw,0
C-3YlIgGmV8,UC4Gumj80pOghE8G7xq4Yxjg,0
lJ3L2H-FLZs,UCr_s2VHtNnGH8LngWlsoZhw,0
_5MYuiKNMZ8,UCO87c90DZllM_mAjrb5irpg,0
Ejdf4dTF3ic,UCi21QsYAY8kw1YjFq16lZyw,0
Io1A54HlTYk,UCUwP2XkG17aD53fmvYoA6Yw,0
lNAnkrFALH8,UCO87c90DZllM_mAjrb5irpg,0
aJ7URxwRnYs,UCL8_vmF3_0473VvfU7Hi1ug,0
y5YM-yQoC-Q,UC8BzE8H7qoFa60JjaRgmIfg,0
p8FlBVC5Ois,UCGGwuSrxDFQymf66OdM_-pw,0
b5HfwUmsnzA,UCe56RtxwepRSyZ-b--SedOw,0
nqak5DANRlE,UCUwP2XkG17aD53fmvYoA6Yw,0
x4gv-KMnAPo,UCi21QsYAY8kw1YjFq16lZyw,0
UYN5l9xxW-g,UCL8_vmF3_0473VvfU7Hi1ug,0
c27ulFtnROs,UCpViDMEfvur724mBt8tLiHw,0
CLk5Apb9Mxc,UCGGwuSrxDFQymf66OdM_-pw,0
c_r1wKBUeCc,UCe56RtxwepRSyZ-b--SedOw,0
EiXDhrguxro,UCi21QsYAY8kw1YjFq16lZyw,0
_cDD3eF9VyI,UCO87c90DZllM_mAjrb5irpg,0
7OZOStV9xuE,UCi21QsYAY8kw1YjFq16lZyw,0
Byl4KzM4iFM,UCUwP2XkG17aD53fmvYoA6Yw,0
b4LJ2LzaiRM,UCL8_vmF3_0473VvfU7Hi1ug,0
RsqLrFAC6SY,UCpViDMEfvur724mBt8tLiHw,0
T_O8NAM2tMg,UCpViDMEfvur724mBt8tLiHw,0
3bHnXFVin-Y,UCGGwuSrxDFQymf66OdM_-pw,0
Sgqb41eNBfM,UCe56RtxwepRSyZ-b--SedOw,0
lFXYBjOacgs,UCUwP2XkG17aD53fmvYoA6Yw,0
T4ar1K1gFSg,UC4Gumj80pOghE8G7xq4Yxjg,0
_Om6FFbUdn8,UCO87c90DZllM_mAjrb5irpg,0
vBqg5qa4xog,UCL8_vmF3_0473VvfU7Hi1ug,0
DbPsNd8ZIDw,UCi21QsYAY8kw1YjFq16lZyw,0
2cJ-eIqyt_c,UCpViDMEfvur724mBt8tLiHw,0
JilOaquK-wY,UCGGwuSrxDFQymf66OdM_-pw,0
POcgCzNT0V8,UCpZLNDzplh9FDioOX-jnvKA,0
kD78E0TKcSE,UCe56RtxwepRSyZ-b--SedOw,0
E5wd8t9Sl7k,UCUwP2XkG17aD53fmvYoA6Yw,0
Xs01FgnI-vs,UCO87c90DZllM_mAjrb5irpg,0
kwKNUKCQZl8,UCi21QsYAY8kw1YjFq16lZyw,0
onmmiiQWDBo,UCGGwuSrxDFQymf66OdM_-pw,0
Ilsaop7K3eI,UCL8_vmF3_0473VvfU7Hi1ug,0
_E_6Z4TcWco,UCe56RtxwepRSyZ-b--SedOw,0
8rOC9X8Yopc,UCyK5hrNdv4293IyUXs19wXw,0
uNKeQFZizCs,UCUwP2XkG17aD53fmvYoA6Yw,0
BSxuMER1MoY,UCO87c90DZllM_mAjrb5irpg,0
-GV86tlvS6Y,UCi21QsYAY8kw1YjFq16lZyw,0
42pAm-xgp38,UCpViDMEfvur724mBt8tLiHw,0
p-L9A8-iZ_o,UCe56RtxwepRSyZ-b--SedOw,0
Z2STrcp6fKA,UC7hVpCUJxZD0ACqGQ3zpJ9g,0
1aimL3mUNS4,UCr_s2VHtNnGH8LngWlsoZhw,0
Ck43u-VSgDs,UCi21QsYAY8kw1YjFq16lZyw,0
Ho7nRdNnQ1I,UCO87c90DZllM_mAjrb5irpg,0
4Y3hPDxZHYs,UCO87c90DZllM_mAjrb5irpg,0
eSNCzVIzGUg,UCUwP2XkG17aD53fmvYoA6Yw,0
Sy5AFxWXvK8,UCi21QsYAY8kw1YjFq16lZyw,0
8uTrtY4QNPs,UCpViDMEfvur724mBt8tLiHw,0
nqSj5-iimdY,UCGGwuSrxDFQymf66OdM_-pw,0
tkm_fSB7ltY,UCe56RtxwepRSyZ-b--SedOw,0
r1iO9MqdTR0,UCBGp_XPj3Oudk207UNw_tAg,0
A_Yy0VdQlfo,UCr_s2VHtNnGH8LngWlsoZhw,0
x5CRZ4NwMY0,UCUwP2XkG17aD53fmvYoA6Yw,0
4Mc97i605sA,UCi21QsYAY8kw1YjFq16lZyw,0
eWzmBTmeXfU,UC7GZguUCh8gdEs-VKhWqkWA,0
w9hQPiMp8Ws,UC8BzE8H7qoFa60JjaRgmIfg,0
54uxzHSGV5o,UCpViDMEfvur724mBt8tLiHw,0
14GBfwA5EAY,UCGGwuSrxDFQymf66OdM_-pw,0
ZrDNH1OpX1M,UCe56RtxwepRSyZ-b--SedOw,0
-lPdq5jfEAk,UC7hVpCUJxZD0ACqGQ3zpJ9g,0
g47wNfHl7KU,UCr_s2VHtNnGH8LngWlsoZhw,0
Gnmec8065Qc,UCO87c90DZllM_mAjrb5irpg,0
-k3bZ75yIcQ,UCi21QsYAY8kw1YjFq16lZyw,0
m0JVlJYrAHc,UCi21QsYAY8kw1YjFq16lZyw,0
L9vI8ewZ4Ro,UCUwP2XkG17aD53fmvYoA6Yw,0
a1qRZ7HsOd0,UCpViDMEfvur724mBt8tLiHw,0
ybP3hfPORWg,UCGGwuSrxDFQymf66OdM_-pw,0
4TQH2OrgX6s,UCL8_vmF3_0473VvfU7Hi1ug,0
FmzeMH03t_M,UCe56RtxwepRSyZ-b--SedOw,0
S5WtNom6P48,UC7hVpCUJxZD0ACqGQ3zpJ9g,0
GsIx2oQlyWg,UCi21QsYAY8kw1YjFq16lZyw,0
ND_3esww5T8,UC4Gumj80pOghE8G7xq4Yxjg,0
ONCIukd_65U,UCUwP2XkG17aD53fmvYoA6Yw,0
X_t_YytSkSM,UCGGwuSrxDFQymf66OdM_-pw,0
81CD6xwRfpc,UCpViDMEfvur724mBt8tLiHw,0
Cx_XYUP5pXk,UC7hVpCUJxZD0ACqGQ3zpJ9g,0
3eOQOfN4JwI,UCe56RtxwepRSyZ-b--SedOw,0
bC4DplpfiKA,UCyK5hrNdv4293IyUXs19wXw,0
s6s0fFpAXsk,UCL8_vmF3_0473VvfU7Hi1ug,0
h7Rbd2Hs920,UCUwP2XkG17aD53fmvYoA6Yw,0
8Xg4dFjNoi8,UC7GZguUCh8gdEs-VKhWqkWA,0
1on5zFcnR3c,UCGGwuSrxDFQymf66OdM_-pw,0
TiMJAaEabfM,UCpViDMEfvur724mBt8tLiHw,0
66MVVIfxdzs,UCe56RtxwepRSyZ-b--SedOw,0
VqjpWpFLOOc,UCUwP2XkG17aD53fmvYoA6Yw,0
M3a-hVnK8a0,UCL8_vmF3_0473VvfU7Hi1ug,0
bcpfjguBAbE,UCGGwuSrxDFQymf66OdM_-pw,0
QDJejmnOTxg,UCL8_vmF3_0473VvfU7Hi1ug,0
osPtFzfreNg,UCe56RtxwepRSyZ-b--SedOw,0
ytGdUjuQg4g,UCUwP2XkG17aD53fmvYoA6Yw,0
OaE_Tbm8wd8,UCpViDMEfvur724mBt8tLiHw,0
I2Y2M0eOlqM,UCe56RtxwepRSyZ-b--SedOw,0
YkPd70_8_Ws,UC4Gumj80pOghE8G7xq4Yxjg,0
WstErZ4bNPE,UCRTsD38mMGi7HnWFzlDUFYA,0
8DuxZ0WrKGY,UCL8_vmF3_0473VvfU7Hi1ug,0
vVpQ4TfiIL8,UCGGwuSrxDFQymf66OdM_-pw,0
Bx6HrmPBqAE,UCpViDMEfvur724mBt8tLiHw,0
X7Ik_doiYcA,UC7GZguUCh8gdEs-VKhWqkWA,0
egSvzlV6PSQ,UCe56RtxwepRSyZ-b--SedOw,0
iDebb7ENTE0,UCBGp_XPj3Oudk207UNw_tAg,0
_4Q_uKp3_yg,UCr_s2VHtNnGH8LngWlsoZhw,0
yvE7GRUdqds,UCUwP2XkG17aD53fmvYoA6Yw,0
VPX9K83R5Cs,UC8BzE8H7qoFa60JjaRgmIfg,0
JRlhfObENN8,UCGGwuSrxDFQymf66OdM_-pw,0
3D2BsJTmla0,UCe56RtxwepRSyZ-b--SedOw,0
KNEgMB-9Dsc,UC7hVpCUJxZD0ACqGQ3zpJ9g,0
cmRyVJtau8s,UCyK5hrNdv4293IyUXs19wXw,0
cS_wujDH32Q,UCUwP2XkG17aD53fmvYoA6Yw,0
EaOZu19pwyM,UCpViDMEfvur724mBt8tLiHw,0
gDng-FwjSp0,UCGGwuSrxDFQymf66OdM_-pw,0
3Pyl0sgWhaw,UCe56RtxwepRSyZ-b--SedOw,0
CIkaciZCa8g,UC7hVpCUJxZD0ACqGQ3zpJ9g,0
ChC15rCGDcE,UC4Gumj80pOghE8G7xq4Yxjg,0
w6jBs3csqQs,UCpViDMEfvur724mBt8tLiHw,0
whsk3GJ9dcU,UCGGwuSrxDFQymf66OdM_-pw,0
HcNS0PHIIhQ,UCr_s2VHtNnGH8LngWlsoZhw,0
w0yLO0-oZX8,UCe56RtxwepRSyZ-b--SedOw,0
QyvN26l3UB8,UC7hVpCUJxZD0ACqGQ3zpJ9g,0
zqXsJFpRWQA,UCL8_vmF3_0473VvfU7Hi1ug,0
kIOj82Qx0f0,UCyK5hrNdv4293IyUXs19wXw,0
F7mldwsbOvw,UCpViDMEfvur724mBt8tLiHw,0
3i_62ramrc4,UCUwP2XkG17aD53fmvYoA6Yw,0
rw20Xk1QhcA,UCGGwuSrxDFQymf66OdM_-pw,0
1wvjC22c0ZU,UCe56RtxwepRSyZ-b--SedOw,0
vE_hEGWhTUA,UC7hVpCUJxZD0ACqGQ3zpJ9g,0
yGHYpeypKio,UCL8_vmF3_0473VvfU7Hi1ug,0
I9QCrkhbxSE,UCGGwuSrxDFQymf66OdM_-pw,0
t9ufg3go1LQ,UCr_s2VHtNnGH8LngWlsoZhw,0
P_0Q_dXaJ7E,UCe56RtxwepRSyZ-b--SedOw,0
QjJMGLVyRjI,UCUwP2XkG17aD53fmvYoA6Yw,0
ZiAE_8bFgHE,UCS8uIXvlSK3HtC0p0VIWyTQ,0
Kd7UVtzt9vQ,UCL8_vmF3_0473VvfU7Hi1ug,0
pidpY_tIOOg,UCe56RtxwepRSyZ-b--SedOw,0
QWnRAqwrxvM,UCpViDMEfvur724mBt8tLiHw,0
5jjpTB4GOdI,UCyK5hrNdv4293IyUXs19wXw,0
44GR_96JoK8,UCGGwuSrxDFQymf66OdM_-pw,0
ubVUqJNIwXA,UCL8_vmF3_0473VvfU7Hi1ug,0
RgjDXcm0I-M,UCpViDMEfvur724mBt8tLiHw,0
eXQA8N2v6a4,UCe56RtxwepRSyZ-b--SedOw,0
1el4PrXwOtA,UCBGp_XPj3Oudk207UNw_tAg,0
womof5RGXfk,UCr_s2VHtNnGH8LngWlsoZhw,0
9jabUkO2oYc,UCUwP2XkG17aD53fmvYoA6Yw,0
kvE6Qzz5FOY,UC7GZguUCh8gdEs-VKhWqkWA,0
e2wqakArxhc,UC8BzE8H7qoFa60JjaRgmIfg,0
XAkfkgnG2i4,UCGGwuSrxDFQymf66OdM_-pw,0
YQWosE6Hhb0,UCpViDMEfvur724mBt8tLiHw,0
3Gz4U9qz_fE,UCUwP2XkG17aD53fmvYoA6Yw,0
3a5qQfun8dk,UCGGwuSrxDFQymf66OdM_-pw,0
ip4Ttl_EdhY,UCUwP2XkG17aD53fmvYoA6Yw,0
7YgXy8KPSkA,UCUwP2XkG17aD53fmvYoA6Yw,0
LTbexqtY0Zw,UC4Gumj80pOghE8G7xq4Yxjg,0
Zr7yhsUxMkk,UCGGwuSrxDFQymf66OdM_-pw,0
Rv8UxJZs7iI,UCL8_vmF3_0473VvfU7Hi1ug,0
eUlqg0JahXQ,UCUwP2XkG17aD53fmvYoA6Yw,0
vIossYXs7GI,UC7hVpCUJxZD0ACqGQ3zpJ9g,0
ObQnBPsX1-Q,UCUwP2XkG17aD53fmvYoA6Yw,0
sgxN6Zt3qRM,UCUwP2XkG17aD53fmvYoA6Yw,0
Jwt5qHxeh4k,UCUwP2XkG17aD53fmvYoA6Yw,0
sou92xI3XJw,UC4Gumj80pOghE8G7xq4Yxjg,0
igK72iwWiTs,UC7GZguUCh8gdEs-VKhWqkWA,0
b0FuaCNjq2o,UCpViDMEfvur724mBt8tLiHw,0
-9nHrf1DH3E,UCGGwuSrxDFQymf66OdM_-pw,0
xWr7rSKK-vY,UCyK5hrNdv4293IyUXs19wXw,0
1DT6KKIuLjI,UCUwP2XkG17aD53fmvYoA6Yw,0
7At9GoXQM80,UCpViDMEfvur724mBt8tLiHw,0
7g_pZsFcmSo,UCGGwuSrxDFQymf66OdM_-pw,0
PJXKWsp77uA,UCUwP2XkG17aD53fmvYoA6Yw,0
A0BZwjYdUPM,UCL8_vmF3_0473VvfU7Hi1ug,0
0xHuMW9J1B0,UCUwP2XkG17aD53fmvYoA6Yw,0
P59HyjeMVgE,UCj2Pn8nWcMGnDOdzstvVnbA,0
5JWNmECqxr4,UCUwP2XkG17aD53fmvYoA6Yw,0
bR7LltjCQDQ,UC7hVpCUJxZD0ACqGQ3zpJ9g,0
zXGXafHjg5c,UCUwP2XkG17aD53fmvYoA6Yw,0
23XcWq3ydhc,UCGGwuSrxDFQymf66OdM_-pw,0
Z-ACMCTc-b0,UCpViDMEfvur724mBt8tLiHw,0
5ySPax3aKaU,UCUwP2XkG17aD53fmvYoA6Yw,0
4TPmTIh_6cU,UC7hVpCUJxZD0ACqGQ3zpJ9g,0
Usv2qw_5vLM,UCBGp_XPj3Oudk207UNw_tAg,0
2IWnY8jWYbk,UCL8_vmF3_0473VvfU7Hi1ug,0
9o3X-UxU_co,UCyK5hrNdv4293IyUXs19wXw,0
6cP2FKhh3ss,UCr_s2VHtNnGH8LngWlsoZhw,0
eT4xK6C3nNk,UC7GZguUCh8gdEs-VKhWqkWA,0
9pXYZ_Po0TQ,UC8BzE8H7qoFa60JjaRgmIfg,0
04WGH-wjey4,UCGGwuSrxDFQymf66OdM_-pw,0
anNJFq-A9xA,UCpViDMEfvur724mBt8tLiHw,0
Cn5S636gTOQ,UCUwP2XkG17aD53fmvYoA6Yw,0
qdi70SmG9EA,UCUwP2XkG17aD53fmvYoA6Yw,0
kZFashSKcww,UCUwP2XkG17aD53fmvYoA6Yw,0
F0DoMyDoF2A,UC7hVpCUJxZD0ACqGQ3zpJ9g,0
nmT_C-7rD3Y,UCGGwuSrxDFQymf66OdM_-pw,0
7jF71jHCSnw,UC7hVpCUJxZD0ACqGQ3zpJ9g,0
BVfAb5Mnqrc,UCyK5hrNdv4293IyUXs19wXw,0
PtsWeCSjiX8,UC4Gumj80pOghE8G7xq4Yxjg,0
iOSKRcsXlTg,UCpViDMEfvur724mBt8tLiHw,0
6uKOQZbzqIY,UCGGwuSrxDFQymf66OdM_-pw,0
cLmWwbCY8A8,UCUwP2XkG17aD53fmvYoA6Yw,0
cmBJwoooXzU,UCGGwuSrxDFQymf66OdM_-pw,0
gVBGu2yu3BE,UCL8_vmF3_0473VvfU7Hi1ug,0
jqS-DPEcWQU,UC7hVpCUJxZD0ACqGQ3zpJ9g,0
aCtNy1JbHdE,UCGGwuSrxDFQymf66OdM_-pw,0
U_rQt2oXkV0,UCUwP2XkG17aD53fmvYoA6Yw,0
ikg428qflV4,UC7GZguUCh8gdEs-VKhWqkWA,0
QbJsWbAYoWQ,UC7hVpCUJxZD0ACqGQ3zpJ9g,0
iB9ECkdwTAQ,UCUwP2XkG17aD53fmvYoA6Yw,0
GJNu2yMfUGg,UC7hVpCUJxZD0ACqGQ3zpJ9g,0
rfbWBFgT5Q8,UCr_s2VHtNnGH8LngWlsoZhw,0
DYCEsB3OUPk,UCUwP2XkG17aD53fmvYoA6Yw,0
QY07IOG-uzo,UCL8_vmF3_0473VvfU7Hi1ug,0
PgAK0DtJV1o,UCS8uIXvlSK3HtC0p0VIWyTQ,0
zWPv4YINIq4,UCGGwuSrxDFQymf66OdM_-pw,0
jg0bSPL-i_8,UCUwP2XkG17aD53fmvYoA6Yw,0
qc9dE1EyJQg,UCBGp_XPj3Oudk207UNw_tAg,0
aTenXVSyd2E,UCj2Pn8nWcMGnDOdzstvVnbA,0
C0scoBPTAmM,UCyK5hrNdv4293IyUXs19wXw,0
31-gLClZtN0,UCr_s2VHtNnGH8LngWlsoZhw,0
qYPYSQHMA68,UC7GZguUCh8gdEs-VKhWqkWA,0
Ik2WMcjsRSQ,UC8BzE8H7qoFa60JjaRgmIfg,0
Jc3JQfZluNA,UCGGwuSrxDFQymf66OdM_-pw,0
MQn43M7Rhhs,UCL8_vmF3_0473VvfU7Hi1ug,0
kdUNIqr-3Ds,UCUwP2XkG17aD53fmvYoA6Yw,0
9_ex3geY03o,UCL8_vmF3_0473VvfU7Hi1ug,0
glfAb3Qls0g,UC8BzE8H7qoFa60JjaRgmIfg,0
BLNzboqksvw,UCyK5hrNdv4293IyUXs19wXw,0
T02T1CfqRvo,UCGGwuSrxDFQymf66OdM_-pw,0
boY62RUOE_E,UCL8_vmF3_0473VvfU7Hi1ug,0
h7dvK1WrtsU,UCUwP2XkG17aD53fmvYoA6Yw,0
mrC5UOAwx3U,UC4Gumj80pOghE8G7xq4Yxjg,0
ZVhoFUzzzbI,UC8BzE8H7qoFa60JjaRgmIfg,0
flU4IGpfqC8,UCGGwuSrxDFQymf66OdM_-pw,0
NmJ3IoGD6oY,UCUwP2XkG17aD53fmvYoA6Yw,0
oOKVVuy79FU,UCGGwuSrxDFQymf66OdM_-pw,0
aMRqeeQ6p2I,UCL8_vmF3_0473VvfU7Hi1ug,0
xCbQKSX34Hc,UCL8_vmF3_0473VvfU7Hi1ug,0
y2cvkl4S3jk,UCL8_vmF3_0473VvfU7Hi1ug,0
kJurohaNMrA,UC7GZguUCh8gdEs-VKhWqkWA,0
TGq7f5Bi4nY,UCGGwuSrxDFQymf66OdM_-pw,0
LC4A-cevCew,UCL8_vmF3_0473VvfU7Hi1ug,0
kuBEeI-ESOE,UCUwP2XkG17aD53fmvYoA6Yw,0
nvFB1nhLbjk,UCyK5hrNdv4293IyUXs19wXw,0
Syyzgnv6jpw,UCL8_vmF3_0473VvfU7Hi1ug,0
P3NKTmHF-NE,UCUwP2XkG17aD53fmvYoA6Yw,0
sA4o0xGOJf0,UCUwP2XkG17aD53fmvYoA6Yw,0
PtzITyrut8o,UCGGwuSrxDFQymf66OdM_-pw,0
XI9ksv6EJQ0,UCpViDMEfvur724mBt8tLiHw,0
LdVdQrTJNLg,UCUwP2XkG17aD53fmvYoA6Yw,0
iygQo2_9vVE,UCBGp_XPj3Oudk207UNw_tAg,0
k_ON2Dkeq64,UCyK5hrNdv4293IyUXs19wXw,0
5qUr4OdnNso,UCr_s2VHtNnGH8LngWlsoZhw,0
q4c89OxR-JA,UC7GZguUCh8gdEs-VKhWqkWA,0
APDm0ASjtMA,UC8BzE8H7qoFa60JjaRgmIfg,0
eEJgKUw37bo,UCGGwuSrxDFQymf66OdM_-pw,0
3OuGyjP7kbg,UCL8_vmF3_0473VvfU7Hi1ug,0
CqlGqZUXr-I,UCpViDMEfvur724mBt8tLiHw,0
dyZMfpa6Fa4,UCL8_vmF3_0473VvfU7Hi1ug,0
QfdwgfPA2lw,UCUwP2XkG17aD53fmvYoA6Yw,0
220jx7NnJeE,UCGGwuSrxDFQymf66OdM_-pw,0
xVCkSNdVGy0,UCpViDMEfvur724mBt8tLiHw,0
3MyOFSyyJH4,UCUwP2XkG17aD53fmvYoA6Yw,0
8YTdA95roDY,UCUwP2XkG17aD53fmvYoA6Yw,0
wahwwWcd0AU,UCUwP2XkG17aD53fmvYoA6Yw,0
mEe7M5H7pSU,UCyK5hrNdv4293IyUXs19wXw,0
eysUeur8Efw,UC4Gumj80pOghE8G7xq4Yxjg,0
oLwxrh4Ke7I,UCpViDMEfvur724mBt8tLiHw,0
ambzBNz-3vU,UCGGwuSrxDFQymf66OdM_-pw,0
iU7C4nuWHYU,UCL8_vmF3_0473VvfU7Hi1ug,0
PclazvvHXfQ,UCpViDMEfvur724mBt8tLiHw,0
5g50p-I5vtQ,UCUwP2XkG17aD53fmvYoA6Yw,0
ADnLR4K4v8k,UCUwP2XkG17aD53fmvYoA6Yw,0
n4T2UwU7LZs,UCUwP2XkG17aD53fmvYoA6Yw,0
pnXE6QX80t4,UC7hVpCUJxZD0ACqGQ3zpJ9g,0
o9zrxTGSlA8,UCUwP2XkG17aD53fmvYoA6Yw,0
HHYcughC0bY,UCUwP2XkG17aD53fmvYoA6Yw,0
v0h1hCdKeXs,UCL8_vmF3_0473VvfU7Hi1ug,0
VqYxcN2OrhY,UCGGwuSrxDFQymf66OdM_-pw,0
KGHAxq_s3jU,UCpViDMEfvur724mBt8tLiHw,0
Ul8fwmoCDHA,UCUwP2XkG17aD53fmvYoA6Yw,0
6yaIxKzL4m8,UCpViDMEfvur724mBt8tLiHw,0
AD-d_fHqOfs,UCL8_vmF3_0473VvfU7Hi1ug,0
IEcRQYBELyE,UCGGwuSrxDFQymf66OdM_-pw,0
3OXz7s7Abss,UCpViDMEfvur724mBt8tLiHw,0
eojVLUSqI2k,UCL8_vmF3_0473VvfU7Hi1ug,0
UTB77JGzp-A,UC7hVpCUJxZD0ACqGQ3zpJ9g,0
VrqIUZyTMyM,UCUwP2XkG17aD53fmvYoA6Yw,0
69_VElMCjZs,UCyK5hrNdv4293IyUXs19wXw,0
SflcMsqwKNU,UCpViDMEfvur724mBt8tLiHw,0
R5_HXEppFV0,UCL8_vmF3_0473VvfU7Hi1ug,0
6vAp3-8O1hE,UCpViDMEfvur724mBt8tLiHw,0
b3nJLDb4C_A,UCUwP2XkG17aD53fmvYoA6Yw,0
Xia7-rNRMB0,UCL8_vmF3_0473VvfU7Hi1ug,0
tfHjNr1EL_Q,UC7hVpCUJxZD0ACqGQ3zpJ9g,0
vuezHtDQio4,UC4Gumj80pOghE8G7xq4Yxjg,0
hnTdL0Ug0VE,UCyK5hrNdv4293IyUXs19wXw,0
evHCWDklry8,UCr_s2VHtNnGH8LngWlsoZhw,0
iGgfcT9TN-g,UCpViDMEfvur724mBt8tLiHw,0
1lV0U-GZhB8,UCGGwuSrxDFQymf66OdM_-pw,0
2yyASPeAW08,UCpViDMEfvur724mBt8tLiHw,0
Rx0fvqBD-Rg,UCUwP2XkG17aD53fmvYoA6Yw,0
8R28uOjpFbA,UCBGp_XPj3Oudk207UNw_tAg,0
beCM7aiBBbA,UCyK5hrNdv4293IyUXs19wXw,0
_SP5y26o7vA,UC7GZguUCh8gdEs-VKhWqkWA,0
qI-W3yFi31w,UC8BzE8H7qoFa60JjaRgmIfg,0
vPIz-7uKmaQ,UC8BzE8H7qoFa60JjaRgmIfg,0
x_BpnyhjCaE,UCpViDMEfvur724mBt8tLiHw,0
nhUMqvnz6yE,UCGGwuSrxDFQymf66OdM_-pw,0
DmT8g3uVczE,UCpViDMEfvur724mBt8tLiHw,0
ynsIWcZyVLw,UCL8_vmF3_0473VvfU7Hi1ug,0
RsSnfBQ3vo8,UCL8_vmF3_0473VvfU7Hi1ug,0
794rUsJ7WOw,UCGGwuSrxDFQymf66OdM_-pw,0
LZM2vPJQaO4,UCpViDMEfvur724mBt8tLiHw,0
CUFvTyj4meM,UCpViDMEfvur724mBt8tLiHw,0
4QtVO-LPFCs,UCUwP2XkG17aD53fmvYoA6Yw,0
bbbtYE1nYfA,UC8BzE8H7qoFa60JjaRgmIfg,0
7w9vtxUSHsE,UC4Gumj80pOghE8G7xq4Yxjg,0
1kQj5GAXIuo,UCS8uIXvlSK3HtC0p0VIWyTQ,0
ykXWK10_KWI,UCGGwuSrxDFQymf66OdM_-pw,0
zY9ve8cMsvg,UCpViDMEfvur724mBt8tLiHw,0
3QOY-o0vMUw,UCpViDMEfvur724mBt8tLiHw,0
TqBqiZ9RS78,UCUwP2XkG17aD53fmvYoA6Yw,0
GyvBifESal4,UCUwP2XkG17aD53fmvYoA6Yw,0
3vCiB1Pl6oQ,UCUwP2XkG17aD53fmvYoA6Yw,0
uNMsBXQLiZ0,UC7GZguUCh8gdEs-VKhWqkWA,0
ddhEeGYHFWs,UCUwP2XkG17aD53fmvYoA6Yw,0
uIJeZabU_gc,UCpViDMEfvur724mBt8tLiHw,0
CwCEnnfYprQ,UCGGwuSrxDFQymf66OdM_-pw,0
92DHqzZVNm4,UCL8_vmF3_0473VvfU7Hi1ug,0
FWgACyedIKg,UCpViDMEfvur724mBt8tLiHw,0
PjyxJ2aK3Xc,UCUwP2XkG17aD53fmvYoA6Yw,0
W4TIsft9Gfs,UCyK5hrNdv4293IyUXs19wXw,0
siVSGP12uP4,UCL8_vmF3_0473VvfU7Hi1ug,0
am8mzIvrxM4,UCpViDMEfvur724mBt8tLiHw,0
9-uOpNKfSKM,UCGGwuSrxDFQymf66OdM_-pw,0
SY1-2q9YF54,UCpViDMEfvur724mBt8tLiHw,0
xNfG1zQpyAY,UCUwP2XkG17aD53fmvYoA6Yw,0
5sTCf8jX0wk,UCL8_vmF3_0473VvfU7Hi1ug,0
RzL0GVjmUbI,UC4Gumj80pOghE8G7xq4Yxjg,0
lNXqg2TCi6c,UC8BzE8H7qoFa60JjaRgmIfg,0
kEVcb_SpwTU,UCyK5hrNdv4293IyUXs19wXw,0
WBkoafKCFX4,UCL8_vmF3_0473VvfU7Hi1ug,0
GE0E8knchWE,UCUwP2XkG17aD53fmvYoA6Yw,0
WGkQEaXJee4,UCGGwuSrxDFQymf66OdM_-pw,0
_mtMLFb9PQ8,UCpViDMEfvur724mBt8tLiHw,0
dqIVNVidBOo,UCpViDMEfvur724mBt8tLiHw,0
czGX4LlPK8c,UCUwP2XkG17aD53fmvYoA6Yw,0
HSkzqw0CjBQ,UCUwP2XkG17aD53fmvYoA6Yw,0
C3NybqBQ6DU,UCL8_vmF3_0473VvfU7Hi1ug,0
O3QvY_ZynU0,UCUwP2XkG17aD53fmvYoA6Yw,0
zI_P-gN-8LU,UCpViDMEfvur724mBt8tLiHw,0
wlqx2ZjZvVU,UCGGwuSrxDFQymf66OdM_-pw,0
MuFoMYDK5Og,UCBGp_XPj3Oudk207UNw_tAg,0
8ke-kKHpREk,UCUwP2XkG17aD53fmvYoA6Yw,0
e_36FqLuSMY,UCr_s2VHtNnGH8LngWlsoZhw,0
VttQEgaYu74,UCUwP2XkG17aD53fmvYoA6Yw,0
lbgbDRqBTb4,UC7GZguUCh8gdEs-VKhWqkWA,0
SmCtUcJ5c1c,UC8BzE8H7qoFa60JjaRgmIfg,0
eVeI7F3mJRU,UCL8_vmF3_0473VvfU7Hi1ug,0
PhkEbtrw08g,UCUwP2XkG17aD53fmvYoA6Yw,0
ge8b2mCbSBI,UCyK5hrNdv4293IyUXs19wXw,0
bjNQDJIFDlo,UCRTsD38mMGi7HnWFzlDUFYA,0
Fns1ATil5tc,UCGGwuSrxDFQymf66OdM_-pw,0
SkJpP0J7mOI,UCUwP2XkG17aD53fmvYoA6Yw,0
efUQ4QYSxl4,UCL8_vmF3_0473VvfU7Hi1ug,0
qfKsrXZk-9U,UC7hVpCUJxZD0ACqGQ3zpJ9g,0
abtV427pewY,UCUwP2XkG17aD53fmvYoA6Yw,0
_NSRWnOMYfU,UC4Gumj80pOghE8G7xq4Yxjg,0
fV385veAibo,UCyK5hrNdv4293IyUXs19wXw,0
EEwo3WFGgr8,UCUwP2XkG17aD53fmvYoA6Yw,0
eHkKf3B5F-I,UCGGwuSrxDFQymf66OdM_-pw,0
fgGjnsGEYcM,UCL8_vmF3_0473VvfU7Hi1ug,0
sr378JzZWnQ,UCUwP2XkG17aD53fmvYoA6Yw,0
4ARFKDgylNw,UCUwP2XkG17aD53fmvYoA6Yw,0
TGcrabN_lTE,UCUwP2XkG17aD53fmvYoA6Yw,0
pjGI2-lwsn8,UCUwP2XkG17aD53fmvYoA6Yw,0
y8DzOhY_Tjc,UC7hVpCUJxZD0ACqGQ3zpJ9g,0
VQa768Xux7Q,UCL8_vmF3_0473VvfU7Hi1ug,0
j8gTzhAFWvo,UCyK5hrNdv4293IyUXs19wXw,0
YIEPmE1HUb0,UCUwP2XkG17aD53fmvYoA6Yw,0
KCVWKTlZDW4,UCGGwuSrxDFQymf66OdM_-pw,0
kACD_WrSgP8,UCUwP2XkG17aD53fmvYoA6Yw,0
QrB71VAb7fY,UCUwP2XkG17aD53fmvYoA6Yw,0
t9dxkTurTV0,UCyK5hrNdv4293IyUXs19wXw,0
qV0is_vQzuM,UCUwP2XkG17aD53fmvYoA6Yw,0
DB5LY88V6Q0,UCGGwuSrxDFQymf66OdM_-pw,0
t2ey_E2PxWk,UCUwP2XkG17aD53fmvYoA6Yw,0
8r_SPVzZRUA,UCL8_vmF3_0473VvfU7Hi1ug,0
qZ9PBpBUQvM,UC7hVpCUJxZD0ACqGQ3zpJ9g,0
HVgVHxzNS9s,UCUwP2XkG17aD53fmvYoA6Yw,0
zIgqMbXt1ck,UCyK5hrNdv4293IyUXs19wXw,0
5sXT-ZwTk1Q,UC8BzE8H7qoFa60JjaRgmIfg,0
RecURfmvBDg,UCUwP2XkG17aD53fmvYoA6Yw,0
9gt-HenIM9A,UCGGwuSrxDFQymf66OdM_-pw,0
lMKtk_pyJBA,UCL8_vmF3_0473VvfU7Hi1ug,0
qzUlHDZAhCw,UCj2Pn8nWcMGnDOdzstvVnbA,0
HF8DgKIYHy0,UC7hVpCUJxZD0ACqGQ3zpJ9g,0
-RcR8TPn-6I,UC4Gumj80pOghE8G7xq4Yxjg,0
2fNas8XbiUw,UCUwP2XkG17aD53fmvYoA6Yw,0
TUInzFgCCOg,UCUwP2XkG17aD53fmvYoA6Yw,0
vcEl5wafgYs,UCRTsD38mMGi7HnWFzlDUFYA,0
QrUny3gmfMc,UCGGwuSrxDFQymf66OdM_-pw,0
uLuuOv0FgBA,UCL8_vmF3_0473VvfU7Hi1ug,0
aU2gwzWtAKA,UCBGp_XPj3Oudk207UNw_tAg,0
n8ZFHd6jmdE,UC7hVpCUJxZD0ACqGQ3zpJ9g,0
58PgKRS4vdo,UCyK5hrNdv4293IyUXs19wXw,0
OjYMa3UsEZ4,UCr_s2VHtNnGH8LngWlsoZhw,0
-hMb4ZTlGbg,UCUwP2XkG17aD53fmvYoA6Yw,0
uoOgafVaL6o,UC7GZguUCh8gdEs-VKhWqkWA,0
avmffeOF4dY,UC8BzE8H7qoFa60JjaRgmIfg,0
pEIkR_2yIc0,UCL8_vmF3_0473VvfU7Hi1ug,0
sQkA5ogS1ks,UC7hVpCUJxZD0ACqGQ3zpJ9g,0
AzFvrjWTJdY,UCUwP2XkG17aD53fmvYoA6Yw,0
6BaoDiP9pCI,UCUwP2XkG17aD53fmvYoA6Yw,0
GiyuBFSfcSo,UCyK5hrNdv4293IyUXs19wXw,0
SHuw0J0yp-g,UCUwP2XkG17aD53fmvYoA6Yw,0
ItxufblIVEU,UCUwP2XkG17aD53fmvYoA6Yw,0
PW7PhDmmcD8,UCUwP2XkG17aD53fmvYoA6Yw,0
2ZOAN2ixrWI,UCGGwuSrxDFQymf66OdM_-pw,0
1wK_4PR0mbc,UCL8_vmF3_0473VvfU7Hi1ug,0
Eo7uBbGNqds,UCUwP2XkG17aD53fmvYoA6Yw,0
Xrm44tj4TP4,UCyK5hrNdv4293IyUXs19wXw,0
S-mkKbBqR9w,UC4Gumj80pOghE8G7xq4Yxjg,0
ZcaSDmDAuwA,UCUwP2XkG17aD53fmvYoA6Yw,0
6xZnSECCIpc,UCS8uIXvlSK3HtC0p0VIWyTQ,0
Vmfr7CpseSQ,UCGGwuSrxDFQymf66OdM_-pw,0
HcvhSLzuFSA,UCL8_vmF3_0473VvfU7Hi1ug,0
RrvRlRmZmz0,UC7hVpCUJxZD0ACqGQ3zpJ9g,0
CA6jocybOcI,UCL8_vmF3_0473VvfU7Hi1ug,0
GaMtVS6kgkQ,UC7GZguUCh8gdEs-VKhWqkWA,0
ggO7UD1An0k,UCUwP2XkG17aD53fmvYoA6Yw,0
5U6qO4qjjIE,UCGGwuSrxDFQymf66OdM_-pw,0
zNn8jQTMXH4,UCyK5hrNdv4293IyUXs19wXw,0
b8IVKBv2bmQ,UCUwP2XkG17aD53fmvYoA6Yw,0
icmASaThyUc,UCGGwuSrxDFQymf66OdM_-pw,0
O5yBnhodKNA,UCUwP2XkG17aD53fmvYoA6Yw,0
g-y2bSsQvzs,UC7hVpCUJxZD0ACqGQ3zpJ9g,0
01-xcYuHDjs,UC8BzE8H7qoFa60JjaRgmIfg,0
a9gxmYQ-pTI,UCyK5hrNdv4293IyUXs19wXw,0
EgGyW4g91Zg,UCUwP2XkG17aD53fmvYoA6Yw,0
qy9nx7FLZuk,UCL8_vmF3_0473VvfU7Hi1ug,0
18--evnLk54,UCBGp_XPj3Oudk207UNw_tAg,0
JBEXrfZ-tFQ,UC7hVpCUJxZD0ACqGQ3zpJ9g,0
4_1CXikKbD4,UCyK5hrNdv4293IyUXs19wXw,0
Ao4FNUhFi5Q,UCUwP2XkG17aD53fmvYoA6Yw,0
MJNnl8pFJAM,UCGGwuSrxDFQymf66OdM_-pw,0
l6R5jjtuakA,UC7hVpCUJxZD0ACqGQ3zpJ9g,0
eTYPyhGf4CI,UCUwP2XkG17aD53fmvYoA6Yw,0
9vVEU2GFjV8,UCr_s2VHtNnGH8LngWlsoZhw,0
zw1vDuxz7LE,UC7GZguUCh8gdEs-VKhWqkWA,0
suMmUajhnOY,UCUwP2XkG17aD53fmvYoA6Yw,0
_Sy4113yL4o,UC8BzE8H7qoFa60JjaRgmIfg,0
6uljrnZXhnA,UCGGwuSrxDFQymf66OdM_-pw,0
TiDP7laYTgQ,UC7hVpCUJxZD0ACqGQ3zpJ9g,0
F3ewDD7m62A,UCUwP2XkG17aD53fmvYoA6Yw,0
dArgThcoWUs,UC8BzE8H7qoFa60JjaRgmIfg,0
n2JaJFZ-xoM,UCUwP2XkG17aD53fmvYoA6Yw,0
1iz5adlTZuA,UCUwP2XkG17aD53fmvYoA6Yw,0
VYSUHOPARO4,UCGGwuSrxDFQymf66OdM_-pw,0
aorTkx8BVWM,UC8BzE8H7qoFa60JjaRgmIfg,0
4OIh7dTAswI,UC4Gumj80pOghE8G7xq4Yxjg,0
Npjt1GO5Lvs,UCUwP2XkG17aD53fmvYoA6Yw,0
SerLXok8QFU,UC8BzE8H7qoFa60JjaRgmIfg,0
mbxSG6swjt8,UCUwP2XkG17aD53fmvYoA6Yw,0
9TmMVXi9eaA,UCUwP2XkG17aD53fmvYoA6Yw,0
KbLafEmVayg,UC4Gumj80pOghE8G7xq4Yxjg,0
rttpzQPja04,UCUwP2XkG17aD53fmvYoA6Yw,0
1EprwTDaQqA,UCyK5hrNdv4293IyUXs19wXw,0
HXDdkBuC1oM,UCj2Pn8nWcMGnDOdzstvVnbA,0
5S1trKYKnGE,UCS8uIXvlSK3HtC0p0VIWyTQ,0
Bo2WwB5xJrk,UC7hVpCUJxZD0ACqGQ3zpJ9g,0
vhjAZlewMYw,UCUwP2XkG17aD53fmvYoA6Yw,0
QzGis3GA8No,UC8BzE8H7qoFa60JjaRgmIfg,0
2eJCGCZjRtU,UCyK5hrNdv4293IyUXs19wXw,0
5kt3qCkcdNw,UC7hVpCUJxZD0ACqGQ3zpJ9g,0
cegUnTHq9yQ,UCUwP2XkG17aD53fmvYoA6Yw,0
FFm4-Z84w4I,UCUwP2XkG17aD53fmvYoA6Yw,0
tuslqUmVXzA,UCUwP2XkG17aD53fmvYoA6Yw,0
kQ_U1ayQxYQ,UCBGp_XPj3Oudk207UNw_tAg,0
OCS9Pa5TpMM,UCUwP2XkG17aD53fmvYoA6Yw,0
8jy1dfq2hR4,UCr_s2VHtNnGH8LngWlsoZhw,0
V-wu0AvpxyI,UC7GZguUCh8gdEs-VKhWqkWA,0
Km3Jnqnv6SI,UC8BzE8H7qoFa60JjaRgmIfg,0
XqdnSLec16U,UC7hVpCUJxZD0ACqGQ3zpJ9g,0
Wr0K7bBYCkU,UC8BzE8H7qoFa60JjaRgmIfg,0
eyp9eC8TZXw,UCUwP2XkG17aD53fmvYoA6Yw,0
fljxLHSjD6I,UCS8uIXvlSK3HtC0p0VIWyTQ,0
LKAzGNDaNLg,UCUwP2XkG17aD53fmvYoA6Yw,0
mT-GaGiQzYE,UCyK5hrNdv4293IyUXs19wXw,0
iu0ZxU6u6tM,UCUwP2XkG17aD53fmvYoA6Yw,0
nwDd9c7Fj30,UC7hVpCUJxZD0ACqGQ3zpJ9g,0
GMCViDHssv8,UCUwP2XkG17aD53fmvYoA6Yw,0
YBE1l7GwhZg,UCUwP2XkG17aD53fmvYoA6Yw,0
ZqWXTGaPTpU,UC8BzE8H7qoFa60JjaRgmIfg,0
lqtdt8QESpA,UCyK5hrNdv4293IyUXs19wXw,0
abcBdoCyino,UCUwP2XkG17aD53fmvYoA6Yw,0
2wCFm8VwtdY,UCyK5hrNdv4293IyUXs19wXw,0
dD8ppm87y9g,UCL8_vmF3_0473VvfU7Hi1ug,0
ZMPwymZkJio,UCL8_vmF3_0473VvfU7Hi1ug,0
FIB6u5Qq26g,UCL8_vmF3_0473VvfU7Hi1ug,0
qe9SJYXvJoY,UC7hVpCUJxZD0ACqGQ3zpJ9g,0
jmq3tPA7IUs,UC8BzE8H7qoFa60JjaRgmIfg,0
QA-xKNy-ZMI,UCUwP2XkG17aD53fmvYoA6Yw,0
vm7xv_-sb4o,UC8BzE8H7qoFa60JjaRgmIfg,0
tajLZA-RM3Y,UCUwP2XkG17aD53fmvYoA6Yw,0
pjkYtbjENVQ,UCBGp_XPj3Oudk207UNw_tAg,0
QG65A5G6Dak,UC7hVpCUJxZD0ACqGQ3zpJ9g,0
iSqbiOmZwj4,UCUwP2XkG17aD53fmvYoA6Yw,0
J18NxlkCE4Q,UCyK5hrNdv4293IyUXs19wXw,0
kAEjncrMGmU,UCr_s2VHtNnGH8LngWlsoZhw,0
rSz8tjefskM,UC7GZguUCh8gdEs-VKhWqkWA,0
P8rYvp7I6Ko,UC8BzE8H7qoFa60JjaRgmIfg,0
Ov6XuFXlHd0,UC7hVpCUJxZD0ACqGQ3zpJ9g,0
qBxJfF0BDew,UC7hVpCUJxZD0ACqGQ3zpJ9g,0
kialjA17gyA,UCUwP2XkG17aD53fmvYoA6Yw,0
Wy7qZmibGkM,UCj2Pn8nWcMGnDOdzstvVnbA,0
ecdmdHDwFlk,UCL8_vmF3_0473VvfU7Hi1ug,0
gr-r7HCo5z0,UCUwP2XkG17aD53fmvYoA6Yw,0
LJfSz8aA9S0,UCyK5hrNdv4293IyUXs19wXw,0
CCoNpXj1Vhs,UCUwP2XkG17aD53fmvYoA6Yw,0
8B54Ee96uR0,UC8BzE8H7qoFa60JjaRgmIfg,0
M1NtGSj7bbU,UCyK5hrNdv4293IyUXs19wXw,0
8EV8a3y64NQ,UC7hVpCUJxZD0ACqGQ3zpJ9g,0
jIud9XN6O6Y,UCL8_vmF3_0473VvfU7Hi1ug,0
NkhExv9QaNE,UCBGp_XPj3Oudk207UNw_tAg,0
BwPgalnh8Ks,UC7GZguUCh8gdEs-VKhWqkWA,0
vlp9yWeuZm0,UCr_s2VHtNnGH8LngWlsoZhw,0
rNyIz93M0y8,UC8BzE8H7qoFa60JjaRgmIfg,0
eNkzxQafyLE,UC7hVpCUJxZD0ACqGQ3zpJ9g,0
s1HdqO4Epxw,UCUwP2XkG17aD53fmvYoA6Yw,0
xH1efrtq5CQ,UC7hVpCUJxZD0ACqGQ3zpJ9g,0
P56IB2RN8qE,UCUwP2XkG17aD53fmvYoA6Yw,0
VI-TtmCbd28,UCyK5hrNdv4293IyUXs19wXw,0
YR7-5CDoRQA,UCUwP2XkG17aD53fmvYoA6Yw,0
0UTGNxsEdlo,UC7hVpCUJxZD0ACqGQ3zpJ9g,0
IdfvDfBufBM,UCUwP2XkG17aD53fmvYoA6Yw,0
eqzoz7MjUF4,UC4Gumj80pOghE8G7xq4Yxjg,0
JRKRpnutDzs,UCUwP2XkG17aD53fmvYoA6Yw,0
VU2AIe2SOaA,UCUwP2XkG17aD53fmvYoA6Yw,0
vnU-5Sv5_bg,UCUwP2XkG17aD53fmvYoA6Yw,0
f1raXIxsMzI,UCUwP2XkG17aD53fmvYoA6Yw,0
j7h0_vKIaHY,UCUwP2XkG17aD53fmvYoA6Yw,0
GS73w5CeM2Q,UC7hVpCUJxZD0ACqGQ3zpJ9g,0
pDUaSE6_ApQ,UC8BzE8H7qoFa60JjaRgmIfg,0
MCPeBNDXYnQ,UCUwP2XkG17aD53fmvYoA6Yw,0
-NELoiF5fwg,UCUwP2XkG17aD53fmvYoA6Yw,0
H-IKMke6ot0,UCBGp_XPj3Oudk207UNw_tAg,0
MYTahyQ837I,UC7hVpCUJxZD0ACqGQ3zpJ9g,0
lfya3qpGwnk,UCyK5hrNdv4293IyUXs19wXw,0
_7CZuCk5chw,UCr_s2VHtNnGH8LngWlsoZhw,0
D5vqvIPO2vQ,UC7GZguUCh8gdEs-VKhWqkWA,0
3ug-mBYgYlQ,UC8BzE8H7qoFa60JjaRgmIfg,0
7gHX1QjfowM,UC7hVpCUJxZD0ACqGQ3zpJ9g,0
aDlGI2OzmLk,UCyK5hrNdv4293IyUXs19wXw,0
hHmd6Ps8lsk,UC8BzE8H7qoFa60JjaRgmIfg,0
v9Q6CmYSsmY,UCUwP2XkG17aD53fmvYoA6Yw,0
xe4hBS5Fn5U,UC7hVpCUJxZD0ACqGQ3zpJ9g,0
WI_Xr_630J0,UCUwP2XkG17aD53fmvYoA6Yw,0
fDC9CLTf4sE,UCJ87OGZu8iQUO8IyACYYREg,0
ZnimWkDtF7c,UCUwP2XkG17aD53fmvYoA6Yw,0
mKqxcPfL2EM,UCUwP2XkG17aD53fmvYoA6Yw,0
HvtONWKK-Os,UC7hVpCUJxZD0ACqGQ3zpJ9g,0
PIqmWO0iu8o,UCUwP2XkG17aD53fmvYoA6Yw,0
1qNqcKRRCqk,UCS8uIXvlSK3HtC0p0VIWyTQ,0
_cDixIPnh5A,UCJ87OGZu8iQUO8IyACYYREg,0
0aFAGBd_5MQ,UCUwP2XkG17aD53fmvYoA6Yw,0
ZVMnJ7NPd_Y,UCUwP2XkG17aD53fmvYoA6Yw,0
BKN2zbzVpNY,UC4Gumj80pOghE8G7xq4Yxjg,0
-by4Gmmau-4,UCyK5hrNdv4293IyUXs19wXw,0
nH_9Rt6xl6g,UCJ87OGZu8iQUO8IyACYYREg,0
qNKRlqD4iow,UCj2Pn8nWcMGnDOdzstvVnbA,0
0ZjosLVsc24,UCUwP2XkG17aD53fmvYoA6Yw,0
6krtRLhr9pc,UCUwP2XkG17aD53fmvYoA6Yw,0
QpzmPYUP0BE,UC8BzE8H7qoFa60JjaRgmIfg,0
Hf4LXUTxgrs,UCUwP2XkG17aD53fmvYoA6Yw,0
98BiYAorbFE,UCyK5hrNdv4293IyUXs19wXw,0
d7DJyPZygGQ,UCRTsD38mMGi7HnWFzlDUFYA,0
zDxpaIcRAuU,UC8BzE8H7qoFa60JjaRgmIfg,0
zgIVEjliA34,UCBGp_XPj3Oudk207UNw_tAg,0
F5IeHoFUJ6k,UCyK5hrNdv4293IyUXs19wXw,0
Qef8ab32W9E,UCUwP2XkG17aD53fmvYoA6Yw,0
03ddHNbiLSc,UCr_s2VHtNnGH8LngWlsoZhw,0
81BMWxOu6zY,UC7GZguUCh8gdEs-VKhWqkWA,0
VuGA4E1XEhM,UC8BzE8H7qoFa60JjaRgmIfg,0
enNB-UUofWI,UC7hVpCUJxZD0ACqGQ3zpJ9g,0
WblkJqMC1j0,UCUwP2XkG17aD53fmvYoA6Yw,0
M9lyJ1G_QZM,UCJ87OGZu8iQUO8IyACYYREg,0
9XdFfLQ10PI,UCUwP2XkG17aD53fmvYoA6Yw,0
h9eqhH-R878,UC7hVpCUJxZD0ACqGQ3zpJ9g,0
VaT19in25po,UCUwP2XkG17aD53fmvYoA6Yw,0
qRfsoc4V4Zk,UCS8uIXvlSK3HtC0p0VIWyTQ,0
LRI5e1UZom4,UCUwP2XkG17aD53fmvYoA6Yw,0
-Xh5DET1OqE,UC7hVpCUJxZD0ACqGQ3zpJ9g,0
BVkB9-SzWdE,UCyK5hrNdv4293IyUXs19wXw,0
aEpsNhJIfSM,UCUwP2XkG17aD53fmvYoA6Yw,0
cVgAXoy9c0M,UC7hVpCUJxZD0ACqGQ3zpJ9g,0
At-5bbvsZtc,UCUwP2XkG17aD53fmvYoA6Yw,0
og__09qBf4g,UCyK5hrNdv4293IyUXs19wXw,0
NSxDWN9Bgh4,UCUwP2XkG17aD53fmvYoA6Yw,0
RspC1pOyBZM,UC8BzE8H7qoFa60JjaRgmIfg,0
m7-unv5t3BA,UC7hVpCUJxZD0ACqGQ3zpJ9g,0
wUmsZopvQbw,UCUwP2XkG17aD53fmvYoA6Yw,0
gsECtcse2BQ,UCUwP2XkG17aD53fmvYoA6Yw,0
PYF8M1u-8so,UCyK5hrNdv4293IyUXs19wXw,0
tNy9eJIZ9gU,UCUwP2XkG17aD53fmvYoA6Yw,0
dbT5UD0hTMo,UCL8_vmF3_0473VvfU7Hi1ug,0
2ML9iWYh_iQ,UC7hVpCUJxZD0ACqGQ3zpJ9g,0
aBYl_cVtG1w,UCUwP2XkG17aD53fmvYoA6Yw,0
fsSjm5eOQJo,UCUwP2XkG17aD53fmvYoA6Yw,0
E0xQ1uI8ptA,UCJ87OGZu8iQUO8IyACYYREg,0
gnzXJ_HVOYA,UCBGp_XPj3Oudk207UNw_tAg,0
BQlm8tqEy6g,UCUwP2XkG17aD53fmvYoA6Yw,0
ibLZuBojAmo,UCyK5hrNdv4293IyUXs19wXw,0
6DiUAIU-0x0,UCUwP2XkG17aD53fmvYoA6Yw,0
7jjA8LqK9b8,UCr_s2VHtNnGH8LngWlsoZhw,0
yjZWtzumdxM,UC7GZguUCh8gdEs-VKhWqkWA,0
k-et2vFihhY,UC8BzE8H7qoFa60JjaRgmIfg,0
4ZZ8_VxdS2c,UCJ87OGZu8iQUO8IyACYYREg,0
h7p8M1lsNcA,UCUwP2XkG17aD53fmvYoA6Yw,0
gwrV9k6gJ3Q,UCyK5hrNdv4293IyUXs19wXw,0
lIV7XVV85nU,UCJ87OGZu8iQUO8IyACYYREg,0
_7P7eU3ufmg,UCUwP2XkG17aD53fmvYoA6Yw,0
KBkMb0Fz57g,UCUwP2XkG17aD53fmvYoA6Yw,0
6nRCTBon5JI,UCUwP2XkG17aD53fmvYoA6Yw,0
4PFmTCfjwGg,UCUwP2XkG17aD53fmvYoA6Yw,0
DvgAsfQ6CrU,UCyK5hrNdv4293IyUXs19wXw,0
UsMC5TevJmk,UC8BzE8H7qoFa60JjaRgmIfg,0
hDP1XFT9Zm4,UCJ87OGZu8iQUO8IyACYYREg,0
bxEVfLMT_iM,UCUwP2XkG17aD53fmvYoA6Yw,0
sUt6ltsXqi4,UCUwP2XkG17aD53fmvYoA6Yw,0
bPdKcd5pnro,UC7hVpCUJxZD0ACqGQ3zpJ9g,0
19G5Z8Hfoko,UCUwP2XkG17aD53fmvYoA6Yw,0
4NR6emsXnQY,UCJ87OGZu8iQUO8IyACYYREg,0
0fRY9IrgH7Y,UCL8_vmF3_0473VvfU7Hi1ug,0
E1GsaLq44gk,UCUwP2XkG17aD53fmvYoA6Yw,0
yJk5jUW9H6s,UC7hVpCUJxZD0ACqGQ3zpJ9g,0
TxpK2AdsYWo,UCUwP2XkG17aD53fmvYoA6Yw,0
wcRuB7uLODE,UCj2Pn8nWcMGnDOdzstvVnbA,0
o8uSLYz_Slg,UCUwP2XkG17aD53fmvYoA6Yw,0
UfsEdynBoao,UCJ87OGZu8iQUO8IyACYYREg,0
T4uZwoJTTuk,UCUwP2XkG17aD53fmvYoA6Yw,0
mwGf3oWP0Eg,UC4Gumj80pOghE8G7xq4Yxjg,0
bPSrWEvAmhU,UCUwP2XkG17aD53fmvYoA6Yw,0
8CKllljTgAM,UCUwP2XkG17aD53fmvYoA6Yw,0
i5G9xTpczQg,UCUwP2XkG17aD53fmvYoA6Yw,0
F3nzxlPN6vo,UCyK5hrNdv4293IyUXs19wXw,0
_VDmcZ1Axl0,UCUwP2XkG17aD53fmvYoA6Yw,0
DACZkFc1Fuw,UCUwP2XkG17aD53fmvYoA6Yw,0
9OVDmW3hZ7U,UC7hVpCUJxZD0ACqGQ3zpJ9g,0
UMu4-b19mdo,UCBGp_XPj3Oudk207UNw_tAg,0
hOMcyBO5ftw,UCr_s2VHtNnGH8LngWlsoZhw,0
-Wf8m02MfQg,UCyK5hrNdv4293IyUXs19wXw,0
royKsp3n080,UC7GZguUCh8gdEs-VKhWqkWA,0
iV6sXdnfuwA,UC8BzE8H7qoFa60JjaRgmIfg,0
t1vlfujDfSM,UCJ87OGZu8iQUO8IyACYYREg,0
mIngkZ9dT3A,UCJ87OGZu8iQUO8IyACYYREg,0
f7UwkP4xNm0,UC7hVpCUJxZD0ACqGQ3zpJ9g,0
078XOywV608,UC7hVpCUJxZD0ACqGQ3zpJ9g,0
AWKN_aw37sA,UC4Gumj80pOghE8G7xq4Yxjg,0
bsm9o5_EbTw,UC7hVpCUJxZD0ACqGQ3zpJ9g,0
An_whHq0kbw,UC7hVpCUJxZD0ACqGQ3zpJ9g,0
1lpZowVDKaI,UCJ87OGZu8iQUO8IyACYYREg,0
1KJ8hdEkv-I,UC7hVpCUJxZD0ACqGQ3zpJ9g,0
oq3qoI0lOnE,UCyK5hrNdv4293IyUXs19wXw,0
8syilMDKgWw,UCJ87OGZu8iQUO8IyACYYREg,0
mwhlifBma2s,UC7hVpCUJxZD0ACqGQ3zpJ9g,0
ULD4X8sPAfg,UCJ87OGZu8iQUO8IyACYYREg,0
lp_kY0xoBMg,UCL8_vmF3_0473VvfU7Hi1ug,0
196TRWZV1P4,UCBGp_XPj3Oudk207UNw_tAg,0
84z-0Tzzz5w,UC7hVpCUJxZD0ACqGQ3zpJ9g,0
C-FMw6URhzs,UCL8_vmF3_0473VvfU7Hi1ug,0
leW7ySI8uWI,UCr_s2VHtNnGH8LngWlsoZhw,0
QSJJ_PrAo80,UC7GZguUCh8gdEs-VKhWqkWA,0
weX2QK2_KKM,UCJ87OGZu8iQUO8IyACYYREg,0
XI0sHVQQI74,UCL8_vmF3_0473VvfU7Hi1ug,0
NKCedmCDf8M,UC7hVpCUJxZD0ACqGQ3zpJ9g,0
CvYj5YxCG1o,UCyK5hrNdv4293IyUXs19wXw,0
OYSHnTBNyIk,UCL8_vmF3_0473VvfU7Hi1ug,0
ttH6YGu0cdE,UCL8_vmF3_0473VvfU7Hi1ug,0
TjRTGW21Mpc,UC7hVpCUJxZD0ACqGQ3zpJ9g,0
iGhl9dWf128,UCj2Pn8nWcMGnDOdzstvVnbA,0
C-SwMHfJsF4,UCyK5hrNdv4293IyUXs19wXw,0
TyOgSyJGVkw,UCyK5hrNdv4293IyUXs19wXw,0
XnqneCVC3LE,UCJ87OGZu8iQUO8IyACYYREg,0
TVEw7m-S9s0,UC7hVpCUJxZD0ACqGQ3zpJ9g,0
BQdFWTJYnF0,UC8BzE8H7qoFa60JjaRgmIfg,0
IrhgIWSDAGE,UCJ87OGZu8iQUO8IyACYYREg,0
fv5bRltO1Uc,UCJ87OGZu8iQUO8IyACYYREg,0
ZA-OguHhTTU,UCBGp_XPj3Oudk207UNw_tAg,0
aCdbya1ymcU,UCr_s2VHtNnGH8LngWlsoZhw,0
sZ8vZhZ6FcM,UC7GZguUCh8gdEs-VKhWqkWA,0
MqYrogTYtE0,UC8BzE8H7qoFa60JjaRgmIfg,0
WTzkYxaXvew,UCJ87OGZu8iQUO8IyACYYREg,0
Dyldyj5MNXk,UCyK5hrNdv4293IyUXs19wXw,0
zRx665IiulI,UCS8uIXvlSK3HtC0p0VIWyTQ,0
yMlVsnbb8ZM,UCJ87OGZu8iQUO8IyACYYREg,0
JGmi0a3NymI,UC7hVpCUJxZD0ACqGQ3zpJ9g,0
-MHnQC_6-AY,UCL8_vmF3_0473VvfU7Hi1ug,0
-DV2U4VYurc,UCJ87OGZu8iQUO8IyACYYREg,0
dgt7hw--PN0,UCJ87OGZu8iQUO8IyACYYREg,0
vqV5fUjEO2g,UC7hVpCUJxZD0ACqGQ3zpJ9g,0
hFxd5fhX_Bk,UCJ87OGZu8iQUO8IyACYYREg,0
DT83Vd99Y6E,UC8BzE8H7qoFa60JjaRgmIfg,0
LlkE5ufVEv4,UCJ87OGZu8iQUO8IyACYYREg,0
FQBKVEU95DQ,UC7hVpCUJxZD0ACqGQ3zpJ9g,0
n5VxUjyiaDc,UCyK5hrNdv4293IyUXs19wXw,0
8WPY4bkVveE,UCJ87OGZu8iQUO8IyACYYREg,0
lCxqiWEIeLQ,UC7hVpCUJxZD0ACqGQ3zpJ9g,0
Yh6Tmo0BMDE,UCr_s2VHtNnGH8LngWlsoZhw,0
P-TtJQ6sD_U,UC7GZguUCh8gdEs-VKhWqkWA,0
rmA0gjRTfME,UC8BzE8H7qoFa60JjaRgmIfg,0
vygCACeZFYQ,UCJ87OGZu8iQUO8IyACYYREg,0
kgQOLXGXAJw,UC7hVpCUJxZD0ACqGQ3zpJ9g,0
hJIxnSWLMTk,UCS8uIXvlSK3HtC0p0VIWyTQ,0
uBiSnoOn4PI,UC7hVpCUJxZD0ACqGQ3zpJ9g,0
xKnxYb_ktVg,UCBGp_XPj3Oudk207UNw_tAg,0
1EheE6uAoQo,UC7hVpCUJxZD0ACqGQ3zpJ9g,0
N1exgedrgII,UC7GZguUCh8gdEs-VKhWqkWA,0
92mjW1Y1Pjw,UC7hVpCUJxZD0ACqGQ3zpJ9g,0
jh6oDTxgx2Y,UCyK5hrNdv4293IyUXs19wXw,0
ZsWxQszolA8,UCj2Pn8nWcMGnDOdzstvVnbA,0
u40coR3TKLM,UC7hVpCUJxZD0ACqGQ3zpJ9g,0
euE5RGYUPno,UC8BzE8H7qoFa60JjaRgmIfg,0
LJi7mfr1V3g,UC7hVpCUJxZD0ACqGQ3zpJ9g,0
7FxNaM7nbYI,UC8BzE8H7qoFa60JjaRgmIfg,0
VXebZizK0eM,UCBGp_XPj3Oudk207UNw_tAg,0
W20zu2tKXNk,UC7hVpCUJxZD0ACqGQ3zpJ9g,0
48ZkjSvZQPQ,UCr_s2VHtNnGH8LngWlsoZhw,0
cUFVR-5ZU6k,UC4Gumj80pOghE8G7xq4Yxjg,0
pBbeFW2UufY,UC7GZguUCh8gdEs-VKhWqkWA,0
9aHwK6imbzc,UC7hVpCUJxZD0ACqGQ3zpJ9g,0
RUVviLFY2qs,UC7hVpCUJxZD0ACqGQ3zpJ9g,0
1UdpWPRyUW0,UCr_s2VHtNnGH8LngWlsoZhw,0
blD7ttIO56A,UCyK5hrNdv4293IyUXs19wXw,0
6IJX0p2mS0k,UC7hVpCUJxZD0ACqGQ3zpJ9g,0
W8EcX37yzZ0,UCj2Pn8nWcMGnDOdzstvVnbA,0
y9jiujmgBTs,UCr_s2VHtNnGH8LngWlsoZhw,0
qNkGj5ovcEA,UC4Gumj80pOghE8G7xq4Yxjg,0
bA6UcV9x_I4,UC7hVpCUJxZD0ACqGQ3zpJ9g,0
LsQBf0HsNeE,UCr_s2VHtNnGH8LngWlsoZhw,0
fENRizHX_I4,UC7hVpCUJxZD0ACqGQ3zpJ9g,0
m1ZfAxsxk4U,UC4Gumj80pOghE8G7xq4Yxjg,0
mnUg1-AGiaI,UCBGp_XPj3Oudk207UNw_tAg,0
ud_-i2XNG04,UC7hVpCUJxZD0ACqGQ3zpJ9g,0
dkf3xGk89jA,UCyK5hrNdv4293IyUXs19wXw,0
TlFWC4j83NQ,UCr_s2VHtNnGH8LngWlsoZhw,0
Hmq3yFb8uZ8,UC7GZguUCh8gdEs-VKhWqkWA,0
lCzxWKwOW24,UCS8uIXvlSK3HtC0p0VIWyTQ,0
YO-fgrmL7qQ,UC7hVpCUJxZD0ACqGQ3zpJ9g,0
P4CuijUWRts,UC7hVpCUJxZD0ACqGQ3zpJ9g,0
Rikk_HayJ9g,UCr_s2VHtNnGH8LngWlsoZhw,0
m__m9iDpCpA,UC7hVpCUJxZD0ACqGQ3zpJ9g,0
g2pNBUdqfig,UCr_s2VHtNnGH8LngWlsoZhw,0
BfuquyAtDYI,UC7GZguUCh8gdEs-VKhWqkWA,0
DoUAjgVnRxk,UCL8_vmF3_0473VvfU7Hi1ug,0
9spZ8STn5cI,UCj2Pn8nWcMGnDOdzstvVnbA,0
rlgBlqqEb-s,UCBGp_XPj3Oudk207UNw_tAg,0
khb0goNaJFw,UCyK5hrNdv4293IyUXs19wXw,0
LI-u0nlhZB8,UCr_s2VHtNnGH8LngWlsoZhw,0
tcCVmq0VyRI,UC7hVpCUJxZD0ACqGQ3zpJ9g,0
Bf_CTQOXKHQ,UC4Gumj80pOghE8G7xq4Yxjg,0
e3LGqrjB264,UC8BzE8H7qoFa60JjaRgmIfg,0
WenXZwGGTw0,UCr_s2VHtNnGH8LngWlsoZhw,0
b4L6gHY79wg,UC7GZguUCh8gdEs-VKhWqkWA,0
zRSnorJqBCU,UC7hVpCUJxZD0ACqGQ3zpJ9g,0
J3gw6H8ZPG0,UCr_s2VHtNnGH8LngWlsoZhw,0
P94So1WQ4WU,UCyK5hrNdv4293IyUXs19wXw,0
CSH9lsmEtzw,UC7hVpCUJxZD0ACqGQ3zpJ9g,0
vRVg4pgtwdc,UCBGp_XPj3Oudk207UNw_tAg,0
z6LICPdkYfk,UCr_s2VHtNnGH8LngWlsoZhw,0
ZU9HWZgkM-8,UC7hVpCUJxZD0ACqGQ3zpJ9g,0
5HcN60TJrFY,UCyK5hrNdv4293IyUXs19wXw,0
kkuBXjDGywg,UCr_s2VHtNnGH8LngWlsoZhw,0
mI-LblL6d2g,UCyK5hrNdv4293IyUXs19wXw,0
SZNVThC-UPw,UCBGp_XPj3Oudk207UNw_tAg,0
FL4oWnoPfto,UC7hVpCUJxZD0ACqGQ3zpJ9g,0
oTlR6xLlCOA,UCr_s2VHtNnGH8LngWlsoZhw,0
wM6dZVqvysM,UC7GZguUCh8gdEs-VKhWqkWA,0
MuVuwIYZcY4,UC8BzE8H7qoFa60JjaRgmIfg,0
v2LiS3IhiBY,UC7hVpCUJxZD0ACqGQ3zpJ9g,0
sZmlpggpDcA,UCj2Pn8nWcMGnDOdzstvVnbA,0
utLpStAkz98,UC7hVpCUJxZD0ACqGQ3zpJ9g,0
jhvEzcaS6rA,UCr_s2VHtNnGH8LngWlsoZhw,0
ksv-tXB_auU,UCyK5hrNdv4293IyUXs19wXw,0
Ty08uCLaesM,UC7hVpCUJxZD0ACqGQ3zpJ9g,0
FGryzhfgRJ4,UC4Gumj80pOghE8G7xq4Yxjg,0
Bs8ffwKqEa4,UCr_s2VHtNnGH8LngWlsoZhw,0
lu65ensUzUo,UC7GZguUCh8gdEs-VKhWqkWA,0
YllxLb74MLA,UC7hVpCUJxZD0ACqGQ3zpJ9g,0
agvfJWb5EJU,UCS8uIXvlSK3HtC0p0VIWyTQ,0
QNbstC4Xqm8,UC7hVpCUJxZD0ACqGQ3zpJ9g,0
IZWSyWtOlHk,UCr_s2VHtNnGH8LngWlsoZhw,0
WLZAFWPk06Y,UCRTsD38mMGi7HnWFzlDUFYA,0
A3UJMypWtcE,UC8BzE8H7qoFa60JjaRgmIfg,0
rbc-Dpj9xN4,UC7hVpCUJxZD0ACqGQ3zpJ9g,0
jrC1y9T7fpw,UCyK5hrNdv4293IyUXs19wXw,0
jXs_vf0_ljI,UCBGp_XPj3Oudk207UNw_tAg,0
Rgme5rm3FSs,UC7hVpCUJxZD0ACqGQ3zpJ9g,0
3uoyLHGj7vc,UCr_s2VHtNnGH8LngWlsoZhw,0
oC_y7ilaw6U,UC7GZguUCh8gdEs-VKhWqkWA,0
Zxu7YWW4JIk,UC7hVpCUJxZD0ACqGQ3zpJ9g,0
9CJkdd2LNlY,UCj2Pn8nWcMGnDOdzstvVnbA,0
j4GaoMS7Bwk,UCr_s2VHtNnGH8LngWlsoZhw,0
KQhhn1EKGhc,UC7hVpCUJxZD0ACqGQ3zpJ9g,0
5JHrEKjsDM8,UCr_s2VHtNnGH8LngWlsoZhw,0
iJStKXzh3p8,UCyK5hrNdv4293IyUXs19wXw,0
CKe3UClbuZI,UC7GZguUCh8gdEs-VKhWqkWA,0
025nZ2Mg6gY,UC7hVpCUJxZD0ACqGQ3zpJ9g,0
ATNjT2Him1M,UC7hVpCUJxZD0ACqGQ3zpJ9g,0
FMEjbDBHbPs,UCr_s2VHtNnGH8LngWlsoZhw,0
i27YsA4rypY,UC7hVpCUJxZD0ACqGQ3zpJ9g,0
se4rfBSaWmo,UCyK5hrNdv4293IyUXs19wXw,0
EwGKaTEioAI,UC7hVpCUJxZD0ACqGQ3zpJ9g,0
sdG8GXWm5dw,UCBGp_XPj3Oudk207UNw_tAg,0
2SsbJJO88ko,UCr_s2VHtNnGH8LngWlsoZhw,0
0vB2j8xvt8M,UC7GZguUCh8gdEs-VKhWqkWA,0
yJJB6qkqXao,UC8BzE8H7qoFa60JjaRgmIfg,0
mkjuU6hY29Q,UCr_s2VHtNnGH8LngWlsoZhw,0
e0ObzYza3F4,UCr_s2VHtNnGH8LngWlsoZhw,0
PY6UhIQRpJU,UCr_s2VHtNnGH8LngWlsoZhw,0
FA8S3y56TUA,UCyK5hrNdv4293IyUXs19wXw,0
EAf8VG83TDY,UC7GZguUCh8gdEs-VKhWqkWA,0
cHfmNN1XhSE,UCS8uIXvlSK3HtC0p0VIWyTQ,0
CJBemCmOIqk,UCr_s2VHtNnGH8LngWlsoZhw,0
Cg0WOPL1Fjo,UCBGp_XPj3Oudk207UNw_tAg,0
mx4bt3UHT6I,UCr_s2VHtNnGH8LngWlsoZhw,0
Jn96Qs78xp4,UC7GZguUCh8gdEs-VKhWqkWA,0
ALTs8Ov4--A,UCyK5hrNdv4293IyUXs19wXw,0
8ldBkzqvsTY,UCJ87OGZu8iQUO8IyACYYREg,0
BAoUjsceHA8,UCr_s2VHtNnGH8LngWlsoZhw,0
pYwLTffD5iY,UCr_s2VHtNnGH8LngWlsoZhw,0
XcpV9sbiXIY,UCyK5hrNdv4293IyUXs19wXw,0
zTOtmk5kmGI,UCJ87OGZu8iQUO8IyACYYREg,0
8v1tQCJ7Ib0,UCr_s2VHtNnGH8LngWlsoZhw,0
DuYn3mP_HgA,UCJ87OGZu8iQUO8IyACYYREg,0
yp_Bd-jJ7d0,UCJ87OGZu8iQUO8IyACYYREg,0
iRmKClGiCM4,UCBGp_XPj3Oudk207UNw_tAg,0
mggjQYSEv0w,UCr_s2VHtNnGH8LngWlsoZhw,0
lnhWax0HJUg,UC7GZguUCh8gdEs-VKhWqkWA,0
i7YgTE6jBBA,UCJ87OGZu8iQUO8IyACYYREg,0
eN4XbLqhl8A,UCyK5hrNdv4293IyUXs19wXw,0
csKuE-FYECQ,UC8BzE8H7qoFa60JjaRgmIfg,0
eGmtTxiGClA,UCJ87OGZu8iQUO8IyACYYREg,0
sgOTWRlmKPA,UCr_s2VHtNnGH8LngWlsoZhw,0
Bj2PRexTa44,UCJ87OGZu8iQUO8IyACYYREg,0
zqQTC9TltHE,UC7GZguUCh8gdEs-VKhWqkWA,0
z8GiEs75Co0,UCJ87OGZu8iQUO8IyACYYREg,0
Q2o13qq0cpw,UCr_s2VHtNnGH8LngWlsoZhw,0
-WeIEKUSqLk,UCyK5hrNdv4293IyUXs19wXw,0
6N8WUqIVcpY,UCJ87OGZu8iQUO8IyACYYREg,0
Hza8Z9kvKHI,UCJ87OGZu8iQUO8IyACYYREg,0
bbnT8vsLBX0,UCS8uIXvlSK3HtC0p0VIWyTQ,0
8qWTHxEycUI,UCJ87OGZu8iQUO8IyACYYREg,0
3d6N2OTiU9M,UCBGp_XPj3Oudk207UNw_tAg,0
tkx_BH6Bes8,UCr_s2VHtNnGH8LngWlsoZhw,0
QZr0294F7SM,UCr_s2VHtNnGH8LngWlsoZhw,0
0Aty5DNnsdw,UCyK5hrNdv4293IyUXs19wXw,0
3rKCZbMKaTo,UC7GZguUCh8gdEs-VKhWqkWA,0
19zYI9EOvCE,UCJ87OGZu8iQUO8IyACYYREg,0
bIR6wlnfin4,UC8BzE8H7qoFa60JjaRgmIfg,0
sb5_SI98XhU,UCJ87OGZu8iQUO8IyACYYREg,0
lNmDnbZdea0,UCr_s2VHtNnGH8LngWlsoZhw,0
AJINH6227C4,UCpZLNDzplh9FDioOX-jnvKA,0
xJuDDZlI07w,UCr_s2VHtNnGH8LngWlsoZhw,0
uxLLJFXx7o0,UCyK5hrNdv4293IyUXs19wXw,0
dNRS-_kDe88,UCJ87OGZu8iQUO8IyACYYREg,0
Fw4gjFQ1BWw,UC4Gumj80pOghE8G7xq4Yxjg,0
qEmW3y3KIpw,UCr_s2VHtNnGH8LngWlsoZhw,0
ok1waJ8lqX8,UCJ87OGZu8iQUO8IyACYYREg,0
8JuukovzHas,UCBGp_XPj3Oudk207UNw_tAg,0
v0peZTivBZU,UCr_s2VHtNnGH8LngWlsoZhw,0
9pLPare0Dzw,UC7GZguUCh8gdEs-VKhWqkWA,0
ZnkkCxwg2LE,UCJ87OGZu8iQUO8IyACYYREg,0
eIAw28w4oUY,UC8BzE8H7qoFa60JjaRgmIfg,0
-SY5jM1kfzw,UCyK5hrNdv4293IyUXs19wXw,0
EBLBu49sYz4,UCJ87OGZu8iQUO8IyACYYREg,0
EKKiN4VBzmI,UCr_s2VHtNnGH8LngWlsoZhw,0
nnYSoldliQA,UCJ87OGZu8iQUO8IyACYYREg,0
vUN-zIakyL4,UCJ87OGZu8iQUO8IyACYYREg,0
wBdIiX9DJtI,UC7GZguUCh8gdEs-VKhWqkWA,0
cnzw7FmcLaU,UC7GZguUCh8gdEs-VKhWqkWA,0
OM_Wvh3ml5o,UCJ87OGZu8iQUO8IyACYYREg,0
CuPHNt2V-N8,UCr_s2VHtNnGH8LngWlsoZhw,0
b3r8bljm06A,UCj2Pn8nWcMGnDOdzstvVnbA,0
-ddsCO0QN_c,UCyK5hrNdv4293IyUXs19wXw,0
MMlcsMhRjX8,UCJ87OGZu8iQUO8IyACYYREg,0
9h4k0fxcgAc,UCL8_vmF3_0473VvfU7Hi1ug,0
wzByLKc69CQ,UCr_s2VHtNnGH8LngWlsoZhw,0
MUqL-2fGW9g,UCJ87OGZu8iQUO8IyACYYREg,0
3AIeUY7HPbw,UCBGp_XPj3Oudk207UNw_tAg,0
9BsyudHCOok,UCr_s2VHtNnGH8LngWlsoZhw,0
bwPrANUvzy0,UC7GZguUCh8gdEs-VKhWqkWA,0
EGv_s4hq9Ec,UCJ87OGZu8iQUO8IyACYYREg,0
j6ClIOzK8hc,UC8BzE8H7qoFa60JjaRgmIfg,0
8wH8QNlvGNI,UCyK5hrNdv4293IyUXs19wXw,0
0BTFKTzznsU,UCJ87OGZu8iQUO8IyACYYREg,0
J1UhGLdlBvk,UCr_s2VHtNnGH8LngWlsoZhw,0
wd3o_CnV8qQ,UCJ87OGZu8iQUO8IyACYYREg,0
T4pOrRUg1m4,UCJ87OGZu8iQUO8IyACYYREg,0
uTJOmIR_N78,UCJ87OGZu8iQUO8IyACYYREg,0
VeUxxGPbD70,UCr_s2VHtNnGH8LngWlsoZhw,0
CpBvemOEzqo,UCyK5hrNdv4293IyUXs19wXw,0
RUPImfPSYKY,UCJ87OGZu8iQUO8IyACYYREg,0
v9qFxcGE8nw,UC4Gumj80pOghE8G7xq4Yxjg,0
jRQvyDpTyOo,UCr_s2VHtNnGH8LngWlsoZhw,0
xkPwp0guT60,UC8BzE8H7qoFa60JjaRgmIfg,0
hwbMa5mOtdI,UCS8uIXvlSK3HtC0p0VIWyTQ,0
fu_YsI5Gc5Q,UCJ87OGZu8iQUO8IyACYYREg,0
o7LCnyp4Kf0,UCBGp_XPj3Oudk207UNw_tAg,0
Try4dJwPSxo,UCr_s2VHtNnGH8LngWlsoZhw,0
UxJwjC4vueg,UC7GZguUCh8gdEs-VKhWqkWA,0
eRciuqWTnVU,UC8BzE8H7qoFa60JjaRgmIfg,0
9OoREkeC-SE,UCyK5hrNdv4293IyUXs19wXw,0
vytL6ouRn8Q,UCr_s2VHtNnGH8LngWlsoZhw,0
4iIROgjtw6s,UC7GZguUCh8gdEs-VKhWqkWA,0
CxTNCqDofK4,UCr_s2VHtNnGH8LngWlsoZhw,0
DXuS9nZVYuY,UCyK5hrNdv4293IyUXs19wXw,0
JlgQmLVtFDI,UCr_s2VHtNnGH8LngWlsoZhw,0
TB4iZraOL34,UCRTsD38mMGi7HnWFzlDUFYA,0
QuTykphWXVo,UCBGp_XPj3Oudk207UNw_tAg,0
UnKwqyOoeeU,UCr_s2VHtNnGH8LngWlsoZhw,0
65Qk-mU8NIM,UC7GZguUCh8gdEs-VKhWqkWA,0
BABiHzNy00s,UCpZLNDzplh9FDioOX-jnvKA,0
KyDgVTbfkpo,UCr_s2VHtNnGH8LngWlsoZhw,0
GW27eqkUwx0,UCyK5hrNdv4293IyUXs19wXw,0
PHWROoJxRr0,UCS8uIXvlSK3HtC0p0VIWyTQ,0
omz-KArwJj8,UCr_s2VHtNnGH8LngWlsoZhw,0
PxLPgAu9DaU,UC4Gumj80pOghE8G7xq4Yxjg,0
VrZh_BuPNok,UCyK5hrNdv4293IyUXs19wXw,0
oRo6AYToaWs,UCr_s2VHtNnGH8LngWlsoZhw,0
tDcOgBagu_s,UCBGp_XPj3Oudk207UNw_tAg,0
0iibkemLKJY,UCr_s2VHtNnGH8LngWlsoZhw,0
z_I-QtAgx5w,UCyK5hrNdv4293IyUXs19wXw,0
w2OgJUu0yI4,UC7GZguUCh8gdEs-VKhWqkWA,0
Qbm7TGJjjWg,UC7GZguUCh8gdEs-VKhWqkWA,0
RwCnFehqbKY,UCj2Pn8nWcMGnDOdzstvVnbA,0
ZFxJCueRVkw,UCr_s2VHtNnGH8LngWlsoZhw,0
c4wcrj3tAe4,UC7GZguUCh8gdEs-VKhWqkWA,0
6a8nQ8KP8mc,UCpZLNDzplh9FDioOX-jnvKA,0
GAx6GnDouEQ,UCr_s2VHtNnGH8LngWlsoZhw,0
SjmjZkACHBw,UCyK5hrNdv4293IyUXs19wXw,0
RC6126tostI,UCL8_vmF3_0473VvfU7Hi1ug,0
TNh8plHqaQc,UC4Gumj80pOghE8G7xq4Yxjg,0
A84-hKxauM4,UCr_s2VHtNnGH8LngWlsoZhw,0
dsDlI4V1mn0,UCyK5hrNdv4293IyUXs19wXw,0
95-lY9Fo7dU,UC8BzE8H7qoFa60JjaRgmIfg,0
j34ccZY2sdM,UCBGp_XPj3Oudk207UNw_tAg,0
zcnfjTx23eY,UCr_s2VHtNnGH8LngWlsoZhw,0
aP9hu-q5aM0,UCyK5hrNdv4293IyUXs19wXw,0
29mGrb3Y3F8,UC7GZguUCh8gdEs-VKhWqkWA,0
krjLq40aGbY,UCr_s2VHtNnGH8LngWlsoZhw,0
-7wNjdQU9o4,UC7GZguUCh8gdEs-VKhWqkWA,0
P67PhxgJ8Ck,UCr_s2VHtNnGH8LngWlsoZhw,0
vbDAxhwmZZA,UCyK5hrNdv4293IyUXs19wXw,0
OJYmWxJOn5o,UCr_s2VHtNnGH8LngWlsoZhw,0
kEte58fQjs4,UCBGp_XPj3Oudk207UNw_tAg,0
Q4_WljzgZnU,UCr_s2VHtNnGH8LngWlsoZhw,0
FVNmmKgLNF4,UCyK5hrNdv4293IyUXs19wXw,0
_jfXaiqDxtc,UC7GZguUCh8gdEs-VKhWqkWA,0
_4lgOEa-ZEo,UCyK5hrNdv4293IyUXs19wXw,0
K-X4sLZ1ljI,UCr_s2VHtNnGH8LngWlsoZhw,0
t0ema1wWC6A,UCyK5hrNdv4293IyUXs19wXw,0
PeGle8d_nB0,UCS8uIXvlSK3HtC0p0VIWyTQ,0
vfelfwFEe7A,UCr_s2VHtNnGH8LngWlsoZhw,0
yVAg0sKbr4k,UCJ87OGZu8iQUO8IyACYYREg,0
ah7djXiqF0g,UCJ87OGZu8iQUO8IyACYYREg,0
mOClNRKD5GY,UC4Gumj80pOghE8G7xq4Yxjg,0
NTbUP1tmvD4,UCr_s2VHtNnGH8LngWlsoZhw,0
3BGcb5EkZJQ,UCr_s2VHtNnGH8LngWlsoZhw,0
NPfzTWpSgr4,UCyK5hrNdv4293IyUXs19wXw,0
mMiG8aXqLuo,UCr_s2VHtNnGH8LngWlsoZhw,0
kY2lN05etXE,UCRTsD38mMGi7HnWFzlDUFYA,0
ajFhh9B78ho,UCBGp_XPj3Oudk207UNw_tAg,0
_lh-JCyFxLM,UCr_s2VHtNnGH8LngWlsoZhw,0
GEaVG3jf4ZY,UCj2Pn8nWcMGnDOdzstvVnbA,0
GInPtrYO2wU,UC7GZguUCh8gdEs-VKhWqkWA,0
Zh7fs4DWI_A,UCS8uIXvlSK3HtC0p0VIWyTQ,0
gTTxirGauYI,UCr_s2VHtNnGH8LngWlsoZhw,0
yn1bxyX-7iM,UCr_s2VHtNnGH8LngWlsoZhw,0
M6G4AB_5jis,UCyK5hrNdv4293IyUXs19wXw,0
-SFsdHydnXo,UCL8_vmF3_0473VvfU7Hi1ug,0
rQoJ_r1HELs,UCL8_vmF3_0473VvfU7Hi1ug,0
UPo43aozC0E,UCr_s2VHtNnGH8LngWlsoZhw,0
Ah4ts0O2faI,UCr_s2VHtNnGH8LngWlsoZhw,0
VA4kb2rWrSw,UCyK5hrNdv4293IyUXs19wXw,0
4CoLd_U25kM,UCr_s2VHtNnGH8LngWlsoZhw,0
o4Ah_LaSHFc,UCyK5hrNdv4293IyUXs19wXw,0
Q5a0osSaUYk,UCBGp_XPj3Oudk207UNw_tAg,0
j8fxR7L3y8Q,UCr_s2VHtNnGH8LngWlsoZhw,0
W2I-eDCY6QY,UC7GZguUCh8gdEs-VKhWqkWA,0
PFzls36Dl5g,UCL8_vmF3_0473VvfU7Hi1ug,0
KvqSEg1r9j8,UCr_s2VHtNnGH8LngWlsoZhw,0
tTTsF79h76w,UCr_s2VHtNnGH8LngWlsoZhw,0
c77cSg5n9oQ,UC4Gumj80pOghE8G7xq4Yxjg,0
aTlIIekRE3U,UCyK5hrNdv4293IyUXs19wXw,0
QPu6UYrFLNY,UC7GZguUCh8gdEs-VKhWqkWA,0
yur3A_Lnl_k,UCr_s2VHtNnGH8LngWlsoZhw,0
S7rDmKXoEus,UC8BzE8H7qoFa60JjaRgmIfg,0
8gn9XEtKDRU,UCyK5hrNdv4293IyUXs19wXw,0
Cex0X0fMwvk,UC4Gumj80pOghE8G7xq4Yxjg,0
1C0JvMj5GAE,UCr_s2VHtNnGH8LngWlsoZhw,0
9inImMyDKWU,UCS8uIXvlSK3HtC0p0VIWyTQ,0
2eYISY1hIvg,UCBGp_XPj3Oudk207UNw_tAg,0
ORidHwdSRUg,UCr_s2VHtNnGH8LngWlsoZhw,0
PRhtZsA_dks,UCyK5hrNdv4293IyUXs19wXw,0
WjxiQ7-ckNU,UC7GZguUCh8gdEs-VKhWqkWA,0
FhybAeJXWsk,UC8BzE8H7qoFa60JjaRgmIfg,0
wwnhRN-LxLQ,UCr_s2VHtNnGH8LngWlsoZhw,0
dpL0tYGk2Wg,UCyK5hrNdv4293IyUXs19wXw,0
3Y0varom5fc,UCyK5hrNdv4293IyUXs19wXw,0
6ljDHBuYY4Q,UC4Gumj80pOghE8G7xq4Yxjg,0
W4uI_GHwBGg,UCr_s2VHtNnGH8LngWlsoZhw,0
kbkOE0blqg4,UC8BzE8H7qoFa60JjaRgmIfg,0
KdrZsycxqQc,UCj2Pn8nWcMGnDOdzstvVnbA,0
o9iY28pj8A0,UCyK5hrNdv4293IyUXs19wXw,0
OT5ehqlNvHY,UCr_s2VHtNnGH8LngWlsoZhw,0
EkMXX5OVE1E,UCyK5hrNdv4293IyUXs19wXw,0
1GVK8BOvH-E,UCBGp_XPj3Oudk207UNw_tAg,0
LWSaDew29RY,UCr_s2VHtNnGH8LngWlsoZhw,0
Jnre9EQnm7I,UCyK5hrNdv4293IyUXs19wXw,0
QG3970j4EKU,UC7GZguUCh8gdEs-VKhWqkWA,0
8rrBrwhVQ4Y,UCyK5hrNdv4293IyUXs19wXw,0
yRnwMWzbK8U,UCr_s2VHtNnGH8LngWlsoZhw,0
wzYVZePybWk,UC4Gumj80pOghE8G7xq4Yxjg,0
Kyv68y4yHiw,UCyK5hrNdv4293IyUXs19wXw,0
LrASDAqP6Tg,UC7GZguUCh8gdEs-VKhWqkWA,0
o4l0BmdENq4,UCr_s2VHtNnGH8LngWlsoZhw,0
OZw-XaPkQtA,UCyK5hrNdv4293IyUXs19wXw,0
zjWSVg5EV9I,UCL8_vmF3_0473VvfU7Hi1ug,0
hvBXCMCDtU8,UCL8_vmF3_0473VvfU7Hi1ug,0
kYD6T5DK7J0,UCS8uIXvlSK3HtC0p0VIWyTQ,0
6HPBwlA6O10,UCr_s2VHtNnGH8LngWlsoZhw,0
iDNWTfvjKRU,UCBGp_XPj3Oudk207UNw_tAg,0
QabbZhkHdxE,UCr_s2VHtNnGH8LngWlsoZhw,0
tajvi4UxnLU,UC7GZguUCh8gdEs-VKhWqkWA,0
7v_b2vfgx64,UCL8_vmF3_0473VvfU7Hi1ug,0
zPqDgiWq0bo,UCyK5hrNdv4293IyUXs19wXw,0
bA9cllSV3GM,UCr_s2VHtNnGH8LngWlsoZhw,0
gE5nDiqUTo4,UCyK5hrNdv4293IyUXs19wXw,0
bUKbzWvt3OA,UCyK5hrNdv4293IyUXs19wXw,0
a_1XkkhO95o,UCr_s2VHtNnGH8LngWlsoZhw,0
6zQQHW0FPzU,UCj2Pn8nWcMGnDOdzstvVnbA,0
bNIxNjsOL6Y,UC4Gumj80pOghE8G7xq4Yxjg,0
nef1cSGl6jc,UCr_s2VHtNnGH8LngWlsoZhw,0
EPkhPF1yYLI,UCRTsD38mMGi7HnWFzlDUFYA,0
gn9HHgEECNE,UC8BzE8H7qoFa60JjaRgmIfg,0
HwBTYyST3KM,UCBGp_XPj3Oudk207UNw_tAg,0
TU3SnimIPxM,UCr_s2VHtNnGH8LngWlsoZhw,0
2sd76NSVA1w,UCyK5hrNdv4293IyUXs19wXw,0
jl9Sret0YPQ,UC7GZguUCh8gdEs-VKhWqkWA,0
YD5inxI0TKk,UC4Gumj80pOghE8G7xq4Yxjg,0
Bs5GmbLfjTk,UCr_s2VHtNnGH8LngWlsoZhw,0
1veFYL3ugdY,UC7GZguUCh8gdEs-VKhWqkWA,0
WSPeH70frh8,UCr_s2VHtNnGH8LngWlsoZhw,0
DHNqkWChVus,UCyK5hrNdv4293IyUXs19wXw,0
dPaHs-U-pv4,UC8BzE8H7qoFa60JjaRgmIfg,0
9wLJCS2P070,UCr_s2VHtNnGH8LngWlsoZhw,0
-g63Qwe9DuM,UCr_s2VHtNnGH8LngWlsoZhw,0
nWlYpDORAJc,UC4Gumj80pOghE8G7xq4Yxjg,0
Gg8xiVmRhjY,UCBGp_XPj3Oudk207UNw_tAg,0
D4dwlzuQyg0,UCr_s2VHtNnGH8LngWlsoZhw,0
QyZfZ8V4IAI,UCyK5hrNdv4293IyUXs19wXw,0
qrCImKfj3Ws,UC7GZguUCh8gdEs-VKhWqkWA,0
f-PIZY4vX80,UCr_s2VHtNnGH8LngWlsoZhw,0
4quuBx5_Ue4,UC4Gumj80pOghE8G7xq4Yxjg,0
BVOH9yJRPIo,UCS8uIXvlSK3HtC0p0VIWyTQ,0
rSxawctKVVA,UCj2Pn8nWcMGnDOdzstvVnbA,0
Gfvr2238QNY,UCyK5hrNdv4293IyUXs19wXw,0
J2TJUbRjJ4s,UCr_s2VHtNnGH8LngWlsoZhw,0
Mj-8XvHMR2w,UC8BzE8H7qoFa60JjaRgmIfg,0
VkoCXQAqjXI,UCr_s2VHtNnGH8LngWlsoZhw,0
bwWvkk0gjqU,UC4Gumj80pOghE8G7xq4Yxjg,0
50gpY1yGk5o,UCr_s2VHtNnGH8LngWlsoZhw,0
e4er_F4MhF4,UCL8_vmF3_0473VvfU7Hi1ug,0
v09AtkmOU_c,UCBGp_XPj3Oudk207UNw_tAg,0
aD-cTI4dfpk,UCr_s2VHtNnGH8LngWlsoZhw,0
H5MRN4ZYkaQ,UCyK5hrNdv4293IyUXs19wXw,0
aF7J7t_3iRc,UC7GZguUCh8gdEs-VKhWqkWA,0
bPF7kBdTZas,UC8BzE8H7qoFa60JjaRgmIfg,0
lA3qvqWhMvk,UCr_s2VHtNnGH8LngWlsoZhw,0
BRfHaC3Bqh4,UC8BzE8H7qoFa60JjaRgmIfg,0
U9UvIa5hTsI,UCJ87OGZu8iQUO8IyACYYREg,0
ZNO89paEd20,UCJ87OGZu8iQUO8IyACYYREg,0
LGw7peURRhU,UC7GZguUCh8gdEs-VKhWqkWA,0
do_l1VLRfwQ,UCr_s2VHtNnGH8LngWlsoZhw,0
j28Kh_WIaYk,UCyK5hrNdv4293IyUXs19wXw,0
AEVauPSZNzw,UC4Gumj80pOghE8G7xq4Yxjg,0
cxd1ger9poQ,UCBGp_XPj3Oudk207UNw_tAg,0
LEGPVI4ERqU,UCr_s2VHtNnGH8LngWlsoZhw,0
EHq_YNU02Fw,UCr_s2VHtNnGH8LngWlsoZhw,0
pLfVR1yf-O0,UC7GZguUCh8gdEs-VKhWqkWA,0
qaoJ9z399hc,UC8BzE8H7qoFa60JjaRgmIfg,0
-cpg4VHH9No,UCj2Pn8nWcMGnDOdzstvVnbA,0
93vfEXxy5Hk,UCr_s2VHtNnGH8LngWlsoZhw,0
-FFS3nCVllE,UCr_s2VHtNnGH8LngWlsoZhw,0
gLfDL9crLgk,UCyK5hrNdv4293IyUXs19wXw,0
pMj5NkhWjo8,UCj2Pn8nWcMGnDOdzstvVnbA,0
e_u9xo8gAI4,UCBGp_XPj3Oudk207UNw_tAg,0
vxEs9UQLKHY,UCr_s2VHtNnGH8LngWlsoZhw,0
Npj1ltOIwzI,UCL8_vmF3_0473VvfU7Hi1ug,0
Kg4dkHQZ7IM,UCr_s2VHtNnGH8LngWlsoZhw,0
39tJiZFfK1c,UCyK5hrNdv4293IyUXs19wXw,0
MHNYMtzKE3g,UCr_s2VHtNnGH8LngWlsoZhw,0
DziXaYzDQq8,UCr_s2VHtNnGH8LngWlsoZhw,0
3QQq5fLF9uQ,UC7GZguUCh8gdEs-VKhWqkWA,0
7hQtHBZxfEo,UCS8uIXvlSK3HtC0p0VIWyTQ,0
-2JTblywZ6g,UCL8_vmF3_0473VvfU7Hi1ug,0
Rezha4CEyxU,UCr_s2VHtNnGH8LngWlsoZhw,0
EybvI8xWIxw,UCyK5hrNdv4293IyUXs19wXw,0
tQwvfS37wz0,UC7GZguUCh8gdEs-VKhWqkWA,0
ISnqAi_2nIk,UCL8_vmF3_0473VvfU7Hi1ug,0
0QgbiUECI_o,UCr_s2VHtNnGH8LngWlsoZhw,0
_AfdFosBowo,UCyK5hrNdv4293IyUXs19wXw,0
xidvWJjNasI,UC4Gumj80pOghE8G7xq4Yxjg,0
bBwUF_uxiQw,UCr_s2VHtNnGH8LngWlsoZhw,0
QiXIfcrzgrU,UCr_s2VHtNnGH8LngWlsoZhw,0
u4Vy0BfG0wY,UCBGp_XPj3Oudk207UNw_tAg,0
qHgHQXRhUVg,UCyK5hrNdv4293IyUXs19wXw,0
Fh0a0qSCgl8,UCr_s2VHtNnGH8LngWlsoZhw,0
u0z3L_RdpJc,UC7GZguUCh8gdEs-VKhWqkWA,0
YCRl6LA9oPc,UC8BzE8H7qoFa60JjaRgmIfg,0
iS4Rwupl0TY,UCL8_vmF3_0473VvfU7Hi1ug,0
6ox5ywFEPqM,UCL8_vmF3_0473VvfU7Hi1ug,0
gPCHlk1s3_Q,UCL8_vmF3_0473VvfU7Hi1ug,0
JCnMl8HVC-Y,UCr_s2VHtNnGH8LngWlsoZhw,0
yL8rShInmRg,UCyK5hrNdv4293IyUXs19wXw,0
cHdKYTKBNBk,UCL8_vmF3_0473VvfU7Hi1ug,0
XxyWfu3XETA,UCL8_vmF3_0473VvfU7Hi1ug,0
QZyAVfLyGJo,UCr_s2VHtNnGH8LngWlsoZhw,0
X17XF1kiC7w,UCyK5hrNdv4293IyUXs19wXw,0
FpNVrTV8AF8,UCL8_vmF3_0473VvfU7Hi1ug,0
8-2ce9Qn3bM,UCJ87OGZu8iQUO8IyACYYREg,0
SngUQkv4RDw,UCJ87OGZu8iQUO8IyACYYREg,0
2cJivQiSjoQ,UCJ87OGZu8iQUO8IyACYYREg,0
9vs8BfMmMxg,UCL8_vmF3_0473VvfU7Hi1ug,0
rqdKPMKldHw,UC4Gumj80pOghE8G7xq4Yxjg,0
Ox1hjYShoL8,UCr_s2VHtNnGH8LngWlsoZhw,0
Lam7jWNFW2g,UCyK5hrNdv4293IyUXs19wXw,0
p8u-IiGvdCk,UCr_s2VHtNnGH8LngWlsoZhw,0
ykzdrOMf4pI,UCRTsD38mMGi7HnWFzlDUFYA,0
FD2TXiLpJXQ,UCL8_vmF3_0473VvfU7Hi1ug,0
yATtA6X_uh8,UCBGp_XPj3Oudk207UNw_tAg,0
nEjC_5_F1QI,UCr_s2VHtNnGH8LngWlsoZhw,0
0SnRgL83Jgs,UCj2Pn8nWcMGnDOdzstvVnbA,0
3mmAj9b-Z0M,UC7GZguUCh8gdEs-VKhWqkWA,0
9PDDbg74OSE,UC8BzE8H7qoFa60JjaRgmIfg,0
UVdpUaSSbC4,UCyK5hrNdv4293IyUXs19wXw,0
8EK_M1l7mUY,UC4Gumj80pOghE8G7xq4Yxjg,0
PxxNlPFnHUQ,UCS8uIXvlSK3HtC0p0VIWyTQ,0
u4roiafXJK0,UCr_s2VHtNnGH8LngWlsoZhw,0
gwviu0iw2Sw,UC7GZguUCh8gdEs-VKhWqkWA,0
wUd1fPE3R7M,UC4Gumj80pOghE8G7xq4Yxjg,0
3Uwq1Y5IN_E,UCr_s2VHtNnGH8LngWlsoZhw,0
dIGISTksHUc,UCL8_vmF3_0473VvfU7Hi1ug,0
QtS-pxjlFmE,UCyK5hrNdv4293IyUXs19wXw,0
LTuN0RQISO4,UCr_s2VHtNnGH8LngWlsoZhw,0
Gxagl82rpzI,UCyK5hrNdv4293IyUXs19wXw,0
5M5HknwWXFM,UCBGp_XPj3Oudk207UNw_tAg,0
3Wjan5HlfZ8,UCr_s2VHtNnGH8LngWlsoZhw,0
gtNFWCEWJYo,UC7GZguUCh8gdEs-VKhWqkWA,0
eiYdbUzvaX8,UCr_s2VHtNnGH8LngWlsoZhw,0
zgkRuHhItCk,UCJ87OGZu8iQUO8IyACYYREg,0
HseNIGi6SGc,UCyK5hrNdv4293IyUXs19wXw,0
gUe9LIr9TdA,UCr_s2VHtNnGH8LngWlsoZhw,0
sm3UTaakChc,UCyK5hrNdv4293IyUXs19wXw,0
QuWgAhH5GHs,UC4Gumj80pOghE8G7xq4Yxjg,0
Nzrapmj9X-4,UCyK5hrNdv4293IyUXs19wXw,0
pGxr-b5DOKM,UCr_s2VHtNnGH8LngWlsoZhw,0
HJVxRcsxO3o,UCyK5hrNdv4293IyUXs19wXw,0
YRcu_ODpPAo,UCJ87OGZu8iQUO8IyACYYREg,0
J22uJOI15tw,UCJ87OGZu8iQUO8IyACYYREg,0
--S9MXIbwng,UCBGp_XPj3Oudk207UNw_tAg,0
81C4WIAw4KQ,UCj2Pn8nWcMGnDOdzstvVnbA,0
HsIQnMp40Vs,UCr_s2VHtNnGH8LngWlsoZhw,0
TRY-i0QPkXI,UCyK5hrNdv4293IyUXs19wXw,0
hFAdIbnVAk0,UCr_s2VHtNnGH8LngWlsoZhw,0
uKDgerNi_7A,UC7GZguUCh8gdEs-VKhWqkWA,0
RX177cLaYwU,UCJ87OGZu8iQUO8IyACYYREg,0
x6vqNT5Ae0w,UCr_s2VHtNnGH8LngWlsoZhw,0
Lg7y-tlng-0,UCyK5hrNdv4293IyUXs19wXw,0
-tz0y0uFQo0,UC7GZguUCh8gdEs-VKhWqkWA,0
5yhMt61MgUw,UCS8uIXvlSK3HtC0p0VIWyTQ,0
qkCrDI8uJpk,UCr_s2VHtNnGH8LngWlsoZhw,0
KD4mJmRKsD8,UCj2Pn8nWcMGnDOdzstvVnbA,0
-79X1VsEYwo,UC4Gumj80pOghE8G7xq4Yxjg,0
duij_puimdU,UCr_s2VHtNnGH8LngWlsoZhw,0
5FlnDlsg-kk,UCyK5hrNdv4293IyUXs19wXw,0
j0LrAymXSWo,UCL8_vmF3_0473VvfU7Hi1ug,0
cMoOWi9piAE,UCBGp_XPj3Oudk207UNw_tAg,0
ffmz-i6ALlI,UCr_s2VHtNnGH8LngWlsoZhw,0
YGLZwNyA318,UC7GZguUCh8gdEs-VKhWqkWA,0
KOHECWt-ThY,UC8BzE8H7qoFa60JjaRgmIfg,0
TvvVac9wAPU,UCr_s2VHtNnGH8LngWlsoZhw,0
g2OXrwZ-nLg,UCyK5hrNdv4293IyUXs19wXw,0
oevBLbsCSjA,UCS8uIXvlSK3HtC0p0VIWyTQ,0
Wr2KP5KBzuo,UCr_s2VHtNnGH8LngWlsoZhw,0
4SnTUWyI2UA,UCj2Pn8nWcMGnDOdzstvVnbA,0
Hz_jhGI7p3o,UCr_s2VHtNnGH8LngWlsoZhw,0
tQUv4GauGZA,UCL8_vmF3_0473VvfU7Hi1ug,0
NEpcp8Cv-oA,UCBGp_XPj3Oudk207UNw_tAg,0
duYHYxyxs9g,UCyK5hrNdv4293IyUXs19wXw,0
TSTUOw9oqyk,UCr_s2VHtNnGH8LngWlsoZhw,0
6679C68GW50,UC7GZguUCh8gdEs-VKhWqkWA,0
yCTUK1guKac,UCr_s2VHtNnGH8LngWlsoZhw,0
DaVstWdcBRU,UC4Gumj80pOghE8G7xq4Yxjg,0
56XaHDYifPg,UCyK5hrNdv4293IyUXs19wXw,0
n_Psr8wGnV4,UC7GZguUCh8gdEs-VKhWqkWA,0
LmBWwzZ70lU,UCJ87OGZu8iQUO8IyACYYREg,0
eUVU_b9m9-k,UCr_s2VHtNnGH8LngWlsoZhw,0
EdwnJmHpqRw,UC4Gumj80pOghE8G7xq4Yxjg,0
WQl8ghrNIMY,UCyK5hrNdv4293IyUXs19wXw,0
2KMeFKHKE_U,UCr_s2VHtNnGH8LngWlsoZhw,0
qDdXZjhFlCA,UCBGp_XPj3Oudk207UNw_tAg,0
BBak-gQU2GU,UCr_s2VHtNnGH8LngWlsoZhw,0
zAH4070b35M,UC7GZguUCh8gdEs-VKhWqkWA,0
XFKwO3OJ37I,UCS8uIXvlSK3HtC0p0VIWyTQ,0
Yz7mFH7Tx-M,UCr_s2VHtNnGH8LngWlsoZhw,0
EqwJg-KZA_I,UCyK5hrNdv4293IyUXs19wXw,0
pxSuH_MDDOI,UCr_s2VHtNnGH8LngWlsoZhw,0
0nIOghsDI2Q,UCL8_vmF3_0473VvfU7Hi1ug,0
Vx7rGZQZ6nM,UCyK5hrNdv4293IyUXs19wXw,0
Z7OjyiRe_14,UCr_s2VHtNnGH8LngWlsoZhw,0
-2USrKxkjDI,UCBGp_XPj3Oudk207UNw_tAg,0
jrllePUALnE,UCj2Pn8nWcMGnDOdzstvVnbA,0
XmncH7eoICQ,UCr_s2VHtNnGH8LngWlsoZhw,0
c24IaOtt8-g,UC7GZguUCh8gdEs-VKhWqkWA,0
Ka63WQpugJ4,UC8BzE8H7qoFa60JjaRgmIfg,0
HXPsm5A_NZM,UCyK5hrNdv4293IyUXs19wXw,0
mOE4KoUrw4s,UCr_s2VHtNnGH8LngWlsoZhw,0
pWrDffQ7dwQ,UCyK5hrNdv4293IyUXs19wXw,0
hh2dsmhq0yw,UCBGp_XPj3Oudk207UNw_tAg,0
_AsHOxWCdK4,UCr_s2VHtNnGH8LngWlsoZhw,0
OaVslJiDKFE,UCr_s2VHtNnGH8LngWlsoZhw,0
XpdDksqWCaE,UCRTsD38mMGi7HnWFzlDUFYA,0
T1VzJLhEO2Y,UCyK5hrNdv4293IyUXs19wXw,0
u0Y5iEBX-fw,UCr_s2VHtNnGH8LngWlsoZhw,0
rTI9OSrdvZQ,UCj2Pn8nWcMGnDOdzstvVnbA,0
rWQZfd0HA68,UC7GZguUCh8gdEs-VKhWqkWA,0
vJvmb3MFrDM,UCS8uIXvlSK3HtC0p0VIWyTQ,0
m0kPmrDEYDQ,UCBGp_XPj3Oudk207UNw_tAg,0
uSK1WcniD9Q,UC7GZguUCh8gdEs-VKhWqkWA,0
yNu6OGW5wmM,UCr_s2VHtNnGH8LngWlsoZhw,0
eh2cE1_tUhA,UCyK5hrNdv4293IyUXs19wXw,0
gw02zTbX7YU,UCL8_vmF3_0473VvfU7Hi1ug,0
8o-wVanKLG0,UCr_s2VHtNnGH8LngWlsoZhw,0
wzTlvgjMZTo,UCBGp_XPj3Oudk207UNw_tAg,0
VUtIQUm8qlI,UCL8_vmF3_0473VvfU7Hi1ug,0
Bg5_rnyUptk,UCr_s2VHtNnGH8LngWlsoZhw,0
nSXwQNWq65o,UCyK5hrNdv4293IyUXs19wXw,0
ymG2W1qaSQo,UC7GZguUCh8gdEs-VKhWqkWA,0
Syh72TSjBjg,UC8BzE8H7qoFa60JjaRgmIfg,0
mRDeNFxZeq8,UCr_s2VHtNnGH8LngWlsoZhw,0
yXCTKQnfGMo,UCyK5hrNdv4293IyUXs19wXw,0
ouXC4PWGK_c,UCBGp_XPj3Oudk207UNw_tAg,0
Ks84C1ITuZA,UCr_s2VHtNnGH8LngWlsoZhw,0
5EPHGeHRnq8,UCL8_vmF3_0473VvfU7Hi1ug,0
-DNd3fegRYY,UC7GZguUCh8gdEs-VKhWqkWA,0
YxAqzvhYP7U,UCpZLNDzplh9FDioOX-jnvKA,0
9EdoT4ZGGrk,UCr_s2VHtNnGH8LngWlsoZhw,0
bzvQGGsZS9U,UCyK5hrNdv4293IyUXs19wXw,0
kVmiSmv4hWY,UCBGp_XPj3Oudk207UNw_tAg,0
FGWRaQ8GZfQ,UC4Gumj80pOghE8G7xq4Yxjg,0
4ha4885mo-Y,UCr_s2VHtNnGH8LngWlsoZhw,0
uv7CIuKp-Xk,UCr_s2VHtNnGH8LngWlsoZhw,0
Gcy4n9i1G6o,UC7GZguUCh8gdEs-VKhWqkWA,0
oJurQd2YszE,UC8BzE8H7qoFa60JjaRgmIfg,0
lC-9OqNQ_D8,UCyK5hrNdv4293IyUXs19wXw,0
LdYRPcZj3d8,UCS8uIXvlSK3HtC0p0VIWyTQ,0
hSWVWUIBu7Q,UCr_s2VHtNnGH8LngWlsoZhw,0
pEwpDArM1t8,UCL8_vmF3_0473VvfU7Hi1ug,0
HYxlaJJjI3c,UCBGp_XPj3Oudk207UNw_tAg,0
9qUs9f3Uuek,UCJ87OGZu8iQUO8IyACYYREg,0
NAT7Xbj9z3g,UCr_s2VHtNnGH8LngWlsoZhw,0
oLBO0LRdK7k,UCyK5hrNdv4293IyUXs19wXw,0
miSRtdCwT_0,UCL8_vmF3_0473VvfU7Hi1ug,0
K2fwnSm51kg,UCr_s2VHtNnGH8LngWlsoZhw,0
325oWkXVB54,UCBGp_XPj3Oudk207UNw_tAg,0
6zjCOJPbMek,UCr_s2VHtNnGH8LngWlsoZhw,0
7h5S3qSfmVQ,UC7GZguUCh8gdEs-VKhWqkWA,0
Hn227UkwecA,UC8BzE8H7qoFa60JjaRgmIfg,0
US1R2g1B7OQ,UCyK5hrNdv4293IyUXs19wXw,0
8mhr22qPbdg,UCr_s2VHtNnGH8LngWlsoZhw,0
lP8CYaalGSU,UC7GZguUCh8gdEs-VKhWqkWA,0
MAquiloxKv8,UC4Gumj80pOghE8G7xq4Yxjg,0
PZQH38WYDdA,UCr_s2VHtNnGH8LngWlsoZhw,0
6ZZULOFVKDA,UCL8_vmF3_0473VvfU7Hi1ug,0
BSNCgztKRmo,UCL8_vmF3_0473VvfU7Hi1ug,0
3mX_6Lvex3g,UCL8_vmF3_0473VvfU7Hi1ug,0
Dk4Ml0nJl3c,UCr_s2VHtNnGH8LngWlsoZhw,0
GQa7D8dTaVA,UCBGp_XPj3Oudk207UNw_tAg,0
-zA7EpVH9Kw,UCyK5hrNdv4293IyUXs19wXw,0
IdmTHGAYx5w,UCr_s2VHtNnGH8LngWlsoZhw,0
BwlFE70evYQ,UC7GZguUCh8gdEs-VKhWqkWA,0
8m3QJLj_yEE,UCL8_vmF3_0473VvfU7Hi1ug,0
47nGJ0X_b5w,UCr_s2VHtNnGH8LngWlsoZhw,0
yqn_2UoRj00,UCL8_vmF3_0473VvfU7Hi1ug,0
nZGkdsJoe84,UCL8_vmF3_0473VvfU7Hi1ug,0
Nd0gLi3SXno,UCS8uIXvlSK3HtC0p0VIWyTQ,0
bK-xE3NgNcg,UCJ87OGZu8iQUO8IyACYYREg,0
098IyOTKlak,UCL8_vmF3_0473VvfU7Hi1ug,0
SL9Ad2u6mYA,UCr_s2VHtNnGH8LngWlsoZhw,0
3YtElZ-MKpQ,UCyK5hrNdv4293IyUXs19wXw,0
hmG49-Famww,UCj2Pn8nWcMGnDOdzstvVnbA,0
2ObLnpUMU2g,UCr_s2VHtNnGH8LngWlsoZhw,0
-WjRAei-bBg,UCBGp_XPj3Oudk207UNw_tAg,0
ecvojSZ9Sdg,UCyK5hrNdv4293IyUXs19wXw,0
dfxgXUbCgrw,UCr_s2VHtNnGH8LngWlsoZhw,0
6t3JcEwP0m0,UC7GZguUCh8gdEs-VKhWqkWA,0
8LKDyvsHz6w,UCj2Pn8nWcMGnDOdzstvVnbA,0
pW-Sj-QcMf4,UCr_s2VHtNnGH8LngWlsoZhw,0
Pf9YO3LAlfg,UCr_s2VHtNnGH8LngWlsoZhw,0
mHfPj28EREI,UCyK5hrNdv4293IyUXs19wXw,0
UsM7xxlbtDA,UC7GZguUCh8gdEs-VKhWqkWA,0
bx2j_DSg14o,UCRTsD38mMGi7HnWFzlDUFYA,0
ow1TjMY1hEE,UCr_s2VHtNnGH8LngWlsoZhw,0
OUmKNmrRccM,UCr_s2VHtNnGH8LngWlsoZhw,0
ZOzv2auGR1E,UC4Gumj80pOghE8G7xq4Yxjg,0
rmOjvXo4_fg,UCr_s2VHtNnGH8LngWlsoZhw,0
1up0SQmGA8M,UCr_s2VHtNnGH8LngWlsoZhw,0
rIKk29FtZrA,UCS8uIXvlSK3HtC0p0VIWyTQ,0
xnS-ozvvtMQ,UCBGp_XPj3Oudk207UNw_tAg,0
k-LAqPBcGt0,UCr_s2VHtNnGH8LngWlsoZhw,0
0qZ1IFTUaCA,UCyK5hrNdv4293IyUXs19wXw,0
qy75HKOqtLU,UCr_s2VHtNnGH8LngWlsoZhw,0
ZUUNfiFhue8,UCL8_vmF3_0473VvfU7Hi1ug,0
cvx1onFNhCw,UC7GZguUCh8gdEs-VKhWqkWA,0
tTPBXswKfRc,UC8BzE8H7qoFa60JjaRgmIfg,0
tvbXvtoaCx8,UCyK5hrNdv4293IyUXs19wXw,0
9YWLK443yg4,UCr_s2VHtNnGH8LngWlsoZhw,0
kyytkKC8LKE,UC4Gumj80pOghE8G7xq4Yxjg,0
9QwkErqUveU,UC8BzE8H7qoFa60JjaRgmIfg,0
zf4F_NZ6W10,UCr_s2VHtNnGH8LngWlsoZhw,0
_KDc4ZgoAIY,UCr_s2VHtNnGH8LngWlsoZhw,0
MNL40Y1Vn8c,UCyK5hrNdv4293IyUXs19wXw,0
oCHnqLsVTNk,UCj2Pn8nWcMGnDOdzstvVnbA,0
IKmmj2zK6iY,UC4Gumj80pOghE8G7xq4Yxjg,0
48EfJbY3tiQ,UCr_s2VHtNnGH8LngWlsoZhw,0
E6zT-Y0Ei40,UCS8uIXvlSK3HtC0p0VIWyTQ,0
Ub7nC32oJPY,UCBGp_XPj3Oudk207UNw_tAg,0
8cwvjjVf49s,UCr_s2VHtNnGH8LngWlsoZhw,0
AbkS6cfF81k,UCr_s2VHtNnGH8LngWlsoZhw,0
myVm5REvNWc,UC4Gumj80pOghE8G7xq4Yxjg,0
UN_VGBIMkyg,UC7GZguUCh8gdEs-VKhWqkWA,0
JOhOax3Yg6k,UC8BzE8H7qoFa60JjaRgmIfg,0
yw950tl9PjU,UCyK5hrNdv4293IyUXs19wXw,0
pzAwy4JDpPI,UCr_s2VHtNnGH8LngWlsoZhw,0
8_ilxeq3qk4,UC4Gumj80pOghE8G7xq4Yxjg,0
UzDkj--hv3k,UC7GZguUCh8gdEs-VKhWqkWA,0
cy9F_q4j1gI,UCyK5hrNdv4293IyUXs19wXw,0
7he_uuw4ZQ4,UC4Gumj80pOghE8G7xq4Yxjg,0
Y6Rbh7MbX7c,UCr_s2VHtNnGH8LngWlsoZhw,0
I9KBrxOU4Nk,UCr_s2VHtNnGH8LngWlsoZhw,0
adRR-9x-TsQ,UCS8uIXvlSK3HtC0p0VIWyTQ,0
etwRiDb7YiA,UCBGp_XPj3Oudk207UNw_tAg,0
u8sUZrk62W0,UC4Gumj80pOghE8G7xq4Yxjg,0
dq4zQftfu1g,UCyK5hrNdv4293IyUXs19wXw,0
IXVBjXNvIXY,UCr_s2VHtNnGH8LngWlsoZhw,0
SOgDiiZMvb4,UCr_s2VHtNnGH8LngWlsoZhw,0
5B7XpXevfHg,UC7GZguUCh8gdEs-VKhWqkWA,0
atuVdVZMtYc,UCj2Pn8nWcMGnDOdzstvVnbA,0
cX-bDJ5V3zg,UCr_s2VHtNnGH8LngWlsoZhw,0
VgyzpUJNsQ4,UC4Gumj80pOghE8G7xq4Yxjg,0
OsVmA4kJvZk,UC8BzE8H7qoFa60JjaRgmIfg,0
uoXstYxAIcY,UCr_s2VHtNnGH8LngWlsoZhw,0
WNKfEj_G7js,UCS8uIXvlSK3HtC0p0VIWyTQ,0
vr_F4LnlQb8,UCyK5hrNdv4293IyUXs19wXw,0
1mXZoSKcT14,UCr_s2VHtNnGH8LngWlsoZhw,0
BbzPv5b3k44,UCRTsD38mMGi7HnWFzlDUFYA,0
FimCfZ3zLmg,UCBGp_XPj3Oudk207UNw_tAg,0
UMEAKvbL8YQ,UCj2Pn8nWcMGnDOdzstvVnbA,0
lCrnbmX1vPM,UCr_s2VHtNnGH8LngWlsoZhw,0
r1cyIg6Om5M,UCr_s2VHtNnGH8LngWlsoZhw,0
f6vGQwMOJdw,UCL8_vmF3_0473VvfU7Hi1ug,0
pvzmpDi9e0o,UC7GZguUCh8gdEs-VKhWqkWA,0
N2_1Lcxyahk,UC8BzE8H7qoFa60JjaRgmIfg,0
KbXfI0DfLtI,UCyK5hrNdv4293IyUXs19wXw,0
Zf0f5zd-4Ac,UCr_s2VHtNnGH8LngWlsoZhw,0
mFK1cAScDSU,UC7GZguUCh8gdEs-VKhWqkWA,0
pWtdXR24aRI,UCr_s2VHtNnGH8LngWlsoZhw,0
_mh1JDk5vcY,UCyK5hrNdv4293IyUXs19wXw,0
KIThgFEHgAk,UCr_s2VHtNnGH8LngWlsoZhw,0
ZcuNhH7BgmM,UCj2Pn8nWcMGnDOdzstvVnbA,0
q6AkO0jxcws,UC4Gumj80pOghE8G7xq4Yxjg,0
QBBZPvBz1Zs,UCr_s2VHtNnGH8LngWlsoZhw,0
9WcSu0kki08,UCr_s2VHtNnGH8LngWlsoZhw,0
XEKV5l4Wll4,UC7GZguUCh8gdEs-VKhWqkWA,0
mYUSbMxImsY,UC8BzE8H7qoFa60JjaRgmIfg,0
hdoE05xIeDU,UCyK5hrNdv4293IyUXs19wXw,0
kZ43SdU3IGk,UCr_s2VHtNnGH8LngWlsoZhw,0
h4JMMkm2msY,UCBGp_XPj3Oudk207UNw_tAg,0
EuWW4K6hezM,UCyK5hrNdv4293IyUXs19wXw,0
rHWcVZoQl2w,UCj2Pn8nWcMGnDOdzstvVnbA,0
W_Gct_nMkiI,UCL8_vmF3_0473VvfU7Hi1ug,0
9a6Os9lH84M,UCr_s2VHtNnGH8LngWlsoZhw,0
D_Lw2ZRVDhU,UCr_s2VHtNnGH8LngWlsoZhw,0
NK05tH85g-Y,UCyK5hrNdv4293IyUXs19wXw,0
Xlk2Bba3uUw,UCL8_vmF3_0473VvfU7Hi1ug,0
NbVFRV_PoL0,UC4Gumj80pOghE8G7xq4Yxjg,0
Rj8kt330Dc4,UCr_s2VHtNnGH8LngWlsoZhw,0
A53ZrR2vpII,UCr_s2VHtNnGH8LngWlsoZhw,0
3QLAiI1oBqc,UCr_s2VHtNnGH8LngWlsoZhw,0
9qLGXs-UfEY,UCr_s2VHtNnGH8LngWlsoZhw,0
L2LyF2N5iTo,UC7GZguUCh8gdEs-VKhWqkWA,0
XPobxWKMBNk,UC8BzE8H7qoFa60JjaRgmIfg,0
4D5pIe-OcIs,UCyK5hrNdv4293IyUXs19wXw,0
EaMKHYF_beQ,UCS8uIXvlSK3HtC0p0VIWyTQ,0
VOrU7yZCeNE,UCr_s2VHtNnGH8LngWlsoZhw,0
oM5TBVcgV48,UCj2Pn8nWcMGnDOdzstvVnbA,0
ksgcRdxn6k0,UC7GZguUCh8gdEs-VKhWqkWA,0
a3UwYu9msBY,UCr_s2VHtNnGH8LngWlsoZhw,0
20cyBntdot0,UCr_s2VHtNnGH8LngWlsoZhw,0
KEmYNpCckxM,UC4Gumj80pOghE8G7xq4Yxjg,0
JszLqulQzkM,UCj2Pn8nWcMGnDOdzstvVnbA,0
DSoMyzTF5ZQ,UCyK5hrNdv4293IyUXs19wXw,0
favMHkKG2gg,UCr_s2VHtNnGH8LngWlsoZhw,0
T_alUTHTm6I,UCr_s2VHtNnGH8LngWlsoZhw,0
dbwf6_MXTw8,UCBGp_XPj3Oudk207UNw_tAg,0
bUHputl7ZCo,UCr_s2VHtNnGH8LngWlsoZhw,0
pJ38iHs7M88,UCj2Pn8nWcMGnDOdzstvVnbA,0
k8U0hG0o6r8,UCr_s2VHtNnGH8LngWlsoZhw,0
H8PwmsWMF2U,UC7GZguUCh8gdEs-VKhWqkWA,0
LQJcO2fT5YU,UC8BzE8H7qoFa60JjaRgmIfg,0
HpONbHCKjv0,UCyK5hrNdv4293IyUXs19wXw,0
M8l6lXJ0trs,UCL8_vmF3_0473VvfU7Hi1ug,0
KOwwU_HzJio,UC4Gumj80pOghE8G7xq4Yxjg,0
NAFhqdVzkGU,UCS8uIXvlSK3HtC0p0VIWyTQ,0
xCBmmTC4KPg,UCr_s2VHtNnGH8LngWlsoZhw,0
eBRZC9444rM,UCyK5hrNdv4293IyUXs19wXw,0
70Q18RoIfA8,UCr_s2VHtNnGH8LngWlsoZhw,0
GhjZUqmqpAo,UCRTsD38mMGi7HnWFzlDUFYA,0
sI0e4FRjYX0,UCL8_vmF3_0473VvfU7Hi1ug,0
39zLMV4yV6Y,UCBGp_XPj3Oudk207UNw_tAg,0
LLN2VTxUPnI,UCr_s2VHtNnGH8LngWlsoZhw,0
g6aMaZfRTnE,UCr_s2VHtNnGH8LngWlsoZhw,0
VibRPOALguQ,UCyK5hrNdv4293IyUXs19wXw,0
Pv3qjpnnzGo,UC7GZguUCh8gdEs-VKhWqkWA,0
PhtAYJ4KcpU,UC8BzE8H7qoFa60JjaRgmIfg,0
1ArhDCOJ4t4,UC7GZguUCh8gdEs-VKhWqkWA,0
gi-o4ytCgcI,UCL8_vmF3_0473VvfU7Hi1ug,0
ACvaoV36AyI,UC4Gumj80pOghE8G7xq4Yxjg,0
D7ESyP9Nfuk,UCr_s2VHtNnGH8LngWlsoZhw,0
aJ65s9qnddo,UCj2Pn8nWcMGnDOdzstvVnbA,0
wzOWyqPSSlE,UCyK5hrNdv4293IyUXs19wXw,0
RJeysRlHdBw,UC4Gumj80pOghE8G7xq4Yxjg,0
fTEPfS5wA_k,UCr_s2VHtNnGH8LngWlsoZhw,0
Q1YOegkP9W0,UCr_s2VHtNnGH8LngWlsoZhw,0
EmhjI7IA-6A,UCS8uIXvlSK3HtC0p0VIWyTQ,0
9ed_ehg_HU8,UCL8_vmF3_0473VvfU7Hi1ug,0
ij2DFhbJgQY,UCBGp_XPj3Oudk207UNw_tAg,0
OGGYRFU9iHQ,UCyK5hrNdv4293IyUXs19wXw,0
I7HXYWsDEg4,UCr_s2VHtNnGH8LngWlsoZhw,0
DaybS2ng7GY,UC7GZguUCh8gdEs-VKhWqkWA,0
U1fO9HZBsm4,UC8BzE8H7qoFa60JjaRgmIfg,0
hFd-FNmp3Jk,UCL8_vmF3_0473VvfU7Hi1ug,0
FWk3DMc2ubk,UCL8_vmF3_0473VvfU7Hi1ug,0
nBx1rojALUA,UCyK5hrNdv4293IyUXs19wXw,0
JWtQlpodgXQ,UCL8_vmF3_0473VvfU7Hi1ug,0
-Ck-tix26nE,UCBGp_XPj3Oudk207UNw_tAg,0
Nwxc2WJaVQw,UC4Gumj80pOghE8G7xq4Yxjg,0
7A_7WJNwInw,UCL8_vmF3_0473VvfU7Hi1ug,0
TaFwK3yC7Sg,UCr_s2VHtNnGH8LngWlsoZhw,0
eQXRRYwNHR0,UCL8_vmF3_0473VvfU7Hi1ug,0
C_af3UEH6wE,UCyK5hrNdv4293IyUXs19wXw,0
KsIp9hDf0KQ,UC4Gumj80pOghE8G7xq4Yxjg,0
ALAMc7uWEog,UC8BzE8H7qoFa60JjaRgmIfg,0
DRwM8iaLBRw,UCL8_vmF3_0473VvfU7Hi1ug,0
JpKdff9zM9Q,UC4Gumj80pOghE8G7xq4Yxjg,0
gHv_DdfyaPI,UCr_s2VHtNnGH8LngWlsoZhw,0
4jZRh5WrhcU,UCj2Pn8nWcMGnDOdzstvVnbA,0
iDgBPlmp6dU,UCL8_vmF3_0473VvfU7Hi1ug,0
J4-VAQAKqRA,UCBGp_XPj3Oudk207UNw_tAg,0
6vjDCKRjSTc,UCr_s2VHtNnGH8LngWlsoZhw,0
_l9r398ze9I,UCyK5hrNdv4293IyUXs19wXw,0
HE1BAcbjWDY,UCr_s2VHtNnGH8LngWlsoZhw,0
9fCZG0TQF9A,UC7GZguUCh8gdEs-VKhWqkWA,0
bQelQlT00Xc,UCL8_vmF3_0473VvfU7Hi1ug,0
Qp1OFubOu1Q,UC4Gumj80pOghE8G7xq4Yxjg,0
o5gDP1rzo50,UCL8_vmF3_0473VvfU7Hi1ug,0
v6YXE_eMhAE,UCL8_vmF3_0473VvfU7Hi1ug,0
5yA9enQxcfI,UCS8uIXvlSK3HtC0p0VIWyTQ,0
uL8ssmlfvCc,UCBGp_XPj3Oudk207UNw_tAg,0
RuP5Fhafjs0,UCL8_vmF3_0473VvfU7Hi1ug,0
oW1s0hEFLYw,UCL8_vmF3_0473VvfU7Hi1ug,0
gBewI8pCXl8,UCr_s2VHtNnGH8LngWlsoZhw,0
j-w45HvwOeM,UCL8_vmF3_0473VvfU7Hi1ug,0
hLC8WT5RUU4,UCL8_vmF3_0473VvfU7Hi1ug,0
UtwM9cH4DBQ,UC8BzE8H7qoFa60JjaRgmIfg,0
zxRD5LDH4VQ,UCr_s2VHtNnGH8LngWlsoZhw,0
vmssex0r63s,UCyK5hrNdv4293IyUXs19wXw,0
TbRZfTbr2FE,UCL8_vmF3_0473VvfU7Hi1ug,0
4FTzJVppZgk,UCr_s2VHtNnGH8LngWlsoZhw,0
ak6ivAM7edI,UCr_s2VHtNnGH8LngWlsoZhw,0
yLz0IDmkrzw,UC7GZguUCh8gdEs-VKhWqkWA,0
dgOzxg2sGYA,UCL8_vmF3_0473VvfU7Hi1ug,0
UufcFONIF98,UC8BzE8H7qoFa60JjaRgmIfg,0
AiY9yuSaQ2k,UCj2Pn8nWcMGnDOdzstvVnbA,0
qAUceGeyg98,UCL8_vmF3_0473VvfU7Hi1ug,0
Hawza1jzmKI,UC4Gumj80pOghE8G7xq4Yxjg,0
dU9pjJQLXPE,UCBGp_XPj3Oudk207UNw_tAg,0
gI1-XkAlah4,UCyK5hrNdv4293IyUXs19wXw,0
BB33QF_fBcE,UCr_s2VHtNnGH8LngWlsoZhw,0
1yZvC6vcA2o,UCr_s2VHtNnGH8LngWlsoZhw,0
hfXFA8zyWgE,UCS8uIXvlSK3HtC0p0VIWyTQ,0
JQiLJabPN3k,UCBGp_XPj3Oudk207UNw_tAg,0
pvV0s4iZ_Z0,UCr_s2VHtNnGH8LngWlsoZhw,0
DkIROxgsq28,UC7GZguUCh8gdEs-VKhWqkWA,0
rvXHg8K0tP8,UC8BzE8H7qoFa60JjaRgmIfg,0
nlM68s4JtOk,UC4Gumj80pOghE8G7xq4Yxjg,0
0FxjAvbknBI,UCyK5hrNdv4293IyUXs19wXw,0
uwL1KwUzZQs,UCj2Pn8nWcMGnDOdzstvVnbA,0
pnjeK4tyse0,UC8BzE8H7qoFa60JjaRgmIfg,0
cpaEMpnuJ5E,UCBGp_XPj3Oudk207UNw_tAg,0
BfnYtlNfNAM,UC7GZguUCh8gdEs-VKhWqkWA,0
i_Okfqp190M,UC4Gumj80pOghE8G7xq4Yxjg,0
M3HmnToDBzE,UCj2Pn8nWcMGnDOdzstvVnbA,0
dxfyQWb5l3g,UCyK5hrNdv4293IyUXs19wXw,0
iE0ZvHPZi04,UCS8uIXvlSK3HtC0p0VIWyTQ,0
ATEYpQaKUVU,UCj2Pn8nWcMGnDOdzstvVnbA,0
SCbTuTkfbsQ,UC4Gumj80pOghE8G7xq4Yxjg,0
VTNhsyrO3xQ,UC4Gumj80pOghE8G7xq4Yxjg,0
-YxoyM01UV4,UC8BzE8H7qoFa60JjaRgmIfg,0
j_MU8iUjtnA,UCBGp_XPj3Oudk207UNw_tAg,0
uyLFHyvzyG0,UC7GZguUCh8gdEs-VKhWqkWA,0
PzxrQS_ev3w,UCJ87OGZu8iQUO8IyACYYREg,0
n94VppLAU3w,UCS8uIXvlSK3HtC0p0VIWyTQ,0
ntpFN4FZfyM,UCj2Pn8nWcMGnDOdzstvVnbA,0
JlfirCycWM8,UC8BzE8H7qoFa60JjaRgmIfg,0
tx6puy73ub8,UC4Gumj80pOghE8G7xq4Yxjg,0
71Lg88fjdwM,UCJ87OGZu8iQUO8IyACYYREg,0
_PfF0K0SVRw,UC8BzE8H7qoFa60JjaRgmIfg,0
PoJJAnT9onw,UCS8uIXvlSK3HtC0p0VIWyTQ,0
BJGZvuJfNkA,UCJ87OGZu8iQUO8IyACYYREg,0
yQVFmtD7fGU,UCBGp_XPj3Oudk207UNw_tAg,0
pOhU9pKJpB4,UC7GZguUCh8gdEs-VKhWqkWA,0
r5cwOEvGLWQ,UCJ87OGZu8iQUO8IyACYYREg,0
P9T9l2jFLGc,UCj2Pn8nWcMGnDOdzstvVnbA,0
HYKWz50BUkw,UCRTsD38mMGi7HnWFzlDUFYA,0
ddHD65RpRXQ,UCJ87OGZu8iQUO8IyACYYREg,0
dpDgxNiaLsY,UCJ87OGZu8iQUO8IyACYYREg,0
HM0B_7aJif0,UCJ87OGZu8iQUO8IyACYYREg,0
fRM1eTN8luw,UCJ87OGZu8iQUO8IyACYYREg,0
UyQqR6U0AYw,UCJ87OGZu8iQUO8IyACYYREg,0
nKQP3gGUr-U,UCj2Pn8nWcMGnDOdzstvVnbA,0
0tHhWn8lDCI,UCJ87OGZu8iQUO8IyACYYREg,0
jzsFqdasLX0,UCBGp_XPj3Oudk207UNw_tAg,0
2DVzL3gbvCw,UC7GZguUCh8gdEs-VKhWqkWA,0
e1uuaIiR0PE,UC8BzE8H7qoFa60JjaRgmIfg,0
V1yiY4pXz9A,UCJ87OGZu8iQUO8IyACYYREg,0
222oqKkqCrM,UCS8uIXvlSK3HtC0p0VIWyTQ,0
73sw7nlyy8w,UCJ87OGZu8iQUO8IyACYYREg,0
lTTPHNjEPzE,UCJ87OGZu8iQUO8IyACYYREg,0
HxSG_rZP5-4,UCj2Pn8nWcMGnDOdzstvVnbA,0
sypdvDti6LQ,UCJ87OGZu8iQUO8IyACYYREg,0
PYDHPHzRkK0,UCBGp_XPj3Oudk207UNw_tAg,0
pPoP-a0amok,UC7GZguUCh8gdEs-VKhWqkWA,0
2xy0NFaMB2k,UC4Gumj80pOghE8G7xq4Yxjg,0
TDwdjBGYbRk,UCS8uIXvlSK3HtC0p0VIWyTQ,0
oZ-GSu7D0LM,UCj2Pn8nWcMGnDOdzstvVnbA,0
nrmVmDX2Wuc,UCS8uIXvlSK3HtC0p0VIWyTQ,0
mhhRAx1zLvI,UCj2Pn8nWcMGnDOdzstvVnbA,0
0v4_boJi7Rs,UCRTsD38mMGi7HnWFzlDUFYA,0
JVA8UqLRGZM,UCBGp_XPj3Oudk207UNw_tAg,0
3OBs5oULNs8,UC7GZguUCh8gdEs-VKhWqkWA,0
1lm3ixuxSLg,UC8BzE8H7qoFa60JjaRgmIfg,0
IziXLh6OhwY,UCj2Pn8nWcMGnDOdzstvVnbA,0
jBr5RIjls-A,UCS8uIXvlSK3HtC0p0VIWyTQ,0
aMNkLrWXJgQ,UCBGp_XPj3Oudk207UNw_tAg,0
evWYBQDTDWY,UCj2Pn8nWcMGnDOdzstvVnbA,0
X3LAyuAaB1o,UC7GZguUCh8gdEs-VKhWqkWA,0
jABS9QhlZbM,UC4Gumj80pOghE8G7xq4Yxjg,0
uMKCELy6ye4,UCBGp_XPj3Oudk207UNw_tAg,0
TVa5xSDUxSY,UCS8uIXvlSK3HtC0p0VIWyTQ,0
oIyBdIlJ41Y,UCBGp_XPj3Oudk207UNw_tAg,0
u4lBUfZY8jA,UC7GZguUCh8gdEs-VKhWqkWA,0
58VYHCsMM68,UCBGp_XPj3Oudk207UNw_tAg,0
aP-3q0YiBww,UC8BzE8H7qoFa60JjaRgmIfg,0
TLAEKpqdjzc,UCBGp_XPj3Oudk207UNw_tAg,0
GGQcyRIc_A4,UC7GZguUCh8gdEs-VKhWqkWA,0
hLHSlkg75Lc,UC4Gumj80pOghE8G7xq4Yxjg,0
ss9DmQmwgXc,UCS8uIXvlSK3HtC0p0VIWyTQ,0
ndNhVAjUvBw,UCj2Pn8nWcMGnDOdzstvVnbA,0
8Tb28bbNcc0,UC8BzE8H7qoFa60JjaRgmIfg,0
iNjK9sHg4ks,UCBGp_XPj3Oudk207UNw_tAg,0
WjkxIgZGkg0,UCj2Pn8nWcMGnDOdzstvVnbA,0
a5qHGE2TmU4,UC7GZguUCh8gdEs-VKhWqkWA,0
TIFkz9iv4KA,UCS8uIXvlSK3HtC0p0VIWyTQ,0
tF68hmMxQ9w,UC4Gumj80pOghE8G7xq4Yxjg,0
wK993DV5878,UCj2Pn8nWcMGnDOdzstvVnbA,0
t_3ZRCI983g,UCS8uIXvlSK3HtC0p0VIWyTQ,0
XEEKP2Kd9MU,UCRTsD38mMGi7HnWFzlDUFYA,0
h38tlCZXz5g,UCBGp_XPj3Oudk207UNw_tAg,0
5BlRjT90dAI,UC4Gumj80pOghE8G7xq4Yxjg,0
8wpvJMfKbC8,UC7GZguUCh8gdEs-VKhWqkWA,0
fSHqt4iR3nA,UC8BzE8H7qoFa60JjaRgmIfg,0
3KW9YLWNluQ,UC4Gumj80pOghE8G7xq4Yxjg,0
fR8f17b4mqQ,UC7GZguUCh8gdEs-VKhWqkWA,0
YbQOoUQZ__g,UCS8uIXvlSK3HtC0p0VIWyTQ,0
UicTKiXEcE4,UC4Gumj80pOghE8G7xq4Yxjg,0
IUeVsb5hGKM,UCBGp_XPj3Oudk207UNw_tAg,0
OlIzrZ1r6bI,UC7GZguUCh8gdEs-VKhWqkWA,0
iRX--dOQv6s,UC8BzE8H7qoFa60JjaRgmIfg,0
YTesIGa5g2Q,UCj2Pn8nWcMGnDOdzstvVnbA,0
zU5lavdtKkE,UC4Gumj80pOghE8G7xq4Yxjg,0
BjbmcXh6m_I,UC4Gumj80pOghE8G7xq4Yxjg,0
OoerrABWI1k,UCRTsD38mMGi7HnWFzlDUFYA,0
QZg0WcyzK-0,UCS8uIXvlSK3HtC0p0VIWyTQ,0
Qwy4wUELZ-Q,UCBGp_XPj3Oudk207UNw_tAg,0
nsxJvihogM8,UCj2Pn8nWcMGnDOdzstvVnbA,0
JbHGFO9ApR8,UC7GZguUCh8gdEs-VKhWqkWA,0
P3fXVhlRkpc,UC8BzE8H7qoFa60JjaRgmIfg,0
f2XyrqTIDjk,UCRTsD38mMGi7HnWFzlDUFYA,0
9db3wfaGUnc,UCBGp_XPj3Oudk207UNw_tAg,0
g6hCFi9Qdgo,UC7GZguUCh8gdEs-VKhWqkWA,0
0TpRKmyV4ZQ,UC8BzE8H7qoFa60JjaRgmIfg,0
zcWjb--5jmw,UCS8uIXvlSK3HtC0p0VIWyTQ,0
ohj4IRpTujs,UCj2Pn8nWcMGnDOdzstvVnbA,0
zsF1lX_5678,UCBGp_XPj3Oudk207UNw_tAg,0
XREMYlL2KwA,UC7GZguUCh8gdEs-VKhWqkWA,0
6t0GrZfbtKU,UC8BzE8H7qoFa60JjaRgmIfg,0
f8tXr6DuIq4,UCS8uIXvlSK3HtC0p0VIWyTQ,0
wE9lnwCRfCo,UCj2Pn8nWcMGnDOdzstvVnbA,0
78pq6gkcLDw,UCBGp_XPj3Oudk207UNw_tAg,0
WCRQkZgWKbQ,UC7GZguUCh8gdEs-VKhWqkWA,0
d-5b9Xqr5oA,UC8BzE8H7qoFa60JjaRgmIfg,0
4fGlB1EI9u8,UCj2Pn8nWcMGnDOdzstvVnbA,0
DfFYe3Xp67g,UCS8uIXvlSK3HtC0p0VIWyTQ,0
D1nAN71vrQQ,UCBGp_XPj3Oudk207UNw_tAg,0
NZ1TgLx14a8,UC7GZguUCh8gdEs-VKhWqkWA,0
X72haUyqTgs,UCBGp_XPj3Oudk207UNw_tAg,0
R_QQ9n0h0Do,UCS8uIXvlSK3HtC0p0VIWyTQ,0
hF2aANX8eHg,UCBGp_XPj3Oudk207UNw_tAg,0
-xe3CnynJfw,UC7GZguUCh8gdEs-VKhWqkWA,0
KMprFPqdLdg,UC8BzE8H7qoFa60JjaRgmIfg,0
wYmqItw-iFE,UCj2Pn8nWcMGnDOdzstvVnbA,0
mHma7_ertoU,UCBGp_XPj3Oudk207UNw_tAg,0
S0uAI0gOC_U,UC4Gumj80pOghE8G7xq4Yxjg,0
5AuYPfBKpaQ,UCpZLNDzplh9FDioOX-jnvKA,0
ruECuhC3Ycs,UC8BzE8H7qoFa60JjaRgmIfg,0
BM50JvPQFPc,UCS8uIXvlSK3HtC0p0VIWyTQ,0
tjem9Y7d9PE,UC4Gumj80pOghE8G7xq4Yxjg,0
jKks6fA6Q58,UCBGp_XPj3Oudk207UNw_tAg,0
cQdIJjetvm0,UC4Gumj80pOghE8G7xq4Yxjg,0
7WWP6yH9rCs,UCj2Pn8nWcMGnDOdzstvVnbA,0
kJGHPOZuPPk,UC7GZguUCh8gdEs-VKhWqkWA,0
Mt3apgO4pgs,UC8BzE8H7qoFa60JjaRgmIfg,0
dqRJLnRcHVw,UCRTsD38mMGi7HnWFzlDUFYA,0
SXiP6nCy_Yw,UC4Gumj80pOghE8G7xq4Yxjg,0
C8C0KnnQ_As,UCS8uIXvlSK3HtC0p0VIWyTQ,0
ap4jyF9HzfY,UCj2Pn8nWcMGnDOdzstvVnbA,0
TRPHkaJ6EME,UCBGp_XPj3Oudk207UNw_tAg,0
yAT3zIMlFxE,UCj2Pn8nWcMGnDOdzstvVnbA,0
2uUFj0-y0rs,UC4Gumj80pOghE8G7xq4Yxjg,0
B2xvt9HytuA,UC7GZguUCh8gdEs-VKhWqkWA,0
WH_3kMR3qWA,UC8BzE8H7qoFa60JjaRgmIfg,0
uLDJZCcYMJY,UCBGp_XPj3Oudk207UNw_tAg,0
rVuKOTbLeAw,UCS8uIXvlSK3HtC0p0VIWyTQ,0
ubdgoLZ6Fp4,UCj2Pn8nWcMGnDOdzstvVnbA,0
CI0BZI7iVuU,UCj2Pn8nWcMGnDOdzstvVnbA,0
C9KCGbwhds0,UCBGp_XPj3Oudk207UNw_tAg,0
lJbOk5XmLmE,UCj2Pn8nWcMGnDOdzstvVnbA,0
WigyOe2HIVM,UCRTsD38mMGi7HnWFzlDUFYA,0
q-oubRps--I,UC7GZguUCh8gdEs-VKhWqkWA,0
1EfGKonTbuo,UCBGp_XPj3Oudk207UNw_tAg,0
Pn5CDFUfggw,UCj2Pn8nWcMGnDOdzstvVnbA,0
iY3whIOFKpw,UC4Gumj80pOghE8G7xq4Yxjg,0
BW-Poe1pGLY,UC4Gumj80pOghE8G7xq4Yxjg,0
d-T2s-fsirg,UC4Gumj80pOghE8G7xq4Yxjg,0
e_QAe_U8sbY,UCj2Pn8nWcMGnDOdzstvVnbA,0
DEVXUAdm45c,UCS8uIXvlSK3HtC0p0VIWyTQ,0
RdCIgL74BSs,UCBGp_XPj3Oudk207UNw_tAg,0
NT667xu5Sx8,UC4Gumj80pOghE8G7xq4Yxjg,0
BrQ_zKYTRdQ,UC7GZguUCh8gdEs-VKhWqkWA,0
9OlWDbvwoxQ,UC8BzE8H7qoFa60JjaRgmIfg,0
49x_Jyg7mKg,UCBGp_XPj3Oudk207UNw_tAg,0
eL3Oi7N_KjI,UCj2Pn8nWcMGnDOdzstvVnbA,0
mMauVHzE6gU,UCJ87OGZu8iQUO8IyACYYREg,0
25Pa6anxh2U,UCS8uIXvlSK3HtC0p0VIWyTQ,0
eriUfWQddok,UCBGp_XPj3Oudk207UNw_tAg,0
vtB3VnhRymI,UCj2Pn8nWcMGnDOdzstvVnbA,0
eohvsgyDQYA,UCJ87OGZu8iQUO8IyACYYREg,0
9xsHTAXerPE,UCj2Pn8nWcMGnDOdzstvVnbA,0
OAitMxzBC58,UC7GZguUCh8gdEs-VKhWqkWA,0
QEKIpmXvI-4,UC8BzE8H7qoFa60JjaRgmIfg,0
oi8NlfAHDwA,UCBGp_XPj3Oudk207UNw_tAg,0
_sBOWeNT24A,UCj2Pn8nWcMGnDOdzstvVnbA,0
Lkn7HkMiiKE,UCBGp_XPj3Oudk207UNw_tAg,0
PIA8xY6Qstk,UCj2Pn8nWcMGnDOdzstvVnbA,0
Losm0zU9sXg,UC8BzE8H7qoFa60JjaRgmIfg,0
NhueCXsHg00,UCS8uIXvlSK3HtC0p0VIWyTQ,0
dzd472yY9Ag,UCBGp_XPj3Oudk207UNw_tAg,0
Z_FWMSYAE-w,UC7GZguUCh8gdEs-VKhWqkWA,0
o5tUWNVb_gk,UCj2Pn8nWcMGnDOdzstvVnbA,0
OMmHgAes6E4,UCj2Pn8nWcMGnDOdzstvVnbA,0
rAKUgawbmoY,UC7GZguUCh8gdEs-VKhWqkWA,0
pdDC7u9PFKA,UC8BzE8H7qoFa60JjaRgmIfg,0
fiHltuFcPhs,UCS8uIXvlSK3HtC0p0VIWyTQ,0
xpLYfeH72UU,UC4Gumj80pOghE8G7xq4Yxjg,0
aTwtki_u0zQ,UCBGp_XPj3Oudk207UNw_tAg,0
QQJwHzdeF3I,UC_abqMV9cMg-TcQju9kXa5g,0
9CAf9EuYudI,UCj2Pn8nWcMGnDOdzstvVnbA,0
2yOZMgarKsE,UC4Gumj80pOghE8G7xq4Yxjg,0
IvUhZJFdsvY,UC4Gumj80pOghE8G7xq4Yxjg,0
UaibbjZhqS0,UCj2Pn8nWcMGnDOdzstvVnbA,0
WreBWpaSz2w,UC4Gumj80pOghE8G7xq4Yxjg,0
KF9lPq3zOpU,UCRTsD38mMGi7HnWFzlDUFYA,0
ek_zqDpwc9Y,UCBGp_XPj3Oudk207UNw_tAg,0
QWEzcsREXos,UC4Gumj80pOghE8G7xq4Yxjg,0
9w5PtJB8m1g,UC7GZguUCh8gdEs-VKhWqkWA,0
EUBB5JL0tOs,UC8BzE8H7qoFa60JjaRgmIfg,0
-Fjt0FNkIiM,UCj2Pn8nWcMGnDOdzstvVnbA,0
6ouwWZEwlhE,UC_abqMV9cMg-TcQju9kXa5g,0
JvRtPdIzSs8,UC4Gumj80pOghE8G7xq4Yxjg,0
Opszvabd9hU,UCBGp_XPj3Oudk207UNw_tAg,0
qsOsl40LgCM,UCj2Pn8nWcMGnDOdzstvVnbA,0
uXpSr_Hhkq4,UCj2Pn8nWcMGnDOdzstvVnbA,0
5adArTEqOZs,UCBGp_XPj3Oudk207UNw_tAg,0
w3bJbB_-Y8M,UC4Gumj80pOghE8G7xq4Yxjg,0
RpJC-cOFBLU,UC7GZguUCh8gdEs-VKhWqkWA,0
K0TwyjAdmmA,UC8BzE8H7qoFa60JjaRgmIfg,0
BNflNv9qZqs,UCj2Pn8nWcMGnDOdzstvVnbA,0
LxT8V2pciiA,UCBGp_XPj3Oudk207UNw_tAg,0
QSGUGrDYbWY,UCS8uIXvlSK3HtC0p0VIWyTQ,0
ylebPM5v7-s,UCj2Pn8nWcMGnDOdzstvVnbA,0
Kh6GUwLEv6M,UC8BzE8H7qoFa60JjaRgmIfg,0
Ig1qhpPzsWo,UCBGp_XPj3Oudk207UNw_tAg,0
sEbzRyoF2nA,UC7GZguUCh8gdEs-VKhWqkWA,0
tmDrpGdHxYU,UC8BzE8H7qoFa60JjaRgmIfg,0
vpcCx7_RRlc,UCj2Pn8nWcMGnDOdzstvVnbA,0
IRephGfe4_8,UCS8uIXvlSK3HtC0p0VIWyTQ,0
vjjXxpOwg8w,UC4Gumj80pOghE8G7xq4Yxjg,0
BTRr4-bz4kg,UCBGp_XPj3Oudk207UNw_tAg,0
I7KdIuLohXw,UC4Gumj80pOghE8G7xq4Yxjg,0
qGky20HuccI,UCj2Pn8nWcMGnDOdzstvVnbA,0
CWwO9iYEGDU,UCS8uIXvlSK3HtC0p0VIWyTQ,0
rb1rT6QimsI,UC4Gumj80pOghE8G7xq4Yxjg,0
7905fg9UVa8,UC7GZguUCh8gdEs-VKhWqkWA,0
4rMZYzvzlHM,UC8BzE8H7qoFa60JjaRgmIfg,0
iL_aLQV36Og,UCBGp_XPj3Oudk207UNw_tAg,0
gFoHBmBkUZI,UCj2Pn8nWcMGnDOdzstvVnbA,0
7jYOzT8NHMA,UCS8uIXvlSK3HtC0p0VIWyTQ,0
ry5cm-7bDl0,UCBGp_XPj3Oudk207UNw_tAg,0
L4Y8YQ1m8TY,UC7GZguUCh8gdEs-VKhWqkWA,0
9F6Qn2fhXqU,UC8BzE8H7qoFa60JjaRgmIfg,0
mJU-GXkesqk,UCBGp_XPj3Oudk207UNw_tAg,0
YqhT7uLg8TM,UCj2Pn8nWcMGnDOdzstvVnbA,0
JrhR9xe8jvk,UCS8uIXvlSK3HtC0p0VIWyTQ,0
VxiH2El7X1U,UC4Gumj80pOghE8G7xq4Yxjg,0
UVaoukId_p8,UCBGp_XPj3Oudk207UNw_tAg,0
mfpgz7FIOEI,UCRTsD38mMGi7HnWFzlDUFYA,0
Dof8Jn9Waow,UC7GZguUCh8gdEs-VKhWqkWA,0
yoTltkHKWWQ,UC8BzE8H7qoFa60JjaRgmIfg,0
1dZ5IBpfHhE,UCBGp_XPj3Oudk207UNw_tAg,0
Gk_5Jo8IRVk,UCBGp_XPj3Oudk207UNw_tAg,0
FqqiJmd8FWo,UC4Gumj80pOghE8G7xq4Yxjg,0
DpmoNh9d7QA,UCS8uIXvlSK3HtC0p0VIWyTQ,0
Hq8dMC7y7Eo,UCj2Pn8nWcMGnDOdzstvVnbA,0
CJchqxIANmQ,UC7GZguUCh8gdEs-VKhWqkWA,0
jFk1sYn_6Dk,UCBGp_XPj3Oudk207UNw_tAg,0
yH6DR1fdEO0,UCS8uIXvlSK3HtC0p0VIWyTQ,0
rVz5wfSyIPc,UCj2Pn8nWcMGnDOdzstvVnbA,0
4IlTzsFYtOU,UCBGp_XPj3Oudk207UNw_tAg,0
OJUJwia0oZk,UCS8uIXvlSK3HtC0p0VIWyTQ,0
eAlIRyW4ebU,UC7GZguUCh8gdEs-VKhWqkWA,0
MmfeDHzPPEs,UC8BzE8H7qoFa60JjaRgmIfg,0
dgyyme2JCh4,UCj2Pn8nWcMGnDOdzstvVnbA,0
kbmdW3_myUo,UCBGp_XPj3Oudk207UNw_tAg,0
JjHUyVNV6AE,UCS8uIXvlSK3HtC0p0VIWyTQ,0
EFQ_GbgXZYQ,UCj2Pn8nWcMGnDOdzstvVnbA,0
BsKVOQr9J2w,UCBGp_XPj3Oudk207UNw_tAg,0
huc_JwAL5cs,UC7GZguUCh8gdEs-VKhWqkWA,0
ilUGLez0nwo,UC8BzE8H7qoFa60JjaRgmIfg,0
o4rGWKyTWYw,UCj2Pn8nWcMGnDOdzstvVnbA,0
rzIo_K71wuU,UCBGp_XPj3Oudk207UNw_tAg,0
QVjLoGbgJdE,UC4Gumj80pOghE8G7xq4Yxjg,0
T37COirPaDQ,UCj2Pn8nWcMGnDOdzstvVnbA,0
-FwjHvV7jy4,UCS8uIXvlSK3HtC0p0VIWyTQ,0
AbUbfgXotnQ,UCBGp_XPj3Oudk207UNw_tAg,0
Uqq13zccsjY,UC_abqMV9cMg-TcQju9kXa5g,0
ELCPwpBDFLE,UC8BzE8H7qoFa60JjaRgmIfg,0
H7vbxPQUtGk,UC7GZguUCh8gdEs-VKhWqkWA,0
VLIYrHesR_8,UCj2Pn8nWcMGnDOdzstvVnbA,0
VPZoxRXt3VM,UCBGp_XPj3Oudk207UNw_tAg,0
9sUAAwr3sRU,UCj2Pn8nWcMGnDOdzstvVnbA,0
_1RS3qk9r0g,UC4Gumj80pOghE8G7xq4Yxjg,0
GahtV1lf4F8,UCpZLNDzplh9FDioOX-jnvKA,0
ERw0KaL5sG0,UCBGp_XPj3Oudk207UNw_tAg,0
-BS8a3hqQQk,UCS8uIXvlSK3HtC0p0VIWyTQ,0
jPUczpooGhM,UCj2Pn8nWcMGnDOdzstvVnbA,0
fzP7kDBhXS8,UC7GZguUCh8gdEs-VKhWqkWA,0
4bMSjdA9ZQw,UC8BzE8H7qoFa60JjaRgmIfg,0
9VbPJdL1wkc,UCBGp_XPj3Oudk207UNw_tAg,0
qb-drBnaZho,UCj2Pn8nWcMGnDOdzstvVnbA,0
qWyj7LodLDo,UCS8uIXvlSK3HtC0p0VIWyTQ,0
_TRX2j2RHQ0,UCBGp_XPj3Oudk207UNw_tAg,0
Y_kbZ09GHiI,UCpZLNDzplh9FDioOX-jnvKA,0
S0Fz0jiazuc,UC7GZguUCh8gdEs-VKhWqkWA,0
B3Ywu0JIwGs,UCBGp_XPj3Oudk207UNw_tAg,0
1LmKCAXOy8c,UCj2Pn8nWcMGnDOdzstvVnbA,0
kdbAxCK05iE,UCJ87OGZu8iQUO8IyACYYREg,0
K_4nsn-8mQ4,UCBGp_XPj3Oudk207UNw_tAg,0
jmlO_YMtYNs,UCS8uIXvlSK3HtC0p0VIWyTQ,0
LyEOTOx8sAc,UCj2Pn8nWcMGnDOdzstvVnbA,0
VZ7m1h0nRng,UC7GZguUCh8gdEs-VKhWqkWA,0
TmT0KDbFWuc,UC8BzE8H7qoFa60JjaRgmIfg,0
v-LxVA0eIpU,UCBGp_XPj3Oudk207UNw_tAg,0
VK4Enb6xZfQ,UCS8uIXvlSK3HtC0p0VIWyTQ,0
TxXdoO0bJio,UCBGp_XPj3Oudk207UNw_tAg,0
ADICSJAK8JU,UCpZLNDzplh9FDioOX-jnvKA,0
zcrx0aKpVY0,UCRTsD38mMGi7HnWFzlDUFYA,0
D8osCfRQnq8,UC7GZguUCh8gdEs-VKhWqkWA,0
r35yXuI7WCU,UC8BzE8H7qoFa60JjaRgmIfg,0
VQS7a-lpoww,UCS8uIXvlSK3HtC0p0VIWyTQ,0
-cnqIv5AL84,UCBGp_XPj3Oudk207UNw_tAg,0
Pptc_s_IeCA,UCj2Pn8nWcMGnDOdzstvVnbA,0
g-A8XCxH8BA,UCBGp_XPj3Oudk207UNw_tAg,0
ZfXui4ZwEb0,UCS8uIXvlSK3HtC0p0VIWyTQ,0
9eTIq4Ilh1c,UCj2Pn8nWcMGnDOdzstvVnbA,0
Gym0lvgIyqc,UC7GZguUCh8gdEs-VKhWqkWA,0
XEScw431760,UC8BzE8H7qoFa60JjaRgmIfg,0
HdBkwN7gvuw,UCpZLNDzplh9FDioOX-jnvKA,0
U61Ges_cwDE,UCpZLNDzplh9FDioOX-jnvKA,0
jmpO7CObSKs,UCpZLNDzplh9FDioOX-jnvKA,0
cpWjHn7uwyE,UCpZLNDzplh9FDioOX-jnvKA,0
lMRlZEDaSps,UCBGp_XPj3Oudk207UNw_tAg,0
bVqMScgh1Xw,UCJ87OGZu8iQUO8IyACYYREg,0
NLXwdbljo0o,UCS8uIXvlSK3HtC0p0VIWyTQ,0
9VOmr1Wd6Xo,UCj2Pn8nWcMGnDOdzstvVnbA,0
__SMkWgdj_A,UC7GZguUCh8gdEs-VKhWqkWA,0
e7oL_4xScDw,UC8BzE8H7qoFa60JjaRgmIfg,0
n_plpPJNKps,UCJ87OGZu8iQUO8IyACYYREg,0
w9GxAFFNBzU,UCS8uIXvlSK3HtC0p0VIWyTQ,0
7Psc1hLMRl8,UCj2Pn8nWcMGnDOdzstvVnbA,0
FqCfDH-IWPc,UCBGp_XPj3Oudk207UNw_tAg,0
nSpX80egzMg,UCJ87OGZu8iQUO8IyACYYREg,0
3iIuTWLLDLY,UCRTsD38mMGi7HnWFzlDUFYA,0
k_LndokDLMg,UCj2Pn8nWcMGnDOdzstvVnbA,0
qPg2L8nTqQ8,UC7GZguUCh8gdEs-VKhWqkWA,0
mU5C2L7k61c,UC8BzE8H7qoFa60JjaRgmIfg,0
j2KnmomMMuk,UCS8uIXvlSK3HtC0p0VIWyTQ,0
AA1epg_XPx8,UCBGp_XPj3Oudk207UNw_tAg,0
OfkqRof2qwA,UCj2Pn8nWcMGnDOdzstvVnbA,0
cBSkQqiP7Wo,UCBGp_XPj3Oudk207UNw_tAg,0
DvqG6WljSVM,UCj2Pn8nWcMGnDOdzstvVnbA,0
7CT5kIYqFsk,UCBGp_XPj3Oudk207UNw_tAg,0
_wCjbuirvFM,UCS8uIXvlSK3HtC0p0VIWyTQ,0
x6bdNwKI-F8,UCBGp_XPj3Oudk207UNw_tAg,0
DJMTLA-Qe8U,UC7GZguUCh8gdEs-VKhWqkWA,0
OOynfXHHsUQ,UCpZLNDzplh9FDioOX-jnvKA,0
Pgl9kw4u4tA,UCj2Pn8nWcMGnDOdzstvVnbA,0
JfL3H3pD3gg,UCBGp_XPj3Oudk207UNw_tAg,0
4-UUCtOCYzI,UCS8uIXvlSK3HtC0p0VIWyTQ,0
cQGyqCSP2lM,UCj2Pn8nWcMGnDOdzstvVnbA,0
jJYvc2tbVkQ,UCBGp_XPj3Oudk207UNw_tAg,0
OMQ8cEubFUA,UC7GZguUCh8gdEs-VKhWqkWA,0
mxoDFwWANM4,UCj2Pn8nWcMGnDOdzstvVnbA,0
Tjp-6F2Xses,UCBGp_XPj3Oudk207UNw_tAg,0
qmr4DIV0hyQ,UCj2Pn8nWcMGnDOdzstvVnbA,0
wCcu-XjhMoU,UC7GZguUCh8gdEs-VKhWqkWA,0
TEIYN9s7GVs,UC8BzE8H7qoFa60JjaRgmIfg,0
4MgSjJ1Yz4A,UCS8uIXvlSK3HtC0p0VIWyTQ,0
s91Nb1wt8UU,UCBGp_XPj3Oudk207UNw_tAg,0
M4GgK-3aBnI,UCj2Pn8nWcMGnDOdzstvVnbA,0
rx2biKDZ-7U,UCj2Pn8nWcMGnDOdzstvVnbA,0
cD2iYiRzqTg,UCS8uIXvlSK3HtC0p0VIWyTQ,0
MYjqbYqAo60,UCBGp_XPj3Oudk207UNw_tAg,0
27AJj6XiR9Y,UCj2Pn8nWcMGnDOdzstvVnbA,0
DnSOrAUNxcM,UC7GZguUCh8gdEs-VKhWqkWA,0
6qM1JUCyV-M,UC8BzE8H7qoFa60JjaRgmIfg,0
p_oEjBlUmwg,UCj2Pn8nWcMGnDOdzstvVnbA,0
6cLOd-0nR4A,UCS8uIXvlSK3HtC0p0VIWyTQ,0
BOw7kWpCSZg,UCBGp_XPj3Oudk207UNw_tAg,0
KWuO-1TkR0g,UCj2Pn8nWcMGnDOdzstvVnbA,0
ZOjprLr2C10,UCj2Pn8nWcMGnDOdzstvVnbA,0
Syyf1ZyuOC0,UC7GZguUCh8gdEs-VKhWqkWA,0
dIYNsEIDPxE,UC8BzE8H7qoFa60JjaRgmIfg,0
P9KuGhZDVbM,UCBGp_XPj3Oudk207UNw_tAg,0
EcKfxDmf1Cc,UCj2Pn8nWcMGnDOdzstvVnbA,0
ytsT39YjOms,UCj2Pn8nWcMGnDOdzstvVnbA,0
rUsf5mwrgtg,UCS8uIXvlSK3HtC0p0VIWyTQ,0
ZRCtD_WoNZs,UCBGp_XPj3Oudk207UNw_tAg,0
TVYr_9JrHhQ,UCj2Pn8nWcMGnDOdzstvVnbA,0
r2RF1Mp4iBU,UC7GZguUCh8gdEs-VKhWqkWA,0
WqVTPJ9ZvqE,UC8BzE8H7qoFa60JjaRgmIfg,0
Kh5P4DtyKfY,UCBGp_XPj3Oudk207UNw_tAg,0
EOiTGMihcJU,UCj2Pn8nWcMGnDOdzstvVnbA,0
99jaYK3zwbA,UCRTsD38mMGi7HnWFzlDUFYA,0
utccaIwY5aA,UCS8uIXvlSK3HtC0p0VIWyTQ,0
HWQHm4nsXvI,UCj2Pn8nWcMGnDOdzstvVnbA,0
TvwaX-4yFAg,UCBGp_XPj3Oudk207UNw_tAg,0
3jRK62t8suE,UC7GZguUCh8gdEs-VKhWqkWA,0
eRlquxQVdO4,UCj2Pn8nWcMGnDOdzstvVnbA,0
jawIKZaMcf8,UCS8uIXvlSK3HtC0p0VIWyTQ,0
qT82e17VuVo,UCj2Pn8nWcMGnDOdzstvVnbA,0
NBypyCZTC3g,UCj2Pn8nWcMGnDOdzstvVnbA,0
81bk7h1QIOI,UC7GZguUCh8gdEs-VKhWqkWA,0
BbYjadrC5QI,UC8BzE8H7qoFa60JjaRgmIfg,0
vBEVAbLKL34,UCS8uIXvlSK3HtC0p0VIWyTQ,0
q0Tl8HxgBwY,UCBGp_XPj3Oudk207UNw_tAg,0
M4OPm73ileY,UCj2Pn8nWcMGnDOdzstvVnbA,0
tDaGWupr6mM,UCpZLNDzplh9FDioOX-jnvKA,0
g8NOi1fHW-4,UC7GZguUCh8gdEs-VKhWqkWA,0
RIDshJZr-Ws,UC8BzE8H7qoFa60JjaRgmIfg,0
1aHrlBA6Gcs,UCS8uIXvlSK3HtC0p0VIWyTQ,0
hbOUoMUT594,UCj2Pn8nWcMGnDOdzstvVnbA,0
McanIP5wP8s,UCBGp_XPj3Oudk207UNw_tAg,0
XDTt0C5hWWw,UCRTsD38mMGi7HnWFzlDUFYA,0
jlV4AELSsOU,UCj2Pn8nWcMGnDOdzstvVnbA,0
z6iVXbA0UcA,UCBGp_XPj3Oudk207UNw_tAg,0
Nk4b7Mz1XVM,UC8BzE8H7qoFa60JjaRgmIfg,0
ZvRA4OHBGTg,UCj2Pn8nWcMGnDOdzstvVnbA,0
dUAF0FP_nqs,UC7GZguUCh8gdEs-VKhWqkWA,0
BafgoJJHcqM,UCS8uIXvlSK3HtC0p0VIWyTQ,0
RDhdpNVUFAc,UCBGp_XPj3Oudk207UNw_tAg,0
e2EAHkJJ88Q,UCj2Pn8nWcMGnDOdzstvVnbA,0
7CH6ZxpKt28,UCBGp_XPj3Oudk207UNw_tAg,0
lg8HAFzDSgk,UCj2Pn8nWcMGnDOdzstvVnbA,0
0MKi0CNDh0U,UCRTsD38mMGi7HnWFzlDUFYA,0
4bC_jtBjMsM,UC7GZguUCh8gdEs-VKhWqkWA,0
I0GHvFI9E2s,UC8BzE8H7qoFa60JjaRgmIfg,0
kCnSpsjts6I,UCS8uIXvlSK3HtC0p0VIWyTQ,0
d69TXkweaDs,UCBGp_XPj3Oudk207UNw_tAg,0
M7FLePXLfUE,UCj2Pn8nWcMGnDOdzstvVnbA,0
7Ys03dWpBEc,UCBGp_XPj3Oudk207UNw_tAg,0
-sFDHq8L3ws,UCj2Pn8nWcMGnDOdzstvVnbA,0
8bcBaLZFNB4,UC8BzE8H7qoFa60JjaRgmIfg,0
wvUZ0R6Hzng,UCS8uIXvlSK3HtC0p0VIWyTQ,0
iX_-9ydxD7I,UCBGp_XPj3Oudk207UNw_tAg,0
OX6gl2FwjOU,UCj2Pn8nWcMGnDOdzstvVnbA,0
iTMBsGOYio0,UC7GZguUCh8gdEs-VKhWqkWA,0
b2QZaOCvzss,UCj2Pn8nWcMGnDOdzstvVnbA,0
PntDi-L8WMc,UCBGp_XPj3Oudk207UNw_tAg,0
-3L-h9vZJRY,UCS8uIXvlSK3HtC0p0VIWyTQ,0
46TCNPo8V5Y,UCpZLNDzplh9FDioOX-jnvKA,0
tUVWFYxb4H4,UCBGp_XPj3Oudk207UNw_tAg,0
Z2ZByIWAWZg,UC7GZguUCh8gdEs-VKhWqkWA,0
Wx2P6Q1cf0k,UC8BzE8H7qoFa60JjaRgmIfg,0
hXPeXvlXpFo,UCS8uIXvlSK3HtC0p0VIWyTQ,0
e4u0ZVSl2UU,UCBGp_XPj3Oudk207UNw_tAg,0
C3XfWQ8z3zQ,UCS8uIXvlSK3HtC0p0VIWyTQ,0
_nPhdDWvHZ4,UCBGp_XPj3Oudk207UNw_tAg,0
SNcfzVNB-Cc,UC7GZguUCh8gdEs-VKhWqkWA,0
PD0FxzP8Ukw,UC8BzE8H7qoFa60JjaRgmIfg,0
CJAXVrcDPKA,UCBGp_XPj3Oudk207UNw_tAg,0
12fnB86F29c,UCS8uIXvlSK3HtC0p0VIWyTQ,0
o8Fnxtmu7FM,UC7GZguUCh8gdEs-VKhWqkWA,0
UkWuTGV46t4,UC8BzE8H7qoFa60JjaRgmIfg,0
eVYtRNAf6VM,UCBGp_XPj3Oudk207UNw_tAg,0
VB5qy8uP0do,UCBGp_XPj3Oudk207UNw_tAg,0
-83I8Si47ps,UCS8uIXvlSK3HtC0p0VIWyTQ,0
abptlGgqVP4,UCpZLNDzplh9FDioOX-jnvKA,0
fpkfx4FA2XY,UC7GZguUCh8gdEs-VKhWqkWA,0
qV-zUR16zTI,UCS8uIXvlSK3HtC0p0VIWyTQ,0
Z_FXF1RHFew,UCBGp_XPj3Oudk207UNw_tAg,0
AComQtwWv2Q,UCpZLNDzplh9FDioOX-jnvKA,0
W5eIi7bYnOc,UC7GZguUCh8gdEs-VKhWqkWA,0
EGH403R34-k,UC7GZguUCh8gdEs-VKhWqkWA,0
scTOJJbecGw,UCBGp_XPj3Oudk207UNw_tAg,0
lTL77XKlyKM,UCS8uIXvlSK3HtC0p0VIWyTQ,0
V1bQBSSQghE,UCBGp_XPj3Oudk207UNw_tAg,0
RRPMUq4ZY0Y,UC7GZguUCh8gdEs-VKhWqkWA,0
vwW5e9bxgSE,UC8BzE8H7qoFa60JjaRgmIfg,0
tonWv4HAitY,UCBGp_XPj3Oudk207UNw_tAg,0
JgT_dvHyRUc,UCS8uIXvlSK3HtC0p0VIWyTQ,0
nIcbWFOz7qI,UCBGp_XPj3Oudk207UNw_tAg,0
hmflOVffBYY,UCBGp_XPj3Oudk207UNw_tAg,0
dQYccb1MeOY,UC7GZguUCh8gdEs-VKhWqkWA,0
8ri9nrv-PJg,UCpZLNDzplh9FDioOX-jnvKA,0
60uStfv3H8k,UCBGp_XPj3Oudk207UNw_tAg,0
IjOx-y3fkCM,UCS8uIXvlSK3HtC0p0VIWyTQ,0
C5b43VKmBRQ,UCBGp_XPj3Oudk207UNw_tAg,0
2G07-frG4-8,UCBGp_XPj3Oudk207UNw_tAg,0
jUQIMcWLH0U,UCS8uIXvlSK3HtC0p0VIWyTQ,0
AksdmTN5l9E,UCBGp_XPj3Oudk207UNw_tAg,0
1KBcGG-nKYc,UC7GZguUCh8gdEs-VKhWqkWA,0
JAK5LPWO0_c,UC8BzE8H7qoFa60JjaRgmIfg,0
NE5Kls2FgeM,UCBGp_XPj3Oudk207UNw_tAg,0
2bsbCIiQWhI,UC7GZguUCh8gdEs-VKhWqkWA,0
7bAOp0hR7Fk,UC8BzE8H7qoFa60JjaRgmIfg,0
SoU3E2a2ZC0,UCS8uIXvlSK3HtC0p0VIWyTQ,0
d5MA-tLHsEc,UCS8uIXvlSK3HtC0p0VIWyTQ,0
W4uEneU8qX0,UCBGp_XPj3Oudk207UNw_tAg,0
d1Yw7pVXkFM,UC7GZguUCh8gdEs-VKhWqkWA,0
X1Ybw0-PBw0,UC8BzE8H7qoFa60JjaRgmIfg,0
NpBC0agk-OI,UCRTsD38mMGi7HnWFzlDUFYA,0
LXOg59Q4wqQ,UCpZLNDzplh9FDioOX-jnvKA,0
kNp8kKSGQWo,UCj2Pn8nWcMGnDOdzstvVnbA,0
Autzhw88AZc,UCS8uIXvlSK3HtC0p0VIWyTQ,0
spSw_G1VmiE,UCBGp_XPj3Oudk207UNw_tAg,0
hLqA1HLX_1c,UCj2Pn8nWcMGnDOdzstvVnbA,0
e1Krucbba10,UC7GZguUCh8gdEs-VKhWqkWA,0
AOoLqU9x1RI,UC8BzE8H7qoFa60JjaRgmIfg,0
oDNlrGL4s7w,UCBGp_XPj3Oudk207UNw_tAg,0
5-VmazjqZG8,UCS8uIXvlSK3HtC0p0VIWyTQ,0
45MTUfHuWjo,UCj2Pn8nWcMGnDOdzstvVnbA,0
vhLYX964VWU,UCBGp_XPj3Oudk207UNw_tAg,0
Aq2WomJpWF4,UC_abqMV9cMg-TcQju9kXa5g,0
BA0qTZs853E,UCS8uIXvlSK3HtC0p0VIWyTQ,0
JP899JhjS3Q,UC7GZguUCh8gdEs-VKhWqkWA,0
xJdaG4eh3No,UCBGp_XPj3Oudk207UNw_tAg,0
rgn8leLVI3c,UCS8uIXvlSK3HtC0p0VIWyTQ,0
_j_f0OH0-wM,UCBGp_XPj3Oudk207UNw_tAg,0
F0tJWH7akwQ,UCj2Pn8nWcMGnDOdzstvVnbA,0
vBB7eQhZees,UCRTsD38mMGi7HnWFzlDUFYA,0
a1KPpvo5rAQ,UCBGp_XPj3Oudk207UNw_tAg,0
5fuX0JA-ml4,UC7GZguUCh8gdEs-VKhWqkWA,0
8auvDUdt7Ns,UC8BzE8H7qoFa60JjaRgmIfg,0
IjVm9PxvzHo,UCBGp_XPj3Oudk207UNw_tAg,0
XoDYmLyuf-w,UCj2Pn8nWcMGnDOdzstvVnbA,0
eHGgN4moxa8,UCS8uIXvlSK3HtC0p0VIWyTQ,0
QgTA7vod9-Q,UCpZLNDzplh9FDioOX-jnvKA,0
jDxDwy4q4bs,UCBGp_XPj3Oudk207UNw_tAg,0
q7liFqf1ylU,UCj2Pn8nWcMGnDOdzstvVnbA,0
Dz-mdbWRsuA,UCBGp_XPj3Oudk207UNw_tAg,0
O0yVrlyMA2Y,UCj2Pn8nWcMGnDOdzstvVnbA,0
UVgknsxBp7c,UCS8uIXvlSK3HtC0p0VIWyTQ,0
myKsG5ckfW8,UCBGp_XPj3Oudk207UNw_tAg,0
cYFrHtNIJ7Y,UCj2Pn8nWcMGnDOdzstvVnbA,0
DgAvNg_Hh0k,UC7GZguUCh8gdEs-VKhWqkWA,0
xX4MALHJVyc,UC8BzE8H7qoFa60JjaRgmIfg,0
wPh3Io7uhws,UCBGp_XPj3Oudk207UNw_tAg,0
bcGPgS8QFNY,UCj2Pn8nWcMGnDOdzstvVnbA,0
1BY27VyEp1Q,UCj2Pn8nWcMGnDOdzstvVnbA,0
lgQPwbdB9q0,UCj2Pn8nWcMGnDOdzstvVnbA,0
EQDF6dzaKU0,UCj2Pn8nWcMGnDOdzstvVnbA,0
7sKsEHP33S8,UCS8uIXvlSK3HtC0p0VIWyTQ,0
C9Fd_2-cm1s,UCBGp_XPj3Oudk207UNw_tAg,0
EwXL3Yeaom4,UCj2Pn8nWcMGnDOdzstvVnbA,0
VZ7c46qBH-M,UC7GZguUCh8gdEs-VKhWqkWA,0
LVTCzcOkYCw,UC8BzE8H7qoFa60JjaRgmIfg,0
bj-I5cubbA4,UCBGp_XPj3Oudk207UNw_tAg,0
NMoWkTpPals,UCBGp_XPj3Oudk207UNw_tAg,0
a6PmIrIaxWg,UCS8uIXvlSK3HtC0p0VIWyTQ,0
0qKSdxmltN0,UCBGp_XPj3Oudk207UNw_tAg,0
chVKDagOAvA,UCj2Pn8nWcMGnDOdzstvVnbA,0
gQ4R4BbFVzI,UC7GZguUCh8gdEs-VKhWqkWA,0
A2862F-ItpM,UCS8uIXvlSK3HtC0p0VIWyTQ,0
_RMM815_oVY,UCBGp_XPj3Oudk207UNw_tAg,0
D4GXEKPEJbw,UCpZLNDzplh9FDioOX-jnvKA,0
XeCQsaCSm-c,UCj2Pn8nWcMGnDOdzstvVnbA,0
6EZrZDfIPDU,UCBGp_XPj3Oudk207UNw_tAg,0
4iE2Exrg8cA,UC_abqMV9cMg-TcQju9kXa5g,0
WmYo4qR9o0Q,UC7GZguUCh8gdEs-VKhWqkWA,0
NU5PujmJF4Y,UC8BzE8H7qoFa60JjaRgmIfg,0
4p46C_bJsvo,UCS8uIXvlSK3HtC0p0VIWyTQ,0
5bVVRspZJPY,UCBGp_XPj3Oudk207UNw_tAg,0
5zoMYNh7Dkg,UC_abqMV9cMg-TcQju9kXa5g,0
XS4pe1YWANA,UCS8uIXvlSK3HtC0p0VIWyTQ,0
hlerKtqYPl8,UC7GZguUCh8gdEs-VKhWqkWA,0
q8G19yXqDCI,UC8BzE8H7qoFa60JjaRgmIfg,0
vDc1b4cd7nM,UCBGp_XPj3Oudk207UNw_tAg,0
LtIh3o-LrpY,UC_abqMV9cMg-TcQju9kXa5g,0
n3Je49z4P-c,UCBGp_XPj3Oudk207UNw_tAg,0
xdxfKAKszcs,UCS8uIXvlSK3HtC0p0VIWyTQ,0
FApI6nzXMbg,UCpZLNDzplh9FDioOX-jnvKA,0
vhslbk5YhuE,UC7GZguUCh8gdEs-VKhWqkWA,0
aGx3MpefPcE,UC8BzE8H7qoFa60JjaRgmIfg,0
dfL85Un3pgE,UCBGp_XPj3Oudk207UNw_tAg,0
EE8LOAMisbw,UCS8uIXvlSK3HtC0p0VIWyTQ,0
J5BeTib7tWE,UCBGp_XPj3Oudk207UNw_tAg,0
RNflxss85D4,UCj2Pn8nWcMGnDOdzstvVnbA,0
qavzPrjKo4w,UCRTsD38mMGi7HnWFzlDUFYA,0
m-TM2eatmz8,UCBGp_XPj3Oudk207UNw_tAg,0
a18AEUIyMVY,UC7GZguUCh8gdEs-VKhWqkWA,0
eeiE53g8wSc,UC8BzE8H7qoFa60JjaRgmIfg,0
xgblMkDeK-o,UCS8uIXvlSK3HtC0p0VIWyTQ,0
WvJFp-lIB2k,UCBGp_XPj3Oudk207UNw_tAg,0
O4_OziMKjSI,UCj2Pn8nWcMGnDOdzstvVnbA,0
6aopVUFyYFA,UCj2Pn8nWcMGnDOdzstvVnbA,0
rur6JKlFOyU,UCS8uIXvlSK3HtC0p0VIWyTQ,0
so9thTuWvPo,UCBGp_XPj3Oudk207UNw_tAg,0
gBMPQLWn50Q,UC7GZguUCh8gdEs-VKhWqkWA,0
Cg6ATBjhlxM,UC8BzE8H7qoFa60JjaRgmIfg,0
roVMYKinry0,UCBGp_XPj3Oudk207UNw_tAg,0
g-z-gv4LunM,UCS8uIXvlSK3HtC0p0VIWyTQ,0
PI5LTXXQVrU,UCpZLNDzplh9FDioOX-jnvKA,0
Y9tbdml8cLQ,UCBGp_XPj3Oudk207UNw_tAg,0
CkFMXr6wWo4,UCj2Pn8nWcMGnDOdzstvVnbA,0
oCBwSRcX94k,UCj2Pn8nWcMGnDOdzstvVnbA,0
lePnqEyR8EM,UC7GZguUCh8gdEs-VKhWqkWA,0
qHhXWau-Hj8,UC8BzE8H7qoFa60JjaRgmIfg,0
MZWCFCDVC7A,UCBGp_XPj3Oudk207UNw_tAg,0
2cB24_1Xdys,UCj2Pn8nWcMGnDOdzstvVnbA,0
da4sQHlgyDs,UCBGp_XPj3Oudk207UNw_tAg,0
yDMQeK2OEW8,UCj2Pn8nWcMGnDOdzstvVnbA,0
q6S7IAB09Zo,UCS8uIXvlSK3HtC0p0VIWyTQ,0
efB0M8BWABY,UCBGp_XPj3Oudk207UNw_tAg,0
T8_k2O_Yhwg,UCj2Pn8nWcMGnDOdzstvVnbA,0
aZmO-hVTLF0,UC7GZguUCh8gdEs-VKhWqkWA,0
lHTz5uOTG18,UCS8uIXvlSK3HtC0p0VIWyTQ,0
sMlGBoczJvU,UCpZLNDzplh9FDioOX-jnvKA,0
TBcb5RW8eig,UCBGp_XPj3Oudk207UNw_tAg,0
9gNvhInR5YQ,UCj2Pn8nWcMGnDOdzstvVnbA,0
PSOPuHbxSMU,UCj2Pn8nWcMGnDOdzstvVnbA,0
qMupyR6SnAk,UCBGp_XPj3Oudk207UNw_tAg,0
qkGm7AYeUNw,UCj2Pn8nWcMGnDOdzstvVnbA,0
YC3HRHML6E8,UC8BzE8H7qoFa60JjaRgmIfg,0
IO77fIJ_yDA,UCS8uIXvlSK3HtC0p0VIWyTQ,0
NyGDQDjOBT4,UCBGp_XPj3Oudk207UNw_tAg,0
yKlcnlMLKog,UCj2Pn8nWcMGnDOdzstvVnbA,0
yJ41wkdQqeg,UCS8uIXvlSK3HtC0p0VIWyTQ,0
NeY8ExQWVTs,UCj2Pn8nWcMGnDOdzstvVnbA,0
f7C_NnenJ7Y,UCBGp_XPj3Oudk207UNw_tAg,0
4Oqgzwx8jhY,UCj2Pn8nWcMGnDOdzstvVnbA,0
tHRLWeHGeDQ,UC7GZguUCh8gdEs-VKhWqkWA,0
CPMkYpj8nbA,UC8BzE8H7qoFa60JjaRgmIfg,0
BggCb2aDJJs,UCS8uIXvlSK3HtC0p0VIWyTQ,0
XzSSPw83PAI,UCj2Pn8nWcMGnDOdzstvVnbA,0
RZu7Cc93wwQ,UCBGp_XPj3Oudk207UNw_tAg,0
JB4SFxMNtSI,UCj2Pn8nWcMGnDOdzstvVnbA,0
lS4V-bqII-U,UCBGp_XPj3Oudk207UNw_tAg,0
2GkbOLCVVQ4,UC_abqMV9cMg-TcQju9kXa5g,0
TpBy0OnZWH0,UCS8uIXvlSK3HtC0p0VIWyTQ,0
iR77Or_Uivs,UCj2Pn8nWcMGnDOdzstvVnbA,0
KNsck_bFwYY,UC7GZguUCh8gdEs-VKhWqkWA,0
G6wBVYGqboU,UC8BzE8H7qoFa60JjaRgmIfg,0
_NBhL476s1o,UCj2Pn8nWcMGnDOdzstvVnbA,0
H_MgYCkLPr0,UCBGp_XPj3Oudk207UNw_tAg,0
rrUXMPe2NyA,UCj2Pn8nWcMGnDOdzstvVnbA,0
FscdA_cuJqI,UCRTsD38mMGi7HnWFzlDUFYA,0
ZcFAVc6ZKcs,UCS8uIXvlSK3HtC0p0VIWyTQ,0
71Lm0Gsb4-k,UC7GZguUCh8gdEs-VKhWqkWA,0
gH8gBoP7YwU,UCBGp_XPj3Oudk207UNw_tAg,0
GaNqKTvGzho,UCj2Pn8nWcMGnDOdzstvVnbA,0
xu-SB82znIM,UCj2Pn8nWcMGnDOdzstvVnbA,0
nftr83ILFdw,UCS8uIXvlSK3HtC0p0VIWyTQ,0
_t-JY6l9UGI,UCBGp_XPj3Oudk207UNw_tAg,0
rqFqCc8TrUw,UC7GZguUCh8gdEs-VKhWqkWA,0
y8ZGZlyoCAc,UC8BzE8H7qoFa60JjaRgmIfg,0
QbmLrl501rU,UCj2Pn8nWcMGnDOdzstvVnbA,0
hxkbEYApw54,UCBGp_XPj3Oudk207UNw_tAg,0
CNsKAzZtEWY,UCS8uIXvlSK3HtC0p0VIWyTQ,0
wmEhN16YIyg,UCBGp_XPj3Oudk207UNw_tAg,0
wNhp4UhMem8,UCpZLNDzplh9FDioOX-jnvKA,0
HFyO4oYI4CU,UC7GZguUCh8gdEs-VKhWqkWA,0
bdvfHHTAJ3E,UC8BzE8H7qoFa60JjaRgmIfg,0
ZN9foWNeKmQ,UCS8uIXvlSK3HtC0p0VIWyTQ,0
fH33QijOYFI,UCBGp_XPj3Oudk207UNw_tAg,0
2bUZqX3K0D0,UCj2Pn8nWcMGnDOdzstvVnbA,0
yzF7MtzNHww,UCBGp_XPj3Oudk207UNw_tAg,0
MJ0lTusXOEE,UCj2Pn8nWcMGnDOdzstvVnbA,0
FhNYHCTUx3Y,UC7GZguUCh8gdEs-VKhWqkWA,0
_N_m8qUmZmo,UC8BzE8H7qoFa60JjaRgmIfg,0
kjQOn4vWZ5Y,UCS8uIXvlSK3HtC0p0VIWyTQ,0
x3F4b3aCe6I,UCBGp_XPj3Oudk207UNw_tAg,0
Igfy4Uc582I,UCj2Pn8nWcMGnDOdzstvVnbA,0
KTNG6kwX3U0,UCBGp_XPj3Oudk207UNw_tAg,0
yYRVlD2JKZ8,UC_abqMV9cMg-TcQju9kXa5g,0
O3NuCdqSBX0,UC7GZguUCh8gdEs-VKhWqkWA,0
SyG8bh06oNU,UC8BzE8H7qoFa60JjaRgmIfg,0
owBzAaEL0Ew,UCBGp_XPj3Oudk207UNw_tAg,0
kv37NC71GUM,UCS8uIXvlSK3HtC0p0VIWyTQ,0
zNdQy3yyBgQ,UCBGp_XPj3Oudk207UNw_tAg,0
9AATtQeKVmk,UCS8uIXvlSK3HtC0p0VIWyTQ,0
uIh9LuRfric,UCj2Pn8nWcMGnDOdzstvVnbA,0
Hipe0T5RtHs,UCRTsD38mMGi7HnWFzlDUFYA,0
R0HH-Kz4zYc,UCBGp_XPj3Oudk207UNw_tAg,0
MKA_wilnRrU,UC7GZguUCh8gdEs-VKhWqkWA,0
D8C7wuDRLQQ,UCj2Pn8nWcMGnDOdzstvVnbA,0
h6HIX2SlSQ0,UCS8uIXvlSK3HtC0p0VIWyTQ,0
THWLqNRJfwQ,UCj2Pn8nWcMGnDOdzstvVnbA,0
k3be0lxRxRc,UCBGp_XPj3Oudk207UNw_tAg,0
NPLyk4odarA,UCj2Pn8nWcMGnDOdzstvVnbA,0
cjeKbj8QDOc,UCBGp_XPj3Oudk207UNw_tAg,0
zdn5PTWQ3o8,UC7GZguUCh8gdEs-VKhWqkWA,0
TqlbR_dcjmw,UC8BzE8H7qoFa60JjaRgmIfg,0
OzIV49eZ3BA,UCj2Pn8nWcMGnDOdzstvVnbA,0
hiDIPWQThTY,UCBGp_XPj3Oudk207UNw_tAg,0
EITNCLM_YqI,UCj2Pn8nWcMGnDOdzstvVnbA,0
jTGovbqzkks,UCS8uIXvlSK3HtC0p0VIWyTQ,0
ZzXFus2CyUI,UC8BzE8H7qoFa60JjaRgmIfg,0
PN3OOkye0Vs,UCj2Pn8nWcMGnDOdzstvVnbA,0
-tP1eEMBsS8,UCBGp_XPj3Oudk207UNw_tAg,0
G4FxGmm38dQ,UCj2Pn8nWcMGnDOdzstvVnbA,0
qsrKzbumyuM,UC7GZguUCh8gdEs-VKhWqkWA,0
xraP0hoa2lc,UC8BzE8H7qoFa60JjaRgmIfg,0
Gn4cp4SLKMg,UCS8uIXvlSK3HtC0p0VIWyTQ,0
cOUE70VDVLE,UCBGp_XPj3Oudk207UNw_tAg,0
f1A4rHJ3rX0,UCBGp_XPj3Oudk207UNw_tAg,0
gyasAxMm7e0,UCBGp_XPj3Oudk207UNw_tAg,0
9ryEGi639Ig,UCpZLNDzplh9FDioOX-jnvKA,0
K_r2HphFd4I,UCj2Pn8nWcMGnDOdzstvVnbA,0
qiYskcC6hYw,UCRTsD38mMGi7HnWFzlDUFYA,0
se9IIxXsVpM,UC7GZguUCh8gdEs-VKhWqkWA,0
Yrdg1VmxmZs,UC8BzE8H7qoFa60JjaRgmIfg,0
Q7r_Vm-q9fY,UCBGp_XPj3Oudk207UNw_tAg,0
DpxYDCNNtP0,UC_abqMV9cMg-TcQju9kXa5g,0
5l4L0j4o-hg,UCj2Pn8nWcMGnDOdzstvVnbA,0
-KYVz87AX3w,UCS8uIXvlSK3HtC0p0VIWyTQ,0
VcKpyRRKFv8,UCBGp_XPj3Oudk207UNw_tAg,0
qo7P5icM-XI,UCj2Pn8nWcMGnDOdzstvVnbA,0
NnmV8j3T7vg,UCj2Pn8nWcMGnDOdzstvVnbA,0
StNzKPA8KeY,UCBGp_XPj3Oudk207UNw_tAg,0
nJ_coM7VeKE,UC7GZguUCh8gdEs-VKhWqkWA,0
asvUql2KRW0,UC8BzE8H7qoFa60JjaRgmIfg,0
VT4YXmc4wt0,UCj2Pn8nWcMGnDOdzstvVnbA,0
j1_EAz4NEzQ,UCS8uIXvlSK3HtC0p0VIWyTQ,0
VimwCHZYhQU,UCBGp_XPj3Oudk207UNw_tAg,0
LhRuil_76us,UCj2Pn8nWcMGnDOdzstvVnbA,0
05LmrvzDsKQ,UCj2Pn8nWcMGnDOdzstvVnbA,0
Q78iyeKTtaw,UC8BzE8H7qoFa60JjaRgmIfg,0
pCifvxHLwq8,UCBGp_XPj3Oudk207UNw_tAg,0
GU_MQc55ZII,UCj2Pn8nWcMGnDOdzstvVnbA,0
NcC-r1dBFx0,UC7GZguUCh8gdEs-VKhWqkWA,0
HY0pdhd6Sjg,UCj2Pn8nWcMGnDOdzstvVnbA,0
fBoL7y-a2YY,UCRTsD38mMGi7HnWFzlDUFYA,0
9Or7k3fdwWs,UCS8uIXvlSK3HtC0p0VIWyTQ,0
_BE3uc_Xc3o,UCBGp_XPj3Oudk207UNw_tAg,0
iFrxDjVGUHs,UCS8uIXvlSK3HtC0p0VIWyTQ,0
4FvuIsqe4F8,UCBGp_XPj3Oudk207UNw_tAg,0
Pp2Cp4-ma7c,UCBGp_XPj3Oudk207UNw_tAg,0
btrGFSMoPo0,UC7GZguUCh8gdEs-VKhWqkWA,0
QKlXoU6APbY,UC8BzE8H7qoFa60JjaRgmIfg,0
F7EfrV6xwNs,UCBGp_XPj3Oudk207UNw_tAg,0
Pj6e0o64Sp8,UCj2Pn8nWcMGnDOdzstvVnbA,0
e9s_qybwifk,UCS8uIXvlSK3HtC0p0VIWyTQ,0
mybaUIXGVyA,UCBGp_XPj3Oudk207UNw_tAg,0
dZ-9Bv2qfng,UCBGp_XPj3Oudk207UNw_tAg,0
c0ybZ_Ku4vI,UCj2Pn8nWcMGnDOdzstvVnbA,0
Ib0K6eox1pM,UC7GZguUCh8gdEs-VKhWqkWA,0
daYdsk_U3-I,UC8BzE8H7qoFa60JjaRgmIfg,0
H6k1vFeqHlo,UCBGp_XPj3Oudk207UNw_tAg,0
hBFzJRaxLHs,UCj2Pn8nWcMGnDOdzstvVnbA,0
_ORRjVDY0ag,UCS8uIXvlSK3HtC0p0VIWyTQ,0
5uRN9w3FmE0,UC_abqMV9cMg-TcQju9kXa5g,0
MWPQFhLt0kc,UCBGp_XPj3Oudk207UNw_tAg,0
DW6S3mAmVEo,UC7GZguUCh8gdEs-VKhWqkWA,0
2K1dHbFhckA,UC8BzE8H7qoFa60JjaRgmIfg,0
adBy_2XLkEw,UCBGp_XPj3Oudk207UNw_tAg,0
Wweu_WWsX_Y,UCS8uIXvlSK3HtC0p0VIWyTQ,0
SgsdFvRGHH8,UC7GZguUCh8gdEs-VKhWqkWA,0
aaarhGg8yJg,UC8BzE8H7qoFa60JjaRgmIfg,0
M4Zl31OxoFY,UCBGp_XPj3Oudk207UNw_tAg,0
duJWrBUTQnU,UCS8uIXvlSK3HtC0p0VIWyTQ,0
KT0ram3ywVw,UCBGp_XPj3Oudk207UNw_tAg,0
GPDlt_Fke-M,UC7GZguUCh8gdEs-VKhWqkWA,0
MEbzqdvr_Zg,UC8BzE8H7qoFa60JjaRgmIfg,0
zWKeelXbyv8,UC7GZguUCh8gdEs-VKhWqkWA,0
T3AGLv70XeY,UCRTsD38mMGi7HnWFzlDUFYA,0
EewqPF3pJ2M,UCBGp_XPj3Oudk207UNw_tAg,0
kQDph8UAhFw,UC7GZguUCh8gdEs-VKhWqkWA,0
jJq5CqAlArs,UC8BzE8H7qoFa60JjaRgmIfg,0
Uny8uEQsDSs,UCS8uIXvlSK3HtC0p0VIWyTQ,0
2OSXrsmL4H8,UCBGp_XPj3Oudk207UNw_tAg,0
d4pkZojUsMY,UCpZLNDzplh9FDioOX-jnvKA,0
IfFAnEceLpo,UCBGp_XPj3Oudk207UNw_tAg,0
GSjN3Z6kKpM,UCBGp_XPj3Oudk207UNw_tAg,0
nszDv2opAQg,UC7GZguUCh8gdEs-VKhWqkWA,0
tVpQwEfW_qY,UC_abqMV9cMg-TcQju9kXa5g,0
uqKlZUFCMt4,UC8BzE8H7qoFa60JjaRgmIfg,0
oYM6imzOw3g,UCBGp_XPj3Oudk207UNw_tAg,0
_plSEpbhVjc,UCS8uIXvlSK3HtC0p0VIWyTQ,0
0HffvZXFifU,UCBGp_XPj3Oudk207UNw_tAg,0
a7lNVjoMUtk,UCBGp_XPj3Oudk207UNw_tAg,0
g3Wy9iAVE5Q,UC7GZguUCh8gdEs-VKhWqkWA,0
mwGp-Yd6cl0,UC8BzE8H7qoFa60JjaRgmIfg,0
vxAXswNbTt4,UCBGp_XPj3Oudk207UNw_tAg,0
Ow8f-kAwXKE,UCS8uIXvlSK3HtC0p0VIWyTQ,0
IvkoZIj1plk,UCj2Pn8nWcMGnDOdzstvVnbA,0
G8suc7_G2Xo,UC7GZguUCh8gdEs-VKhWqkWA,0
A1a55Myy__w,UC8BzE8H7qoFa60JjaRgmIfg,0
rkUUFOh8HKw,UCS8uIXvlSK3HtC0p0VIWyTQ,0
YkW2ZgWozoY,UCpZLNDzplh9FDioOX-jnvKA,0
N3cJA2or4kI,UC7GZguUCh8gdEs-VKhWqkWA,0
yi7jki5Ii2c,UC8BzE8H7qoFa60JjaRgmIfg,0
qB2GWCW2ltA,UCj2Pn8nWcMGnDOdzstvVnbA,0
GSz5R9AR738,UC7GZguUCh8gdEs-VKhWqkWA,0
p--g8l_h254,UC8BzE8H7qoFa60JjaRgmIfg,0
jG4oQbroN3c,UCS8uIXvlSK3HtC0p0VIWyTQ,0
9Y0QSnO8bvM,UCj2Pn8nWcMGnDOdzstvVnbA,0
e1ou60I_rmU,UCRTsD38mMGi7HnWFzlDUFYA,0
VMROvTha9to,UC_abqMV9cMg-TcQju9kXa5g,0
nUG9yPEZWmo,UCj2Pn8nWcMGnDOdzstvVnbA,0
_P-kKSlAkmk,UC8BzE8H7qoFa60JjaRgmIfg,0
sMW_fy8Lttg,UC7GZguUCh8gdEs-VKhWqkWA,0
GWBRGMwrBE4,UCS8uIXvlSK3HtC0p0VIWyTQ,0
dRCcz77pZ9s,UCj2Pn8nWcMGnDOdzstvVnbA,0
9YfpjzA70Tk,UC8BzE8H7qoFa60JjaRgmIfg,0
kSoPz4qKr4c,UCj2Pn8nWcMGnDOdzstvVnbA,0
w5ZWrlPGr2w,UC7GZguUCh8gdEs-VKhWqkWA,0
icd61ZkyOOk,UCj2Pn8nWcMGnDOdzstvVnbA,0
iPIR0Awqwqo,UC7GZguUCh8gdEs-VKhWqkWA,0
3ndFlYNexmc,UCj2Pn8nWcMGnDOdzstvVnbA,0
Cynm6juYVdI,UCS8uIXvlSK3HtC0p0VIWyTQ,0
4V5hpJRspIk,UCRTsD38mMGi7HnWFzlDUFYA,0
xxv5744JRKU,UCj2Pn8nWcMGnDOdzstvVnbA,0
eUn4R6wF6N0,UC8BzE8H7qoFa60JjaRgmIfg,0
AwxzXPmL07w,UCj2Pn8nWcMGnDOdzstvVnbA,0
xo0KHqR9gB0,UCS8uIXvlSK3HtC0p0VIWyTQ,0
SGw_ogKomWw,UCj2Pn8nWcMGnDOdzstvVnbA,0
Bk7r3NjQXMI,UCRTsD38mMGi7HnWFzlDUFYA,0
M6LUdu5Lz5c,UCj2Pn8nWcMGnDOdzstvVnbA,0
mCJF7gbTV9M,UCj2Pn8nWcMGnDOdzstvVnbA,0
1ushrgwBIh8,UC_abqMV9cMg-TcQju9kXa5g,0
wE9uHwPZNgk,UCS8uIXvlSK3HtC0p0VIWyTQ,0
-4nnX2rZP5M,UCpZLNDzplh9FDioOX-jnvKA,0
gxK4m6o2YIU,UC8BzE8H7qoFa60JjaRgmIfg,0
P9m2Z9rTImQ,UCj2Pn8nWcMGnDOdzstvVnbA,0
1etpHTawjKA,UC7GZguUCh8gdEs-VKhWqkWA,0
DFywhD0C8Jw,UCj2Pn8nWcMGnDOdzstvVnbA,0
lzCR-88lBrU,UC8BzE8H7qoFa60JjaRgmIfg,0
5iZMWZNb8oE,UCj2Pn8nWcMGnDOdzstvVnbA,0
PLpTopkXQjo,UC8BzE8H7qoFa60JjaRgmIfg,0
9xqHieo42hY,UC8BzE8H7qoFa60JjaRgmIfg,0
yu9TqDf6nJ4,UC7GZguUCh8gdEs-VKhWqkWA,0
1O8LiI9WSAA,UCj2Pn8nWcMGnDOdzstvVnbA,0
etP80B5mm6M,UCS8uIXvlSK3HtC0p0VIWyTQ,0
68Gng7hV6jQ,UCj2Pn8nWcMGnDOdzstvVnbA,0
BFNGaARx0CE,UCj2Pn8nWcMGnDOdzstvVnbA,0
P4w7oJ8Wdaw,UC8BzE8H7qoFa60JjaRgmIfg,0
WTOsl62gJNQ,UCj2Pn8nWcMGnDOdzstvVnbA,0
5gtIfRUGqnY,UCj2Pn8nWcMGnDOdzstvVnbA,0
itflGda5Ws0,UCS8uIXvlSK3HtC0p0VIWyTQ,0
8whc17Q4PKk,UCj2Pn8nWcMGnDOdzstvVnbA,0
Z0k0JIvic-g,UC8BzE8H7qoFa60JjaRgmIfg,0
xjwWpkgeRRk,UC7GZguUCh8gdEs-VKhWqkWA,0
YPH_OpfvMgs,UCj2Pn8nWcMGnDOdzstvVnbA,0
IMMpc1PzEbQ,UCpZLNDzplh9FDioOX-jnvKA,0
lMWZ2B0sAsk,UCj2Pn8nWcMGnDOdzstvVnbA,0
fM8SMdPgp88,UCS8uIXvlSK3HtC0p0VIWyTQ,0
1hBH7a7ZE88,UCj2Pn8nWcMGnDOdzstvVnbA,0
Ec337CWEbe0,UCpZLNDzplh9FDioOX-jnvKA,0
sXfcv5JArd8,UC8BzE8H7qoFa60JjaRgmIfg,0
ipaCHqi0Apk,UC_abqMV9cMg-TcQju9kXa5g,0
tZ7Bp-cRw2Q,UCj2Pn8nWcMGnDOdzstvVnbA,0
H7dJdpXk5gQ,UCRTsD38mMGi7HnWFzlDUFYA,0
aqQrfmVZpmQ,UCj2Pn8nWcMGnDOdzstvVnbA,0
6QLHIUA6sI4,UCS8uIXvlSK3HtC0p0VIWyTQ,0
8ip1Wzeb3Bo,UCj2Pn8nWcMGnDOdzstvVnbA,0
Ni27MtRj7AQ,UC8BzE8H7qoFa60JjaRgmIfg,0
A4bqBfyIf6U,UCj2Pn8nWcMGnDOdzstvVnbA,0
QTkYan8UoYY,UCj2Pn8nWcMGnDOdzstvVnbA,0
onAi4mMqE2U,UCRTsD38mMGi7HnWFzlDUFYA,0
F1mVBgNO4Io,UCS8uIXvlSK3HtC0p0VIWyTQ,0
tAgvf25JEBQ,UCj2Pn8nWcMGnDOdzstvVnbA,0
pNwLssQyRt4,UC8BzE8H7qoFa60JjaRgmIfg,0
5GMfMP8vsc8,UCj2Pn8nWcMGnDOdzstvVnbA,0
nh5fe4czYL0,UCj2Pn8nWcMGnDOdzstvVnbA,0
cZXNEntFCy0,UCS8uIXvlSK3HtC0p0VIWyTQ,0
RwiflPzF1p4,UCj2Pn8nWcMGnDOdzstvVnbA,0
LyScn5DHMoc,UC8BzE8H7qoFa60JjaRgmIfg,0
Xlv2l2-Ie6U,UCj2Pn8nWcMGnDOdzstvVnbA,0
L-jdslWkGfg,UCj2Pn8nWcMGnDOdzstvVnbA,0
uW8RYxAHUd0,UCj2Pn8nWcMGnDOdzstvVnbA,0
l1etTftBrXs,UC8BzE8H7qoFa60JjaRgmIfg,0
_9iGNhBPTd0,UCS8uIXvlSK3HtC0p0VIWyTQ,0
lk4LN452ju8,UCj2Pn8nWcMGnDOdzstvVnbA,0
9cvGPHpXqvk,UCj2Pn8nWcMGnDOdzstvVnbA,0
gKvgneUrU9o,UC_abqMV9cMg-TcQju9kXa5g,0
K6OLe_6yPX4,UCj2Pn8nWcMGnDOdzstvVnbA,0
wR237QyIib8,UCpZLNDzplh9FDioOX-jnvKA,0
pZ-EA4AZajM,UCj2Pn8nWcMGnDOdzstvVnbA,0
M8SEVpHN030,UCj2Pn8nWcMGnDOdzstvVnbA,0
gDbtJUTKRYY,UCS8uIXvlSK3HtC0p0VIWyTQ,0
Q4ZPx8uo3oU,UCj2Pn8nWcMGnDOdzstvVnbA,0
7qYj6QKbeFE,UCj2Pn8nWcMGnDOdzstvVnbA,0
ehwzGH2Gyfw,UC8BzE8H7qoFa60JjaRgmIfg,0
GyHjpDMltmI,UCS8uIXvlSK3HtC0p0VIWyTQ,0
QLUAbHpD-kw,UCj2Pn8nWcMGnDOdzstvVnbA,0
C6I3K6RvzX0,UCj2Pn8nWcMGnDOdzstvVnbA,0
1mcDOzfTR54,UC8BzE8H7qoFa60JjaRgmIfg,0
koPT6bCPu7o,UCj2Pn8nWcMGnDOdzstvVnbA,0
ddrPYF3VgE4,UCj2Pn8nWcMGnDOdzstvVnbA,0
ShG6tUGN2g0,UCS8uIXvlSK3HtC0p0VIWyTQ,0
B1VDimiyxSI,UCj2Pn8nWcMGnDOdzstvVnbA,0
2iVB17y8GGA,UC7GZguUCh8gdEs-VKhWqkWA,0
uo7SchOfJMw,UCpZLNDzplh9FDioOX-jnvKA,0
sUASbvP5WqY,UCj2Pn8nWcMGnDOdzstvVnbA,0
SqhngZRETEI,UC8BzE8H7qoFa60JjaRgmIfg,0
pPZybZT0coc,UCj2Pn8nWcMGnDOdzstvVnbA,0
L9RjuTCa_Vg,UCS8uIXvlSK3HtC0p0VIWyTQ,0
1-GUg8tyQm8,UCj2Pn8nWcMGnDOdzstvVnbA,0
0GlfLh6qH_k,UC_abqMV9cMg-TcQju9kXa5g,0
VHUjNHSbdrE,UCj2Pn8nWcMGnDOdzstvVnbA,0
XX4Tyu0bBCc,UCRTsD38mMGi7HnWFzlDUFYA,0
qi0zDTvnF-M,UC8BzE8H7qoFa60JjaRgmIfg,0
ULYK-gdzpLs,UCj2Pn8nWcMGnDOdzstvVnbA,0
AX7QaB11Bl0,UCS8uIXvlSK3HtC0p0VIWyTQ,0
mh5BEmC0W2w,UCj2Pn8nWcMGnDOdzstvVnbA,0
EFs6fDeVUeA,UCj2Pn8nWcMGnDOdzstvVnbA,0
GLfoHCkNzlg,UCj2Pn8nWcMGnDOdzstvVnbA,0
M8MyNjzK2I8,UC8BzE8H7qoFa60JjaRgmIfg,0
6rErvKtNuxA,UCj2Pn8nWcMGnDOdzstvVnbA,0
IbwGSDU-M98,UC7GZguUCh8gdEs-VKhWqkWA,0
PAn9Bw61ABI,UCj2Pn8nWcMGnDOdzstvVnbA,0
yY8Ttt79Gtc,UCS8uIXvlSK3HtC0p0VIWyTQ,0
IGhMXua2USQ,UCj2Pn8nWcMGnDOdzstvVnbA,0
xxmr4xdgM1g,UC8BzE8H7qoFa60JjaRgmIfg,0
jw4Skk59rWE,UCpZLNDzplh9FDioOX-jnvKA,0
A8rFSwnJJyE,UC8BzE8H7qoFa60JjaRgmIfg,0
pdX-nvXOEVY,UCj2Pn8nWcMGnDOdzstvVnbA,0
UfHs0v36SvE,UCS8uIXvlSK3HtC0p0VIWyTQ,0
k2Ifsbgjyzs,UC8BzE8H7qoFa60JjaRgmIfg,0
9tokT-6RVgE,UCj2Pn8nWcMGnDOdzstvVnbA,0
obA4mVzw0Ss,UCj2Pn8nWcMGnDOdzstvVnbA,0
-UeNqiY7iug,UC8BzE8H7qoFa60JjaRgmIfg,0
hAA7LjDKfQI,UCj2Pn8nWcMGnDOdzstvVnbA,0
8gnTGkgzo44,UCS8uIXvlSK3HtC0p0VIWyTQ,0
OLSBfnvFymw,UCj2Pn8nWcMGnDOdzstvVnbA,0
Zo2IHaKAhRA,UCj2Pn8nWcMGnDOdzstvVnbA,0
RKHLyNIpZqA,UCj2Pn8nWcMGnDOdzstvVnbA,0
_4khXBMTX5g,UCpZLNDzplh9FDioOX-jnvKA,0
xvCqwxTz5yM,UC_abqMV9cMg-TcQju9kXa5g,0
fYtAH_qXcdE,UCj2Pn8nWcMGnDOdzstvVnbA,0
ayv374umUt4,UCj2Pn8nWcMGnDOdzstvVnbA,0
k5laSTBQJZM,UCS8uIXvlSK3HtC0p0VIWyTQ,0
XjX_L_PjEss,UCj2Pn8nWcMGnDOdzstvVnbA,0
En0Qd4OyFWo,UCj2Pn8nWcMGnDOdzstvVnbA,0
fs7oqPjKixk,UCpZLNDzplh9FDioOX-jnvKA,0
osd-2vdbyDw,UCj2Pn8nWcMGnDOdzstvVnbA,0
mphQKoL4EtQ,UC8BzE8H7qoFa60JjaRgmIfg,0
_-YmQhNHzXc,UC_abqMV9cMg-TcQju9kXa5g,0
KuGJNMMmx-c,UCRTsD38mMGi7HnWFzlDUFYA,0
VGMmDJCn7-4,UCj2Pn8nWcMGnDOdzstvVnbA,0
xj5kTP2oIls,UC_abqMV9cMg-TcQju9kXa5g,0
LqlfqqPyOaw,UCS8uIXvlSK3HtC0p0VIWyTQ,0
OaPVLHuejbA,UCj2Pn8nWcMGnDOdzstvVnbA,0
LI2rWr03vIY,UCj2Pn8nWcMGnDOdzstvVnbA,0
D-xTGCYyGyM,UCj2Pn8nWcMGnDOdzstvVnbA,0
znw0Vvcf2jU,UC7GZguUCh8gdEs-VKhWqkWA,0
ZryPZDNQcZs,UC8BzE8H7qoFa60JjaRgmIfg,0
xCLd2XVoN-Y,UCj2Pn8nWcMGnDOdzstvVnbA,0
tIEF9zYpg_g,UCj2Pn8nWcMGnDOdzstvVnbA,0
U179xy112Cc,UCj2Pn8nWcMGnDOdzstvVnbA,0
tZQsvLuH5oU,UCS8uIXvlSK3HtC0p0VIWyTQ,0
gV-_2I1aasg,UCj2Pn8nWcMGnDOdzstvVnbA,0
LtHCy61_zkM,UC8BzE8H7qoFa60JjaRgmIfg,0
4LEGxAH3R_E,UCj2Pn8nWcMGnDOdzstvVnbA,0
ZgFB5qfaaL4,UCS8uIXvlSK3HtC0p0VIWyTQ,0
djJyRt_lB7s,UCpZLNDzplh9FDioOX-jnvKA,0
k8-aoE-_vHs,UCj2Pn8nWcMGnDOdzstvVnbA,0
g_Gs5_mjeuk,UCj2Pn8nWcMGnDOdzstvVnbA,0
VHtcKh-2Sqc,UC8BzE8H7qoFa60JjaRgmIfg,0
iShr0KRCpNA,UCj2Pn8nWcMGnDOdzstvVnbA,0
YQTSTTUk1vU,UC8BzE8H7qoFa60JjaRgmIfg,0
zq0iA6lpwdk,UCj2Pn8nWcMGnDOdzstvVnbA,0
vGv2fLt_Sr4,UC7GZguUCh8gdEs-VKhWqkWA,0
ytqFLBKMI74,UCj2Pn8nWcMGnDOdzstvVnbA,0
dzlHSFSlWPg,UCj2Pn8nWcMGnDOdzstvVnbA,0
TpsJEAi2eK4,UCS8uIXvlSK3HtC0p0VIWyTQ,0
OEo9QVINkdM,UC8BzE8H7qoFa60JjaRgmIfg,0
PtcnhdmW-jc,UCj2Pn8nWcMGnDOdzstvVnbA,0
4M9yaOfOhCc,UC_abqMV9cMg-TcQju9kXa5g,0
t4yMPEJe4cs,UCj2Pn8nWcMGnDOdzstvVnbA,0
7dGBXi39waM,UC7GZguUCh8gdEs-VKhWqkWA,0
B8HyhXOhTQY,UCj2Pn8nWcMGnDOdzstvVnbA,0
9w_at6RyKHE,UCS8uIXvlSK3HtC0p0VIWyTQ,0
54wnwRHJb_8,UCpZLNDzplh9FDioOX-jnvKA,0
iRhs5pTEYZY,UCj2Pn8nWcMGnDOdzstvVnbA,0
UDan4og24vk,UC8BzE8H7qoFa60JjaRgmIfg,0
prz2y3NHfTk,UCRTsD38mMGi7HnWFzlDUFYA,0
6bxgZ-aNIWo,UCS8uIXvlSK3HtC0p0VIWyTQ,0
AihXUvQUp-o,UC8BzE8H7qoFa60JjaRgmIfg,0
oKzTh8PmkL0,UC7GZguUCh8gdEs-VKhWqkWA,0
ZFQr4UAwy7I,UC8BzE8H7qoFa60JjaRgmIfg,0
1JISyijfkLQ,UC7GZguUCh8gdEs-VKhWqkWA,0
gS9wvW-Teq4,UCS8uIXvlSK3HtC0p0VIWyTQ,0
1IICbYSGUr4,UCpZLNDzplh9FDioOX-jnvKA,0
bJvlZYDDx3Y,UC_abqMV9cMg-TcQju9kXa5g,0
QWUVuHBgDDk,UC8BzE8H7qoFa60JjaRgmIfg,0
WmCJOd5Jb4k,UCRTsD38mMGi7HnWFzlDUFYA,0
56ArSJoEafQ,UC8BzE8H7qoFa60JjaRgmIfg,0
Jo67KHKgHHM,UCS8uIXvlSK3HtC0p0VIWyTQ,0
o9IOWxHn3TM,UCpZLNDzplh9FDioOX-jnvKA,0
7S2Qt890MdY,UC7GZguUCh8gdEs-VKhWqkWA,0
5c8xQ542q2g,UCS8uIXvlSK3HtC0p0VIWyTQ,0
Ze8ZSsneJSo,UC8BzE8H7qoFa60JjaRgmIfg,0
quBq6-2kXoQ,UC_abqMV9cMg-TcQju9kXa5g,0
11n3DYJXq2Y,UC8BzE8H7qoFa60JjaRgmIfg,0
BOJQ6uiRsOI,UC8BzE8H7qoFa60JjaRgmIfg,0
dROwApt6vOI,UCS8uIXvlSK3HtC0p0VIWyTQ,0
ZF9ZT6l1kgU,UC8BzE8H7qoFa60JjaRgmIfg,0
NiatGarCCM8,UCS8uIXvlSK3HtC0p0VIWyTQ,0
SQ1DCsHBnU8,UC7GZguUCh8gdEs-VKhWqkWA,0
lW0pmD582pc,UCS8uIXvlSK3HtC0p0VIWyTQ,0
hy_QZQcdXQA,UC_abqMV9cMg-TcQju9kXa5g,0
0zyjI6O6dxU,UC8BzE8H7qoFa60JjaRgmIfg,0
grNCF6xNqtQ,UCpZLNDzplh9FDioOX-jnvKA,0
sFh3o4loeEw,UCS8uIXvlSK3HtC0p0VIWyTQ,0
8p4r0YZ-mok,UCRTsD38mMGi7HnWFzlDUFYA,0
lsOvYHPTjdo,UCS8uIXvlSK3HtC0p0VIWyTQ,0
oGQyH8VyNIg,UC8BzE8H7qoFa60JjaRgmIfg,0
RKHhLaOuOiI,UCS8uIXvlSK3HtC0p0VIWyTQ,0
V5-Tk7Y09mY,UC7GZguUCh8gdEs-VKhWqkWA,0
hu0UOYjRR9M,UCS8uIXvlSK3HtC0p0VIWyTQ,0
sXYAtfUW1RY,UC8BzE8H7qoFa60JjaRgmIfg,0
g_z8pMW5MmQ,UCS8uIXvlSK3HtC0p0VIWyTQ,0
aXvhP_Zoi7Y,UCS8uIXvlSK3HtC0p0VIWyTQ,0
yvUd4vuwjFI,UC8BzE8H7qoFa60JjaRgmIfg,0
6xc9vJX_-zo,UCS8uIXvlSK3HtC0p0VIWyTQ,0
txymHxgebeA,UCpZLNDzplh9FDioOX-jnvKA,0
RWat80_kMjw,UCS8uIXvlSK3HtC0p0VIWyTQ,0
2uo2xyss7XU,UCS8uIXvlSK3HtC0p0VIWyTQ,0
BshTqP5DVVk,UC7GZguUCh8gdEs-VKhWqkWA,0
mJbULNklYO4,UC8BzE8H7qoFa60JjaRgmIfg,0
dSJCDFKzQaA,UC_abqMV9cMg-TcQju9kXa5g,0
YIGfSp5LPm8,UC7GZguUCh8gdEs-VKhWqkWA,0
oLyd4BbRjmk,UCS8uIXvlSK3HtC0p0VIWyTQ,0
O5_TThcpwSU,UCS8uIXvlSK3HtC0p0VIWyTQ,0
qoZeYAitlk4,UCRTsD38mMGi7HnWFzlDUFYA,0
bn8PZJz9GeI,UC8BzE8H7qoFa60JjaRgmIfg,0
R6VDQX7_vAU,UCS8uIXvlSK3HtC0p0VIWyTQ,0
tLiHFcA4IYc,UC8BzE8H7qoFa60JjaRgmIfg,0
vsLPEutCqpA,UC7GZguUCh8gdEs-VKhWqkWA,0
5PtQ-mBJ-aw,UCS8uIXvlSK3HtC0p0VIWyTQ,0
bi5qGAoVsq8,UCpZLNDzplh9FDioOX-jnvKA,0
ltO5RPfXk1U,UC8BzE8H7qoFa60JjaRgmIfg,0
wUR5h9Nkc9c,UCS8uIXvlSK3HtC0p0VIWyTQ,0
jAFfQgzyzZo,UCS8uIXvlSK3HtC0p0VIWyTQ,0
q7hLhla-ci4,UCS8uIXvlSK3HtC0p0VIWyTQ,0
-mkQgbjFrVY,UC8BzE8H7qoFa60JjaRgmIfg,0
4zJkUrI4JbE,UCS8uIXvlSK3HtC0p0VIWyTQ,0
q00_JTpIWSo,UCS8uIXvlSK3HtC0p0VIWyTQ,0
J6Oh3ECxSe0,UC8BzE8H7qoFa60JjaRgmIfg,0
cFHSePwMGw4,UC7GZguUCh8gdEs-VKhWqkWA,0
VD1nzIyhXj4,UCS8uIXvlSK3HtC0p0VIWyTQ,0
cxdKyTTlVCg,UCpZLNDzplh9FDioOX-jnvKA,0
VbjhTC-Y-E4,UC_abqMV9cMg-TcQju9kXa5g,0
NhsqK42MwXo,UCS8uIXvlSK3HtC0p0VIWyTQ,0
V-XDMxPBGb8,UC8BzE8H7qoFa60JjaRgmIfg,0
oMZlz0tI-ew,UCS8uIXvlSK3HtC0p0VIWyTQ,0
oH0ls9d9Bf4,UC_abqMV9cMg-TcQju9kXa5g,0
Sqj8PvzQnUk,UCS8uIXvlSK3HtC0p0VIWyTQ,0
3wKu3DJRf-E,UCS8uIXvlSK3HtC0p0VIWyTQ,0
8s6rZDUKmnQ,UCRTsD38mMGi7HnWFzlDUFYA,0
dM_LT_Tc8Gc,UCS8uIXvlSK3HtC0p0VIWyTQ,0
74j2RzIPNa0,UCpZLNDzplh9FDioOX-jnvKA,0
PV3E-D81hzo,UC8BzE8H7qoFa60JjaRgmIfg,0
e7fGOgTuKj0,UCS8uIXvlSK3HtC0p0VIWyTQ,0
UNKsO2mzKXI,UCS8uIXvlSK3HtC0p0VIWyTQ,0
sJiJabMmSjw,UCS8uIXvlSK3HtC0p0VIWyTQ,0
0V5vYg71nBA,UC8BzE8H7qoFa60JjaRgmIfg,0
8qOPl62dqwE,UCS8uIXvlSK3HtC0p0VIWyTQ,0
qXfpoNm3zYs,UC8BzE8H7qoFa60JjaRgmIfg,0
kv9saAQpWhY,UC8BzE8H7qoFa60JjaRgmIfg,0
ZcnMNW4dcTA,UCS8uIXvlSK3HtC0p0VIWyTQ,0
nbiYQm2H6O8,UC8BzE8H7qoFa60JjaRgmIfg,0
WlPyLEXYvdE,UCS8uIXvlSK3HtC0p0VIWyTQ,0
MsADPFRIpEA,UC8BzE8H7qoFa60JjaRgmIfg,0
gg_Jdp9V6X8,UC_abqMV9cMg-TcQju9kXa5g,0
FJahbC7zZ6w,UCRTsD38mMGi7HnWFzlDUFYA,0
xZRuREQ96DM,UCS8uIXvlSK3HtC0p0VIWyTQ,0
-PwLzCmrv1I,UCpZLNDzplh9FDioOX-jnvKA,0
D_-nyiAAKeE,UCS8uIXvlSK3HtC0p0VIWyTQ,0
NtFzBRcDiBE,UC_abqMV9cMg-TcQju9kXa5g,0
bsOp8b9UFNQ,UCS8uIXvlSK3HtC0p0VIWyTQ,0
nr56eahBrX0,UCS8uIXvlSK3HtC0p0VIWyTQ,0
XexMvHTbzH8,UCRTsD38mMGi7HnWFzlDUFYA,0
XKHDkhjNmjw,UCS8uIXvlSK3HtC0p0VIWyTQ,0
3A1Fup7J3AE,UCS8uIXvlSK3HtC0p0VIWyTQ,0
09CL3wmG5uE,UC8BzE8H7qoFa60JjaRgmIfg,0
VzcMBw37H-w,UCS8uIXvlSK3HtC0p0VIWyTQ,0
WOlFosTZiXM,UCRTsD38mMGi7HnWFzlDUFYA,0
SD8L_JUpRHI,UCS8uIXvlSK3HtC0p0VIWyTQ,0
Oog2H9b-T2w,UC8BzE8H7qoFa60JjaRgmIfg,0
XlQgRwDGxbk,UCS8uIXvlSK3HtC0p0VIWyTQ,0
XoHejZ8jqns,UCS8uIXvlSK3HtC0p0VIWyTQ,0
pd6N5E63GTY,UCpZLNDzplh9FDioOX-jnvKA,0
Sm-o2JlWtIE,UC_abqMV9cMg-TcQju9kXa5g,0
03_ioNxdVFc,UC_abqMV9cMg-TcQju9kXa5g,0
rvQC-veMOaQ,UCS8uIXvlSK3HtC0p0VIWyTQ,0
lxOh4xstKGw,UCS8uIXvlSK3HtC0p0VIWyTQ,0
B2eWD6HrWOM,UCRTsD38mMGi7HnWFzlDUFYA,0
TQ_wNuWgye0,UCS8uIXvlSK3HtC0p0VIWyTQ,0
FP0CxxPe6MA,UCS8uIXvlSK3HtC0p0VIWyTQ,0
VnoDOa3wBwc,UCS8uIXvlSK3HtC0p0VIWyTQ,0
BUViMYIsAMM,UCS8uIXvlSK3HtC0p0VIWyTQ,0
oCdjbWCEXNk,UCpZLNDzplh9FDioOX-jnvKA,0
zRbt7zWR2fU,UC8BzE8H7qoFa60JjaRgmIfg,0
JfpRis_egrU,UC8BzE8H7qoFa60JjaRgmIfg,0
bvwE1g6SQU0,UC8BzE8H7qoFa60JjaRgmIfg,0
qceaBsRXXq4,UCS8uIXvlSK3HtC0p0VIWyTQ,0
kzN09-gOW5s,UCS8uIXvlSK3HtC0p0VIWyTQ,0
LN19vqXW9_s,UCS8uIXvlSK3HtC0p0VIWyTQ,0
sbyBMmYt56k,UCS8uIXvlSK3HtC0p0VIWyTQ,0
F_2T9GTGfuI,UCS8uIXvlSK3HtC0p0VIWyTQ,0
D2tM2obOOmc,UCpZLNDzplh9FDioOX-jnvKA,0
m03XAKTz6yg,UCS8uIXvlSK3HtC0p0VIWyTQ,0
wIKGeldbnR0,UC8BzE8H7qoFa60JjaRgmIfg,0
vz_OFvum2fA,UCS8uIXvlSK3HtC0p0VIWyTQ,0
jGXKhGFRtO8,UCS8uIXvlSK3HtC0p0VIWyTQ,0
LuiOdxpn2Cc,UC8BzE8H7qoFa60JjaRgmIfg,0
Rx8BpWFAmXs,UCS8uIXvlSK3HtC0p0VIWyTQ,0
rWqCTa1tSdY,UCS8uIXvlSK3HtC0p0VIWyTQ,0
lsCaImT7PDA,UC_abqMV9cMg-TcQju9kXa5g,0
pBwke13t9LA,UC_abqMV9cMg-TcQju9kXa5g,0
6YQbne-TgP4,UCpZLNDzplh9FDioOX-jnvKA,0
ZvgT61klQBA,UCS8uIXvlSK3HtC0p0VIWyTQ,0
B9v94Z0esI0,UC8BzE8H7qoFa60JjaRgmIfg,0
_G-jsNFtbFg,UCS8uIXvlSK3HtC0p0VIWyTQ,0
UqBJQu_IsjU,UCS8uIXvlSK3HtC0p0VIWyTQ,0
WLqTl6QRcqI,UCpZLNDzplh9FDioOX-jnvKA,0
r7tAEW7eeh8,UCS8uIXvlSK3HtC0p0VIWyTQ,0
2GMxA0fZp60,UC_abqMV9cMg-TcQju9kXa5g,0
8pdQSYpAv4o,UC8BzE8H7qoFa60JjaRgmIfg,0
dO7yy1NPuzw,UCpZLNDzplh9FDioOX-jnvKA,0
wlvMeqk1uTk,UC8BzE8H7qoFa60JjaRgmIfg,0
65zDR0aXrFM,UC_abqMV9cMg-TcQju9kXa5g,0
oz4veaenpio,UCS8uIXvlSK3HtC0p0VIWyTQ,0
IVJP1RaFAVM,UC_abqMV9cMg-TcQju9kXa5g,0
0ySXyb_mY1Y,UCS8uIXvlSK3HtC0p0VIWyTQ,0
yJpmjhnoBBs,UCpZLNDzplh9FDioOX-jnvKA,0
Xz2Ci4sJ-7A,UC8BzE8H7qoFa60JjaRgmIfg,0
UiHSYfSklgw,UCS8uIXvlSK3HtC0p0VIWyTQ,0
UvChRPeuwUg,UCS8uIXvlSK3HtC0p0VIWyTQ,0
d63KxfULrK0,UC8BzE8H7qoFa60JjaRgmIfg,0
U3OWqQk_k4Y,UCpZLNDzplh9FDioOX-jnvKA,0
r13yoB2rAgo,UC_abqMV9cMg-TcQju9kXa5g,0
Iu0SduSon9U,UC8BzE8H7qoFa60JjaRgmIfg,0
lCelCGoxfi8,UCpZLNDzplh9FDioOX-jnvKA,0
NX8PwIH7-ts,UCS8uIXvlSK3HtC0p0VIWyTQ,0
jz-V_auXzmA,UC8BzE8H7qoFa60JjaRgmIfg,0
EW2JBm6ihpM,UCS8uIXvlSK3HtC0p0VIWyTQ,0
JHQtC0dKwfw,UC8BzE8H7qoFa60JjaRgmIfg,0
xztdy8u-cZc,UC_abqMV9cMg-TcQju9kXa5g,0
HqMEPWh9TEs,UCpZLNDzplh9FDioOX-jnvKA,0
9FO9Ys7Ifks,UCS8uIXvlSK3HtC0p0VIWyTQ,0
2dOhZLNumLU,UC_abqMV9cMg-TcQju9kXa5g,0
XNCGXPFMKKA,UCS8uIXvlSK3HtC0p0VIWyTQ,0
8j3vBs-MCBo,UCS8uIXvlSK3HtC0p0VIWyTQ,0
6mk_bjtB12Y,UCpZLNDzplh9FDioOX-jnvKA,0
293DRuC3UVc,UC_abqMV9cMg-TcQju9kXa5g,0
BByFERHT4fo,UC8BzE8H7qoFa60JjaRgmIfg,0
CglWCRYNO1E,UC_abqMV9cMg-TcQju9kXa5g,0
73wRGrORBHY,UC_abqMV9cMg-TcQju9kXa5g,0
mN6H5vIRF_s,UCS8uIXvlSK3HtC0p0VIWyTQ,0
ZITO4jRnlio,UCS8uIXvlSK3HtC0p0VIWyTQ,0
OgTCmOK7DoU,UC7GZguUCh8gdEs-VKhWqkWA,0
82DuZ2avbtA,UC_abqMV9cMg-TcQju9kXa5g,0
Q8n6IoWx0vg,UC7GZguUCh8gdEs-VKhWqkWA,0
gT6QTebP_N8,UCpZLNDzplh9FDioOX-jnvKA,0
gBw9JFoyIcU,UC7GZguUCh8gdEs-VKhWqkWA,0
uPW0Zfo6mLw,UC_abqMV9cMg-TcQju9kXa5g,0
wafoRHJk2dE,UC8BzE8H7qoFa60JjaRgmIfg,0
a31UPDp36uE,UC_abqMV9cMg-TcQju9kXa5g,0
afUe4--Rsfo,UCpZLNDzplh9FDioOX-jnvKA,0
na9ptupBXuY,UC8BzE8H7qoFa60JjaRgmIfg,0
2oINrfWJTds,UC7GZguUCh8gdEs-VKhWqkWA,0
5wm76LpuyEg,UCpZLNDzplh9FDioOX-jnvKA,0
fCp6i3e6mdw,UC7GZguUCh8gdEs-VKhWqkWA,0
whrrCkOFjrg,UC_abqMV9cMg-TcQju9kXa5g,0
N0Nb3MBSXEw,UC7GZguUCh8gdEs-VKhWqkWA,0
1M8qK15A7zY,UC_abqMV9cMg-TcQju9kXa5g,0
lpNDlN0T9PA,UC_abqMV9cMg-TcQju9kXa5g,0
1sJRWJ65hdk,UCpZLNDzplh9FDioOX-jnvKA,0
nDKgckEBQC0,UC_abqMV9cMg-TcQju9kXa5g,0
F3z53bNSTqs,UCpZLNDzplh9FDioOX-jnvKA,0
EJRiXBLNjIs,UC8BzE8H7qoFa60JjaRgmIfg,0
EoyjWpN5SYU,UC8BzE8H7qoFa60JjaRgmIfg,0
M871Uq1u4bU,UCpZLNDzplh9FDioOX-jnvKA,0
uxJlgQcAt_o,UC_abqMV9cMg-TcQju9kXa5g,0
x4Dz0OGkDZo,UC_abqMV9cMg-TcQju9kXa5g,0
LKRG2TejUZQ,UCpZLNDzplh9FDioOX-jnvKA,0
0pRM0fYjzBQ,UC8BzE8H7qoFa60JjaRgmIfg,0
y4kE_gvZkK4,UC_abqMV9cMg-TcQju9kXa5g,0
H95_ONsQ1oc,UC_abqMV9cMg-TcQju9kXa5g,0
9qTwvrUFipw,UC_abqMV9cMg-TcQju9kXa5g,0
eA6az4gaezA,UC_abqMV9cMg-TcQju9kXa5g,0
512LxuPmeN4,UC_abqMV9cMg-TcQju9kXa5g,0
bKmp2pitRZU,UCpZLNDzplh9FDioOX-jnvKA,0
rbi0qa97Mns,UC_abqMV9cMg-TcQju9kXa5g,0
dRnMvaDc9DU,UC8BzE8H7qoFa60JjaRgmIfg,0
pQYPvmfPIRA,UCpZLNDzplh9FDioOX-jnvKA,0
5stcmCyCFsA,UC8BzE8H7qoFa60JjaRgmIfg,0
lWAq_wayv0M,UC_abqMV9cMg-TcQju9kXa5g,0
vXGqReDClKA,UC_abqMV9cMg-TcQju9kXa5g,0
C3nyMylr2MI,UC_abqMV9cMg-TcQju9kXa5g,0
bpZYkftrx2w,UC_abqMV9cMg-TcQju9kXa5g,0
6PKhdRwc7EU,UCpZLNDzplh9FDioOX-jnvKA,0
faWtlx3zVP8,UC_abqMV9cMg-TcQju9kXa5g,0
lqU047UurYE,UC_abqMV9cMg-TcQju9kXa5g,0
Re-GASiLXeo,UCpZLNDzplh9FDioOX-jnvKA,0
pC-NoVrVCWs,UC_abqMV9cMg-TcQju9kXa5g,0
wHiD4G4Z2WI,UC_abqMV9cMg-TcQju9kXa5g,0
I3vniynGSt4,UC_abqMV9cMg-TcQju9kXa5g,0
0q0Ki_XTs9M,UC_abqMV9cMg-TcQju9kXa5g,0
2oULUINytZU,UC_abqMV9cMg-TcQju9kXa5g,0
wSQQ5YRYu3A,UCpZLNDzplh9FDioOX-jnvKA,0
8ov5kUQkk8w,UC_abqMV9cMg-TcQju9kXa5g,0
Qpmnj3wVDek,UC_abqMV9cMg-TcQju9kXa5g,0
EZo5O2mH-ng,UC_abqMV9cMg-TcQju9kXa5g,0
xUDm6mgHVPU,UC_abqMV9cMg-TcQju9kXa5g,0
6TWeGgV1KIk,UCpZLNDzplh9FDioOX-jnvKA,0
pAgq8O-ZII0,UC_abqMV9cMg-TcQju9kXa5g,0
RTfoIIiu6l4,UC_abqMV9cMg-TcQju9kXa5g,0
tp8xN4-VLgw,UC_abqMV9cMg-TcQju9kXa5g,0
0KHlrE7opHY,UC_abqMV9cMg-TcQju9kXa5g,0
fgrc2n1ZS6c,UC_abqMV9cMg-TcQju9kXa5g,0
8V6a0yrr2hA,UC_abqMV9cMg-TcQju9kXa5g,0
G-bl4_JdVXs,UC_abqMV9cMg-TcQju9kXa5g,0
kioDeNwX5gc,UCpZLNDzplh9FDioOX-jnvKA,0
1rndMCMeeo0,UC_abqMV9cMg-TcQju9kXa5g,0
hyz_tlChcvI,UC_abqMV9cMg-TcQju9kXa5g,0
dqNH-VNu7Gg,UC_abqMV9cMg-TcQju9kXa5g,0
nMVFNae6nfk,UC_abqMV9cMg-TcQju9kXa5g,0
yXafqTIbCyU,UC_abqMV9cMg-TcQju9kXa5g,0
Ul5CJkO3Qjs,UC_abqMV9cMg-TcQju9kXa5g,0
Jg6yswxWxF8,UC_abqMV9cMg-TcQju9kXa5g,0
rrAQdO6fihk,UC_abqMV9cMg-TcQju9kXa5g,0
GqSmsAoMSpY,UC_abqMV9cMg-TcQju9kXa5g,0
jcZ0neKXjw4,UCpZLNDzplh9FDioOX-jnvKA,0
CA0S5oz9EUM,UC_abqMV9cMg-TcQju9kXa5g,0
AvZLekgFuVQ,UCpZLNDzplh9FDioOX-jnvKA,0
IiaPskWkRtk,UC_abqMV9cMg-TcQju9kXa5g,0
e0jVhwIEsNU,UC_abqMV9cMg-TcQju9kXa5g,0
tLkPnY_I1Dc,UCpZLNDzplh9FDioOX-jnvKA,0
j6V7vAh1rdg,UC_abqMV9cMg-TcQju9kXa5g,0
0AlerkKQGiQ,UC_abqMV9cMg-TcQju9kXa5g,0
6qw8DPhv7SA,UC_abqMV9cMg-TcQju9kXa5g,0
YiyFnKqpGe0,UC_abqMV9cMg-TcQju9kXa5g,0
khY36UmVOds,UC_abqMV9cMg-TcQju9kXa5g,0
tiezQr4mkNk,UC_abqMV9cMg-TcQju9kXa5g,0
zB8LDGPCD9o,UC_abqMV9cMg-TcQju9kXa5g,0
HYgnYtQfuoo,UC_abqMV9cMg-TcQju9kXa5g,0
sjbEm5_DAvY,UC_abqMV9cMg-TcQju9kXa5g,0
-ABEInrsjqw,UC_abqMV9cMg-TcQju9kXa5g,0
FfEBPRL8psc,UC_abqMV9cMg-TcQju9kXa5g,0
z0n0pm7s-4o,UC_abqMV9cMg-TcQju9kXa5g,0
dUOEJm6-WxE,UC_abqMV9cMg-TcQju9kXa5g,0
NmUoy-KL4aY,UC_abqMV9cMg-TcQju9kXa5g,0
l2JPSERohyU,UC_abqMV9cMg-TcQju9kXa5g,0
0_7_-tiTvqE,UC_abqMV9cMg-TcQju9kXa5g,0
WGmU0vvlptU,UC_abqMV9cMg-TcQju9kXa5g,0
8B3N6uHAhuU,UC_abqMV9cMg-TcQju9kXa5g,0
7Zb--mb-tHE,UCpZLNDzplh9FDioOX-jnvKA,0
2zLVh1SNb2U,UC_abqMV9cMg-TcQju9kXa5g,0
J2HZaDywX8Q,UC_abqMV9cMg-TcQju9kXa5g,0
lTdPkfHzA8A,UC_abqMV9cMg-TcQju9kXa5g,0
LQblMQ9b2t8,UC_abqMV9cMg-TcQju9kXa5g,0
fWeriGMXhvc,UC_abqMV9cMg-TcQju9kXa5g,0
US73rplVc6Y,UC_abqMV9cMg-TcQju9kXa5g,0
lvECqNtle-c,UC_abqMV9cMg-TcQju9kXa5g,0
hOexx2L9Sro,UC_abqMV9cMg-TcQju9kXa5g,0
nt-8bw3_9R8,UC_abqMV9cMg-TcQju9kXa5g,0
H4omQZNJozc,UCpZLNDzplh9FDioOX-jnvKA,0
d1X6GUlv0Xc,UC_abqMV9cMg-TcQju9kXa5g,0
-hSoFEgK_mo,UC_abqMV9cMg-TcQju9kXa5g,0
QnnmcWPZ5B8,UC_abqMV9cMg-TcQju9kXa5g,0
6IGOS66JqTs,UC_abqMV9cMg-TcQju9kXa5g,0
uu59seCfLD4,UCpZLNDzplh9FDioOX-jnvKA,0
uB08ATtwNTs,UC_abqMV9cMg-TcQju9kXa5g,0
N70ZLD48zck,UC_abqMV9cMg-TcQju9kXa5g,0
BOLpoWUMAwM,UC_abqMV9cMg-TcQju9kXa5g,0
jlmXhSZ_hrk,UC_abqMV9cMg-TcQju9kXa5g,0
sqiUi7S0FAM,UC_abqMV9cMg-TcQju9kXa5g,0
9EY7vA-A_Zo,UC_abqMV9cMg-TcQju9kXa5g,0
AYpV41_yrUE,UC_abqMV9cMg-TcQju9kXa5g,0
yzDYjJIXOe4,UC_abqMV9cMg-TcQju9kXa5g,0
TTRLOWxsR2Y,UC_abqMV9cMg-TcQju9kXa5g,0
SOtw5NfAGk8,UC_abqMV9cMg-TcQju9kXa5g,0
SG2NXGETP6E,UC_abqMV9cMg-TcQju9kXa5g,0
78z9defZG-k,UC_abqMV9cMg-TcQju9kXa5g,0
nPGlDWrAfLU,UC_abqMV9cMg-TcQju9kXa5g,0
3031CA1evRU,UC_abqMV9cMg-TcQju9kXa5g,0
apZZGXo1iB0,UC_abqMV9cMg-TcQju9kXa5g,0
fZILK1UOm8k,UCpZLNDzplh9FDioOX-jnvKA,0
pSQAo0uj7nc,UC_abqMV9cMg-TcQju9kXa5g,0
8ww2-lFcVdQ,UC_abqMV9cMg-TcQju9kXa5g,0
hDGyb4eQc10,UCpZLNDzplh9FDioOX-jnvKA,0
KKi6Bdb1pJU,UCpZLNDzplh9FDioOX-jnvKA,0
k_BJx1szM2E,UC_abqMV9cMg-TcQju9kXa5g,0
pyIsURdjfE4,UC_abqMV9cMg-TcQju9kXa5g,0
LmMnEqaJkxw,UC_abqMV9cMg-TcQju9kXa5g,0
uR4YyXLrqIk,UCTjF8TNC7blVsBtWyMrsj4A,1
RUHNWJFozxA,UCRkuUgtDAL4XSU5jB40J_wA,1
N_PDm-UCLdg,UCZVTAKSm7iwy0xX1FyK1VEQ,1
zl_DID3K4lE,UC33b0wkIKmQm3LzUaQTDGUQ,1
UvKSfSw2rKg,UCqMurYXWqmhxrg-7mv7drFw,1
DMGDI4wJZBQ,UCqMurYXWqmhxrg-7mv7drFw,1
bZzuvZ3GdLw,UCiyvg8v3fJNJNcrh_yQUk3w,1
yYiDjyUwX9k,UCqMurYXWqmhxrg-7mv7drFw,1
OLpJzB_S1Ro,UCiyvg8v3fJNJNcrh_yQUk3w,1
t7ObWkZj258,UCqMurYXWqmhxrg-7mv7drFw,1
ml7-fhY3unw,UCiyvg8v3fJNJNcrh_yQUk3w,1
Qx364qWysDo,UCFQoE23adk7NSPNhBlanu4w,1
NHtAXgQez0E,UCnzbx11s43-5ncWWwejPVHg,1
cvTwktQvEig,UCRkuUgtDAL4XSU5jB40J_wA,1
rDqSQROEEmE,UCZVTAKSm7iwy0xX1FyK1VEQ,1
mUkXDx9tyHc,UCZVTAKSm7iwy0xX1FyK1VEQ,1
4wNZOuYbEqY,UC5vY06NlKGpFLTHtMuVoxhw,1
scPXGOOmW_s,UCiyvg8v3fJNJNcrh_yQUk3w,1
zKbM5A6dzEk,UCqMurYXWqmhxrg-7mv7drFw,1
snKqZVWILPY,UCqMurYXWqmhxrg-7mv7drFw,1
gnXbXILdNU0,UCP7k9JoHWrOfbh0slnSOn4g,1
D29PRFz5qBo,UCqMurYXWqmhxrg-7mv7drFw,1
nZo80zJIs9k,UCqMurYXWqmhxrg-7mv7drFw,1
B7oGZ7verN0,UCiyvg8v3fJNJNcrh_yQUk3w,1
BWfhm-CiXQM,UCcliUkdKk9J_7gdsT3No0Xg,1
OiEu_pdojr4,UCRkuUgtDAL4XSU5jB40J_wA,1
pP8NY4KhfvQ,UCiyvg8v3fJNJNcrh_yQUk3w,1
GMZhB4G7V-o,UCqMurYXWqmhxrg-7mv7drFw,1
6ivWRNkrObM,UCqMurYXWqmhxrg-7mv7drFw,1
l77OUuKu7BA,UCqMurYXWqmhxrg-7mv7drFw,1
ljkhDzxrIeQ,UCiyvg8v3fJNJNcrh_yQUk3w,1
K8qCjJcmlXc,UCnzbx11s43-5ncWWwejPVHg,1
5VJRxwK0Tc8,UCcliUkdKk9J_7gdsT3No0Xg,1
YySZNLBAsfY,UCRkuUgtDAL4XSU5jB40J_wA,1
7S2LFtY8Jwo,UCc2RL8jvY1rJPuCnJVsIQWw,1
RGl7bLKUUvc,UCZVTAKSm7iwy0xX1FyK1VEQ,1
FolrZZVnBKw,UCVAwRh03m3_1pZjRKvelomA,1
yElhtwGQC4w,UCwCKddovSCpQ6PNpIf7ORMA,1
XnP-5Aknuxo,UCqMurYXWqmhxrg-7mv7drFw,1
XU4ZDtqFCdU,UCiyvg8v3fJNJNcrh_yQUk3w,1
BtRFif9aFXg,UCqMurYXWqmhxrg-7mv7drFw,1
ijzKUoZMyFM,UCqMurYXWqmhxrg-7mv7drFw,1
SQNeWLhWzdQ,UCqMurYXWqmhxrg-7mv7drFw,1
gRQq2BtvegM,UCFQoE23adk7NSPNhBlanu4w,1
m9czfI4NX8k,UCiyvg8v3fJNJNcrh_yQUk3w,1
zs0KYk5-HIw,UCcliUkdKk9J_7gdsT3No0Xg,1
ZsvGzT-nk2g,UCRkuUgtDAL4XSU5jB40J_wA,1
NG9iustMR8A,UCRkuUgtDAL4XSU5jB40J_wA,1
2ZhX6-g5f9M,UCZVTAKSm7iwy0xX1FyK1VEQ,1
3Znk1MBOJQ0,UCiyvg8v3fJNJNcrh_yQUk3w,1
ON7miFmwxoo,UCqMurYXWqmhxrg-7mv7drFw,1
W1FKYeGEDoE,UCZt-N6QkaEnQ4YGDSWdNdPA,1
fYaJ6lUB5aE,UCZt-N6QkaEnQ4YGDSWdNdPA,1
AnT6e68uMqs,UCqMurYXWqmhxrg-7mv7drFw,1
2Z-Cq6yQ3JI,UCqMurYXWqmhxrg-7mv7drFw,1
quHZHYUNjxQ,UCqMurYXWqmhxrg-7mv7drFw,1
KztWdiRzby8,UCP7k9JoHWrOfbh0slnSOn4g,1
T2ZC00ck-FE,UCZX5B1TcHWJKbwAQuYwEh_w,1
nnNbZHWYlqE,UCFQoE23adk7NSPNhBlanu4w,1
6Oi__6XM_sI,UCiyvg8v3fJNJNcrh_yQUk3w,1
ue5N0RH280U,UCnzbx11s43-5ncWWwejPVHg,1
loqUf3xS17s,UCcliUkdKk9J_7gdsT3No0Xg,1
eRilUFRDPfc,UCqMurYXWqmhxrg-7mv7drFw,1
KoPr2kQRGfk,UCqMurYXWqmhxrg-7mv7drFw,1
x1ZQ2vA-0PM,UCqMurYXWqmhxrg-7mv7drFw,1
w0tRETn4kwA,UCiyvg8v3fJNJNcrh_yQUk3w,1
uL3-j2R0Ldc,UCqMurYXWqmhxrg-7mv7drFw,1
erXnQcS2XOU,UCZt-N6QkaEnQ4YGDSWdNdPA,1
-h684N4QB0E,UCiyvg8v3fJNJNcrh_yQUk3w,1
2H581X6bs1Q,UCiyvg8v3fJNJNcrh_yQUk3w,1
JGPOwOFE6GQ,UCywlrebEcnkJ6m1y9YViWoQ,1
mOosbyWTh6A,UCZVTAKSm7iwy0xX1FyK1VEQ,1
Xg-7_mauQK8,UCRkuUgtDAL4XSU5jB40J_wA,1
vqq7YKbsPew,UCqMurYXWqmhxrg-7mv7drFw,1
5JuRpU7KEY8,UCqMurYXWqmhxrg-7mv7drFw,1
hzg4xuNV81g,UC5vY06NlKGpFLTHtMuVoxhw,1
AZqyEx93k8A,UCqMurYXWqmhxrg-7mv7drFw,1
mqORJQVYbD0,UCqMurYXWqmhxrg-7mv7drFw,1
XR3a45tGo6s,UCiyvg8v3fJNJNcrh_yQUk3w,1
MoOas9-m9aA,UCqMurYXWqmhxrg-7mv7drFw,1
2GYAmcZs5m4,UCiyvg8v3fJNJNcrh_yQUk3w,1
snvl3dYml7o,UCRkuUgtDAL4XSU5jB40J_wA,1
SuCuoAbG17o,UCiyvg8v3fJNJNcrh_yQUk3w,1
t2I5kodh9iA,UCRkuUgtDAL4XSU5jB40J_wA,1
yAl4v-O9_iE,UCcliUkdKk9J_7gdsT3No0Xg,1
Gs1GWIztIrA,UCnzbx11s43-5ncWWwejPVHg,1
69I6zxmNWxM,UCZVTAKSm7iwy0xX1FyK1VEQ,1
gWzLTRle1x8,UCP7k9JoHWrOfbh0slnSOn4g,1
XN4EVFYQFQU,UCc2RL8jvY1rJPuCnJVsIQWw,1
10D5Kb58wY0,UC33b0wkIKmQm3LzUaQTDGUQ,1
4YfOi9AIUUc,UCqMurYXWqmhxrg-7mv7drFw,1
F310ZOGgN2Q,UCiyvg8v3fJNJNcrh_yQUk3w,1
Js9f0YzHxtM,UCP7k9JoHWrOfbh0slnSOn4g,1
D5KjxreXn0A,UC02tDemqzG7D4Ep3K4D4Ptw,1
07Rppgz2tLk,UCiyvg8v3fJNJNcrh_yQUk3w,1
be1tiHmOZxI,UCiyvg8v3fJNJNcrh_yQUk3w,1
hPtyBUKgrSY,UCZt-N6QkaEnQ4YGDSWdNdPA,1
xu-GecnOG4U,UCiyvg8v3fJNJNcrh_yQUk3w,1
1Yh42MxLivA,UCZt-N6QkaEnQ4YGDSWdNdPA,1
Vytjk-DH1Po,UCcliUkdKk9J_7gdsT3No0Xg,1
xFmaP8YHWho,UCRkuUgtDAL4XSU5jB40J_wA,1
ngy9sZQ8UDk,UCZt-N6QkaEnQ4YGDSWdNdPA,1
FuFPq_i9JUg,UCP7k9JoHWrOfbh0slnSOn4g,1
TMLo37BW84s,UCiyvg8v3fJNJNcrh_yQUk3w,1
xlt0nh_5azA,UCZVTAKSm7iwy0xX1FyK1VEQ,1
PV84G9XOu8I,UCiyvg8v3fJNJNcrh_yQUk3w,1
mh00DuSzeuk,UCZt-N6QkaEnQ4YGDSWdNdPA,1
7guodVf-qRg,UCcliUkdKk9J_7gdsT3No0Xg,1
ae8DO6L03hI,UCnzbx11s43-5ncWWwejPVHg,1
AsUXBYgGuB4,UCZVTAKSm7iwy0xX1FyK1VEQ,1
kRwnQ9hzUxg,UC5vY06NlKGpFLTHtMuVoxhw,1
ZQ9STrgs8Zk,UCiyvg8v3fJNJNcrh_yQUk3w,1
9JgZD56AuBU,UCiyvg8v3fJNJNcrh_yQUk3w,1
v3m_KikCgmA,UCiyvg8v3fJNJNcrh_yQUk3w,1
qeZ1IQSozcs,UCZVTAKSm7iwy0xX1FyK1VEQ,1
Arca25lpbuI,UCRkuUgtDAL4XSU5jB40J_wA,1
yEzw3D8prhg,UCZVTAKSm7iwy0xX1FyK1VEQ,1
aeETDUfrG54,UCZVTAKSm7iwy0xX1FyK1VEQ,1
bZalLy_yxuU,UCZVTAKSm7iwy0xX1FyK1VEQ,1
G0vruKncSKQ,UCZt-N6QkaEnQ4YGDSWdNdPA,1
kh7vHpBNQ74,UCiyvg8v3fJNJNcrh_yQUk3w,1
Zvkd3CG4DjU,UCiyvg8v3fJNJNcrh_yQUk3w,1
c2L8aA6jkOc,UCZt-N6QkaEnQ4YGDSWdNdPA,1
45jqk7W5O4A,UCZt-N6QkaEnQ4YGDSWdNdPA,1
SPCbZKKgX7o,UCiyvg8v3fJNJNcrh_yQUk3w,1
-3d0L7oF2Ts,UCRkuUgtDAL4XSU5jB40J_wA,1
2cWkFnaJtto,UCZVTAKSm7iwy0xX1FyK1VEQ,1
8WqwvaZ7DLY,UCcliUkdKk9J_7gdsT3No0Xg,1
2bSWDM1zYOI,UCnzbx11s43-5ncWWwejPVHg,1
HjOK5zEf6Mc,UCRkuUgtDAL4XSU5jB40J_wA,1
nA2sTOjiRWI,UCc2RL8jvY1rJPuCnJVsIQWw,1
cZKLMcynpfU,UCRkuUgtDAL4XSU5jB40J_wA,1
G8czX2ntoVA,UCwCKddovSCpQ6PNpIf7ORMA,1
r3w4knlGnV0,UCFQoE23adk7NSPNhBlanu4w,1
wP2icN-wxlU,UCiyvg8v3fJNJNcrh_yQUk3w,1
nr-n87JICX4,UCTjF8TNC7blVsBtWyMrsj4A,1
sb2_8ZoYUb0,UCP7k9JoHWrOfbh0slnSOn4g,1
zdoP1bM4PWs,UCZt-N6QkaEnQ4YGDSWdNdPA,1
AX45wvR1Abs,UCiyvg8v3fJNJNcrh_yQUk3w,1
X5_RxK9K_Sk,UCRkuUgtDAL4XSU5jB40J_wA,1
Seuq0rSI4mk,UCRkuUgtDAL4XSU5jB40J_wA,1
kHHeY4zoR4M,UCUJ0K_e0ac1vBBqss99wudQ,1
d5_sPHzRY3g,UCnzbx11s43-5ncWWwejPVHg,1
1val9KEfbak,UCcliUkdKk9J_7gdsT3No0Xg,1
TMncN81S_Hg,UCFQoE23adk7NSPNhBlanu4w,1
V6jLebTmzNY,UCiyvg8v3fJNJNcrh_yQUk3w,1
PCxUu5Rssuw,UCcliUkdKk9J_7gdsT3No0Xg,1
NZpWhhOPosc,UCZVTAKSm7iwy0xX1FyK1VEQ,1
sVUZnblJIk0,UCc2RL8jvY1rJPuCnJVsIQWw,1
Ol_PVRhhvSQ,UC33b0wkIKmQm3LzUaQTDGUQ,1
E5vbdiGjyMs,UCiyvg8v3fJNJNcrh_yQUk3w,1
wLFs5R0_I08,UCZt-N6QkaEnQ4YGDSWdNdPA,1
-7lUE2r5lCQ,UCiyvg8v3fJNJNcrh_yQUk3w,1
q7oWOFIs3Ts,UCiyvg8v3fJNJNcrh_yQUk3w,1
W5-F1rhB2DU,UCZt-N6QkaEnQ4YGDSWdNdPA,1
pkVOS9D80V4,UCnzbx11s43-5ncWWwejPVHg,1
ASk_RiDkEw8,UCcliUkdKk9J_7gdsT3No0Xg,1
APdKWIDUyjQ,UCRkuUgtDAL4XSU5jB40J_wA,1
_8_mVf5jHck,UCZVTAKSm7iwy0xX1FyK1VEQ,1
v2FOkTA-zeI,UCP7k9JoHWrOfbh0slnSOn4g,1
f4lzDqfqwic,UCiyvg8v3fJNJNcrh_yQUk3w,1
a8klXQCxH9c,UCFQoE23adk7NSPNhBlanu4w,1
EVMHHTrqvEI,UCiyvg8v3fJNJNcrh_yQUk3w,1
TaEiPRZe-EA,UCiyvg8v3fJNJNcrh_yQUk3w,1
UlN2ROBo52I,UCcliUkdKk9J_7gdsT3No0Xg,1
bYqGFrZPrc0,UCZVTAKSm7iwy0xX1FyK1VEQ,1
uh_ena0nnVo,UCZVTAKSm7iwy0xX1FyK1VEQ,1
KObDODyA828,UCRkuUgtDAL4XSU5jB40J_wA,1
NfB5yjxsGz8,UCVAwRh03m3_1pZjRKvelomA,1
cJ1bObC-pvo,UCiyvg8v3fJNJNcrh_yQUk3w,1
S6oPNeiOEAc,UCiyvg8v3fJNJNcrh_yQUk3w,1
XKIpQ5-4S8k,UCcliUkdKk9J_7gdsT3No0Xg,1
KZTGVM6XIx0,UCnzbx11s43-5ncWWwejPVHg,1
XgwlqzjFLIk,UCRkuUgtDAL4XSU5jB40J_wA,1
NIUEAMzH0JA,UCc2RL8jvY1rJPuCnJVsIQWw,1
SXXPSW4CkP8,UCwCKddovSCpQ6PNpIf7ORMA,1
nShzqzc8zU0,UCiyvg8v3fJNJNcrh_yQUk3w,1
ReX1tuR7zCI,UC02tDemqzG7D4Ep3K4D4Ptw,1
8xqgnq-Xv8k,UCZX5B1TcHWJKbwAQuYwEh_w,1
oygQdXpQK6w,UCZt-N6QkaEnQ4YGDSWdNdPA,1
6zr4tojMKfo,UCGi0NdxX2B36hD6WxXdNhFA,1
cuPmDZxuf4Y,UCiyvg8v3fJNJNcrh_yQUk3w,1
LwnfiCSKPzQ,UCRkuUgtDAL4XSU5jB40J_wA,1
c0TkrKin7pE,UCRkuUgtDAL4XSU5jB40J_wA,1
h-Srs73623U,UCZVTAKSm7iwy0xX1FyK1VEQ,1
ftwTOBbEYyw,UCP7k9JoHWrOfbh0slnSOn4g,1
w30L9qgB9xE,UCiyvg8v3fJNJNcrh_yQUk3w,1
eswD2rScnLw,UCFQoE23adk7NSPNhBlanu4w,1
Oj9rcSeABMM,UCiyvg8v3fJNJNcrh_yQUk3w,1
iVlZFQYolfQ,UCnzbx11s43-5ncWWwejPVHg,1
g-EAXHIw4dc,UCcliUkdKk9J_7gdsT3No0Xg,1
8q2pmqHfvjE,UCTjF8TNC7blVsBtWyMrsj4A,1
M4SI9UfzVNs,UCRkuUgtDAL4XSU5jB40J_wA,1
q9vZF58nuoo,UCRkuUgtDAL4XSU5jB40J_wA,1
Y2vOiiiHemk,UCZVTAKSm7iwy0xX1FyK1VEQ,1
l7Lp8FB4aKw,UCiyvg8v3fJNJNcrh_yQUk3w,1
S-yLON-Uhj4,UCiyvg8v3fJNJNcrh_yQUk3w,1
C7qrrWvW5x0,UCiyvg8v3fJNJNcrh_yQUk3w,1
G_Fy9v61gAs,UCcliUkdKk9J_7gdsT3No0Xg,1
N60hRd7Rlqs,UCZVTAKSm7iwy0xX1FyK1VEQ,1
VBW2GLqIpKM,UCZt-N6QkaEnQ4YGDSWdNdPA,1
9PjL8AWqQVw,UCRkuUgtDAL4XSU5jB40J_wA,1
x41tZdt2xC4,UCcliUkdKk9J_7gdsT3No0Xg,1
C6ZllYYSvsc,UCnzbx11s43-5ncWWwejPVHg,1
fhog31VkdAM,UC33b0wkIKmQm3LzUaQTDGUQ,1
HMtgls3R7Jg,UCc2RL8jvY1rJPuCnJVsIQWw,1
zhyUCH9iv2Y,UCFQoE23adk7NSPNhBlanu4w,1
GuwV8fl8mrc,UCZt-N6QkaEnQ4YGDSWdNdPA,1
EicvOqFIxDQ,UCZt-N6QkaEnQ4YGDSWdNdPA,1
o0-YQyU5Nxs,UCRkuUgtDAL4XSU5jB40J_wA,1
cQVx0QSXpQs,UCRkuUgtDAL4XSU5jB40J_wA,1
MDAGqdZyXL8,UCcliUkdKk9J_7gdsT3No0Xg,1
ojTU6nDUsPQ,UCZVTAKSm7iwy0xX1FyK1VEQ,1
r2x12Up8yN8,UCRkuUgtDAL4XSU5jB40J_wA,1
viLIjMZGxlY,UCZ9zJNZDmuQQ7Uw97Kdjwkw,1
z1RxoHqwPx8,UCZVTAKSm7iwy0xX1FyK1VEQ,1
X8Yl2eT0tXg,UCnzbx11s43-5ncWWwejPVHg,1
Fc3Ou3ytfxI,UCcliUkdKk9J_7gdsT3No0Xg,1
CeScjTwxd4A,UCRkuUgtDAL4XSU5jB40J_wA,1
U-LLlKO-SHU,UCc2RL8jvY1rJPuCnJVsIQWw,1
4A_8oPYCvYI,UCcliUkdKk9J_7gdsT3No0Xg,1
fZNRg1n7dWI,UCZVTAKSm7iwy0xX1FyK1VEQ,1
RvD_3jNiUfs,UCZVTAKSm7iwy0xX1FyK1VEQ,1
23mhr1QKexA,UCRkuUgtDAL4XSU5jB40J_wA,1
8et-A9x_tkw,UCwCKddovSCpQ6PNpIf7ORMA,1
_SfKcRcV8vU,UCFQoE23adk7NSPNhBlanu4w,1
NDcliywUaT8,UCZVTAKSm7iwy0xX1FyK1VEQ,1
LPT36SmVkYU,UCZt-N6QkaEnQ4YGDSWdNdPA,1
wZGLs7An8dM,UCZVTAKSm7iwy0xX1FyK1VEQ,1
QFuR1DO0LPs,UCnzbx11s43-5ncWWwejPVHg,1
KNWyrcf71EM,UCRkuUgtDAL4XSU5jB40J_wA,1
hFDryA7ekH0,UCRkuUgtDAL4XSU5jB40J_wA,1
k0RMfVt-XCI,UCc2RL8jvY1rJPuCnJVsIQWw,1
Hb-LVMbwLIE,UCP7k9JoHWrOfbh0slnSOn4g,1
y5RZkczWO0c,UCRkuUgtDAL4XSU5jB40J_wA,1
hXo_GPa6dSs,UCcliUkdKk9J_7gdsT3No0Xg,1
sVS_-lB9ifA,UCTjF8TNC7blVsBtWyMrsj4A,1
b4LEWkZBdLw,UCP7k9JoHWrOfbh0slnSOn4g,1
6SQcY7gSZ4Y,UCRkuUgtDAL4XSU5jB40J_wA,1
H8FSVXF9Lzg,UCZVTAKSm7iwy0xX1FyK1VEQ,1
uplssaKwVfc,UCnzbx11s43-5ncWWwejPVHg,1
0mRTXt7sdl8,UCcliUkdKk9J_7gdsT3No0Xg,1
bLlW9w0dkv4,UCRkuUgtDAL4XSU5jB40J_wA,1
SWb9SlRwntI,UCZVTAKSm7iwy0xX1FyK1VEQ,1
Fy4lqsfxqio,UCFQoE23adk7NSPNhBlanu4w,1
cbfhDvoRr_g,UCcliUkdKk9J_7gdsT3No0Xg,1
iZqzIVhm5eg,UCZVTAKSm7iwy0xX1FyK1VEQ,1
3amWPQFr6f4,UCc2RL8jvY1rJPuCnJVsIQWw,1
-pLyxphGwxo,UC33b0wkIKmQm3LzUaQTDGUQ,1
ju77VIrR8BA,UCRkuUgtDAL4XSU5jB40J_wA,1
dvJXaZoupzA,UCcliUkdKk9J_7gdsT3No0Xg,1
8y-iCcfC-FQ,UCnzbx11s43-5ncWWwejPVHg,1
FsmMR-JUJEA,UCRkuUgtDAL4XSU5jB40J_wA,1
g86Q68ND5k0,UCZVTAKSm7iwy0xX1FyK1VEQ,1
4cdre0cusOA,UCcliUkdKk9J_7gdsT3No0Xg,1
OO4VsIl5wPo,UCRkuUgtDAL4XSU5jB40J_wA,1
58SE42AfR7U,UCZVTAKSm7iwy0xX1FyK1VEQ,1
lFEbXrrC7sg,UCFQoE23adk7NSPNhBlanu4w,1
c74qZ_xMj3g,UCcliUkdKk9J_7gdsT3No0Xg,1
IlGJ-heZTJw,UCnzbx11s43-5ncWWwejPVHg,1
bewH46qHyDI,UCRkuUgtDAL4XSU5jB40J_wA,1
-V6NnUiWuY4,UCZt-N6QkaEnQ4YGDSWdNdPA,1
37vTtf8jg6Y,UCZVTAKSm7iwy0xX1FyK1VEQ,1
IM7V3F7MLLU,UCcliUkdKk9J_7gdsT3No0Xg,1
Z27ISe4KFPU,UCRkuUgtDAL4XSU5jB40J_wA,1
lqerDk_SXtE,UCRkuUgtDAL4XSU5jB40J_wA,1
VnkwsZsn-ws,UCRkuUgtDAL4XSU5jB40J_wA,1
23Rdu39nxN8,UCc2RL8jvY1rJPuCnJVsIQWw,1
kUkv6AJYk2s,UCFQoE23adk7NSPNhBlanu4w,1
43gsIpQ08ao,UCwCKddovSCpQ6PNpIf7ORMA,1
myvOicr_JJw,UCP7k9JoHWrOfbh0slnSOn4g,1
jYjvlXqAykc,UCZVTAKSm7iwy0xX1FyK1VEQ,1
QQ5lNUmaH6w,UCZVTAKSm7iwy0xX1FyK1VEQ,1
A3bZbDqazhA,UCZVTAKSm7iwy0xX1FyK1VEQ,1
_G_CAIXMNiM,UCnzbx11s43-5ncWWwejPVHg,1
1v1OOPrgaPA,UCcliUkdKk9J_7gdsT3No0Xg,1
dgQ5SPuzW8I,UCTjF8TNC7blVsBtWyMrsj4A,1
n8T25ybqa6Y,UCZt-N6QkaEnQ4YGDSWdNdPA,1
2vGdiKdW1zw,UCRkuUgtDAL4XSU5jB40J_wA,1
nJ2ZuSQhjZk,UCZt-N6QkaEnQ4YGDSWdNdPA,1
zTIHhxqjhbs,UCywlrebEcnkJ6m1y9YViWoQ,1
EeTMGW856Ww,UCcliUkdKk9J_7gdsT3No0Xg,1
GR5xE18bYhM,UCZX5B1TcHWJKbwAQuYwEh_w,1
Yyrt5s2J9ew,UCFQoE23adk7NSPNhBlanu4w,1
Vhek0swsOcg,UCZVTAKSm7iwy0xX1FyK1VEQ,1
ECFoR9aIXgk,UCZVTAKSm7iwy0xX1FyK1VEQ,1
_sA9-IxjiqA,UCZVTAKSm7iwy0xX1FyK1VEQ,1
MmfHzISg98g,UCZVTAKSm7iwy0xX1FyK1VEQ,1
RrUiNtcozag,UCnzbx11s43-5ncWWwejPVHg,1
4O9jNDamTY8,UCcliUkdKk9J_7gdsT3No0Xg,1
-9UFdth9_Gc,UCc2RL8jvY1rJPuCnJVsIQWw,1
KPzusMdW_iA,UC33b0wkIKmQm3LzUaQTDGUQ,1
dfW3F0NJNbY,UCVAwRh03m3_1pZjRKvelomA,1
iEN17512IQM,UCZt-N6QkaEnQ4YGDSWdNdPA,1
bEz4c7Pks0A,UCZt-N6QkaEnQ4YGDSWdNdPA,1
bPAKtgNkx-4,UCRkuUgtDAL4XSU5jB40J_wA,1
Wll5XapW-3A,UCcliUkdKk9J_7gdsT3No0Xg,1
m-MWxPvj0xk,UCZVTAKSm7iwy0xX1FyK1VEQ,1
TGNUVavatQ4,UCZVTAKSm7iwy0xX1FyK1VEQ,1
nx79dL84qE4,UCRkuUgtDAL4XSU5jB40J_wA,1
IjTmXCfawy0,UCFQoE23adk7NSPNhBlanu4w,1
gOYH7fPmGXg,UCRkuUgtDAL4XSU5jB40J_wA,1
cm4BOum_I3E,UCcliUkdKk9J_7gdsT3No0Xg,1
TQMZ8cVmBR8,UCnzbx11s43-5ncWWwejPVHg,1
yBeD6lDFZTs,UCZt-N6QkaEnQ4YGDSWdNdPA,1
0bwzhC3OWtU,UCZt-N6QkaEnQ4YGDSWdNdPA,1
Vuv1ETbHPJM,UCcliUkdKk9J_7gdsT3No0Xg,1
hIjFD1dTjRU,UCZVTAKSm7iwy0xX1FyK1VEQ,1
7u6LMsR2FJI,UCwCKddovSCpQ6PNpIf7ORMA,1
fF_-dZ21WYY,UCRkuUgtDAL4XSU5jB40J_wA,1
U7oMncivgtg,UCcliUkdKk9J_7gdsT3No0Xg,1
CiidpKUrFK4,UCnzbx11s43-5ncWWwejPVHg,1
AT4c8BNlG1I,UCRkuUgtDAL4XSU5jB40J_wA,1
x7o-fwEfvxQ,UCZVTAKSm7iwy0xX1FyK1VEQ,1
JH6GC-3n3DY,UCRkuUgtDAL4XSU5jB40J_wA,1
gV7dql75Crk,UCc2RL8jvY1rJPuCnJVsIQWw,1
jx-9ODrKSDE,UCP7k9JoHWrOfbh0slnSOn4g,1
VMWk1rhu1lw,UCZt-N6QkaEnQ4YGDSWdNdPA,1
9fIiUPBuN-w,UCZt-N6QkaEnQ4YGDSWdNdPA,1
22SXNSue_dM,UCZVTAKSm7iwy0xX1FyK1VEQ,1
M0K-CooLNTQ,UCUJ0K_e0ac1vBBqss99wudQ,1
f8k2gbN9tJw,UCRkuUgtDAL4XSU5jB40J_wA,1
eOmd1rcYnYc,UCZ9zJNZDmuQQ7Uw97Kdjwkw,1
1RnPoTXYZ9M,UCnzbx11s43-5ncWWwejPVHg,1
0g9lKf01HxA,UCcliUkdKk9J_7gdsT3No0Xg,1
pazlLAY1XHA,UCZVTAKSm7iwy0xX1FyK1VEQ,1
ZDxvpeBhos0,UCFQoE23adk7NSPNhBlanu4w,1
5feLA-Jtonc,UCZt-N6QkaEnQ4YGDSWdNdPA,1
lwF1DeIdABE,UCRkuUgtDAL4XSU5jB40J_wA,1
CI91TQ8PdD4,UCZVTAKSm7iwy0xX1FyK1VEQ,1
6TirS2B-c5Y,UCZVTAKSm7iwy0xX1FyK1VEQ,1
4Vq3vRtSLD0,UCcliUkdKk9J_7gdsT3No0Xg,1
OJPpghAfBek,UCc2RL8jvY1rJPuCnJVsIQWw,1
IG3yzFXFjWA,UC33b0wkIKmQm3LzUaQTDGUQ,1
Z0cZTnT42tE,UCnzbx11s43-5ncWWwejPVHg,1
w-85B8OHrsU,UCRkuUgtDAL4XSU5jB40J_wA,1
JOk5Yl4oQt4,UCRkuUgtDAL4XSU5jB40J_wA,1
0aJPRglcI_Y,UCRkuUgtDAL4XSU5jB40J_wA,1
l9sd7DZayAw,UCFQoE23adk7NSPNhBlanu4w,1
fW77ywraC2U,UCZVTAKSm7iwy0xX1FyK1VEQ,1
4oZ3-7xRu_E,UC02tDemqzG7D4Ep3K4D4Ptw,1
ejiKYtVupDM,UCZVTAKSm7iwy0xX1FyK1VEQ,1
DgE5rfdxlH8,UCZt-N6QkaEnQ4YGDSWdNdPA,1
YslXG55gGyQ,UCZt-N6QkaEnQ4YGDSWdNdPA,1
Zm6sKkSg8D0,UCcliUkdKk9J_7gdsT3No0Xg,1
A0RfkBgyPfM,UCc2RL8jvY1rJPuCnJVsIQWw,1
BFc3rmZD-Hs,UCRkuUgtDAL4XSU5jB40J_wA,1
OVQNNU3pNZo,UCnzbx11s43-5ncWWwejPVHg,1
8X5IyZuCdII,UCZVTAKSm7iwy0xX1FyK1VEQ,1
_pCAW1Sempk,UCZVTAKSm7iwy0xX1FyK1VEQ,1
r_LUk6qXOU8,UCVAwRh03m3_1pZjRKvelomA,1
4AfHGu4u-uQ,UCGi0NdxX2B36hD6WxXdNhFA,1
vBStDdHVPEw,UCZt-N6QkaEnQ4YGDSWdNdPA,1
6Cba6PnTfyk,UCZVTAKSm7iwy0xX1FyK1VEQ,1
PLxY6urRHD4,UCZVTAKSm7iwy0xX1FyK1VEQ,1
hjkrJ4SZLOA,UCcliUkdKk9J_7gdsT3No0Xg,1
GrRmjQnVhl4,UCRkuUgtDAL4XSU5jB40J_wA,1
8rTVvyqOWxc,UCRkuUgtDAL4XSU5jB40J_wA,1
9p7A3IK8aM0,UCRkuUgtDAL4XSU5jB40J_wA,1
1P00R3ALLN8,UCRkuUgtDAL4XSU5jB40J_wA,1
uLPrcFDn1zA,UCc2RL8jvY1rJPuCnJVsIQWw,1
VggykPM5QYA,UCwCKddovSCpQ6PNpIf7ORMA,1
lqNfr4aBe1A,UCP7k9JoHWrOfbh0slnSOn4g,1
SWvHkuSH2tk,UCFQoE23adk7NSPNhBlanu4w,1
R9bvjpdUG04,UCZt-N6QkaEnQ4YGDSWdNdPA,1
MdW4TIKK3jQ,UCZVTAKSm7iwy0xX1FyK1VEQ,1
pIdEZ-z8Uuw,UCnzbx11s43-5ncWWwejPVHg,1
dQeGOYW6Kns,UCZVTAKSm7iwy0xX1FyK1VEQ,1
4fiWpzugRAw,UCZVTAKSm7iwy0xX1FyK1VEQ,1
_ML06pEX4hU,UCTjF8TNC7blVsBtWyMrsj4A,1
UrcRInCQaFQ,UCRkuUgtDAL4XSU5jB40J_wA,1
TWcaMpJ01AE,UCZt-N6QkaEnQ4YGDSWdNdPA,1
v93AOFhny-4,UCZt-N6QkaEnQ4YGDSWdNdPA,1
WMivEhMV54M,UCZVTAKSm7iwy0xX1FyK1VEQ,1
K68gPpsPBY0,UCZVTAKSm7iwy0xX1FyK1VEQ,1
4d4WN4i_49U,UCZVTAKSm7iwy0xX1FyK1VEQ,1
A6bAMCrWJg0,UCRkuUgtDAL4XSU5jB40J_wA,1
YM-w8C5s24Q,UCZ9zJNZDmuQQ7Uw97Kdjwkw,1
YtX2ACAdE1k,UCZt-N6QkaEnQ4YGDSWdNdPA,1
fb-y0xZSGo4,UCFQoE23adk7NSPNhBlanu4w,1
8DMyjihv_jk,UCnzbx11s43-5ncWWwejPVHg,1
cJpPog0qHvc,UCcliUkdKk9J_7gdsT3No0Xg,1
16_IXNaVbkU,UCc2RL8jvY1rJPuCnJVsIQWw,1
98b2kWKfi-E,UCRkuUgtDAL4XSU5jB40J_wA,1
ZkK90Wcr3Jk,UCZt-N6QkaEnQ4YGDSWdNdPA,1
G5VkSRQX5Ag,UCZt-N6QkaEnQ4YGDSWdNdPA,1
6MGCzh3prfc,UCZVTAKSm7iwy0xX1FyK1VEQ,1
95wHMQ5fiH8,UCRkuUgtDAL4XSU5jB40J_wA,1
UuSt-E8sn6w,UCRkuUgtDAL4XSU5jB40J_wA,1
mMnI8bo8xm8,UCZt-N6QkaEnQ4YGDSWdNdPA,1
MKznvP6vUA8,UCZt-N6QkaEnQ4YGDSWdNdPA,1
AcCE57_3FJQ,UCZt-N6QkaEnQ4YGDSWdNdPA,1
XG_H5IB7-zk,UCZVTAKSm7iwy0xX1FyK1VEQ,1
4-Vy3R0QbJM,UCZVTAKSm7iwy0xX1FyK1VEQ,1
Te5eIhPdHFk,UCZVTAKSm7iwy0xX1FyK1VEQ,1
faKd-yGiFZY,UCcliUkdKk9J_7gdsT3No0Xg,1
6OINjALJVwI,UCnzbx11s43-5ncWWwejPVHg,1
rb9qH1tqB4E,UCRkuUgtDAL4XSU5jB40J_wA,1
j2QvaIrfllk,UCc2RL8jvY1rJPuCnJVsIQWw,1
gsgl9L-6EXI,UCZt-N6QkaEnQ4YGDSWdNdPA,1
Ym5wYMIcPNA,UCFQoE23adk7NSPNhBlanu4w,1
OhpnkSNRAGU,UCZt-N6QkaEnQ4YGDSWdNdPA,1
LvRAZ0V0pzU,UCRkuUgtDAL4XSU5jB40J_wA,1
Zmc0RKNd2Ao,UCZVTAKSm7iwy0xX1FyK1VEQ,1
LpIeDnmQg1k,UCZVTAKSm7iwy0xX1FyK1VEQ,1
IHbqvD2iR54,UCRkuUgtDAL4XSU5jB40J_wA,1
MzwgsZMj0FU,UCZVTAKSm7iwy0xX1FyK1VEQ,1
nhRx0lIu_uU,UCRkuUgtDAL4XSU5jB40J_wA,1
D6wxlpp_60A,UCZ9zJNZDmuQQ7Uw97Kdjwkw,1
TvhQVGrHLqw,UCwCKddovSCpQ6PNpIf7ORMA,1
HxKX1cDvJVY,UCZVTAKSm7iwy0xX1FyK1VEQ,1
cd_AIL-_LB0,UCZVTAKSm7iwy0xX1FyK1VEQ,1
bnpWGrtDm30,UCP7k9JoHWrOfbh0slnSOn4g,1
99BNd9rPWcY,UCZt-N6QkaEnQ4YGDSWdNdPA,1
37kWEchGNA4,UCZVTAKSm7iwy0xX1FyK1VEQ,1
w_vDhRZ2IQE,UCRkuUgtDAL4XSU5jB40J_wA,1
_MR6_62ExWQ,UCZVTAKSm7iwy0xX1FyK1VEQ,1
mDva5_hOiUE,UCZt-N6QkaEnQ4YGDSWdNdPA,1
qpQrriO-aGA,UCZt-N6QkaEnQ4YGDSWdNdPA,1
O6Lk1wkUitk,UCZVTAKSm7iwy0xX1FyK1VEQ,1
6GcEctAqYCY,UCZVTAKSm7iwy0xX1FyK1VEQ,1
RcT-QbIc_OY,UCcliUkdKk9J_7gdsT3No0Xg,1
rDbO015O7ko,UCnzbx11s43-5ncWWwejPVHg,1
ElTdHct4zpk,UCRkuUgtDAL4XSU5jB40J_wA,1
8o3KL47fDgk,UCP7k9JoHWrOfbh0slnSOn4g,1
H0h2iiw2XOI,UCZt-N6QkaEnQ4YGDSWdNdPA,1
sVUO5GQ0vwU,UCZt-N6QkaEnQ4YGDSWdNdPA,1
7jFYLSKwNfw,UCZVTAKSm7iwy0xX1FyK1VEQ,1
GO5fBgwlHqQ,UCZVTAKSm7iwy0xX1FyK1VEQ,1
IWYJb0LuEuM,UCRkuUgtDAL4XSU5jB40J_wA,1
AXx6DJEx2k8,UC33b0wkIKmQm3LzUaQTDGUQ,1
1B-_RA1wJ2o,UCFQoE23adk7NSPNhBlanu4w,1
YgMKqy0xXdk,UCZVTAKSm7iwy0xX1FyK1VEQ,1
8DibK_T3b9A,UCnzbx11s43-5ncWWwejPVHg,1
Ob1obfsosUA,UCRkuUgtDAL4XSU5jB40J_wA,1
zsP8ROQK3UM,UCVAwRh03m3_1pZjRKvelomA,1
4Xp9ZTTPv68,UCZVTAKSm7iwy0xX1FyK1VEQ,1
G5Lf0NoNApo,UCZVTAKSm7iwy0xX1FyK1VEQ,1
JpiVwRbe9q4,UCZt-N6QkaEnQ4YGDSWdNdPA,1
Usf6M3IkAC4,UCZt-N6QkaEnQ4YGDSWdNdPA,1
3PimbLs381Y,UCcliUkdKk9J_7gdsT3No0Xg,1
POlsF9oF6ps,UCRkuUgtDAL4XSU5jB40J_wA,1
xLxRK1Ch9Tg,UCnzbx11s43-5ncWWwejPVHg,1
-L1gqOZVWnw,UCFQoE23adk7NSPNhBlanu4w,1
ICUPEs4f8vo,UCZt-N6QkaEnQ4YGDSWdNdPA,1
eh2OgaZeDgM,UCZt-N6QkaEnQ4YGDSWdNdPA,1
4RDu2duQZa4,UCRkuUgtDAL4XSU5jB40J_wA,1
92w5bB9rzfg,UCZVTAKSm7iwy0xX1FyK1VEQ,1
QsXkuVxwfec,UCZVTAKSm7iwy0xX1FyK1VEQ,1
W_3jvVZxRlA,UCZVTAKSm7iwy0xX1FyK1VEQ,1
U38UIsc1hBo,UCRkuUgtDAL4XSU5jB40J_wA,1
l28rSNgbv9c,UCRkuUgtDAL4XSU5jB40J_wA,1
z3DquUMZWCQ,UCc2RL8jvY1rJPuCnJVsIQWw,1
vsmQoST4qdo,UCwCKddovSCpQ6PNpIf7ORMA,1
EqtnaqRF2k0,UCRkuUgtDAL4XSU5jB40J_wA,1
LN6BOulGK6c,UCZt-N6QkaEnQ4YGDSWdNdPA,1
D0ycNZXsRN8,UCZt-N6QkaEnQ4YGDSWdNdPA,1
TZa9d6r-xAY,UCcliUkdKk9J_7gdsT3No0Xg,1
in2MlXMgbpc,UCnzbx11s43-5ncWWwejPVHg,1
kyFcYHP8d_c,UCRkuUgtDAL4XSU5jB40J_wA,1
XcnD-VVumWU,UC02tDemqzG7D4Ep3K4D4Ptw,1
6PfdzkIuOEw,UCP7k9JoHWrOfbh0slnSOn4g,1
XDxMOw9lWRs,UCRkuUgtDAL4XSU5jB40J_wA,1
C5PcESu7Fn4,UCZt-N6QkaEnQ4YGDSWdNdPA,1
QsU7kr77Vw4,UCZt-N6QkaEnQ4YGDSWdNdPA,1
LM2tq7XpnQg,UCFQoE23adk7NSPNhBlanu4w,1
7hb3uAHSOlw,UCfEd-og-67AUEGwUhcUuzqw,1
1Spbgib_15w,UCZVTAKSm7iwy0xX1FyK1VEQ,1
64xYQpSt_F0,UCZVTAKSm7iwy0xX1FyK1VEQ,1
HulZePY2TJk,UCZVTAKSm7iwy0xX1FyK1VEQ,1
Rqca21ABu2o,UCRkuUgtDAL4XSU5jB40J_wA,1
rPv9jWJtO9M,UCc2RL8jvY1rJPuCnJVsIQWw,1
iBeVFFtfMls,UCZVTAKSm7iwy0xX1FyK1VEQ,1
wgBd_KEjBwk,UCZt-N6QkaEnQ4YGDSWdNdPA,1
amWMLe1JPYw,UCZt-N6QkaEnQ4YGDSWdNdPA,1
ozweVUUUW5E,UCZVTAKSm7iwy0xX1FyK1VEQ,1
JlJKppsKwMU,UCnzbx11s43-5ncWWwejPVHg,1
BDFotfLpNyc,UCRkuUgtDAL4XSU5jB40J_wA,1
BLdMPPiS2mk,UC33b0wkIKmQm3LzUaQTDGUQ,1
EIEaebE8wo0,UCRkuUgtDAL4XSU5jB40J_wA,1
EjvU0jp6pdM,UCZt-N6QkaEnQ4YGDSWdNdPA,1
dQvh9qAU-AM,UCZt-N6QkaEnQ4YGDSWdNdPA,1
orriTpfiYzE,UCZt-N6QkaEnQ4YGDSWdNdPA,1
HudA2KcvG3s,UCFQoE23adk7NSPNhBlanu4w,1
qzS_l-TV0aI,UCZVTAKSm7iwy0xX1FyK1VEQ,1
MYrBebjJ2sg,UCcliUkdKk9J_7gdsT3No0Xg,1
gXF8Trhkb0g,UCRkuUgtDAL4XSU5jB40J_wA,1
rd0q77pFywc,UCRkuUgtDAL4XSU5jB40J_wA,1
7KxtU7qb9_s,UCZVTAKSm7iwy0xX1FyK1VEQ,1
2L2JKYk7RKg,UCP7k9JoHWrOfbh0slnSOn4g,1
npwLCDLDxVI,UCZt-N6QkaEnQ4YGDSWdNdPA,1
ncPhqUOHGpY,UCZt-N6QkaEnQ4YGDSWdNdPA,1
ApSHD23-DIY,UCZVTAKSm7iwy0xX1FyK1VEQ,1
sKgGQ_vfFdc,UCnzbx11s43-5ncWWwejPVHg,1
lX6u_Tlunz0,UCc2RL8jvY1rJPuCnJVsIQWw,1
NaE4kl5EOyI,UCZVTAKSm7iwy0xX1FyK1VEQ,1
oaXBcSSwrxo,UCVAwRh03m3_1pZjRKvelomA,1
WBIj04KRlhA,UCZt-N6QkaEnQ4YGDSWdNdPA,1
20DXVp2HZHA,UCZt-N6QkaEnQ4YGDSWdNdPA,1
7wQJfg-V7zM,UCZVTAKSm7iwy0xX1FyK1VEQ,1
cDTGE_UDbLk,UCRkuUgtDAL4XSU5jB40J_wA,1
VFkStO0qWK4,UCZ9zJNZDmuQQ7Uw97Kdjwkw,1
qkjCYLL4Y8E,UCwCKddovSCpQ6PNpIf7ORMA,1
yU_vVrCNfEw,UCFQoE23adk7NSPNhBlanu4w,1
mJyScAvN8ts,UCcliUkdKk9J_7gdsT3No0Xg,1
j43rU-woyMs,UCnzbx11s43-5ncWWwejPVHg,1
CjQtZF9-18A,UCRkuUgtDAL4XSU5jB40J_wA,1
cvFEmtVCoBk,UCRkuUgtDAL4XSU5jB40J_wA,1
OfwUZETwObI,UCRkuUgtDAL4XSU5jB40J_wA,1
Ep2oybapeTE,UCc2RL8jvY1rJPuCnJVsIQWw,1
HNW35-2xLl8,UCP7k9JoHWrOfbh0slnSOn4g,1
5IhMNFbcWSI,UCZt-N6QkaEnQ4YGDSWdNdPA,1
nLKUdSGHXys,UCZt-N6QkaEnQ4YGDSWdNdPA,1
4y88ufW-cwM,UCZVTAKSm7iwy0xX1FyK1VEQ,1
XprYySmxorU,UCTjF8TNC7blVsBtWyMrsj4A,1
hz-Eacf7ZjA,UCRkuUgtDAL4XSU5jB40J_wA,1
qYHKOzTYZwY,UCZVTAKSm7iwy0xX1FyK1VEQ,1
jgCwTOQDgPg,UCZVTAKSm7iwy0xX1FyK1VEQ,1
GyVZtziwD-s,UCZt-N6QkaEnQ4YGDSWdNdPA,1
gMZJRXfBeRU,UCZt-N6QkaEnQ4YGDSWdNdPA,1
bV1U87nfiJA,UCywlrebEcnkJ6m1y9YViWoQ,1
TAvrhrZp8eM,UCZVTAKSm7iwy0xX1FyK1VEQ,1
b519B9hHSWU,UCcliUkdKk9J_7gdsT3No0Xg,1
3DehjlDXkCg,UCnzbx11s43-5ncWWwejPVHg,1
YKjb8GlWfVU,UCRkuUgtDAL4XSU5jB40J_wA,1
ESxQDrVOLVE,UCRkuUgtDAL4XSU5jB40J_wA,1
-W8BmPo0G0A,UCRkuUgtDAL4XSU5jB40J_wA,1
mRSVJWnpt-Q,UCRkuUgtDAL4XSU5jB40J_wA,1
l-aXHcB6Rhk,UCZVTAKSm7iwy0xX1FyK1VEQ,1
SMlbrFyWTak,UCZVTAKSm7iwy0xX1FyK1VEQ,1
oyU7XNFheKw,UC33b0wkIKmQm3LzUaQTDGUQ,1
nX8CcStt68Y,UCRkuUgtDAL4XSU5jB40J_wA,1
Es133DylY6Y,UCc2RL8jvY1rJPuCnJVsIQWw,1
t_uT2yIyIvk,UCZ9zJNZDmuQQ7Uw97Kdjwkw,1
1H2x5_OQDE8,UCRkuUgtDAL4XSU5jB40J_wA,1
WBEzNyGQGtg,UCZt-N6QkaEnQ4YGDSWdNdPA,1
AefrLBn3kMI,UCZt-N6QkaEnQ4YGDSWdNdPA,1
A7AdrOhGmMg,UCZVTAKSm7iwy0xX1FyK1VEQ,1
ai8aMgZnJ-o,UCcliUkdKk9J_7gdsT3No0Xg,1
NIRp6QlbFOc,UCRkuUgtDAL4XSU5jB40J_wA,1
-rE6TyDlNTQ,UCnzbx11s43-5ncWWwejPVHg,1
sJuv8iRtRek,UCRkuUgtDAL4XSU5jB40J_wA,1
T6F2UfKtbDU,UCFQoE23adk7NSPNhBlanu4w,1
8PBqsPqrbpk,UCZt-N6QkaEnQ4YGDSWdNdPA,1
oyr_lEPIto8,UCZt-N6QkaEnQ4YGDSWdNdPA,1
uzKvoIMJ8eg,UCP7k9JoHWrOfbh0slnSOn4g,1
lATCnC-ReXo,UCRkuUgtDAL4XSU5jB40J_wA,1
Rlu5JpbSyFA,UCZt-N6QkaEnQ4YGDSWdNdPA,1
um8GGT9mJXs,UCZt-N6QkaEnQ4YGDSWdNdPA,1
sD_wb1Y6fik,UCnzbx11s43-5ncWWwejPVHg,1
UA0drHEtp00,UCRkuUgtDAL4XSU5jB40J_wA,1
TpZcXYCwC8k,UCRkuUgtDAL4XSU5jB40J_wA,1
o89RcXEiUas,UCUJ0K_e0ac1vBBqss99wudQ,1
bUcE5ThI4SU,UCZt-N6QkaEnQ4YGDSWdNdPA,1
DfGkrUtnrBo,UCGi0NdxX2B36hD6WxXdNhFA,1
w2Xms8qFTH8,UCZVTAKSm7iwy0xX1FyK1VEQ,1
TpZoC0VRxJA,UCcliUkdKk9J_7gdsT3No0Xg,1
2uV_PY_Xu-I,UCRkuUgtDAL4XSU5jB40J_wA,1
88qffeLY2hk,UCRkuUgtDAL4XSU5jB40J_wA,1
wNctQgcVW_Q,UCRkuUgtDAL4XSU5jB40J_wA,1
jzOJTiED2Ec,UCc2RL8jvY1rJPuCnJVsIQWw,1
IQ-cs_5xvyw,UCRkuUgtDAL4XSU5jB40J_wA,1
T66WFFeuaZo,UCwCKddovSCpQ6PNpIf7ORMA,1
EgjDMc7wAa8,UCP7k9JoHWrOfbh0slnSOn4g,1
r_-Soa-WZFM,UCZt-N6QkaEnQ4YGDSWdNdPA,1
AE9m6UrBbAU,UCZt-N6QkaEnQ4YGDSWdNdPA,1
Ujw0tEjF71w,UCZVTAKSm7iwy0xX1FyK1VEQ,1
2nvuoyj5wYI,UCZVTAKSm7iwy0xX1FyK1VEQ,1
BdtgCk4rAJA,UCnzbx11s43-5ncWWwejPVHg,1
s-FWrqfGcCY,UCZVTAKSm7iwy0xX1FyK1VEQ,1
A4EPXTvi504,UCVAwRh03m3_1pZjRKvelomA,1
0AV-JIdWAGI,UCFQoE23adk7NSPNhBlanu4w,1
yWVBU3SRtgM,UCZt-N6QkaEnQ4YGDSWdNdPA,1
id_sTU95yWY,UCZt-N6QkaEnQ4YGDSWdNdPA,1
YjmQafSuy8s,UCnzbx11s43-5ncWWwejPVHg,1
jj0Cs8wxC2Y,UCZVTAKSm7iwy0xX1FyK1VEQ,1
kDv9o6TZWEg,UC33b0wkIKmQm3LzUaQTDGUQ,1
RCMI_7AjScE,UCc2RL8jvY1rJPuCnJVsIQWw,1
BmZydg70x_E,UCZt-N6QkaEnQ4YGDSWdNdPA,1
3QznpPuogSs,UCZt-N6QkaEnQ4YGDSWdNdPA,1
hk5fH3FcjmQ,UCcliUkdKk9J_7gdsT3No0Xg,1
1N7Ei8YVqag,UCc2RL8jvY1rJPuCnJVsIQWw,1
89Me0A8-7KQ,UCP7k9JoHWrOfbh0slnSOn4g,1
f54ZfbchXRg,UC02tDemqzG7D4Ep3K4D4Ptw,1
cjdbe4gJQTQ,UCFQoE23adk7NSPNhBlanu4w,1
9ncnj3kIUbg,UCZVTAKSm7iwy0xX1FyK1VEQ,1
wZkHKVfq_aU,UCnzbx11s43-5ncWWwejPVHg,1
Y8xXO3UySrM,UCZt-N6QkaEnQ4YGDSWdNdPA,1
u8UQSf7t2nE,UCZt-N6QkaEnQ4YGDSWdNdPA,1
bsYGxIas4aM,UCwCKddovSCpQ6PNpIf7ORMA,1
xuFEbC1a16A,UCwCKddovSCpQ6PNpIf7ORMA,1
rr9nioMX1Jo,UCZVTAKSm7iwy0xX1FyK1VEQ,1
Y7cocQ51XBs,UCZt-N6QkaEnQ4YGDSWdNdPA,1
W-X-kx3rby4,UCZt-N6QkaEnQ4YGDSWdNdPA,1
clnmKyLyf9I,UCnzbx11s43-5ncWWwejPVHg,1
wqZlGUjF9Bc,UCZ9zJNZDmuQQ7Uw97Kdjwkw,1
c2qx8tfbDtw,UCc2RL8jvY1rJPuCnJVsIQWw,1
EG0Vt9ONJpg,UCFQoE23adk7NSPNhBlanu4w,1
ZRTDjCjDHYs,UCZt-N6QkaEnQ4YGDSWdNdPA,1
AIuiEtca15M,UCZt-N6QkaEnQ4YGDSWdNdPA,1
dSPGOVhIHms,UCZVTAKSm7iwy0xX1FyK1VEQ,1
-ONkGOdoKVY,UCZ9zJNZDmuQQ7Uw97Kdjwkw,1
Adb5DnNM-hA,UCTjF8TNC7blVsBtWyMrsj4A,1
LoDiWxi8nh4,UCZt-N6QkaEnQ4YGDSWdNdPA,1
mwcybHy1Wa0,UCP7k9JoHWrOfbh0slnSOn4g,1
BSj-BYWy-8s,UCZt-N6QkaEnQ4YGDSWdNdPA,1
XAVHQ3G_VsE,UCZt-N6QkaEnQ4YGDSWdNdPA,1
CVnTGtoXRj8,UCZVTAKSm7iwy0xX1FyK1VEQ,1
1rBldXHd37c,UCcliUkdKk9J_7gdsT3No0Xg,1
CfQw3kZHlOQ,UCnzbx11s43-5ncWWwejPVHg,1
KmBx3uk439U,UCFQoE23adk7NSPNhBlanu4w,1
mpneMb7ly74,UCZ9zJNZDmuQQ7Uw97Kdjwkw,1
IuRgkyINn_o,UCZX5B1TcHWJKbwAQuYwEh_w,1
P2kbJ-25dUs,UCZt-N6QkaEnQ4YGDSWdNdPA,1
oYv8pFcA4hA,UCZt-N6QkaEnQ4YGDSWdNdPA,1
ez9OD2VoliA,UCZVTAKSm7iwy0xX1FyK1VEQ,1
FndIlh3FzFw,UC33b0wkIKmQm3LzUaQTDGUQ,1
JxjnRwSJFM4,UCc2RL8jvY1rJPuCnJVsIQWw,1
yY89KvhqjkA,UCVAwRh03m3_1pZjRKvelomA,1
AjwEuqwHZsM,UCZt-N6QkaEnQ4YGDSWdNdPA,1
7-PdKuqehxw,UCZt-N6QkaEnQ4YGDSWdNdPA,1
uY6dX2aKMuE,UCZVTAKSm7iwy0xX1FyK1VEQ,1
wgW2YzP3Pxk,UCcliUkdKk9J_7gdsT3No0Xg,1
RvI_q8h-hq0,UCnzbx11s43-5ncWWwejPVHg,1
c7Znmq66re4,UCZt-N6QkaEnQ4YGDSWdNdPA,1
5CWa-QGDRKo,UCcliUkdKk9J_7gdsT3No0Xg,1
OGfsynEP05Y,UCFQoE23adk7NSPNhBlanu4w,1
WUQWIPWFLP0,UCZt-N6QkaEnQ4YGDSWdNdPA,1
EVw02BFJMOs,UCnzbx11s43-5ncWWwejPVHg,1
W2Lx-Z2RwLg,UCwCKddovSCpQ6PNpIf7ORMA,1
qqgJfxWSpNU,UCc2RL8jvY1rJPuCnJVsIQWw,1
5L7skylrD_M,UCZt-N6QkaEnQ4YGDSWdNdPA,1
7ZYnsxU7oTg,UCZt-N6QkaEnQ4YGDSWdNdPA,1
o1aJuj__KEQ,UCcliUkdKk9J_7gdsT3No0Xg,1
iPKB3ZPD9bE,UCZVTAKSm7iwy0xX1FyK1VEQ,1
RYPYW17llF8,UCFQoE23adk7NSPNhBlanu4w,1
SipD4EPxdtE,UCZt-N6QkaEnQ4YGDSWdNdPA,1
u_pR4jCU94k,UCZt-N6QkaEnQ4YGDSWdNdPA,1
X-x7vq_HjVU,UCnzbx11s43-5ncWWwejPVHg,1
VLPUU0EinP8,UCZ9zJNZDmuQQ7Uw97Kdjwkw,1
T7I76qaaBro,UCcliUkdKk9J_7gdsT3No0Xg,1
SJlW6yxGRv0,UCZt-N6QkaEnQ4YGDSWdNdPA,1
6pqHnDfJMrY,UCZt-N6QkaEnQ4YGDSWdNdPA,1
tkcXb5W9RJE,UCnzbx11s43-5ncWWwejPVHg,1
7uezzpkVx34,UCc2RL8jvY1rJPuCnJVsIQWw,1
JkbjAtm57QI,UC33b0wkIKmQm3LzUaQTDGUQ,1
u4ugzXHIH44,UCZVTAKSm7iwy0xX1FyK1VEQ,1
DeF0ihIBGrg,UCZt-N6QkaEnQ4YGDSWdNdPA,1
OxqNxjJHin8,UCZt-N6QkaEnQ4YGDSWdNdPA,1
9dSLLGHZCcY,UCcliUkdKk9J_7gdsT3No0Xg,1
TxI0byJlEIA,UCFQoE23adk7NSPNhBlanu4w,1
ANBfzBn3ZBc,UCVAwRh03m3_1pZjRKvelomA,1
GSSdLhV3xSc,UCP7k9JoHWrOfbh0slnSOn4g,1
jxOwzdM5Jqk,UCUJ0K_e0ac1vBBqss99wudQ,1
qZMdJ6kaNPs,UCZVTAKSm7iwy0xX1FyK1VEQ,1
0FZI1HfQfMA,UCZ9zJNZDmuQQ7Uw97Kdjwkw,1
POkHu6XVt3s,UC02tDemqzG7D4Ep3K4D4Ptw,1
pdMlltbL8mw,UCZt-N6QkaEnQ4YGDSWdNdPA,1
18-uTX5vvME,UCZt-N6QkaEnQ4YGDSWdNdPA,1
FXE768MI3C4,UCcliUkdKk9J_7gdsT3No0Xg,1
J9LUGvr9-ik,UCnzbx11s43-5ncWWwejPVHg,1
ZH_1Gm4TkXI,UCFQoE23adk7NSPNhBlanu4w,1
Ru6Yh-WMTdo,UCfEd-og-67AUEGwUhcUuzqw,1
ZhHPNGtsSdc,UCZVTAKSm7iwy0xX1FyK1VEQ,1
TmDAC9X5uOg,UCP7k9JoHWrOfbh0slnSOn4g,1
NeISExvus6M,UCGi0NdxX2B36hD6WxXdNhFA,1
ZuUNM6UrXes,UCUJ0K_e0ac1vBBqss99wudQ,1
CpAe-VnmxaA,UCZt-N6QkaEnQ4YGDSWdNdPA,1
wgyJgvKRub8,UCZt-N6QkaEnQ4YGDSWdNdPA,1
dLmmnfj8NuU,UCc2RL8jvY1rJPuCnJVsIQWw,1
SnIx0q4tWRE,UCZ9zJNZDmuQQ7Uw97Kdjwkw,1
NsPveAFoY30,UCwCKddovSCpQ6PNpIf7ORMA,1
Rlw_voQ7Lm4,UCP7k9JoHWrOfbh0slnSOn4g,1
ZOFj7lOXLes,UCcliUkdKk9J_7gdsT3No0Xg,1
uOnGoe-7NbM,UCZVTAKSm7iwy0xX1FyK1VEQ,1
U7MQsCFIGwk,UCnzbx11s43-5ncWWwejPVHg,1
Qd4Qy_hCzdQ,UCTjF8TNC7blVsBtWyMrsj4A,1
n6x6cyRY8zk,UCZt-N6QkaEnQ4YGDSWdNdPA,1
QaC2dJzme70,UCP7k9JoHWrOfbh0slnSOn4g,1
g_UWT7YI5PY,UCZt-N6QkaEnQ4YGDSWdNdPA,1
ybrbdmNeWhs,UCywlrebEcnkJ6m1y9YViWoQ,1
ChpFrdz5g5w,UCZVTAKSm7iwy0xX1FyK1VEQ,1
hVoR5sNyf40,UCP7k9JoHWrOfbh0slnSOn4g,1
4UNROKQgsoE,UCZt-N6QkaEnQ4YGDSWdNdPA,1
UJJ6Lyb-tO0,UCFQoE23adk7NSPNhBlanu4w,1
2Z6lLbVbRYk,UCZVTAKSm7iwy0xX1FyK1VEQ,1
p5LgurrTaUI,UCnzbx11s43-5ncWWwejPVHg,1
NxFDHZbZq3c,UCc2RL8jvY1rJPuCnJVsIQWw,1
pyVoWSOhnKY,UC33b0wkIKmQm3LzUaQTDGUQ,1
-6rNUQb2irA,UCZt-N6QkaEnQ4YGDSWdNdPA,1
8ctSW-gPKPE,UCZt-N6QkaEnQ4YGDSWdNdPA,1
za45qfO5GjE,UCZVTAKSm7iwy0xX1FyK1VEQ,1
yJdbE9zqZLo,UCcliUkdKk9J_7gdsT3No0Xg,1
EMToyPYHFd4,UCZVTAKSm7iwy0xX1FyK1VEQ,1
Jpxck9SVzJI,UCZ9zJNZDmuQQ7Uw97Kdjwkw,1
zgi4d4YMwWc,UCFQoE23adk7NSPNhBlanu4w,1
h8TBsagNum8,UCP7k9JoHWrOfbh0slnSOn4g,1
_8bOJ48_YsQ,UCZVTAKSm7iwy0xX1FyK1VEQ,1
CVB19Y_QkS8,UCnzbx11s43-5ncWWwejPVHg,1
CxTirb242tA,UCZt-N6QkaEnQ4YGDSWdNdPA,1
kS1fbcrwvo0,UCZt-N6QkaEnQ4YGDSWdNdPA,1
B-fZFxDQVQg,UCwCKddovSCpQ6PNpIf7ORMA,1
ZBaHaGYHv7I,UCZt-N6QkaEnQ4YGDSWdNdPA,1
Pdl0n7gpQ7s,UCZt-N6QkaEnQ4YGDSWdNdPA,1
R-gGwivbM_A,UCcliUkdKk9J_7gdsT3No0Xg,1
5iocfomalXk,UCP7k9JoHWrOfbh0slnSOn4g,1
zFYczDG2yvw,UCZVTAKSm7iwy0xX1FyK1VEQ,1
dqt_3K13S6c,UCc2RL8jvY1rJPuCnJVsIQWw,1
Qw0gUl6roD0,UCZ9zJNZDmuQQ7Uw97Kdjwkw,1
dlZUuJZ0C4o,UCVAwRh03m3_1pZjRKvelomA,1
VKcqNPrp4Lo,UCFQoE23adk7NSPNhBlanu4w,1
nylmGY0LE1Y,UCZt-N6QkaEnQ4YGDSWdNdPA,1
0U7QYlBrC2s,UCZt-N6QkaEnQ4YGDSWdNdPA,1
PGD1qZD903k,UCZVTAKSm7iwy0xX1FyK1VEQ,1
eK2wKIJECiY,UCnzbx11s43-5ncWWwejPVHg,1
3pTfE88BA4Y,UCZt-N6QkaEnQ4YGDSWdNdPA,1
K0ZiX2pj1oA,UCZVTAKSm7iwy0xX1FyK1VEQ,1
gq-5QZsG0Lc,UCcliUkdKk9J_7gdsT3No0Xg,1
F5T4c806WVQ,UCZ9zJNZDmuQQ7Uw97Kdjwkw,1
58ssVCT7R8I,UCFQoE23adk7NSPNhBlanu4w,1
NdrLgmTwV-c,UCnzbx11s43-5ncWWwejPVHg,1
otu0FsBOjjI,UC33b0wkIKmQm3LzUaQTDGUQ,1
K9ydNSTX88Q,UCc2RL8jvY1rJPuCnJVsIQWw,1
1eFqaCncDPo,UCZt-N6QkaEnQ4YGDSWdNdPA,1
A0emRFb4Gyg,UC02tDemqzG7D4Ep3K4D4Ptw,1
ztitn4uXmW0,UCFQoE23adk7NSPNhBlanu4w,1
2hPU1bNB_9A,UCZVTAKSm7iwy0xX1FyK1VEQ,1
aBMvjbyIZOY,UCnzbx11s43-5ncWWwejPVHg,1
fv0HXRtZWJk,UCZ9zJNZDmuQQ7Uw97Kdjwkw,1
rPHPPcpz8ZE,UCZt-N6QkaEnQ4YGDSWdNdPA,1
3pTR5FDpbns,UCZt-N6QkaEnQ4YGDSWdNdPA,1
qb3zJidiwiE,UCcliUkdKk9J_7gdsT3No0Xg,1
jEkCjuk2zcY,UCZVTAKSm7iwy0xX1FyK1VEQ,1
Z26Ao_Gfp-g,UCZ9zJNZDmuQQ7Uw97Kdjwkw,1
6U0F3XB91Tc,UCFQoE23adk7NSPNhBlanu4w,1
WB0IEE8fx6I,UCZVTAKSm7iwy0xX1FyK1VEQ,1
clZlu-gbLvw,UCZt-N6QkaEnQ4YGDSWdNdPA,1
T1wsVz1T1hw,UCZt-N6QkaEnQ4YGDSWdNdPA,1
j7esgDPbCyk,UCfEd-og-67AUEGwUhcUuzqw,1
AskFBgNjvyg,UCnzbx11s43-5ncWWwejPVHg,1
CBJh49_bTyY,UCc2RL8jvY1rJPuCnJVsIQWw,1
nYbgJiTA_FU,UCwCKddovSCpQ6PNpIf7ORMA,1
8Mew_1wHVl8,UCP7k9JoHWrOfbh0slnSOn4g,1
UAdpKf7FxYo,UCZt-N6QkaEnQ4YGDSWdNdPA,1
4bA3pxdk4Vs,UCZt-N6QkaEnQ4YGDSWdNdPA,1
qpwDxULNFj8,UCTjF8TNC7blVsBtWyMrsj4A,1
rWi1MB-gVHQ,UC33b0wkIKmQm3LzUaQTDGUQ,1
pXHPSjqGmAc,UCZX5B1TcHWJKbwAQuYwEh_w,1
m8R_xturU4I,UCZt-N6QkaEnQ4YGDSWdNdPA,1
VaaC9Hb8mEE,UCFQoE23adk7NSPNhBlanu4w,1
BlO7GRwMU4U,UCZt-N6QkaEnQ4YGDSWdNdPA,1
m0eiiIpmbz4,UCcliUkdKk9J_7gdsT3No0Xg,1
tMd2G-vf0jg,UCZt-N6QkaEnQ4YGDSWdNdPA,1
rnPCFib8Ta0,UCZVTAKSm7iwy0xX1FyK1VEQ,1
JaG_3U703x0,UCc2RL8jvY1rJPuCnJVsIQWw,1
0COADejEh3I,UCZt-N6QkaEnQ4YGDSWdNdPA,1
vsYCjqCpmzo,UCZt-N6QkaEnQ4YGDSWdNdPA,1
C0Ba-SOcyo0,UCFQoE23adk7NSPNhBlanu4w,1
yD1Es3ZYlNc,UCnzbx11s43-5ncWWwejPVHg,1
uBsE1mVYwI0,UCVAwRh03m3_1pZjRKvelomA,1
-y9yWFNLVDY,UCZt-N6QkaEnQ4YGDSWdNdPA,1
20P0i76BNqI,UCZt-N6QkaEnQ4YGDSWdNdPA,1
3AVZ1mZb2rU,UCZVTAKSm7iwy0xX1FyK1VEQ,1
v6n4hfnPvLc,UCZVTAKSm7iwy0xX1FyK1VEQ,1
LkGvGVBVveg,UCZ9zJNZDmuQQ7Uw97Kdjwkw,1
tG5UIvH8Dy4,UCZVTAKSm7iwy0xX1FyK1VEQ,1
Y7R8CtvfOQQ,UCFQoE23adk7NSPNhBlanu4w,1
BTh4i1DmUFg,UCnzbx11s43-5ncWWwejPVHg,1
H7W0duGZfy4,UCnzbx11s43-5ncWWwejPVHg,1
3n_MAtmT5VY,UC5vY06NlKGpFLTHtMuVoxhw,1
j4BsRPDXAQ4,UCwCKddovSCpQ6PNpIf7ORMA,1
d-yvSecHtrw,UCc2RL8jvY1rJPuCnJVsIQWw,1
98xX_ZgNV2o,UCZVTAKSm7iwy0xX1FyK1VEQ,1
xY5tpcMXn34,UCUJ0K_e0ac1vBBqss99wudQ,1
p4g59dFe2DU,UCZt-N6QkaEnQ4YGDSWdNdPA,1
86eF4hK21IE,UCGi0NdxX2B36hD6WxXdNhFA,1
IBi-s4OuhQ0,UCcliUkdKk9J_7gdsT3No0Xg,1
4OjmNEt07q4,UCP7k9JoHWrOfbh0slnSOn4g,1
LTdtvzrvkog,UCZt-N6QkaEnQ4YGDSWdNdPA,1
ZoaITqhrVzE,UCZt-N6QkaEnQ4YGDSWdNdPA,1
BD74WJORyZ8,UCnzbx11s43-5ncWWwejPVHg,1
LR-ZXz7_cOA,UCZ9zJNZDmuQQ7Uw97Kdjwkw,1
I6xiA0S7LfQ,UC5vY06NlKGpFLTHtMuVoxhw,1
nJhAZEG6Q04,UCFQoE23adk7NSPNhBlanu4w,1
zEW6IrbpojY,UCP7k9JoHWrOfbh0slnSOn4g,1
huxSR8teq70,UCZt-N6QkaEnQ4YGDSWdNdPA,1
gPtkXsP0UX0,UCZt-N6QkaEnQ4YGDSWdNdPA,1
XDs7Gvgclzw,UCZt-N6QkaEnQ4YGDSWdNdPA,1
gebwl0b_4AE,UCZt-N6QkaEnQ4YGDSWdNdPA,1
EvH4tTPFdY4,UCcliUkdKk9J_7gdsT3No0Xg,1
LJbJpI52G5k,UCnzbx11s43-5ncWWwejPVHg,1
ZGExDSQqX4o,UC33b0wkIKmQm3LzUaQTDGUQ,1
V5q3unwl59E,UCc2RL8jvY1rJPuCnJVsIQWw,1
SAXpwZMx-rE,UCFQoE23adk7NSPNhBlanu4w,1
kOvb8yvDP5Q,UCP7k9JoHWrOfbh0slnSOn4g,1
YPYInvfyAfo,UC5vY06NlKGpFLTHtMuVoxhw,1
aK_7K5zG28U,UCZt-N6QkaEnQ4YGDSWdNdPA,1
l2jluKe3qOM,UCnzbx11s43-5ncWWwejPVHg,1
IrbaLvIwThw,UCZt-N6QkaEnQ4YGDSWdNdPA,1
xrbHWImu3pc,UCZt-N6QkaEnQ4YGDSWdNdPA,1
b-iCdUCng_I,UC5vY06NlKGpFLTHtMuVoxhw,1
jfCtjcaqs8Y,UCFQoE23adk7NSPNhBlanu4w,1
IaBgl6YdSeY,UCfEd-og-67AUEGwUhcUuzqw,1
w5gLKzjXmCc,UCZt-N6QkaEnQ4YGDSWdNdPA,1
xMrU4sKMaCg,UCZt-N6QkaEnQ4YGDSWdNdPA,1
Hvja3How_Eo,UCnzbx11s43-5ncWWwejPVHg,1
k6A9pNQ13SM,UCc2RL8jvY1rJPuCnJVsIQWw,1
H4WXm5jWcBo,UCVAwRh03m3_1pZjRKvelomA,1
ugk0YUDollI,UCwCKddovSCpQ6PNpIf7ORMA,1
NkBZ6eM9Zbw,UC02tDemqzG7D4Ep3K4D4Ptw,1
VApj-HaU0a8,UCP7k9JoHWrOfbh0slnSOn4g,1
ucModD6Q6aI,UCZt-N6QkaEnQ4YGDSWdNdPA,1
m4R4uWE5eKI,UCZt-N6QkaEnQ4YGDSWdNdPA,1
Vd09-_G_tD0,UCTjF8TNC7blVsBtWyMrsj4A,1
PZkyWNczaMk,UC5vY06NlKGpFLTHtMuVoxhw,1
49C2tI9ni70,UCZt-N6QkaEnQ4YGDSWdNdPA,1
PIPfxdHhwPU,UCZt-N6QkaEnQ4YGDSWdNdPA,1
apynWmPJ1B4,UCFQoE23adk7NSPNhBlanu4w,1
3XHbWjDdFn4,UCywlrebEcnkJ6m1y9YViWoQ,1
fcZbKMnvImY,UCnzbx11s43-5ncWWwejPVHg,1
gkhJjIz1Nas,UCZVTAKSm7iwy0xX1FyK1VEQ,1
vpT7cxvZ8Js,UC5vY06NlKGpFLTHtMuVoxhw,1
_Oxc7U6wh_o,UCZt-N6QkaEnQ4YGDSWdNdPA,1
awW5tjFYXs4,UCZt-N6QkaEnQ4YGDSWdNdPA,1
uNQXz2flxCw,UC5vY06NlKGpFLTHtMuVoxhw,1
fUrlZiGKGeE,UC5vY06NlKGpFLTHtMuVoxhw,1
btNytifPwKw,UC33b0wkIKmQm3LzUaQTDGUQ,1
XVuRdtoBgFg,UCc2RL8jvY1rJPuCnJVsIQWw,1
6a62rPhMcfA,UCZt-N6QkaEnQ4YGDSWdNdPA,1
KUVM_iWnRso,UCZt-N6QkaEnQ4YGDSWdNdPA,1
OL2T0FAYrmA,UCZVTAKSm7iwy0xX1FyK1VEQ,1
gpVjWsq8XnA,UCZVTAKSm7iwy0xX1FyK1VEQ,1
P-IACjHvI9Y,UCnzbx11s43-5ncWWwejPVHg,1
6N4GbmF0_-0,UCFQoE23adk7NSPNhBlanu4w,1
d-oI729Ytzc,UC5vY06NlKGpFLTHtMuVoxhw,1
2uq4pNpOzDo,UCZt-N6QkaEnQ4YGDSWdNdPA,1
d2F4yYjF9FM,UCZt-N6QkaEnQ4YGDSWdNdPA,1
cyBJ2-7dR84,UCZVTAKSm7iwy0xX1FyK1VEQ,1
WEKdIffuXBc,UCcliUkdKk9J_7gdsT3No0Xg,1
-sHZRGureZo,UC5vY06NlKGpFLTHtMuVoxhw,1
i1-uvouJp_U,UC5vY06NlKGpFLTHtMuVoxhw,1
q71VkHAplfk,UCZVTAKSm7iwy0xX1FyK1VEQ,1
x8O2G4LT7Q8,UCZt-N6QkaEnQ4YGDSWdNdPA,1
O0FLQK635BE,UCZt-N6QkaEnQ4YGDSWdNdPA,1
TCFJGB4Bq8o,UCZVTAKSm7iwy0xX1FyK1VEQ,1
Arx_-NnQ13c,UCnzbx11s43-5ncWWwejPVHg,1
FCkGg8-a6gQ,UCwCKddovSCpQ6PNpIf7ORMA,1
QNYt4tMhw9k,UCFQoE23adk7NSPNhBlanu4w,1
dPRabJeCFx4,UCZVTAKSm7iwy0xX1FyK1VEQ,1
jaqqaoVEMD8,UC5vY06NlKGpFLTHtMuVoxhw,1
XtJunlK5HSI,UCZt-N6QkaEnQ4YGDSWdNdPA,1
TCMRqbt-VC4,UCZt-N6QkaEnQ4YGDSWdNdPA,1
Ui_lvZzf3cQ,UCc2RL8jvY1rJPuCnJVsIQWw,1
NCuC3DXmwQQ,UCP7k9JoHWrOfbh0slnSOn4g,1
r9Su77Xc9lY,UCZt-N6QkaEnQ4YGDSWdNdPA,1
7K1rgfv0Sxc,UCZt-N6QkaEnQ4YGDSWdNdPA,1
VkJYQwvKv54,UCnzbx11s43-5ncWWwejPVHg,1
KL3I0kUcY2U,UCZ9zJNZDmuQQ7Uw97Kdjwkw,1
Sl0NZJQr58k,UCZX5B1TcHWJKbwAQuYwEh_w,1
_0t5wv3NHwg,UCZt-N6QkaEnQ4YGDSWdNdPA,1
WWX7-945-fw,UCZt-N6QkaEnQ4YGDSWdNdPA,1
rDLpob6e2JM,UCcliUkdKk9J_7gdsT3No0Xg,1
fpOMAlSHyhI,UCZVTAKSm7iwy0xX1FyK1VEQ,1
lG-qGqsMWfM,UC02tDemqzG7D4Ep3K4D4Ptw,1
nCPei02XxBs,UCZVTAKSm7iwy0xX1FyK1VEQ,1
sikAjYuBc0I,UCP7k9JoHWrOfbh0slnSOn4g,1
s2K4D2pUP4A,UCFQoE23adk7NSPNhBlanu4w,1
GFCZKepxPfA,UCZt-N6QkaEnQ4YGDSWdNdPA,1
wdUh7nwK-ao,UCnzbx11s43-5ncWWwejPVHg,1
iuCwyX7qkIA,UC33b0wkIKmQm3LzUaQTDGUQ,1
G8um2xqd2tA,UCc2RL8jvY1rJPuCnJVsIQWw,1
yL_Y4gea6-U,UCZVTAKSm7iwy0xX1FyK1VEQ,1
CvrgIxHuZ7A,UCZ9zJNZDmuQQ7Uw97Kdjwkw,1
DnoRWCRan80,UCVAwRh03m3_1pZjRKvelomA,1
lFFdsPLhe2Q,UCP7k9JoHWrOfbh0slnSOn4g,1
2zUDtuQp4FA,UCFQoE23adk7NSPNhBlanu4w,1
cbPngZU3tA8,UCZt-N6QkaEnQ4YGDSWdNdPA,1
BVGrB61a6tY,UCnzbx11s43-5ncWWwejPVHg,1
WlB1pWXszdw,UCc2RL8jvY1rJPuCnJVsIQWw,1
gReF-AnSLPc,UCZt-N6QkaEnQ4YGDSWdNdPA,1
9I-1isBY-VE,UCZt-N6QkaEnQ4YGDSWdNdPA,1
GRYGT_kKUPo,UCFQoE23adk7NSPNhBlanu4w,1
59GTOUodM0M,UCZt-N6QkaEnQ4YGDSWdNdPA,1
wRpM2TSMLo0,UCcliUkdKk9J_7gdsT3No0Xg,1
q0UdinEkRIw,UCZVTAKSm7iwy0xX1FyK1VEQ,1
RDeM43MN6xA,UCnzbx11s43-5ncWWwejPVHg,1
75OR3VjyILI,UCZ9zJNZDmuQQ7Uw97Kdjwkw,1
Aj1Imsn0uT0,UCc2RL8jvY1rJPuCnJVsIQWw,1
nM5ZDjJFMA8,UCwCKddovSCpQ6PNpIf7ORMA,1
rOeRqCs0MJg,UCZVTAKSm7iwy0xX1FyK1VEQ,1
WYw-AKdBmI4,UCP7k9JoHWrOfbh0slnSOn4g,1
eLdj5gsJX34,UCZt-N6QkaEnQ4YGDSWdNdPA,1
jyOE5CvVQCQ,UCZt-N6QkaEnQ4YGDSWdNdPA,1
tPMlTvW4quE,UCGi0NdxX2B36hD6WxXdNhFA,1
Xuc3GKKkIQY,UCZVTAKSm7iwy0xX1FyK1VEQ,1
amuJt1RQvYU,UCTjF8TNC7blVsBtWyMrsj4A,1
veXvPlNwAp0,UCZ9zJNZDmuQQ7Uw97Kdjwkw,1
xQ33cNdNn4Q,UCZt-N6QkaEnQ4YGDSWdNdPA,1
bxoda1F_ys8,UCZt-N6QkaEnQ4YGDSWdNdPA,1
UrCUlN8IX-8,UCFQoE23adk7NSPNhBlanu4w,1
q9xVrdIY7hM,UCcliUkdKk9J_7gdsT3No0Xg,1
Scu3uBMlb8A,UCnzbx11s43-5ncWWwejPVHg,1
ynAMwK8ckm0,UCZVTAKSm7iwy0xX1FyK1VEQ,1
TFlro1X7-vA,UC02tDemqzG7D4Ep3K4D4Ptw,1
jE-pt5spF8Y,UCZt-N6QkaEnQ4YGDSWdNdPA,1
JdgIfrry7IQ,UCZt-N6QkaEnQ4YGDSWdNdPA,1
c3Gi-76pV9Q,UCP7k9JoHWrOfbh0slnSOn4g,1
_afqhNy94Mw,UCZVTAKSm7iwy0xX1FyK1VEQ,1
dprBVUWpJb4,UC33b0wkIKmQm3LzUaQTDGUQ,1
qDi2dhWal1M,UCc2RL8jvY1rJPuCnJVsIQWw,1
lM5_YaLEZPU,UCZt-N6QkaEnQ4YGDSWdNdPA,1
-HdxcVo06Xc,UCZt-N6QkaEnQ4YGDSWdNdPA,1
AKoeCHqIFyw,UCZVTAKSm7iwy0xX1FyK1VEQ,1
jiccQQuAPkQ,UCnzbx11s43-5ncWWwejPVHg,1
o-KOYsYj29g,UCFQoE23adk7NSPNhBlanu4w,1
O6cSzofU2LE,UCZ9zJNZDmuQQ7Uw97Kdjwkw,1
VCt0izngDyw,UCZVTAKSm7iwy0xX1FyK1VEQ,1
vgUWt33GYOs,UCP7k9JoHWrOfbh0slnSOn4g,1
ilXCB8lsHWE,UCcliUkdKk9J_7gdsT3No0Xg,1
2zL3wh7-gO8,UCUJ0K_e0ac1vBBqss99wudQ,1
b9Vyz0AeIns,UCnzbx11s43-5ncWWwejPVHg,1
Bozrh_rz6Ls,UCwCKddovSCpQ6PNpIf7ORMA,1
ygJZytcldrg,UCZVTAKSm7iwy0xX1FyK1VEQ,1
0OW9uGeRaYg,UCFQoE23adk7NSPNhBlanu4w,1
3vcdwimWt44,UCP7k9JoHWrOfbh0slnSOn4g,1
aCrj231hRPI,UCZt-N6QkaEnQ4YGDSWdNdPA,1
7Jx1TkM0tKU,UCZt-N6QkaEnQ4YGDSWdNdPA,1
OBfemkaF2WQ,UCcliUkdKk9J_7gdsT3No0Xg,1
zwLSnKmH7U4,UCc2RL8jvY1rJPuCnJVsIQWw,1
Bj862jUbIpM,UCZ9zJNZDmuQQ7Uw97Kdjwkw,1
Gvg8G3nWDE8,UCZVTAKSm7iwy0xX1FyK1VEQ,1
eb5W7yMHiSQ,UCP7k9JoHWrOfbh0slnSOn4g,1
PNXauIoEAFw,UCZt-N6QkaEnQ4YGDSWdNdPA,1
TaATq2OwwQY,UCZt-N6QkaEnQ4YGDSWdNdPA,1
33CKPq3FOoI,UCTjF8TNC7blVsBtWyMrsj4A,1
qnwnhCcRnw4,UCFQoE23adk7NSPNhBlanu4w,1
LJnuyhYKqag,UC5vY06NlKGpFLTHtMuVoxhw,1
0PRM5rraEVc,UCZ9zJNZDmuQQ7Uw97Kdjwkw,1
pFJHVaSDD_Y,UCP7k9JoHWrOfbh0slnSOn4g,1
tI0Wa4Yk3HU,UCZVTAKSm7iwy0xX1FyK1VEQ,1
L8rEyKi8D2g,UCnzbx11s43-5ncWWwejPVHg,1
gVzzAuIocrY,UCZVTAKSm7iwy0xX1FyK1VEQ,1
CYnmqm2Q4Ac,UCZVTAKSm7iwy0xX1FyK1VEQ,1
R0r3HX8u5mo,UCZVTAKSm7iwy0xX1FyK1VEQ,1
1Q5t1mw26Io,UCZVTAKSm7iwy0xX1FyK1VEQ,1
qHiwgVj7ceg,UC33b0wkIKmQm3LzUaQTDGUQ,1
UEYwOhdgYCM,UCc2RL8jvY1rJPuCnJVsIQWw,1
MrZZaHIuF3c,UCZ9zJNZDmuQQ7Uw97Kdjwkw,1
m2CeQ9W5TmQ,UCP7k9JoHWrOfbh0slnSOn4g,1
QxhcWz3jBjo,UCFQoE23adk7NSPNhBlanu4w,1
X7VDKBi5mV4,UCcliUkdKk9J_7gdsT3No0Xg,1
u9taCa4yRBo,UCnzbx11s43-5ncWWwejPVHg,1
Jc7yq7cCUvw,UCZVTAKSm7iwy0xX1FyK1VEQ,1
wcC1P53ogUk,UCVAwRh03m3_1pZjRKvelomA,1
MJ3JD-ihR4A,UCZ9zJNZDmuQQ7Uw97Kdjwkw,1
Pdz-c_Aj854,UCnzbx11s43-5ncWWwejPVHg,1
DUMCPW554Zk,UCZ9zJNZDmuQQ7Uw97Kdjwkw,1
xwesgrqbfWw,UCwCKddovSCpQ6PNpIf7ORMA,1
m5HivDdJTd4,UCcliUkdKk9J_7gdsT3No0Xg,1
FTASA9p6ZnE,UCc2RL8jvY1rJPuCnJVsIQWw,1
35hf75BVA1s,UC5vY06NlKGpFLTHtMuVoxhw,1
qNUch8UYp5w,UCP7k9JoHWrOfbh0slnSOn4g,1
jYz1Sz6Zbmo,UCFQoE23adk7NSPNhBlanu4w,1
_fQqyuh_nKI,UCnzbx11s43-5ncWWwejPVHg,1
yevAQ8YyeHs,UCZ9zJNZDmuQQ7Uw97Kdjwkw,1
EKHqPK6zn54,UCZVTAKSm7iwy0xX1FyK1VEQ,1
-d8u6VIK-Zg,UCZ9zJNZDmuQQ7Uw97Kdjwkw,1
V2Sc623DiqI,UCZVTAKSm7iwy0xX1FyK1VEQ,1
VcD6EWOg2Lo,UCnzbx11s43-5ncWWwejPVHg,1
6SdyRjlGan8,UCcliUkdKk9J_7gdsT3No0Xg,1
N0BzqttXtCg,UC33b0wkIKmQm3LzUaQTDGUQ,1
9opucWP1Yc8,UCc2RL8jvY1rJPuCnJVsIQWw,1
Z3IKg3QyvdU,UC02tDemqzG7D4Ep3K4D4Ptw,1
_sXhl_zcg2I,UCP7k9JoHWrOfbh0slnSOn4g,1
LwpcKGuYS-Q,UCZVTAKSm7iwy0xX1FyK1VEQ,1
DnH_kSYHzN8,UCZ9zJNZDmuQQ7Uw97Kdjwkw,1
ztNmUkH0nwM,UCZVTAKSm7iwy0xX1FyK1VEQ,1
Qt-BU4PXL7o,UCZVTAKSm7iwy0xX1FyK1VEQ,1
pQXz2taBWdk,UCZVTAKSm7iwy0xX1FyK1VEQ,1
pONXxZfQRnk,UCcliUkdKk9J_7gdsT3No0Xg,1
98iXHgH3wn4,UCnzbx11s43-5ncWWwejPVHg,1
-uEPsGpA7_E,UCc2RL8jvY1rJPuCnJVsIQWw,1
dr4o2g7ZSnA,UCFQoE23adk7NSPNhBlanu4w,1
INav44GrLRo,UCZ9zJNZDmuQQ7Uw97Kdjwkw,1
u537MW3_ZGM,UCwCKddovSCpQ6PNpIf7ORMA,1
CP8IXUMHMhA,UCnzbx11s43-5ncWWwejPVHg,1
-XrTe5S3f6w,UCc2RL8jvY1rJPuCnJVsIQWw,1
sF2Vh8mssu0,UCFQoE23adk7NSPNhBlanu4w,1
OUtwfrdZIKg,UCZVTAKSm7iwy0xX1FyK1VEQ,1
781WboeU2PM,UCP7k9JoHWrOfbh0slnSOn4g,1
O3Wh1xHaPXQ,UCGi0NdxX2B36hD6WxXdNhFA,1
Rk6RZ4bBnzI,UCTjF8TNC7blVsBtWyMrsj4A,1
8pDXoyBSvaY,UCZVTAKSm7iwy0xX1FyK1VEQ,1
ql2NrU6eKUQ,UCcliUkdKk9J_7gdsT3No0Xg,1
bvZGyp8wTvg,UCnzbx11s43-5ncWWwejPVHg,1
9OUKMs3Ll70,UCZVTAKSm7iwy0xX1FyK1VEQ,1
2GwmM1SPPYs,UCZVTAKSm7iwy0xX1FyK1VEQ,1
iXFr-TpSEKc,UC33b0wkIKmQm3LzUaQTDGUQ,1
dIQiDhY6J2E,UCc2RL8jvY1rJPuCnJVsIQWw,1
2Jiq80OHsds,UCZ9zJNZDmuQQ7Uw97Kdjwkw,1
6nnv8Io15d0,UCFQoE23adk7NSPNhBlanu4w,1
zp9ihKEJfdM,UCnzbx11s43-5ncWWwejPVHg,1
tIK2eZZAcSE,UCZ9zJNZDmuQQ7Uw97Kdjwkw,1
T_uD9MEfFds,UCZVTAKSm7iwy0xX1FyK1VEQ,1
-aBAPc0Hg7w,UCP7k9JoHWrOfbh0slnSOn4g,1
l_07OipSl5U,UCZVTAKSm7iwy0xX1FyK1VEQ,1
PLguLWiQzeQ,UCcliUkdKk9J_7gdsT3No0Xg,1
VwELdIIFLug,UCZVTAKSm7iwy0xX1FyK1VEQ,1
KCoxmxFg7Cg,UCZVTAKSm7iwy0xX1FyK1VEQ,1
c7Ou64n6Hi4,UCFQoE23adk7NSPNhBlanu4w,1
BRcgJL5UEY0,UCnzbx11s43-5ncWWwejPVHg,1
rWGpfGV3Seg,UCZVTAKSm7iwy0xX1FyK1VEQ,1
iBv2IaO4ic4,UCZVTAKSm7iwy0xX1FyK1VEQ,1
8DSywWaXsHE,UCc2RL8jvY1rJPuCnJVsIQWw,1
q6Ha-Iz0Ccs,UCVAwRh03m3_1pZjRKvelomA,1
Rj_AOSPNdZo,UCZVTAKSm7iwy0xX1FyK1VEQ,1
5ZzKfH8VAD0,UCZ9zJNZDmuQQ7Uw97Kdjwkw,1
i7BoikDwvlg,UCVAwRh03m3_1pZjRKvelomA,1
JgIro7PoO-4,UCwCKddovSCpQ6PNpIf7ORMA,1
hYkOYh-FbLE,UCfEd-og-67AUEGwUhcUuzqw,1
gf7aMT5uC5A,UCZVTAKSm7iwy0xX1FyK1VEQ,1
G7OH7osLIe8,UCP7k9JoHWrOfbh0slnSOn4g,1
BI909qcnuis,UCUJ0K_e0ac1vBBqss99wudQ,1
op3SSkE0zkI,UCnzbx11s43-5ncWWwejPVHg,1
GuftulyEuLA,UCZVTAKSm7iwy0xX1FyK1VEQ,1
JHwyA1VJf9E,UC02tDemqzG7D4Ep3K4D4Ptw,1
cspLXY77PxA,UCP7k9JoHWrOfbh0slnSOn4g,1
xTjoWJPr6cY,UCZVTAKSm7iwy0xX1FyK1VEQ,1
6ZseeB6upjw,UCZVTAKSm7iwy0xX1FyK1VEQ,1
jYtbj5Tfq90,UCFQoE23adk7NSPNhBlanu4w,1
rXMj3oepdgw,UCZVTAKSm7iwy0xX1FyK1VEQ,1
m10mQOhxmZ8,UCcliUkdKk9J_7gdsT3No0Xg,1
jeAokYHCjj0,UCnzbx11s43-5ncWWwejPVHg,1
ylnH8pXWPCA,UCZ9zJNZDmuQQ7Uw97Kdjwkw,1
Mwd87VRTiy0,UCc2RL8jvY1rJPuCnJVsIQWw,1
FyN-DK47B9Q,UC33b0wkIKmQm3LzUaQTDGUQ,1
BA2hDF4vuB0,UCZVTAKSm7iwy0xX1FyK1VEQ,1
Jn-rzf5GS-0,UCZVTAKSm7iwy0xX1FyK1VEQ,1
cG3qTBqEPLY,UCZVTAKSm7iwy0xX1FyK1VEQ,1
m5hBElrr-pY,UCZ9zJNZDmuQQ7Uw97Kdjwkw,1
480BlW44No8,UCZVTAKSm7iwy0xX1FyK1VEQ,1
EO_1Ijdw9Ds,UCZVTAKSm7iwy0xX1FyK1VEQ,1
qWhYcTDB56g,UCnzbx11s43-5ncWWwejPVHg,1
ruvFlu3R8Oo,UCZVTAKSm7iwy0xX1FyK1VEQ,1
UM7Emr1zkaw,UCZVTAKSm7iwy0xX1FyK1VEQ,1
ZDm42ZoffGY,UCZ9zJNZDmuQQ7Uw97Kdjwkw,1
0164KAkKuok,UCZVTAKSm7iwy0xX1FyK1VEQ,1
p2zzZOUZ5CQ,UCwCKddovSCpQ6PNpIf7ORMA,1
F66euV_FYL8,UCVAwRh03m3_1pZjRKvelomA,1
Ia3Fxb3NRBU,UCP7k9JoHWrOfbh0slnSOn4g,1
0XVNdToZCkw,UCZX5B1TcHWJKbwAQuYwEh_w,1
oIV12zgtXW8,UCnzbx11s43-5ncWWwejPVHg,1
B4GE16qvtEM,UCcliUkdKk9J_7gdsT3No0Xg,1
Tnp-XWElTMU,UCc2RL8jvY1rJPuCnJVsIQWw,1
c5laLfgj5yw,UCZVTAKSm7iwy0xX1FyK1VEQ,1
v5CLqVIe4ZI,UCZVTAKSm7iwy0xX1FyK1VEQ,1
IrKGsEnEHck,UCFQoE23adk7NSPNhBlanu4w,1
QAYtCyNDFPE,UCywlrebEcnkJ6m1y9YViWoQ,1
ME1zSrDSTrQ,UCTjF8TNC7blVsBtWyMrsj4A,1
86dXRsozvqU,UCZVTAKSm7iwy0xX1FyK1VEQ,1
eutZ-c4Jxj4,UCZVTAKSm7iwy0xX1FyK1VEQ,1
CNVbMKK1kQY,UCcliUkdKk9J_7gdsT3No0Xg,1
bQdvvfQhGvs,UCZVTAKSm7iwy0xX1FyK1VEQ,1
z0A0-yFVZSg,UCZVTAKSm7iwy0xX1FyK1VEQ,1
r0nXqAajjFk,UCZVTAKSm7iwy0xX1FyK1VEQ,1
DDojT6ege0s,UCFQoE23adk7NSPNhBlanu4w,1
ihSp0Wo-KaA,UCnzbx11s43-5ncWWwejPVHg,1
lksxvpRXvLw,UCZVTAKSm7iwy0xX1FyK1VEQ,1
pNqlLyNj2ZY,UCc2RL8jvY1rJPuCnJVsIQWw,1
CDNQcY53eZA,UC33b0wkIKmQm3LzUaQTDGUQ,1
9NpA-YLfqek,UCcliUkdKk9J_7gdsT3No0Xg,1
jhKo7ZWSUZU,UCP7k9JoHWrOfbh0slnSOn4g,1
505w9ac5WtI,UCZVTAKSm7iwy0xX1FyK1VEQ,1
8rpJrlxj6R0,UC5vY06NlKGpFLTHtMuVoxhw,1
neLNN53rwYE,UCnzbx11s43-5ncWWwejPVHg,1
uTmW19ZCisQ,UCFQoE23adk7NSPNhBlanu4w,1
wVZx2L4Aihw,UCcliUkdKk9J_7gdsT3No0Xg,1
rTQ6DYc0UI8,UCnzbx11s43-5ncWWwejPVHg,1
Ls9Fm25aDXk,UCc2RL8jvY1rJPuCnJVsIQWw,1
eioxDTyn6wg,UCFQoE23adk7NSPNhBlanu4w,1
ECS69w1H2dg,UCwCKddovSCpQ6PNpIf7ORMA,1
j9ubgUzf1UA,UCZVTAKSm7iwy0xX1FyK1VEQ,1
TNnpN4v8lc0,UCGi0NdxX2B36hD6WxXdNhFA,1
r388xFoTcs4,UCZ9zJNZDmuQQ7Uw97Kdjwkw,1
tKRzBcKvcGw,UCZVTAKSm7iwy0xX1FyK1VEQ,1
qcAY8VTprWQ,UCcliUkdKk9J_7gdsT3No0Xg,1
rUvrt9f665c,UCnzbx11s43-5ncWWwejPVHg,1
jqCN9VvQwmQ,UCFQoE23adk7NSPNhBlanu4w,1
K0EOxG5U5q0,UCcliUkdKk9J_7gdsT3No0Xg,1
V7xK0-N24jk,UC33b0wkIKmQm3LzUaQTDGUQ,1
cC-5cXEBvYA,UCc2RL8jvY1rJPuCnJVsIQWw,1
tqJgmmSrIXE,UCP7k9JoHWrOfbh0slnSOn4g,1
bzLOf6ame7Y,UCnzbx11s43-5ncWWwejPVHg,1
C3TAmp-CMsk,UCP7k9JoHWrOfbh0slnSOn4g,1
C-atkUWEQkY,UCP7k9JoHWrOfbh0slnSOn4g,1
t2rspTLnv7E,UCnzbx11s43-5ncWWwejPVHg,1
RLcgprDLI1E,UCcliUkdKk9J_7gdsT3No0Xg,1
7D9Pjv5bcLM,UCwCKddovSCpQ6PNpIf7ORMA,1
AMtNWOcMvUE,UCFQoE23adk7NSPNhBlanu4w,1
qtWTeFUtPHM,UC02tDemqzG7D4Ep3K4D4Ptw,1
NwnbbnFEw0A,UCP7k9JoHWrOfbh0slnSOn4g,1
i8NbULIQpgY,UCVAwRh03m3_1pZjRKvelomA,1
OpI3Si07cRw,UCP7k9JoHWrOfbh0slnSOn4g,1
MsfP_BLsF_4,UCUJ0K_e0ac1vBBqss99wudQ,1
VlAS_5qcGDM,UCZX5B1TcHWJKbwAQuYwEh_w,1
v1Lc0trbPG0,UCnzbx11s43-5ncWWwejPVHg,1
bY9m5De1Qjs,UCcliUkdKk9J_7gdsT3No0Xg,1
zm4C9rx5fGY,UCTjF8TNC7blVsBtWyMrsj4A,1
t57Fbdj_dAw,UCP7k9JoHWrOfbh0slnSOn4g,1
qvyc7ZO4Ncc,UCFQoE23adk7NSPNhBlanu4w,1
wPh9Bpap_Es,UCP7k9JoHWrOfbh0slnSOn4g,1
GXxSGuh-2js,UCnzbx11s43-5ncWWwejPVHg,1
-62z8r4XEg0,UC33b0wkIKmQm3LzUaQTDGUQ,1
kucfwq8XOcE,UCc2RL8jvY1rJPuCnJVsIQWw,1
36V4au6Wgj4,UCP7k9JoHWrOfbh0slnSOn4g,1
bkhappEFoF8,UCfEd-og-67AUEGwUhcUuzqw,1
Jq-yJGB46aQ,UCP7k9JoHWrOfbh0slnSOn4g,1
aU5kqCucN08,UCFQoE23adk7NSPNhBlanu4w,1
sO2FNvFSx6w,UCcliUkdKk9J_7gdsT3No0Xg,1
XMEV0uRAnWE,UCnzbx11s43-5ncWWwejPVHg,1
0hb7OPcrK40,UCnzbx11s43-5ncWWwejPVHg,1
zixDGILNE2s,UCZ9zJNZDmuQQ7Uw97Kdjwkw,1
FeBFpYAZi7A,UCc2RL8jvY1rJPuCnJVsIQWw,1
lWl8P69J-GI,UCwCKddovSCpQ6PNpIf7ORMA,1
DOWVoUUyVjM,UCGi0NdxX2B36hD6WxXdNhFA,1
oqHUHBoY6jY,UCP7k9JoHWrOfbh0slnSOn4g,1
vnsmCZB6W8g,UCFQoE23adk7NSPNhBlanu4w,1
Jr5TUaRP2uM,UCP7k9JoHWrOfbh0slnSOn4g,1
P8kq2xy445o,UCcliUkdKk9J_7gdsT3No0Xg,1
nKMRrSadBN8,UCnzbx11s43-5ncWWwejPVHg,1
XLVqr-AMs8E,UCc2RL8jvY1rJPuCnJVsIQWw,1
bwYJeiauL4I,UC02tDemqzG7D4Ep3K4D4Ptw,1
X71ZD58_xK4,UCP7k9JoHWrOfbh0slnSOn4g,1
jG8UEhMz-tU,UCZ9zJNZDmuQQ7Uw97Kdjwkw,1
SHn3Sjl_3TI,UCFQoE23adk7NSPNhBlanu4w,1
fCNokvw5fEQ,UCVAwRh03m3_1pZjRKvelomA,1
M6iU6dukwjA,UCP7k9JoHWrOfbh0slnSOn4g,1
nNUyl8d8kvQ,UCnzbx11s43-5ncWWwejPVHg,1
753vbGEovRI,UCcliUkdKk9J_7gdsT3No0Xg,1
tiY-dPq_AlQ,UCc2RL8jvY1rJPuCnJVsIQWw,1
W3BvJpmkJXY,UCwCKddovSCpQ6PNpIf7ORMA,1
7sLEjl9JDK8,UCZ9zJNZDmuQQ7Uw97Kdjwkw,1
CoWHI-56Vtg,UCFQoE23adk7NSPNhBlanu4w,1
ejywcZUAgmU,UCnzbx11s43-5ncWWwejPVHg,1
EKn4SSc-8_I,UCP7k9JoHWrOfbh0slnSOn4g,1
DZzKu_AIOWk,UCc2RL8jvY1rJPuCnJVsIQWw,1
MzHCVKdKOTU,UCcliUkdKk9J_7gdsT3No0Xg,1
DxiMRnqWSQE,UCTjF8TNC7blVsBtWyMrsj4A,1
67kkE0DUr2E,UC33b0wkIKmQm3LzUaQTDGUQ,1
2tu3h90idDc,UCP7k9JoHWrOfbh0slnSOn4g,1
sE6sYTSJcLc,UCnzbx11s43-5ncWWwejPVHg,1
SmHiJ8_svh8,UC5vY06NlKGpFLTHtMuVoxhw,1
Ylg6Oq1LJgE,UC5vY06NlKGpFLTHtMuVoxhw,1
7BmFrIrjP_g,UCFQoE23adk7NSPNhBlanu4w,1
iNBiTVzULo8,UCcliUkdKk9J_7gdsT3No0Xg,1
Qclm0WUUM98,UC33b0wkIKmQm3LzUaQTDGUQ,1
U2vjIVKFe5I,UCc2RL8jvY1rJPuCnJVsIQWw,1
IjoqSXfgde8,UCZ9zJNZDmuQQ7Uw97Kdjwkw,1
WKYOLGyezmE,UCP7k9JoHWrOfbh0slnSOn4g,1
KfXEmythmoY,UCZX5B1TcHWJKbwAQuYwEh_w,1
-uQ6yuXN1eM,UCnzbx11s43-5ncWWwejPVHg,1
6alxad2w57g,UCFQoE23adk7NSPNhBlanu4w,1
-Fcc4GQjq0w,UCcliUkdKk9J_7gdsT3No0Xg,1
u9o04gl_ejI,UCnzbx11s43-5ncWWwejPVHg,1
jtcHvZdH0S4,UCZ9zJNZDmuQQ7Uw97Kdjwkw,1
HObZ_Ru6A2A,UCFQoE23adk7NSPNhBlanu4w,1
TYDQhj6aYdQ,UCcliUkdKk9J_7gdsT3No0Xg,1
YSYWXc6nje8,UCc2RL8jvY1rJPuCnJVsIQWw,1
bQmR86Mx73U,UCwCKddovSCpQ6PNpIf7ORMA,1
TZ69m1i_uJw,UCnzbx11s43-5ncWWwejPVHg,1
jqY5VHbvlnU,UCVAwRh03m3_1pZjRKvelomA,1
-dwVy2cmpEc,UCcliUkdKk9J_7gdsT3No0Xg,1
W8_9QTixEWw,UCZ9zJNZDmuQQ7Uw97Kdjwkw,1
BNN64xJaKiw,UC5vY06NlKGpFLTHtMuVoxhw,1
GmV9EaY26Xo,UC5vY06NlKGpFLTHtMuVoxhw,1
E2wGQA1lXKM,UCFQoE23adk7NSPNhBlanu4w,1
wiayeROUPYQ,UCUJ0K_e0ac1vBBqss99wudQ,1
Bih-n9RmkAQ,UCnzbx11s43-5ncWWwejPVHg,1
FYueeCQpcco,UC33b0wkIKmQm3LzUaQTDGUQ,1
090e-lvWH7w,UCc2RL8jvY1rJPuCnJVsIQWw,1
xgHr2OaT70s,UCZ9zJNZDmuQQ7Uw97Kdjwkw,1
FCu93Y7cTEw,UCcliUkdKk9J_7gdsT3No0Xg,1
gatp-KmGRzU,UC33b0wkIKmQm3LzUaQTDGUQ,1
PdryU-SrtMU,UC33b0wkIKmQm3LzUaQTDGUQ,1
9YfFti2qDug,UCFQoE23adk7NSPNhBlanu4w,1
u5ByxZHOuAM,UCP7k9JoHWrOfbh0slnSOn4g,1
cpM7OHrmhHU,UC5vY06NlKGpFLTHtMuVoxhw,1
5FNpqCsBN14,UC5vY06NlKGpFLTHtMuVoxhw,1
4va5awNY_jE,UCnzbx11s43-5ncWWwejPVHg,1
mODv-Z6UTkE,UCc2RL8jvY1rJPuCnJVsIQWw,1
_BlzJHJ21bc,UCcliUkdKk9J_7gdsT3No0Xg,1
Z5exXbsbNXE,UC5vY06NlKGpFLTHtMuVoxhw,1
q_yEAIxuz7o,UCwCKddovSCpQ6PNpIf7ORMA,1
uUmbhn3CH74,UC5vY06NlKGpFLTHtMuVoxhw,1
1fP6o7DjSkk,UCfEd-og-67AUEGwUhcUuzqw,1
Llak2VP_bBo,UCGi0NdxX2B36hD6WxXdNhFA,1
REsFsHUawU0,UCP7k9JoHWrOfbh0slnSOn4g,1
owYlqL3U_SY,UCnzbx11s43-5ncWWwejPVHg,1
DwiGd-4sGTo,UCcliUkdKk9J_7gdsT3No0Xg,1
vfeQ3-OxBlA,UCP7k9JoHWrOfbh0slnSOn4g,1
XNH5ygBb0V8,UC5vY06NlKGpFLTHtMuVoxhw,1
uD2Mx5lOxQc,UC5vY06NlKGpFLTHtMuVoxhw,1
0A7HsEnvrAc,UC5vY06NlKGpFLTHtMuVoxhw,1
HAUTh2jUlfw,UCc2RL8jvY1rJPuCnJVsIQWw,1
ksQOy47Rikc,UCFQoE23adk7NSPNhBlanu4w,1
STLn1xZPe-c,UC33b0wkIKmQm3LzUaQTDGUQ,1
qW3_5zqpyP4,UC02tDemqzG7D4Ep3K4D4Ptw,1
DxkbN_Nk-8E,UC5vY06NlKGpFLTHtMuVoxhw,1
TZAdoZy6y34,UCTjF8TNC7blVsBtWyMrsj4A,1
_NIQ2iFNZhY,UC5vY06NlKGpFLTHtMuVoxhw,1
EeLnP_v5i90,UC5vY06NlKGpFLTHtMuVoxhw,1
At3yg8EHda0,UCZ9zJNZDmuQQ7Uw97Kdjwkw,1
LB3lj1rZkMk,UCP7k9JoHWrOfbh0slnSOn4g,1
zBOyo9oNTeU,UCcliUkdKk9J_7gdsT3No0Xg,1
zMzMb6df1Nc,UCnzbx11s43-5ncWWwejPVHg,1
SJ49YqMxP8Q,UC5vY06NlKGpFLTHtMuVoxhw,1
IVqxXrnccG0,UC5vY06NlKGpFLTHtMuVoxhw,1
708buO0E9Xc,UCFQoE23adk7NSPNhBlanu4w,1
VqPKOWOXdJU,UC33b0wkIKmQm3LzUaQTDGUQ,1
FR7HbO8o8V4,UCc2RL8jvY1rJPuCnJVsIQWw,1
fKUq6v8mCRc,UCcliUkdKk9J_7gdsT3No0Xg,1
1ZANsMtukoU,UCnzbx11s43-5ncWWwejPVHg,1
gvOGMWoxPQY,UCVAwRh03m3_1pZjRKvelomA,1
ocibDgaJNkE,UCcliUkdKk9J_7gdsT3No0Xg,1
mTLP9KNw29c,UCFQoE23adk7NSPNhBlanu4w,1
uB7x8BH_3i0,UCnzbx11s43-5ncWWwejPVHg,1
sbi9IDTrAFM,UCZ9zJNZDmuQQ7Uw97Kdjwkw,1
XPpipkNtOGU,UCFQoE23adk7NSPNhBlanu4w,1
W4lVD0ApoGI,UCcliUkdKk9J_7gdsT3No0Xg,1
ljJ_WJAUwRA,UCc2RL8jvY1rJPuCnJVsIQWw,1
6kBX6X0PKYo,UCwCKddovSCpQ6PNpIf7ORMA,1
R_Y8E-vnfqs,UCZX5B1TcHWJKbwAQuYwEh_w,1
0saFYjmOFkM,UCP7k9JoHWrOfbh0slnSOn4g,1
RMAdfK6MgMA,UCcliUkdKk9J_7gdsT3No0Xg,1
MGH6HgjlvN0,UCnzbx11s43-5ncWWwejPVHg,1
dAq_Xgc_7UU,UCZ9zJNZDmuQQ7Uw97Kdjwkw,1
OI7Em1O1BZU,UCwCKddovSCpQ6PNpIf7ORMA,1
xH7GfWb6hGY,UCVAwRh03m3_1pZjRKvelomA,1
wrB5l_SCfa4,UCP7k9JoHWrOfbh0slnSOn4g,1
HrexIKe4B9I,UCZ9zJNZDmuQQ7Uw97Kdjwkw,1
jiE_fuNQATw,UCP7k9JoHWrOfbh0slnSOn4g,1
F2DWxfvY_sk,UCFQoE23adk7NSPNhBlanu4w,1
pumnF7AT9jo,UCnzbx11s43-5ncWWwejPVHg,1
HqXuSfcqzwo,UC33b0wkIKmQm3LzUaQTDGUQ,1
m2psbVeDPa8,UCc2RL8jvY1rJPuCnJVsIQWw,1
Eg7XLXWaAik,UCP7k9JoHWrOfbh0slnSOn4g,1
gSlTYDiQk1o,UCUJ0K_e0ac1vBBqss99wudQ,1
7Hrzdog_CWI,UC02tDemqzG7D4Ep3K4D4Ptw,1
MqFqXMuXHU4,UCP7k9JoHWrOfbh0slnSOn4g,1
OHx6BqUgMIg,UCnzbx11s43-5ncWWwejPVHg,1
LMOMRR4wHkQ,UCZ9zJNZDmuQQ7Uw97Kdjwkw,1
m0u0SCzA6oI,UCwCKddovSCpQ6PNpIf7ORMA,1
hYXwxy6e7pQ,UCZ9zJNZDmuQQ7Uw97Kdjwkw,1
Iv-jSU0Xk0Y,UCVAwRh03m3_1pZjRKvelomA,1
aPQ1yUDLGXI,UCP7k9JoHWrOfbh0slnSOn4g,1
HTBHNK7beAs,UCnzbx11s43-5ncWWwejPVHg,1
Q7vheWp7Qrs,UCP7k9JoHWrOfbh0slnSOn4g,1
S9wLBBQhzmQ,UCc2RL8jvY1rJPuCnJVsIQWw,1
zgnM5AL1aDU,UCZ9zJNZDmuQQ7Uw97Kdjwkw,1
4mPcENxG_4A,UCP7k9JoHWrOfbh0slnSOn4g,1
OUf-keZWJMU,UCFQoE23adk7NSPNhBlanu4w,1
zwZCnSaqJ9c,UCTjF8TNC7blVsBtWyMrsj4A,1
M2gAiwskqwo,UCnzbx11s43-5ncWWwejPVHg,1
28EycyQplh4,UCc2RL8jvY1rJPuCnJVsIQWw,1
OdByhU2F020,UCP7k9JoHWrOfbh0slnSOn4g,1
oHAskTgbWhs,UCFQoE23adk7NSPNhBlanu4w,1
OMdhW679oUs,UC33b0wkIKmQm3LzUaQTDGUQ,1
0Aywc71JXpk,UCZ9zJNZDmuQQ7Uw97Kdjwkw,1
ka8nGWLA-MA,UCUJ0K_e0ac1vBBqss99wudQ,1
_HxPAXWTXAk,UCnzbx11s43-5ncWWwejPVHg,1
IAX2wy6qPBw,UCP7k9JoHWrOfbh0slnSOn4g,1
ENXeD8zImZ4,UCFQoE23adk7NSPNhBlanu4w,1
sB1h8sfAg-U,UCnzbx11s43-5ncWWwejPVHg,1
uVxAkSmWWXU,UCFQoE23adk7NSPNhBlanu4w,1
llDo-Rg0cGI,UCc2RL8jvY1rJPuCnJVsIQWw,1
AVruChkc798,UCwCKddovSCpQ6PNpIf7ORMA,1
kpeMQRUt3M4,UCGi0NdxX2B36hD6WxXdNhFA,1
3HasoNFzcv4,UCnzbx11s43-5ncWWwejPVHg,1
P3nwYAg0XuM,UCTjF8TNC7blVsBtWyMrsj4A,1
019OxXKTokE,UCFQoE23adk7NSPNhBlanu4w,1
4RhagF2r160,UCc2RL8jvY1rJPuCnJVsIQWw,1
MduaD0RxEIc,UCnzbx11s43-5ncWWwejPVHg,1
Y5gVXKLemmk,UC33b0wkIKmQm3LzUaQTDGUQ,1
G5q4zYn6JnU,UCFQoE23adk7NSPNhBlanu4w,1
F2Avieb-s3o,UCP7k9JoHWrOfbh0slnSOn4g,1
pG7ratvikFA,UCnzbx11s43-5ncWWwejPVHg,1
NDfxsfXfuNU,UCP7k9JoHWrOfbh0slnSOn4g,1
vGkgif7nahk,UCFQoE23adk7NSPNhBlanu4w,1
jyy63I4ObkM,UCwCKddovSCpQ6PNpIf7ORMA,1
RlJanyHixGU,UCVAwRh03m3_1pZjRKvelomA,1
dRCisIRxwL8,UCP7k9JoHWrOfbh0slnSOn4g,1
A94RSQYJi7Y,UCnzbx11s43-5ncWWwejPVHg,1
h5Gpdk7WTdw,UCc2RL8jvY1rJPuCnJVsIQWw,1
JhowHYFYlF4,UCwCKddovSCpQ6PNpIf7ORMA,1
5ofJ8HXy37o,UCP7k9JoHWrOfbh0slnSOn4g,1
oh68mn0ePuw,UCnzbx11s43-5ncWWwejPVHg,1
2c7Igpo4-jU,UCZX5B1TcHWJKbwAQuYwEh_w,1
fc6GEGJenN4,UC33b0wkIKmQm3LzUaQTDGUQ,1
3_gl1wT0v4A,UCc2RL8jvY1rJPuCnJVsIQWw,1
DuEdeglFrF4,UCFQoE23adk7NSPNhBlanu4w,1
AOMX-GSAono,UC02tDemqzG7D4Ep3K4D4Ptw,1
clBjcp-UDk0,UC5vY06NlKGpFLTHtMuVoxhw,1
OP0ndImMBa4,UCnzbx11s43-5ncWWwejPVHg,1
k4ELHjxTyZE,UCFQoE23adk7NSPNhBlanu4w,1
7wLEfdmxwio,UCZX5B1TcHWJKbwAQuYwEh_w,1
pyJ0c8NPcW4,UCUJ0K_e0ac1vBBqss99wudQ,1
ANGy2lctXNI,UCFQoE23adk7NSPNhBlanu4w,1
GQE5aBr7WxI,UCnzbx11s43-5ncWWwejPVHg,1
Rw0em3KmwBc,UC5vY06NlKGpFLTHtMuVoxhw,1
FB17rGMN9O4,UCfEd-og-67AUEGwUhcUuzqw,1
nV7XoPpBmAk,UCc2RL8jvY1rJPuCnJVsIQWw,1
SGaBx28M0T8,UCZ9zJNZDmuQQ7Uw97Kdjwkw,1
ebWLtmYcTEA,UCFQoE23adk7NSPNhBlanu4w,1
h4XirK2JkTI,UCP7k9JoHWrOfbh0slnSOn4g,1
eTpfb5BDuqo,UCnzbx11s43-5ncWWwejPVHg,1
l-w9S51NluQ,UCTjF8TNC7blVsBtWyMrsj4A,1
qyNqJBxNQKU,UCwCKddovSCpQ6PNpIf7ORMA,1
ReqgbeJ4iPQ,UCZ9zJNZDmuQQ7Uw97Kdjwkw,1
QbL4oAvo1NY,UCFQoE23adk7NSPNhBlanu4w,1
Kk3O-YePyzE,UC5vY06NlKGpFLTHtMuVoxhw,1
vaFxR1sJay4,UCnzbx11s43-5ncWWwejPVHg,1
NpqpMRfAM8I,UCc2RL8jvY1rJPuCnJVsIQWw,1
d-uWmxzU3I4,UCVAwRh03m3_1pZjRKvelomA,1
tuGIGrGrkbA,UCP7k9JoHWrOfbh0slnSOn4g,1
_YF3AfxhtuE,UCFQoE23adk7NSPNhBlanu4w,1
sYINEVr3BRc,UCnzbx11s43-5ncWWwejPVHg,1
MUgMCDCHCAM,UCZ9zJNZDmuQQ7Uw97Kdjwkw,1
KNBM4N3e-MU,UCFQoE23adk7NSPNhBlanu4w,1
iXsYTfqWyGg,UCnzbx11s43-5ncWWwejPVHg,1
eZiUpdl3JvQ,UCZ9zJNZDmuQQ7Uw97Kdjwkw,1
NvO9kjzoGL8,UCc2RL8jvY1rJPuCnJVsIQWw,1
dgdWmoT3zo4,UCP7k9JoHWrOfbh0slnSOn4g,1
hUGu65Qxdhw,UCFQoE23adk7NSPNhBlanu4w,1
vA1K3umgYtw,UCnzbx11s43-5ncWWwejPVHg,1
Q6nvmdK-ZP8,UCZ9zJNZDmuQQ7Uw97Kdjwkw,1
nbgv_h77pjI,UC02tDemqzG7D4Ep3K4D4Ptw,1
2b1gpC4rSh4,UCc2RL8jvY1rJPuCnJVsIQWw,1
TDUIs3UzRJM,UC33b0wkIKmQm3LzUaQTDGUQ,1
76Po9ovQd-4,UCwCKddovSCpQ6PNpIf7ORMA,1
2MejEYiMAQs,UCFQoE23adk7NSPNhBlanu4w,1
3vFtdZ5gc_A,UCnzbx11s43-5ncWWwejPVHg,1
UOf0uix_EaA,UCP7k9JoHWrOfbh0slnSOn4g,1
ZjdADOJLQCk,UCnzbx11s43-5ncWWwejPVHg,1
8LNDXRMIpiM,UCwCKddovSCpQ6PNpIf7ORMA,1
v5ju6IMbnJM,UC5vY06NlKGpFLTHtMuVoxhw,1
ZqrKUvgbja8,UCFQoE23adk7NSPNhBlanu4w,1
jvLobk8IOcI,UCc2RL8jvY1rJPuCnJVsIQWw,1
03UmXofBf9g,UCZ9zJNZDmuQQ7Uw97Kdjwkw,1
VAIjZaQQYNE,UCP7k9JoHWrOfbh0slnSOn4g,1
dJjr5C7xPvY,UCGi0NdxX2B36hD6WxXdNhFA,1
ZHqip--jGrU,UCnzbx11s43-5ncWWwejPVHg,1
wrxeWEuNCk4,UCTjF8TNC7blVsBtWyMrsj4A,1
1nd27PSYcxM,UCFQoE23adk7NSPNhBlanu4w,1
696S5KsuojQ,UCnzbx11s43-5ncWWwejPVHg,1
PvRvZEOGAuk,UCc2RL8jvY1rJPuCnJVsIQWw,1
MeRZlhpSBpo,UC33b0wkIKmQm3LzUaQTDGUQ,1
xo1edZiY9KM,UCVAwRh03m3_1pZjRKvelomA,1
kMf-x-t59y4,UCFQoE23adk7NSPNhBlanu4w,1
m0VBx1VnwzI,UCP7k9JoHWrOfbh0slnSOn4g,1
bD6gCv6XCz4,UCnzbx11s43-5ncWWwejPVHg,1
IT13YkpgpD8,UCUJ0K_e0ac1vBBqss99wudQ,1
bVGgdQyAcA8,UCFQoE23adk7NSPNhBlanu4w,1
Ia4t62Mmowo,UCnzbx11s43-5ncWWwejPVHg,1
-f9XBDt6w3o,UCc2RL8jvY1rJPuCnJVsIQWw,1
RyrNucD3vfA,UCwCKddovSCpQ6PNpIf7ORMA,1
ZvK0nKn6Yfs,UCVAwRh03m3_1pZjRKvelomA,1
ttWJr2NOW7k,UCP7k9JoHWrOfbh0slnSOn4g,1
SVIJQvs7pMw,UCnzbx11s43-5ncWWwejPVHg,1
u_zO82lL9XA,UCFQoE23adk7NSPNhBlanu4w,1
9PmwEb3Zo9M,UCc2RL8jvY1rJPuCnJVsIQWw,1
z7taFm5C85o,UC33b0wkIKmQm3LzUaQTDGUQ,1
0GbueJluiMo,UCP7k9JoHWrOfbh0slnSOn4g,1
SAZULVKFlPs,UCnzbx11s43-5ncWWwejPVHg,1
wdVb17uFMAI,UC5vY06NlKGpFLTHtMuVoxhw,1
QBQzEsPRAy8,UC5vY06NlKGpFLTHtMuVoxhw,1
gDYOeeCrhQ0,UCZ9zJNZDmuQQ7Uw97Kdjwkw,1
U5B2ecjQ04E,UCnzbx11s43-5ncWWwejPVHg,1
uoGeROVvHds,UC02tDemqzG7D4Ep3K4D4Ptw,1
lddzNaM4qPo,UCFQoE23adk7NSPNhBlanu4w,1
l9eHskhEEzU,UCc2RL8jvY1rJPuCnJVsIQWw,1
McxYvA8z-UY,UCfEd-og-67AUEGwUhcUuzqw,1
O87nPTGMRvA,UCP7k9JoHWrOfbh0slnSOn4g,1
ttDgnarecZs,UCnzbx11s43-5ncWWwejPVHg,1
qMNZJRe8bo0,UCTjF8TNC7blVsBtWyMrsj4A,1
YnONn2_ykng,UCFQoE23adk7NSPNhBlanu4w,1
5TFkUVr2QJY,UCVAwRh03m3_1pZjRKvelomA,1
J7Qk_gXKLVk,UCFQoE23adk7NSPNhBlanu4w,1
TT4hu56XSUI,UCc2RL8jvY1rJPuCnJVsIQWw,1
-ocwuQ7kasE,UCZ9zJNZDmuQQ7Uw97Kdjwkw,1
M44Tvu69B5M,UCnzbx11s43-5ncWWwejPVHg,1
mD_DMekKOHA,UCZ9zJNZDmuQQ7Uw97Kdjwkw,1
Vchqfh2D6qU,UCfEd-og-67AUEGwUhcUuzqw,1
Ooxy0IbyCmM,UCFQoE23adk7NSPNhBlanu4w,1
yukDk4TAUEU,UCnzbx11s43-5ncWWwejPVHg,1
ZXmz4NBOUzg,UCc2RL8jvY1rJPuCnJVsIQWw,1
FlkG0rlKFr4,UCZ9zJNZDmuQQ7Uw97Kdjwkw,1
IzUmb4-KwVU,UCwCKddovSCpQ6PNpIf7ORMA,1
37YNrMuUXtM,UCP7k9JoHWrOfbh0slnSOn4g,1
ApvuhNtR1hY,UC02tDemqzG7D4Ep3K4D4Ptw,1
RZGTmwTcAi0,UCnzbx11s43-5ncWWwejPVHg,1
pMK8ljAJaHQ,UCFQoE23adk7NSPNhBlanu4w,1
Oul6DH9qzqQ,UCc2RL8jvY1rJPuCnJVsIQWw,1
MqqgtWsvDVQ,UC33b0wkIKmQm3LzUaQTDGUQ,1
RAIsCMFyFBs,UC5vY06NlKGpFLTHtMuVoxhw,1
MlllJg90eLw,UCnzbx11s43-5ncWWwejPVHg,1
vh7o1_EjewE,UCFQoE23adk7NSPNhBlanu4w,1
Xl2Ov3hQlz0,UCnzbx11s43-5ncWWwejPVHg,1
3n_JPlh78Oo,UCc2RL8jvY1rJPuCnJVsIQWw,1
vVLuCeRUmzQ,UCZ9zJNZDmuQQ7Uw97Kdjwkw,1
uCjSqTSl-T8,UCFQoE23adk7NSPNhBlanu4w,1
PVKWcX4qb0k,UCnzbx11s43-5ncWWwejPVHg,1
aa_wOUAvhkw,UCTjF8TNC7blVsBtWyMrsj4A,1
gjESIwmu_s8,UCFQoE23adk7NSPNhBlanu4w,1
TB3Le_7yLLc,UCnzbx11s43-5ncWWwejPVHg,1
kVnCKPdwm9A,UC33b0wkIKmQm3LzUaQTDGUQ,1
5Qw8pAijiLA,UCc2RL8jvY1rJPuCnJVsIQWw,1
WUrWAds0UdQ,UCP7k9JoHWrOfbh0slnSOn4g,1
NqKxu4b-I70,UCVAwRh03m3_1pZjRKvelomA,1
y3eO2lOEYLo,UCP7k9JoHWrOfbh0slnSOn4g,1
A3lV2plrfrc,UCFQoE23adk7NSPNhBlanu4w,1
wTvZrAtNRpo,UCnzbx11s43-5ncWWwejPVHg,1
mm7c4pJhUMA,UCwCKddovSCpQ6PNpIf7ORMA,1
G4MPH3sS2JY,UCP7k9JoHWrOfbh0slnSOn4g,1
w0cz-HDOZY0,UCFQoE23adk7NSPNhBlanu4w,1
JK-HvQJTXvY,UCGi0NdxX2B36hD6WxXdNhFA,1
f1Ry3JnEC_I,UCP7k9JoHWrOfbh0slnSOn4g,1
BjyCS5-KHFQ,UCnzbx11s43-5ncWWwejPVHg,1
nQ34jZwXatI,UCc2RL8jvY1rJPuCnJVsIQWw,1
BX2KKByrQtg,UCZ9zJNZDmuQQ7Uw97Kdjwkw,1
kGNhQls0FP4,UCP7k9JoHWrOfbh0slnSOn4g,1
FRj4cNl2GWE,UCFQoE23adk7NSPNhBlanu4w,1
EimehOd86D8,UCwCKddovSCpQ6PNpIf7ORMA,1
23HoxkGhewE,UCP7k9JoHWrOfbh0slnSOn4g,1
1sxk1ilcavY,UCywlrebEcnkJ6m1y9YViWoQ,1
3a1myAGTC0c,UCnzbx11s43-5ncWWwejPVHg,1
PqhwJyhwlAM,UCP7k9JoHWrOfbh0slnSOn4g,1
Cwdr3ws5KVE,UCc2RL8jvY1rJPuCnJVsIQWw,1
q07bbdmgO2g,UCFQoE23adk7NSPNhBlanu4w,1
Lhy9kC9XR0E,UCnzbx11s43-5ncWWwejPVHg,1
ppP5-XmIris,UCc2RL8jvY1rJPuCnJVsIQWw,1
MW1ItarEuDk,UCZ9zJNZDmuQQ7Uw97Kdjwkw,1
qy0Y2EGLLCM,UCFQoE23adk7NSPNhBlanu4w,1
qHT5jIxYRLw,UCnzbx11s43-5ncWWwejPVHg,1
rivc-dC1TNk,UCc2RL8jvY1rJPuCnJVsIQWw,1
eLQHpPr26OU,UCfEd-og-67AUEGwUhcUuzqw,1
Oh3qYQop9JI,UC5vY06NlKGpFLTHtMuVoxhw,1
Slt0AODnI2Y,UCUJ0K_e0ac1vBBqss99wudQ,1
LFt0r1Bl8xs,UC5vY06NlKGpFLTHtMuVoxhw,1
pIIRWuD6sO8,UCTjF8TNC7blVsBtWyMrsj4A,1
Vwi24H6ybGo,UCVAwRh03m3_1pZjRKvelomA,1
r5-B49RmMzI,UCFQoE23adk7NSPNhBlanu4w,1
BzTck9t_ERU,UC02tDemqzG7D4Ep3K4D4Ptw,1
Xz28deeNcfg,UCnzbx11s43-5ncWWwejPVHg,1
XKTsiX3AMBE,UCc2RL8jvY1rJPuCnJVsIQWw,1
t2pqJuRG4kQ,UCZ9zJNZDmuQQ7Uw97Kdjwkw,1
6d7Inl1-udA,UCwCKddovSCpQ6PNpIf7ORMA,1
0D0s_0yw89k,UCc2RL8jvY1rJPuCnJVsIQWw,1
HgA1Mq5pWuI,UC33b0wkIKmQm3LzUaQTDGUQ,1
c-ZB8gNzOMI,UCnzbx11s43-5ncWWwejPVHg,1
WDTs_6m8Fdo,UCFQoE23adk7NSPNhBlanu4w,1
1jqYZUrnss0,UCP7k9JoHWrOfbh0slnSOn4g,1
6xaQJOKm5SQ,UCFQoE23adk7NSPNhBlanu4w,1
U8O_bc2BubA,UCnzbx11s43-5ncWWwejPVHg,1
YgqudcJoWhI,UCZ9zJNZDmuQQ7Uw97Kdjwkw,1
exifersUASg,UCc2RL8jvY1rJPuCnJVsIQWw,1
mb6Wdrxsp4w,UCZ9zJNZDmuQQ7Uw97Kdjwkw,1
2ZuZaP-5CH4,UCFQoE23adk7NSPNhBlanu4w,1
paYxP8mPmwc,UCnzbx11s43-5ncWWwejPVHg,1
FnsN6gM9gV8,UCP7k9JoHWrOfbh0slnSOn4g,1
JM6GYRxsLVQ,UC5vY06NlKGpFLTHtMuVoxhw,1
R_XgP8vWJ2U,UCc2RL8jvY1rJPuCnJVsIQWw,1
5HHT9dH52zA,UC5vY06NlKGpFLTHtMuVoxhw,1
MfP-t-0mHH8,UCnzbx11s43-5ncWWwejPVHg,1
_WCjDLx_PDU,UCc2RL8jvY1rJPuCnJVsIQWw,1
yhqwUH0cL4w,UC33b0wkIKmQm3LzUaQTDGUQ,1
RlNeClAAalM,UCFQoE23adk7NSPNhBlanu4w,1
FeumkPlZZdg,UC5vY06NlKGpFLTHtMuVoxhw,1
HvuakIfQ47w,UCnzbx11s43-5ncWWwejPVHg,1
aD2fG7coGdg,UCZ9zJNZDmuQQ7Uw97Kdjwkw,1
9Z6qLIK1dZ4,UCFQoE23adk7NSPNhBlanu4w,1
t2VzGIdEvJY,UCVAwRh03m3_1pZjRKvelomA,1
D3rKXaHcj6g,UCc2RL8jvY1rJPuCnJVsIQWw,1
Amk5V5Xs3po,UCwCKddovSCpQ6PNpIf7ORMA,1
ZQUENTUTacQ,UC02tDemqzG7D4Ep3K4D4Ptw,1
AKNmzptURe0,UCUJ0K_e0ac1vBBqss99wudQ,1
beoazIM2cRg,UCnzbx11s43-5ncWWwejPVHg,1
QqV2STlyR7Q,UCZ9zJNZDmuQQ7Uw97Kdjwkw,1
meDpv9fOsSc,UCP7k9JoHWrOfbh0slnSOn4g,1
qjY0waunXys,UCFQoE23adk7NSPNhBlanu4w,1
4vn8SzIRtZE,UCywlrebEcnkJ6m1y9YViWoQ,1
QXyMQMECo2E,UCTjF8TNC7blVsBtWyMrsj4A,1
eicZxgN0kdw,UCc2RL8jvY1rJPuCnJVsIQWw,1
Hn2W6AbKMAY,UCZ9zJNZDmuQQ7Uw97Kdjwkw,1
fI5C9e22-xo,UCP7k9JoHWrOfbh0slnSOn4g,1
wLCa9-jQLCY,UC33b0wkIKmQm3LzUaQTDGUQ,1
a1Lf1hTkCxk,UCc2RL8jvY1rJPuCnJVsIQWw,1
dmUhFu2sJrw,UCFQoE23adk7NSPNhBlanu4w,1
gvqsWrLbuQQ,UCnzbx11s43-5ncWWwejPVHg,1
hboAoZvdePk,UCfEd-og-67AUEGwUhcUuzqw,1
5jWcCA5tuHE,UCnzbx11s43-5ncWWwejPVHg,1
jRUufa2NN7g,UCFQoE23adk7NSPNhBlanu4w,1
57SgnRXiB04,UCc2RL8jvY1rJPuCnJVsIQWw,1
aFoHBWISQMc,UCP7k9JoHWrOfbh0slnSOn4g,1
MjxekZKkaiw,UCnzbx11s43-5ncWWwejPVHg,1
BBg8cLGeYZ0,UCFQoE23adk7NSPNhBlanu4w,1
ZJaIPosqr5s,UCZ9zJNZDmuQQ7Uw97Kdjwkw,1
TOMx7Vy_Vvo,UCwCKddovSCpQ6PNpIf7ORMA,1
7BtLvyYV1uU,UC33b0wkIKmQm3LzUaQTDGUQ,1
xhk3NsWecYg,UCnzbx11s43-5ncWWwejPVHg,1
pqgH2xfmRj0,UCc2RL8jvY1rJPuCnJVsIQWw,1
ddScIvBPaHg,UCFQoE23adk7NSPNhBlanu4w,1
IiKqJVy_LYQ,UCZ9zJNZDmuQQ7Uw97Kdjwkw,1
ydE9EFMe0Bc,UCnzbx11s43-5ncWWwejPVHg,1
XfOVRj5SygM,UCVAwRh03m3_1pZjRKvelomA,1
xs1bs0ja92o,UC33b0wkIKmQm3LzUaQTDGUQ,1
KC0ayMQ0NYo,UCZ9zJNZDmuQQ7Uw97Kdjwkw,1
w3bmCovS0i4,UCP7k9JoHWrOfbh0slnSOn4g,1
9IPWKQW-bbA,UCFQoE23adk7NSPNhBlanu4w,1
f3Le2gOfrns,UCP7k9JoHWrOfbh0slnSOn4g,1
T2UjB3bO8Es,UCnzbx11s43-5ncWWwejPVHg,1
QE0TY8c4tSY,UCc2RL8jvY1rJPuCnJVsIQWw,1
h1-x1ZOtsto,UCZ9zJNZDmuQQ7Uw97Kdjwkw,1
ZQWEmxKA5Qo,UCP7k9JoHWrOfbh0slnSOn4g,1
0-ZUZjsi72o,UCGi0NdxX2B36hD6WxXdNhFA,1
TXg_qKOqrM0,UCP7k9JoHWrOfbh0slnSOn4g,1
sJUAYgBXBas,UCTjF8TNC7blVsBtWyMrsj4A,1
fYQa2p03B0Y,UCFQoE23adk7NSPNhBlanu4w,1
lC5UWOpYs1U,UCP7k9JoHWrOfbh0slnSOn4g,1
wmLqQvBs08U,UCnzbx11s43-5ncWWwejPVHg,1
QDPPnMQRW18,UCFQoE23adk7NSPNhBlanu4w,1
Q3hLCTtNf0Y,UCP7k9JoHWrOfbh0slnSOn4g,1
aK6dtfsWBEI,UC02tDemqzG7D4Ep3K4D4Ptw,1
QvAtSd8YiCA,UCZ9zJNZDmuQQ7Uw97Kdjwkw,1
swEjgHrd1bI,UCc2RL8jvY1rJPuCnJVsIQWw,1
Ob8UJ_D4hv4,UCP7k9JoHWrOfbh0slnSOn4g,1
0utMoxAodY0,UC33b0wkIKmQm3LzUaQTDGUQ,1
vhLicWWHob4,UCnzbx11s43-5ncWWwejPVHg,1
86reKV_Wuw8,UCc2RL8jvY1rJPuCnJVsIQWw,1
KeGdLpBqMsc,UCFQoE23adk7NSPNhBlanu4w,1
eIDq5qMZstM,UCP7k9JoHWrOfbh0slnSOn4g,1
_VdKygjE-Kk,UCc2RL8jvY1rJPuCnJVsIQWw,1
arvbzfzmNNE,UCnzbx11s43-5ncWWwejPVHg,1
kOxOasUYEPI,UCwCKddovSCpQ6PNpIf7ORMA,1
h8evLo6nmto,UCVAwRh03m3_1pZjRKvelomA,1
HrUSXDL7Ang,UCP7k9JoHWrOfbh0slnSOn4g,1
HdsD7YmnyFI,UCP7k9JoHWrOfbh0slnSOn4g,1
IrTDCFEpoSE,UCFQoE23adk7NSPNhBlanu4w,1
Pc6PAglz0Jg,UCnzbx11s43-5ncWWwejPVHg,1
ym9bv3k01fc,UCFQoE23adk7NSPNhBlanu4w,1
hM-3MTEdOJk,UCnzbx11s43-5ncWWwejPVHg,1
V0sUwSlHmfo,UCc2RL8jvY1rJPuCnJVsIQWw,1
_pX5H7fZuaw,UCP7k9JoHWrOfbh0slnSOn4g,1
BeNwCeAqC7Y,UC02tDemqzG7D4Ep3K4D4Ptw,1
w_TC1LVyQUg,UCFQoE23adk7NSPNhBlanu4w,1
N9_jyuxP6OI,UCnzbx11s43-5ncWWwejPVHg,1
C2X4wl1UIZI,UCc2RL8jvY1rJPuCnJVsIQWw,1
cZRlVLOCFjE,UCVAwRh03m3_1pZjRKvelomA,1
H7xYWMoRrL8,UCFQoE23adk7NSPNhBlanu4w,1
sQnlGn_ujT4,UCnzbx11s43-5ncWWwejPVHg,1
EcsBkwKJ20I,UCc2RL8jvY1rJPuCnJVsIQWw,1
mjRK78r_4Us,UCP7k9JoHWrOfbh0slnSOn4g,1
QeF5iJ4kJs8,UCGi0NdxX2B36hD6WxXdNhFA,1
RcbBEpN_ZoU,UCywlrebEcnkJ6m1y9YViWoQ,1
NhASZxFXypk,UCTjF8TNC7blVsBtWyMrsj4A,1
jDSk58_6KFU,UCZ9zJNZDmuQQ7Uw97Kdjwkw,1
Q4rNh1y-SAQ,UCUJ0K_e0ac1vBBqss99wudQ,1
LBRSA0NSoQY,UCnzbx11s43-5ncWWwejPVHg,1
MqwycooEFbg,UCP7k9JoHWrOfbh0slnSOn4g,1
K9D-G1ajr7w,UCFQoE23adk7NSPNhBlanu4w,1
oFoXsWr_tiI,UCc2RL8jvY1rJPuCnJVsIQWw,1
CoOQsJk3y1I,UCZ9zJNZDmuQQ7Uw97Kdjwkw,1
7z6Va_zV0HQ,UCwCKddovSCpQ6PNpIf7ORMA,1
5gUqGeRF46o,UCnzbx11s43-5ncWWwejPVHg,1
OnKKVGYD3Zo,UCc2RL8jvY1rJPuCnJVsIQWw,1
CSB0SBTK3VE,UCFQoE23adk7NSPNhBlanu4w,1
QC2FCvzpCUg,UCnzbx11s43-5ncWWwejPVHg,1
033rSW_oGlQ,UCFQoE23adk7NSPNhBlanu4w,1
qa8e0CHKqXI,UCc2RL8jvY1rJPuCnJVsIQWw,1
veD9PN7HqKU,UCP7k9JoHWrOfbh0slnSOn4g,1
ljlUafKOisw,UCnzbx11s43-5ncWWwejPVHg,1
laQO-Svkkk0,UCZ9zJNZDmuQQ7Uw97Kdjwkw,1
tW_t_tGcf7U,UCZ9zJNZDmuQQ7Uw97Kdjwkw,1
b4NPMbMb2z4,UCnzbx11s43-5ncWWwejPVHg,1
4xoTUd8pBLM,UCc2RL8jvY1rJPuCnJVsIQWw,1
_RbbZlZ3dVU,UCFQoE23adk7NSPNhBlanu4w,1
SwPu-fvMzj4,UCnzbx11s43-5ncWWwejPVHg,1
jCiV8aHVSsA,UCFQoE23adk7NSPNhBlanu4w,1
Ns4dn7V9fJM,UC5vY06NlKGpFLTHtMuVoxhw,1
nJZ7g3uimJ8,UCVAwRh03m3_1pZjRKvelomA,1
rWyVB1VAOCU,UCwCKddovSCpQ6PNpIf7ORMA,1
gv4c8VTA1Y4,UCnzbx11s43-5ncWWwejPVHg,1
YtTWCIv2AiE,UCP7k9JoHWrOfbh0slnSOn4g,1
65wOgYL3cYE,UCFQoE23adk7NSPNhBlanu4w,1
rZ1b5QCK7ms,UCnzbx11s43-5ncWWwejPVHg,1
1_e-oug8bow,UC5vY06NlKGpFLTHtMuVoxhw,1
awPJIC7nGRE,UCP7k9JoHWrOfbh0slnSOn4g,1
tijGksFFM7w,UCc2RL8jvY1rJPuCnJVsIQWw,1
vklgA7HUK7U,UCnzbx11s43-5ncWWwejPVHg,1
S0xoWo2oYes,UCFQoE23adk7NSPNhBlanu4w,1
xX_qdw-thXo,UCfEd-og-67AUEGwUhcUuzqw,1
ykAMK3h7ZWU,UCGi0NdxX2B36hD6WxXdNhFA,1
q-zxdI8aqz8,UCP7k9JoHWrOfbh0slnSOn4g,1
6JXUtP8hVHw,UC02tDemqzG7D4Ep3K4D4Ptw,1
DWo4wYdsD38,UCnzbx11s43-5ncWWwejPVHg,1
O7jshut8Nc4,UCP7k9JoHWrOfbh0slnSOn4g,1
MnB4LH3YRO0,UCc2RL8jvY1rJPuCnJVsIQWw,1
yvWLO5Dd7e4,UCwCKddovSCpQ6PNpIf7ORMA,1
3dYAwhJU8ms,UCP7k9JoHWrOfbh0slnSOn4g,1
iXoiLUtxl_Q,UCFQoE23adk7NSPNhBlanu4w,1
s5CmxoBqVrk,UCnzbx11s43-5ncWWwejPVHg,1
Lz66RAjtCgw,UCTjF8TNC7blVsBtWyMrsj4A,1
6NDhqnoPSJA,UCP7k9JoHWrOfbh0slnSOn4g,1
YZKu5LHFgC8,UCfEd-og-67AUEGwUhcUuzqw,1
ovLcQMjNr9U,UC5vY06NlKGpFLTHtMuVoxhw,1
O1-khllGTL0,UCZ9zJNZDmuQQ7Uw97Kdjwkw,1
vc6bXqBGpko,UCnzbx11s43-5ncWWwejPVHg,1
2MPwFaiMaZc,UCc2RL8jvY1rJPuCnJVsIQWw,1
x1Iz36oelY0,UCFQoE23adk7NSPNhBlanu4w,1
84J0ocjStrE,UCZX5B1TcHWJKbwAQuYwEh_w,1
gqKtSZCYGfY,UCVAwRh03m3_1pZjRKvelomA,1
3B23mmIolms,UCFQoE23adk7NSPNhBlanu4w,1
xiC9IlrLnIM,UCP7k9JoHWrOfbh0slnSOn4g,1
qyqjuReo8XE,UCnzbx11s43-5ncWWwejPVHg,1
XmruiR-EXng,UCc2RL8jvY1rJPuCnJVsIQWw,1
Wa0-ClZf-zA,UCfEd-og-67AUEGwUhcUuzqw,1
stQiGupcplE,UCZ9zJNZDmuQQ7Uw97Kdjwkw,1
Al8-VIOwLvg,UCFQoE23adk7NSPNhBlanu4w,1
kAK1YnBLeBY,UCP7k9JoHWrOfbh0slnSOn4g,1
VgIuAWxcWko,UCnzbx11s43-5ncWWwejPVHg,1
RhRJPDWJ9go,UCc2RL8jvY1rJPuCnJVsIQWw,1
P81nxhmRS8Q,UCZ9zJNZDmuQQ7Uw97Kdjwkw,1
YhBB19-6GhA,UCP7k9JoHWrOfbh0slnSOn4g,1
3_1pkLXfP4M,UCUJ0K_e0ac1vBBqss99wudQ,1
XnW_3XcAHW0,UCnzbx11s43-5ncWWwejPVHg,1
V3jd-nppbXY,UCc2RL8jvY1rJPuCnJVsIQWw,1
9dj2Ph96iX0,UCZ9zJNZDmuQQ7Uw97Kdjwkw,1
M9m5laDvyGs,UCFQoE23adk7NSPNhBlanu4w,1
OglA3bjE5Ss,UC02tDemqzG7D4Ep3K4D4Ptw,1
e1j1zKV74ow,UCnzbx11s43-5ncWWwejPVHg,1
PlaM14WlnfI,UCc2RL8jvY1rJPuCnJVsIQWw,1
_lc2ObgDfWQ,UCwCKddovSCpQ6PNpIf7ORMA,1
Dmw6QDyhbXQ,UCFQoE23adk7NSPNhBlanu4w,1
gCQrZBVQl64,UCnzbx11s43-5ncWWwejPVHg,1
4WLJjLHZXmk,UCc2RL8jvY1rJPuCnJVsIQWw,1
4tNeuPI5eN4,UCFQoE23adk7NSPNhBlanu4w,1
22jc3yM7V_U,UCnzbx11s43-5ncWWwejPVHg,1
6_Ur4Bkexmw,UCZ9zJNZDmuQQ7Uw97Kdjwkw,1
B88Dh7ygIss,UCVAwRh03m3_1pZjRKvelomA,1
oqT_0-lN6TM,UCP7k9JoHWrOfbh0slnSOn4g,1
fzBZt-gXL1E,UCFQoE23adk7NSPNhBlanu4w,1
uXNGlMXSVAE,UCywlrebEcnkJ6m1y9YViWoQ,1
62ihEWoMcQ0,UCfEd-og-67AUEGwUhcUuzqw,1
YERrJ4MQJSY,UCTjF8TNC7blVsBtWyMrsj4A,1
_F8Ezh5Vs0M,UCc2RL8jvY1rJPuCnJVsIQWw,1
LzUL909GL_o,UCnzbx11s43-5ncWWwejPVHg,1
Xx-Cu5k25ns,UCZ9zJNZDmuQQ7Uw97Kdjwkw,1
x2PMpLsb4Z8,UCc2RL8jvY1rJPuCnJVsIQWw,1
PI6-n1iFG50,UCFQoE23adk7NSPNhBlanu4w,1
89RYRnTkynI,UCnzbx11s43-5ncWWwejPVHg,1
PGX_o9MOg94,UCc2RL8jvY1rJPuCnJVsIQWw,1
hQXWlGwV2Yk,UCFQoE23adk7NSPNhBlanu4w,1
1C_JiRESunA,UCc2RL8jvY1rJPuCnJVsIQWw,1
cY9p_Wfadt8,UCwCKddovSCpQ6PNpIf7ORMA,1
M2en6zAjPOg,UCnzbx11s43-5ncWWwejPVHg,1
jLy0neSbahE,UCZ9zJNZDmuQQ7Uw97Kdjwkw,1
cw_gUMPvB7o,UCFQoE23adk7NSPNhBlanu4w,1
k_WAIXsVHi8,UCc2RL8jvY1rJPuCnJVsIQWw,1
xDD5HU6A99g,UCVAwRh03m3_1pZjRKvelomA,1
Lq0f3DnGDww,UCP7k9JoHWrOfbh0slnSOn4g,1
blOjXZ33REk,UCFQoE23adk7NSPNhBlanu4w,1
EphOa3R_QNE,UCnzbx11s43-5ncWWwejPVHg,1
oRroOZOpSwM,UCc2RL8jvY1rJPuCnJVsIQWw,1
2T75e3_f6dw,UCUJ0K_e0ac1vBBqss99wudQ,1
AHEAxcRmlRk,UCZ9zJNZDmuQQ7Uw97Kdjwkw,1
lHSVLWnxH9E,UCFQoE23adk7NSPNhBlanu4w,1
cc1Q1tCcLrM,UCP7k9JoHWrOfbh0slnSOn4g,1
JviXR0lVzJM,UCnzbx11s43-5ncWWwejPVHg,1
iMESePOjWJc,UCZ9zJNZDmuQQ7Uw97Kdjwkw,1
HqwjfTqbOQU,UCP7k9JoHWrOfbh0slnSOn4g,1
BxKza4ajTaE,UCFQoE23adk7NSPNhBlanu4w,1
7V9sEnhgpno,UCc2RL8jvY1rJPuCnJVsIQWw,1
-Mk1CbCg6t4,UCwCKddovSCpQ6PNpIf7ORMA,1
lInVRGveTd4,UCnzbx11s43-5ncWWwejPVHg,1
dXGmSigI92Q,UCVAwRh03m3_1pZjRKvelomA,1
-0WfafOwsnY,UC5vY06NlKGpFLTHtMuVoxhw,1
7WxT6H0QjYo,UCnzbx11s43-5ncWWwejPVHg,1
BdzeYzVCDVw,UCZ9zJNZDmuQQ7Uw97Kdjwkw,1
iVPVyMUz8fs,UCc2RL8jvY1rJPuCnJVsIQWw,1
16xKaVBwEZk,UC5vY06NlKGpFLTHtMuVoxhw,1
99bkDFPWne8,UC5vY06NlKGpFLTHtMuVoxhw,1
_WSE8POUJyc,UCP7k9JoHWrOfbh0slnSOn4g,1
B_1M0mK5GBc,UCFQoE23adk7NSPNhBlanu4w,1
LWZuUvlgnXs,UCGi0NdxX2B36hD6WxXdNhFA,1
P26m-Hj1_To,UCTjF8TNC7blVsBtWyMrsj4A,1
79n9rARzsPE,UCZ9zJNZDmuQQ7Uw97Kdjwkw,1
fTMMwBxTcSU,UCP7k9JoHWrOfbh0slnSOn4g,1
AQm5zK7Mebg,UC02tDemqzG7D4Ep3K4D4Ptw,1
Fo1rOFtYEBE,UC5vY06NlKGpFLTHtMuVoxhw,1
GLE1ZjFLqew,UCnzbx11s43-5ncWWwejPVHg,1
5175futiuzI,UCZ9zJNZDmuQQ7Uw97Kdjwkw,1
HquNpVDDquA,UCP7k9JoHWrOfbh0slnSOn4g,1
c5VcUZDXDl4,UCFQoE23adk7NSPNhBlanu4w,1
57bNc0srqLA,UCc2RL8jvY1rJPuCnJVsIQWw,1
D2crWd9RyJA,UCP7k9JoHWrOfbh0slnSOn4g,1
BWxvNl8VkBc,UCnzbx11s43-5ncWWwejPVHg,1
tdM6xvi4G6g,UCP7k9JoHWrOfbh0slnSOn4g,1
tmP7XjqH1Zo,UCZ9zJNZDmuQQ7Uw97Kdjwkw,1
r2wf9x4rcYc,UCFQoE23adk7NSPNhBlanu4w,1
GMzNXgoiV0A,UC5vY06NlKGpFLTHtMuVoxhw,1
D616DGaj0iI,UCnzbx11s43-5ncWWwejPVHg,1
qpxw91ih2uk,UCZ9zJNZDmuQQ7Uw97Kdjwkw,1
KJqbVKM1N5Y,UCFQoE23adk7NSPNhBlanu4w,1
mCUjAlXSX0I,UCnzbx11s43-5ncWWwejPVHg,1
o7-ZDZ0NoNw,UCTjF8TNC7blVsBtWyMrsj4A,1
lQE6nUUohEI,UCVAwRh03m3_1pZjRKvelomA,1
zbrffYLRs-c,UCP7k9JoHWrOfbh0slnSOn4g,1
Pj1HFtV8B3Y,UCZ9zJNZDmuQQ7Uw97Kdjwkw,1
T0zsgC0ErBA,UCFQoE23adk7NSPNhBlanu4w,1
7847XgFYVBY,UCnzbx11s43-5ncWWwejPVHg,1
Bt4PPTYNa3Y,UCwCKddovSCpQ6PNpIf7ORMA,1
h81AIVHgK6c,UCP7k9JoHWrOfbh0slnSOn4g,1
79BbRYHDNVs,UCZ9zJNZDmuQQ7Uw97Kdjwkw,1
hipRo7yUcTs,UCFQoE23adk7NSPNhBlanu4w,1
WUYjb6x5WCY,UC02tDemqzG7D4Ep3K4D4Ptw,1
9nfR_8GFenY,UCfEd-og-67AUEGwUhcUuzqw,1
bR6Gg0iC2mU,UCUJ0K_e0ac1vBBqss99wudQ,1
_NG5lL0Mwgo,UCnzbx11s43-5ncWWwejPVHg,1
O9V14uGeks4,UCZ9zJNZDmuQQ7Uw97Kdjwkw,1
SlcX1ycbQfQ,UCFQoE23adk7NSPNhBlanu4w,1
r-Jk3sODNjQ,UCnzbx11s43-5ncWWwejPVHg,1
X05peiT-pwk,UCP7k9JoHWrOfbh0slnSOn4g,1
eQn3M_uwHZk,UC33b0wkIKmQm3LzUaQTDGUQ,1
5R8j9QqBtgQ,UCywlrebEcnkJ6m1y9YViWoQ,1
5D-0dK2T4vg,UCTjF8TNC7blVsBtWyMrsj4A,1
Umda7pCbpEE,UCZ9zJNZDmuQQ7Uw97Kdjwkw,1
sIbGU_OXXf4,UCVAwRh03m3_1pZjRKvelomA,1
Boi-tYcx26k,UCFQoE23adk7NSPNhBlanu4w,1
sUsujEwyNjs,UCnzbx11s43-5ncWWwejPVHg,1
9G4DzNme4gA,UCZ9zJNZDmuQQ7Uw97Kdjwkw,1
JEhpkiL-NPU,UCwCKddovSCpQ6PNpIf7ORMA,1
Z0_7SSl1EzM,UCnzbx11s43-5ncWWwejPVHg,1
WhoWZlnoZco,UCZ9zJNZDmuQQ7Uw97Kdjwkw,1
Vew-j3rPjQg,UCFQoE23adk7NSPNhBlanu4w,1
YnflLeU4Mmw,UCnzbx11s43-5ncWWwejPVHg,1
401We5ArVHA,UCZ9zJNZDmuQQ7Uw97Kdjwkw,1
zK7VvBRAg2E,UCFQoE23adk7NSPNhBlanu4w,1
MwYrtWvLH8w,UCZ9zJNZDmuQQ7Uw97Kdjwkw,1
2RDbCycn0Ao,UCnzbx11s43-5ncWWwejPVHg,1
c5frgPntcUc,UCTjF8TNC7blVsBtWyMrsj4A,1
q7Nm2I7pGNA,UCZ9zJNZDmuQQ7Uw97Kdjwkw,1
jH9sOmuFKFo,UCFQoE23adk7NSPNhBlanu4w,1
ruimlTOTeSk,UCZ9zJNZDmuQQ7Uw97Kdjwkw,1
Bj3fEWBTziI,UCVAwRh03m3_1pZjRKvelomA,1
2zWXdYsUmqQ,UCnzbx11s43-5ncWWwejPVHg,1
pTDvsyBdWks,UCZ9zJNZDmuQQ7Uw97Kdjwkw,1
mOe0Q9k-OH8,UCFQoE23adk7NSPNhBlanu4w,1
jGi7LX776Jc,UCUJ0K_e0ac1vBBqss99wudQ,1
3heDkUXXa0I,UCZ9zJNZDmuQQ7Uw97Kdjwkw,1
5JgpL1vaV1s,UCwCKddovSCpQ6PNpIf7ORMA,1
wBtNpmyHAOk,UCnzbx11s43-5ncWWwejPVHg,1
B_HwLplts_c,UCZ9zJNZDmuQQ7Uw97Kdjwkw,1
xUVLg2J7scU,UCFQoE23adk7NSPNhBlanu4w,1
pFu9wjXjY-E,UCfEd-og-67AUEGwUhcUuzqw,1
pY_jRzzA6o8,UCZ9zJNZDmuQQ7Uw97Kdjwkw,1
iQF-laoG8g4,UCnzbx11s43-5ncWWwejPVHg,1
ZGfO0xmsn2c,UC33b0wkIKmQm3LzUaQTDGUQ,1
zTCrojRvtxA,UCP7k9JoHWrOfbh0slnSOn4g,1
I6WN0nIpCGQ,UCTjF8TNC7blVsBtWyMrsj4A,1
cPykq5cOQHg,UCZ9zJNZDmuQQ7Uw97Kdjwkw,1
LcnzTdvDVKI,UCVAwRh03m3_1pZjRKvelomA,1
k9Z1ca16kOI,UCnzbx11s43-5ncWWwejPVHg,1
VQSlnSYKwSc,UCZ9zJNZDmuQQ7Uw97Kdjwkw,1
1OCgDAfLhlo,UCFQoE23adk7NSPNhBlanu4w,1
It4DUv5lkho,UCZ9zJNZDmuQQ7Uw97Kdjwkw,1
4MJVJ-8_Joc,UCFQoE23adk7NSPNhBlanu4w,1
kydV9m-le_0,UCnzbx11s43-5ncWWwejPVHg,1
B5WjGM2WqZY,UCZ9zJNZDmuQQ7Uw97Kdjwkw,1
60HUk7Ak8yk,UCFQoE23adk7NSPNhBlanu4w,1
0DJem8YvXdg,UC5vY06NlKGpFLTHtMuVoxhw,1
B7ajQHKO0DY,UCZ9zJNZDmuQQ7Uw97Kdjwkw,1
Yp7OfR9y3z8,UC02tDemqzG7D4Ep3K4D4Ptw,1
aXqVL3TkTWw,UCnzbx11s43-5ncWWwejPVHg,1
ncA1DjUlzVw,UCFQoE23adk7NSPNhBlanu4w,1
VzSBftkSslE,UC5vY06NlKGpFLTHtMuVoxhw,1
UlJsLfY_ylA,UCGi0NdxX2B36hD6WxXdNhFA,1
wSS-sE59H8w,UCZ9zJNZDmuQQ7Uw97Kdjwkw,1
0X-L8-pWPiI,UCFQoE23adk7NSPNhBlanu4w,1
m1_JbHQoNEE,UCywlrebEcnkJ6m1y9YViWoQ,1
60lla31SbpQ,UCnzbx11s43-5ncWWwejPVHg,1
n-5HKDXOsGo,UCZ9zJNZDmuQQ7Uw97Kdjwkw,1
IyVQydkpOCw,UCZ9zJNZDmuQQ7Uw97Kdjwkw,1
TXgfViCm4TE,UCFQoE23adk7NSPNhBlanu4w,1
Ryk0Ku9b4dc,UCP7k9JoHWrOfbh0slnSOn4g,1
XG-YhcWczjk,UCZ9zJNZDmuQQ7Uw97Kdjwkw,1
zY5htXSFpZs,UCUJ0K_e0ac1vBBqss99wudQ,1
ZwqnXV6cRH4,UCFQoE23adk7NSPNhBlanu4w,1
WEQ7FGZywNo,UCZX5B1TcHWJKbwAQuYwEh_w,1
vKaRJeeSLXw,UCwCKddovSCpQ6PNpIf7ORMA,1
7YbTgk47IGY,UCZ9zJNZDmuQQ7Uw97Kdjwkw,1
N7WUKgebRKM,UC33b0wkIKmQm3LzUaQTDGUQ,1
ozyLZlTat_A,UCFQoE23adk7NSPNhBlanu4w,1
Z0E7TQ8rkfY,UCP7k9JoHWrOfbh0slnSOn4g,1
vX1uXE2TvVw,UCTjF8TNC7blVsBtWyMrsj4A,1
_m3dIe-wXUM,UCZ9zJNZDmuQQ7Uw97Kdjwkw,1
U5CfwmL6OZs,UCVAwRh03m3_1pZjRKvelomA,1
7ZSmDR3Rb_Y,UCFQoE23adk7NSPNhBlanu4w,1
peLM9KlL4wQ,UCZ9zJNZDmuQQ7Uw97Kdjwkw,1
jNwoiC0zGqk,UCP7k9JoHWrOfbh0slnSOn4g,1
bl8PN_s5lno,UCZ9zJNZDmuQQ7Uw97Kdjwkw,1
nqTMFzOCL0I,UCFQoE23adk7NSPNhBlanu4w,1
3aCFC5b_Uy4,UC02tDemqzG7D4Ep3K4D4Ptw,1
8Ud_zJ2PAi8,UCP7k9JoHWrOfbh0slnSOn4g,1
gU6S9-BVFCo,UCZ9zJNZDmuQQ7Uw97Kdjwkw,1
H_cM6v98MOI,UCP7k9JoHWrOfbh0slnSOn4g,1
VC3mLxWZpeM,UCFQoE23adk7NSPNhBlanu4w,1
WLjgPMlfgIE,UCfEd-og-67AUEGwUhcUuzqw,1
mzxjGaOTadQ,UCZ9zJNZDmuQQ7Uw97Kdjwkw,1
bMPK_7NItp4,UC33b0wkIKmQm3LzUaQTDGUQ,1
RIivgo2fXoU,UCP7k9JoHWrOfbh0slnSOn4g,1
fl1ckO4vboQ,UCywlrebEcnkJ6m1y9YViWoQ,1
f3sV536vIDk,UCZ9zJNZDmuQQ7Uw97Kdjwkw,1
5GA5wpHckak,UCUJ0K_e0ac1vBBqss99wudQ,1
eaImbAU75I8,UCZ9zJNZDmuQQ7Uw97Kdjwkw,1
0COUfe4nAYg,UCFQoE23adk7NSPNhBlanu4w,1
bzAFA3cClGA,UCZ9zJNZDmuQQ7Uw97Kdjwkw,1
PLsJpSM-vo0,UCFQoE23adk7NSPNhBlanu4w,1
j7OJVoL3s3E,UCZ9zJNZDmuQQ7Uw97Kdjwkw,1
y6x7aepH7rc,UCFQoE23adk7NSPNhBlanu4w,1
9X7HFIs9KhQ,UCZ9zJNZDmuQQ7Uw97Kdjwkw,1
DbkXIr1LZtE,UCZ9zJNZDmuQQ7Uw97Kdjwkw,1
eV-ok0Y6gyE,UC33b0wkIKmQm3LzUaQTDGUQ,1
I0yjV3qKvvg,UCFQoE23adk7NSPNhBlanu4w,1
xwhX8YBX4jc,UCP7k9JoHWrOfbh0slnSOn4g,1
cI33MOy2yo0,UCGi0NdxX2B36hD6WxXdNhFA,1
sWw6-vuApXA,UCP7k9JoHWrOfbh0slnSOn4g,1
j74ZXKSTQYU,UCTjF8TNC7blVsBtWyMrsj4A,1
ScxZUjmg8mM,UCZ9zJNZDmuQQ7Uw97Kdjwkw,1
6dYhOChNI8c,UCZ9zJNZDmuQQ7Uw97Kdjwkw,1
2ADbxBEcyMM,UCVAwRh03m3_1pZjRKvelomA,1
gjH2Yz-sHAY,UCZ9zJNZDmuQQ7Uw97Kdjwkw,1
03HZS4g1o94,UCFQoE23adk7NSPNhBlanu4w,1
MswMOrORsMo,UCZ9zJNZDmuQQ7Uw97Kdjwkw,1
5o1Vop26Zxs,UCwCKddovSCpQ6PNpIf7ORMA,1
xWJxMjUz6NM,UCZ9zJNZDmuQQ7Uw97Kdjwkw,1
SYYWcHR-9LA,UCZ9zJNZDmuQQ7Uw97Kdjwkw,1
mRJBvRhhBBk,UCFQoE23adk7NSPNhBlanu4w,1
vKUu4nfSDsQ,UCZ9zJNZDmuQQ7Uw97Kdjwkw,1
sXLyRLrMmV4,UC02tDemqzG7D4Ep3K4D4Ptw,1
f-OILLxcpdw,UCfEd-og-67AUEGwUhcUuzqw,1
kZx78vBfyJc,UCfEd-og-67AUEGwUhcUuzqw,1
Uzqo2HvSiu4,UC33b0wkIKmQm3LzUaQTDGUQ,1
fLq1ZVnrw6Y,UCFQoE23adk7NSPNhBlanu4w,1
2HbIRUMihrY,UCZ9zJNZDmuQQ7Uw97Kdjwkw,1
8Xg0FMx8Wx0,UCZX5B1TcHWJKbwAQuYwEh_w,1
bFqO5IGk_uY,UCFQoE23adk7NSPNhBlanu4w,1
T8ILPc959eE,UCZ9zJNZDmuQQ7Uw97Kdjwkw,1
Zj4TXGNucQw,UCP7k9JoHWrOfbh0slnSOn4g,1
mxEQkc-88Rs,UCZ9zJNZDmuQQ7Uw97Kdjwkw,1
WhFVNpRvcPI,UCZ9zJNZDmuQQ7Uw97Kdjwkw,1
hQluNxP6JjY,UCVAwRh03m3_1pZjRKvelomA,1
AGFzm-1jxBI,UCwCKddovSCpQ6PNpIf7ORMA,1
-MTS4SHQJxE,UCFQoE23adk7NSPNhBlanu4w,1
4lrNJaAxFwg,UCZ9zJNZDmuQQ7Uw97Kdjwkw,1
xDRozPtqUA4,UCZ9zJNZDmuQQ7Uw97Kdjwkw,1
0XQaIFsE51I,UCUJ0K_e0ac1vBBqss99wudQ,1
J6VAPln3LpQ,UCZ9zJNZDmuQQ7Uw97Kdjwkw,1
szu0gAG3oHg,UCZ9zJNZDmuQQ7Uw97Kdjwkw,1
wUp5p9wrqzc,UCFQoE23adk7NSPNhBlanu4w,1
8akxalNyHVI,UCwCKddovSCpQ6PNpIf7ORMA,1
SHPmI-A380o,UCfEd-og-67AUEGwUhcUuzqw,1
_TKk1zFGnFI,UCZ9zJNZDmuQQ7Uw97Kdjwkw,1
AI_XpJ31weQ,UCZ9zJNZDmuQQ7Uw97Kdjwkw,1
B884uRFZBdE,UC33b0wkIKmQm3LzUaQTDGUQ,1
YxhEi7xDHl8,UCP7k9JoHWrOfbh0slnSOn4g,1
8DfdpETL98Y,UCTjF8TNC7blVsBtWyMrsj4A,1
EvUyKP4JJMI,UCP7k9JoHWrOfbh0slnSOn4g,1
X9nSL8zWzrc,UCZ9zJNZDmuQQ7Uw97Kdjwkw,1
vlProcLaW-k,UCZ9zJNZDmuQQ7Uw97Kdjwkw,1
uVF2Yr9qPiQ,UCFQoE23adk7NSPNhBlanu4w,1
bq46qsHZtjs,UCZ9zJNZDmuQQ7Uw97Kdjwkw,1
nX0MpAq22As,UCZ9zJNZDmuQQ7Uw97Kdjwkw,1
4VavqJ8eWlM,UC02tDemqzG7D4Ep3K4D4Ptw,1
EZFHR7vkT38,UCFQoE23adk7NSPNhBlanu4w,1
0qbC86YCgOg,UCfEd-og-67AUEGwUhcUuzqw,1
Aw9Lpey1zXI,UCFQoE23adk7NSPNhBlanu4w,1
fJKQO4DuNhM,UCywlrebEcnkJ6m1y9YViWoQ,1
oeLfpFR8YKw,UCZ9zJNZDmuQQ7Uw97Kdjwkw,1
DMBumveUI7k,UC33b0wkIKmQm3LzUaQTDGUQ,1
OIIplJI248k,UC33b0wkIKmQm3LzUaQTDGUQ,1
oJaCbDFRtP0,UCUJ0K_e0ac1vBBqss99wudQ,1
7981mqj4TYs,UCGi0NdxX2B36hD6WxXdNhFA,1
tKJJxHkVY7c,UCVAwRh03m3_1pZjRKvelomA,1
HyBGQkW58po,UCFQoE23adk7NSPNhBlanu4w,1
HTr7Cf3EE04,UCP7k9JoHWrOfbh0slnSOn4g,1
vogRkPLg6MA,UCFQoE23adk7NSPNhBlanu4w,1
T3tMLtL_8lc,UCP7k9JoHWrOfbh0slnSOn4g,1
dFZbipXCCdU,UCwCKddovSCpQ6PNpIf7ORMA,1
uZnWAR32UOs,UCTjF8TNC7blVsBtWyMrsj4A,1
I_pc50WaJrY,UCZ9zJNZDmuQQ7Uw97Kdjwkw,1
RXfs7zFf0h0,UCFQoE23adk7NSPNhBlanu4w,1
iDa1DSJ2nAA,UCZX5B1TcHWJKbwAQuYwEh_w,1
zlg6hpIE94Y,UCZ9zJNZDmuQQ7Uw97Kdjwkw,1
A7SznWoIinU,UC33b0wkIKmQm3LzUaQTDGUQ,1
tvZtlF21w88,UCFQoE23adk7NSPNhBlanu4w,1
ejyeynTdWrU,UCP7k9JoHWrOfbh0slnSOn4g,1
_TsAEYcF5XQ,UCwCKddovSCpQ6PNpIf7ORMA,1
IJYY03CdAXo,UCFQoE23adk7NSPNhBlanu4w,1
iwHpQcyZ7kg,UCTjF8TNC7blVsBtWyMrsj4A,1
nVlroZJFIjU,UCFQoE23adk7NSPNhBlanu4w,1
QRfPyXHEm34,UCZ9zJNZDmuQQ7Uw97Kdjwkw,1
a2HWIfEcthk,UCUJ0K_e0ac1vBBqss99wudQ,1
_chC02F1USc,UCP7k9JoHWrOfbh0slnSOn4g,1
A7M01ac2Lhg,UCZ9zJNZDmuQQ7Uw97Kdjwkw,1
sMaY-W7drAI,UC33b0wkIKmQm3LzUaQTDGUQ,1
UH_ivpEqa7I,UCFQoE23adk7NSPNhBlanu4w,1
IMM4jHHQqrc,UCywlrebEcnkJ6m1y9YViWoQ,1
-YEKcESk0J0,UCP7k9JoHWrOfbh0slnSOn4g,1
RRS0-fKIhB8,UC02tDemqzG7D4Ep3K4D4Ptw,1
o2EG0HaIis0,UCZ9zJNZDmuQQ7Uw97Kdjwkw,1
ZQFh6eXdk7c,UCVAwRh03m3_1pZjRKvelomA,1
CSn7VUR5IdI,UCfEd-og-67AUEGwUhcUuzqw,1
2Z-lwoa7a1o,UCFQoE23adk7NSPNhBlanu4w,1
0CIhW1PBup0,UCwCKddovSCpQ6PNpIf7ORMA,1
OCeYozgyVW8,UCZ9zJNZDmuQQ7Uw97Kdjwkw,1
QsfjzzQkg5k,UCFQoE23adk7NSPNhBlanu4w,1
Q5AIgfJM-4M,UCFQoE23adk7NSPNhBlanu4w,1
Rteu-UaRyt0,UCP7k9JoHWrOfbh0slnSOn4g,1
UnWhMCk54W0,UC33b0wkIKmQm3LzUaQTDGUQ,1
7gqjSGv_H8A,UCTjF8TNC7blVsBtWyMrsj4A,1
qxUumz5lrts,UCwCKddovSCpQ6PNpIf7ORMA,1
XvtBLfPZOtc,UCFQoE23adk7NSPNhBlanu4w,1
plMZbBSTwcA,UCZ9zJNZDmuQQ7Uw97Kdjwkw,1
1OCnjqfQKFI,UCFQoE23adk7NSPNhBlanu4w,1
ybPZH7eGszI,UC02tDemqzG7D4Ep3K4D4Ptw,1
Zb-5oePOc08,UCP7k9JoHWrOfbh0slnSOn4g,1
_3_CJ95dy_0,UCFQoE23adk7NSPNhBlanu4w,1
HGS4vVIVvZs,UCZ9zJNZDmuQQ7Uw97Kdjwkw,1
koHbwlpHPf8,UCVAwRh03m3_1pZjRKvelomA,1
kWRMflJLHdE,UCUJ0K_e0ac1vBBqss99wudQ,1
39SHyIm5SY0,UCywlrebEcnkJ6m1y9YViWoQ,1
JkGnR76Jiho,UCP7k9JoHWrOfbh0slnSOn4g,1
rZ4FC8pRp48,UCfEd-og-67AUEGwUhcUuzqw,1
elDUln-fuwE,UCP7k9JoHWrOfbh0slnSOn4g,1
OZH5zrAgCoI,UCFQoE23adk7NSPNhBlanu4w,1
6K9pnBHTL4s,UCTjF8TNC7blVsBtWyMrsj4A,1
NYw273ZRmmg,UCP7k9JoHWrOfbh0slnSOn4g,1
3Q0FT6gx6L4,UCZ9zJNZDmuQQ7Uw97Kdjwkw,1
Ur-voxbVd1k,UCTjF8TNC7blVsBtWyMrsj4A,1
KdP_TgzyldI,UCP7k9JoHWrOfbh0slnSOn4g,1
IHbCg_e7pDc,UCwCKddovSCpQ6PNpIf7ORMA,1
JaPXO9xHCNA,UC5vY06NlKGpFLTHtMuVoxhw,1
wK0UIn6KfN0,UCP7k9JoHWrOfbh0slnSOn4g,1
NHZ299if7oQ,UCFQoE23adk7NSPNhBlanu4w,1
8gdln_Viyjs,UCUJ0K_e0ac1vBBqss99wudQ,1
aRHT45XNSTU,UCZ9zJNZDmuQQ7Uw97Kdjwkw,1
rHF-7rZRoXI,UCFQoE23adk7NSPNhBlanu4w,1
vF6nHM6ilXU,UCfEd-og-67AUEGwUhcUuzqw,1
QiMziHxPfgM,UCGi0NdxX2B36hD6WxXdNhFA,1
cajyQrDeFlw,UCFQoE23adk7NSPNhBlanu4w,1
UfPxtvfqL9Q,UCP7k9JoHWrOfbh0slnSOn4g,1
udOLNjbdlW0,UCFQoE23adk7NSPNhBlanu4w,1
W5kctyY59-s,UCwCKddovSCpQ6PNpIf7ORMA,1
D5f6TyuHLvo,UCVAwRh03m3_1pZjRKvelomA,1
4oCb6ibfQ1w,UCywlrebEcnkJ6m1y9YViWoQ,1
Ro3RQTkI_0A,UCZ9zJNZDmuQQ7Uw97Kdjwkw,1
_LObjkMQnrU,UCFQoE23adk7NSPNhBlanu4w,1
oArQgU2Q2VQ,UCTjF8TNC7blVsBtWyMrsj4A,1
80vvro-QBac,UC33b0wkIKmQm3LzUaQTDGUQ,1
WkbzMREyFEk,UCFQoE23adk7NSPNhBlanu4w,1
3HGBkqFHLlY,UCTjF8TNC7blVsBtWyMrsj4A,1
gQ7DYKxeR5w,UCwCKddovSCpQ6PNpIf7ORMA,1
aSb_9yZJigw,UC02tDemqzG7D4Ep3K4D4Ptw,1
HQzkcPuCO7Y,UCfEd-og-67AUEGwUhcUuzqw,1
hnHPMrcKo_g,UCFQoE23adk7NSPNhBlanu4w,1
egMyTOL1tvE,UCP7k9JoHWrOfbh0slnSOn4g,1
wvVRVfiA7_M,UCUJ0K_e0ac1vBBqss99wudQ,1
iJZvHOsnpMA,UCFQoE23adk7NSPNhBlanu4w,1
rtRtLHx_e7Y,UCUJ0K_e0ac1vBBqss99wudQ,1
9cOLNP4CI18,UCZX5B1TcHWJKbwAQuYwEh_w,1
hjAAZShMfi0,UCP7k9JoHWrOfbh0slnSOn4g,1
qFSzfPfZKKQ,UCFQoE23adk7NSPNhBlanu4w,1
HsqoDwvFEBE,UCfEd-og-67AUEGwUhcUuzqw,1
re45xhc-ESw,UCVAwRh03m3_1pZjRKvelomA,1
V-tTDPCBs34,UC33b0wkIKmQm3LzUaQTDGUQ,1
9R_JAhAtOoE,UCP7k9JoHWrOfbh0slnSOn4g,1
AgilGnNFvxU,UCFQoE23adk7NSPNhBlanu4w,1
lHqy2nIePFY,UCZ9zJNZDmuQQ7Uw97Kdjwkw,1
sbqKNFxnyxw,UCP7k9JoHWrOfbh0slnSOn4g,1
7W8_HUVHmAw,UCFQoE23adk7NSPNhBlanu4w,1
ofNlHdOm7Q4,UCywlrebEcnkJ6m1y9YViWoQ,1
gsqeeo1FMf4,UCP7k9JoHWrOfbh0slnSOn4g,1
1oOlwTgBvlw,UCTjF8TNC7blVsBtWyMrsj4A,1
25-ZEkE3E6c,UCFQoE23adk7NSPNhBlanu4w,1
giyv5wlj4Gs,UCZ9zJNZDmuQQ7Uw97Kdjwkw,1
bTiy5bNd4co,UC33b0wkIKmQm3LzUaQTDGUQ,1
Zw-mH14hw0Q,UC02tDemqzG7D4Ep3K4D4Ptw,1
f_VEhITpEhg,UCP7k9JoHWrOfbh0slnSOn4g,1
UD-pRRBoRLA,UCTjF8TNC7blVsBtWyMrsj4A,1
sT4_ZyTFUeY,UCFQoE23adk7NSPNhBlanu4w,1
XA7dJavXJC0,UCwCKddovSCpQ6PNpIf7ORMA,1
O5MlbOGF44I,UCTjF8TNC7blVsBtWyMrsj4A,1
4MF79WtWDgU,UCVAwRh03m3_1pZjRKvelomA,1
-ZFdO3CMz7o,UCFQoE23adk7NSPNhBlanu4w,1
dzAyNqR2eEI,UCUJ0K_e0ac1vBBqss99wudQ,1
uQhI3sihe4I,UCGi0NdxX2B36hD6WxXdNhFA,1
-ae_DCAmfaM,UCP7k9JoHWrOfbh0slnSOn4g,1
7g22FEYSAg8,UCfEd-og-67AUEGwUhcUuzqw,1
MKa5A5_GK5c,UC33b0wkIKmQm3LzUaQTDGUQ,1
36B98hG0oq0,UCFQoE23adk7NSPNhBlanu4w,1
1Y3ux3wfqY8,UCFQoE23adk7NSPNhBlanu4w,1
ogAD_cX6U3g,UCZ9zJNZDmuQQ7Uw97Kdjwkw,1
RjKAWhqAMyM,UCZ9zJNZDmuQQ7Uw97Kdjwkw,1
cmqVSmAN8yw,UCVAwRh03m3_1pZjRKvelomA,1
dHXrmZKJSoQ,UCFQoE23adk7NSPNhBlanu4w,1
sPGriu03_20,UCUJ0K_e0ac1vBBqss99wudQ,1
4nq_NdGgDu0,UCP7k9JoHWrOfbh0slnSOn4g,1
r9VAVYPnW9E,UCfEd-og-67AUEGwUhcUuzqw,1
Otfg3FDFq64,UCTjF8TNC7blVsBtWyMrsj4A,1
JlgSmlC6kpE,UC33b0wkIKmQm3LzUaQTDGUQ,1
yp4EcjbEJPc,UCP7k9JoHWrOfbh0slnSOn4g,1
RGKtwsqwBfY,UCFQoE23adk7NSPNhBlanu4w,1
60wW8lABl3w,UC33b0wkIKmQm3LzUaQTDGUQ,1
FyfEoNVSUBg,UCZ9zJNZDmuQQ7Uw97Kdjwkw,1
yzkLOGa6Faw,UCFQoE23adk7NSPNhBlanu4w,1
Bm6CvmxFSDY,UCTjF8TNC7blVsBtWyMrsj4A,1
s8SDTmb0SNY,UCFQoE23adk7NSPNhBlanu4w,1
XjYnEwWotdA,UCZ9zJNZDmuQQ7Uw97Kdjwkw,1
m_BloLkMRiQ,UC02tDemqzG7D4Ep3K4D4Ptw,1
J6ToiRAZBlc,UCVAwRh03m3_1pZjRKvelomA,1
k0xUxm_q218,UCfEd-og-67AUEGwUhcUuzqw,1
YAgybzU04Rg,UC33b0wkIKmQm3LzUaQTDGUQ,1
OHk2Jqf1rqg,UCFQoE23adk7NSPNhBlanu4w,1
vhX7HC_8P-Y,UCZX5B1TcHWJKbwAQuYwEh_w,1
VGAgoLzGUZk,UCZ9zJNZDmuQQ7Uw97Kdjwkw,1
q11RDaSZo3w,UCFQoE23adk7NSPNhBlanu4w,1
TQZrWfNWCWA,UCP7k9JoHWrOfbh0slnSOn4g,1
POcRjCYMvLY,UCfEd-og-67AUEGwUhcUuzqw,1
QPA0FYcKVho,UCUJ0K_e0ac1vBBqss99wudQ,1
Etsow1nb6rk,UCFQoE23adk7NSPNhBlanu4w,1
Cb7iYPTUBBQ,UCwCKddovSCpQ6PNpIf7ORMA,1
0eLqzuqIQME,UCP7k9JoHWrOfbh0slnSOn4g,1
tLDF6d7keVw,UC33b0wkIKmQm3LzUaQTDGUQ,1
nMzQzbcddXU,UCFQoE23adk7NSPNhBlanu4w,1
IynIwggcFGw,UCfEd-og-67AUEGwUhcUuzqw,1
sG6XH2ddt5E,UCGi0NdxX2B36hD6WxXdNhFA,1
8kXOF4PLRRA,UCTjF8TNC7blVsBtWyMrsj4A,1
Eh0mxP9Tuko,UCP7k9JoHWrOfbh0slnSOn4g,1
bamTMaLCyt8,UCFQoE23adk7NSPNhBlanu4w,1
eMhDR6Wvclo,UC33b0wkIKmQm3LzUaQTDGUQ,1
WALvNOxA-Cw,UCVAwRh03m3_1pZjRKvelomA,1
YTOLPtTaRWM,UCZ9zJNZDmuQQ7Uw97Kdjwkw,1
i_LKoBccwKc,UCfEd-og-67AUEGwUhcUuzqw,1
cFMDaf11mVk,UCFQoE23adk7NSPNhBlanu4w,1
IziK-rUTQAM,UC02tDemqzG7D4Ep3K4D4Ptw,1
kq4mSxAWwIY,UCP7k9JoHWrOfbh0slnSOn4g,1
EvPAXFM-1Yo,UCFQoE23adk7NSPNhBlanu4w,1
JDCW2TTmAMg,UCUJ0K_e0ac1vBBqss99wudQ,1
-arFbvb15JI,UCwCKddovSCpQ6PNpIf7ORMA,1
txfMQ7RS68s,UCZ9zJNZDmuQQ7Uw97Kdjwkw,1
CHOWfx7Swrc,UCTjF8TNC7blVsBtWyMrsj4A,1
y_QJOwiCejY,UCFQoE23adk7NSPNhBlanu4w,1
-IWnteRyucE,UC33b0wkIKmQm3LzUaQTDGUQ,1
C7mL5IoMK-g,UCP7k9JoHWrOfbh0slnSOn4g,1
DB0kBuA2C1E,UCTjF8TNC7blVsBtWyMrsj4A,1
KTSPa15lAPw,UCVAwRh03m3_1pZjRKvelomA,1
6WQmFBVf5Q4,UCfEd-og-67AUEGwUhcUuzqw,1
bqtfuhCUuqw,UCFQoE23adk7NSPNhBlanu4w,1
7vSBycJRF_8,UCP7k9JoHWrOfbh0slnSOn4g,1
W1jNwwVck8E,UCZ9zJNZDmuQQ7Uw97Kdjwkw,1
dmYldvR-XMI,UCZ9zJNZDmuQQ7Uw97Kdjwkw,1
pBtdqWSBYlE,UCywlrebEcnkJ6m1y9YViWoQ,1
Dt3jnNx0oSU,UCP7k9JoHWrOfbh0slnSOn4g,1
BR_0IEbtU8I,UCZ9zJNZDmuQQ7Uw97Kdjwkw,1
KjD2108toh8,UC33b0wkIKmQm3LzUaQTDGUQ,1
ujxP24vDlMQ,UCfEd-og-67AUEGwUhcUuzqw,1
cEwCJzByvsw,UCTjF8TNC7blVsBtWyMrsj4A,1
AICB5-o0FJU,UC5vY06NlKGpFLTHtMuVoxhw,1
s3IEfs_OEYs,UCwCKddovSCpQ6PNpIf7ORMA,1
hxVRlJ-EGyg,UCP7k9JoHWrOfbh0slnSOn4g,1
y0WlAEh5Cew,UCTjF8TNC7blVsBtWyMrsj4A,1
u1oPBk0EJjU,UCwCKddovSCpQ6PNpIf7ORMA,1
w-HBFpmRuSI,UCUJ0K_e0ac1vBBqss99wudQ,1
RJPii99n3dM,UC02tDemqzG7D4Ep3K4D4Ptw,1
AwE7FpkzLdM,UCZ9zJNZDmuQQ7Uw97Kdjwkw,1
XyGiwrV19G4,UC33b0wkIKmQm3LzUaQTDGUQ,1
iS9BN5e7TzM,UCZ9zJNZDmuQQ7Uw97Kdjwkw,1
QK8cUXoUYtg,UCfEd-og-67AUEGwUhcUuzqw,1
S8XGjLMUxR0,UCZ9zJNZDmuQQ7Uw97Kdjwkw,1
mZA45Y2QSKc,UCwCKddovSCpQ6PNpIf7ORMA,1
WcJd6M94rlg,UCZ9zJNZDmuQQ7Uw97Kdjwkw,1
CWM1SvaJbJo,UCTjF8TNC7blVsBtWyMrsj4A,1
NYRHEiSk54s,UCywlrebEcnkJ6m1y9YViWoQ,1
uSxCNxU1DDM,UCZX5B1TcHWJKbwAQuYwEh_w,1
QNyZ2-dojZI,UCVAwRh03m3_1pZjRKvelomA,1
IglN4pklKyw,UCZ9zJNZDmuQQ7Uw97Kdjwkw,1
rf-c3aJ5buA,UCUJ0K_e0ac1vBBqss99wudQ,1
uOo-eCcNJbs,UCfEd-og-67AUEGwUhcUuzqw,1
X2EVWWdUBZE,UCTjF8TNC7blVsBtWyMrsj4A,1
hI_hdtRy-j8,UCVAwRh03m3_1pZjRKvelomA,1
f2oLMsLnWu8,UCP7k9JoHWrOfbh0slnSOn4g,1
cSQ6gkGaF8I,UC33b0wkIKmQm3LzUaQTDGUQ,1
8js-RVYYLhI,UC02tDemqzG7D4Ep3K4D4Ptw,1
FopbOGx8uLQ,UCP7k9JoHWrOfbh0slnSOn4g,1
71mA0hA3u1I,UCTjF8TNC7blVsBtWyMrsj4A,1
rPwNxFf0nRM,UCwCKddovSCpQ6PNpIf7ORMA,1
wY2wD-C9nX4,UCVAwRh03m3_1pZjRKvelomA,1
0r6XWtekRDY,UCTjF8TNC7blVsBtWyMrsj4A,1
s3A1E-HxlaQ,UCP7k9JoHWrOfbh0slnSOn4g,1
Js74y59iBEc,UCUJ0K_e0ac1vBBqss99wudQ,1
cZvbYn5b9gc,UCZ9zJNZDmuQQ7Uw97Kdjwkw,1
bUfLWzKBinc,UC33b0wkIKmQm3LzUaQTDGUQ,1
ZdikS7kJMPY,UCVAwRh03m3_1pZjRKvelomA,1
ezuTZk1dTvg,UCUJ0K_e0ac1vBBqss99wudQ,1
UafhSLL_mLU,UC33b0wkIKmQm3LzUaQTDGUQ,1
RXI1cUnYRoI,UCP7k9JoHWrOfbh0slnSOn4g,1
09Df7POFGWw,UCGi0NdxX2B36hD6WxXdNhFA,1
BJWzJ8r5B8Q,UCTjF8TNC7blVsBtWyMrsj4A,1
b9NR0kuyzGY,UCVAwRh03m3_1pZjRKvelomA,1
icnxg8R3fyY,UC33b0wkIKmQm3LzUaQTDGUQ,1
mCq8xwAw6Y8,UCfEd-og-67AUEGwUhcUuzqw,1
pmxCXyRezv4,UCwCKddovSCpQ6PNpIf7ORMA,1
dcm4P5blrSs,UCP7k9JoHWrOfbh0slnSOn4g,1
tFEBA8edwr0,UCTjF8TNC7blVsBtWyMrsj4A,1
f8aBy7VXYVc,UC33b0wkIKmQm3LzUaQTDGUQ,1
OgQvBplmnxI,UCUJ0K_e0ac1vBBqss99wudQ,1
HcbDMNh8L3k,UCP7k9JoHWrOfbh0slnSOn4g,1
lvOxJA-jlGM,UC5vY06NlKGpFLTHtMuVoxhw,1
lnc0oXGNavw,UCVAwRh03m3_1pZjRKvelomA,1
Neh0AoUO-TQ,UCZ9zJNZDmuQQ7Uw97Kdjwkw,1
DzyBAxqJa60,UC02tDemqzG7D4Ep3K4D4Ptw,1
G1QSboXIHWE,UCfEd-og-67AUEGwUhcUuzqw,1
29twGV9khBY,UCUJ0K_e0ac1vBBqss99wudQ,1
o-6AnaaQFY0,UCwCKddovSCpQ6PNpIf7ORMA,1
oHQdmJtO4SI,UCywlrebEcnkJ6m1y9YViWoQ,1
IJ5FO-lX19M,UCTjF8TNC7blVsBtWyMrsj4A,1
6c-M0qrk0Ys,UCP7k9JoHWrOfbh0slnSOn4g,1
Q4Wm1gBtO-8,UCGi0NdxX2B36hD6WxXdNhFA,1
3ddHQ5DZODQ,UCTjF8TNC7blVsBtWyMrsj4A,1
Rpn00aiEopU,UCZX5B1TcHWJKbwAQuYwEh_w,1
9wVCD1UCkmE,UCP7k9JoHWrOfbh0slnSOn4g,1
ocNoN9W38Wk,UCZ9zJNZDmuQQ7Uw97Kdjwkw,1
6N7IxskfScQ,UCfEd-og-67AUEGwUhcUuzqw,1
3hwYGKSSQtw,UCUJ0K_e0ac1vBBqss99wudQ,1
Al4FeGLGAv4,UCP7k9JoHWrOfbh0slnSOn4g,1
AzeYWJgIxGQ,UCTjF8TNC7blVsBtWyMrsj4A,1
5RXtOeotc4w,UCwCKddovSCpQ6PNpIf7ORMA,1
nnqLzUFQDN8,UCZ9zJNZDmuQQ7Uw97Kdjwkw,1
Qjtu7VZqYtk,UC02tDemqzG7D4Ep3K4D4Ptw,1
LHbwjZ2Gy3w,UCP7k9JoHWrOfbh0slnSOn4g,1
oYZ2EBOW1PA,UC5vY06NlKGpFLTHtMuVoxhw,1
Vht25W7nhkE,UC5vY06NlKGpFLTHtMuVoxhw,1
c4ABVnttVis,UC5vY06NlKGpFLTHtMuVoxhw,1
za2K7Y8b7RM,UCP7k9JoHWrOfbh0slnSOn4g,1
uN0r8mb2fco,UCUJ0K_e0ac1vBBqss99wudQ,1
lx6IlVZwVtg,UCTjF8TNC7blVsBtWyMrsj4A,1
5y1vgAt-Aik,UC5vY06NlKGpFLTHtMuVoxhw,1
dgrQ_PeYsFk,UCP7k9JoHWrOfbh0slnSOn4g,1
oAg77Jci7iQ,UCfEd-og-67AUEGwUhcUuzqw,1
zMWv3ZhQEvk,UCTjF8TNC7blVsBtWyMrsj4A,1
9LfUndCA1oc,UCZ9zJNZDmuQQ7Uw97Kdjwkw,1
HKtBsOJIlwE,UCVAwRh03m3_1pZjRKvelomA,1
Hz9zFHRncDY,UCP7k9JoHWrOfbh0slnSOn4g,1
rQjlXIgFu0M,UCP7k9JoHWrOfbh0slnSOn4g,1
Dgbkf9kQQKk,UC5vY06NlKGpFLTHtMuVoxhw,1
T7GPW27YI64,UCZ9zJNZDmuQQ7Uw97Kdjwkw,1
_-FJF3aas8c,UCGi0NdxX2B36hD6WxXdNhFA,1
od_9AtIzwJw,UCP7k9JoHWrOfbh0slnSOn4g,1
eLnBmm9x4QY,UCZX5B1TcHWJKbwAQuYwEh_w,1
hh0xL0Led6o,UCwCKddovSCpQ6PNpIf7ORMA,1
NXYC0LlJSmw,UCVAwRh03m3_1pZjRKvelomA,1
AKaUnLiorxY,UCZ9zJNZDmuQQ7Uw97Kdjwkw,1
k4Rm--1kvlg,UCP7k9JoHWrOfbh0slnSOn4g,1
vz0xy8_zHTI,UCTjF8TNC7blVsBtWyMrsj4A,1
GiTcH9ENYi4,UC02tDemqzG7D4Ep3K4D4Ptw,1
Qze2CHYWZLQ,UCZ9zJNZDmuQQ7Uw97Kdjwkw,1
Vtmp5L99iFw,UCZ9zJNZDmuQQ7Uw97Kdjwkw,1
MStYhq2Joes,UCUJ0K_e0ac1vBBqss99wudQ,1
_vB8OFxMGY4,UCfEd-og-67AUEGwUhcUuzqw,1
LOgGOwZVhlM,UCVAwRh03m3_1pZjRKvelomA,1
kBzSUff3wHU,UCZ9zJNZDmuQQ7Uw97Kdjwkw,1
Vdj-roNbAV8,UCwCKddovSCpQ6PNpIf7ORMA,1
rCaGe-1_HdY,UCP7k9JoHWrOfbh0slnSOn4g,1
puWJUjCmM_Q,UCZX5B1TcHWJKbwAQuYwEh_w,1
kOKekiUQ8lg,UCGi0NdxX2B36hD6WxXdNhFA,1
uuHMvIQGLxM,UC5vY06NlKGpFLTHtMuVoxhw,1
7aXMgK01vUs,UCfEd-og-67AUEGwUhcUuzqw,1
h4oO3cusOhU,UC5vY06NlKGpFLTHtMuVoxhw,1
E-GvMpXXr1g,UCVAwRh03m3_1pZjRKvelomA,1
Lcxw8Zu05dw,UC02tDemqzG7D4Ep3K4D4Ptw,1
1hODa3DP7V8,UCUJ0K_e0ac1vBBqss99wudQ,1
19jRet54Uu4,UCP7k9JoHWrOfbh0slnSOn4g,1
Odq2VENnj1Y,UCTjF8TNC7blVsBtWyMrsj4A,1
TP77rYVyYLo,UC5vY06NlKGpFLTHtMuVoxhw,1
oO7l_9t-lC8,UC5vY06NlKGpFLTHtMuVoxhw,1
NCyGGPzSZzQ,UCGi0NdxX2B36hD6WxXdNhFA,1
scnGGcmUSXg,UCfEd-og-67AUEGwUhcUuzqw,1
4cLLvDzuoJI,UCUJ0K_e0ac1vBBqss99wudQ,1
X0mDFtSDHMM,UC5vY06NlKGpFLTHtMuVoxhw,1
yFW3ZONvIFs,UCP7k9JoHWrOfbh0slnSOn4g,1
tGBK2od41o0,UCwCKddovSCpQ6PNpIf7ORMA,1
6EMe_WqbR0Y,UCywlrebEcnkJ6m1y9YViWoQ,1
yIh7sFpC0Cc,UC5vY06NlKGpFLTHtMuVoxhw,1
WrvsKx9rFpI,UCTjF8TNC7blVsBtWyMrsj4A,1
nNaadhFfYkE,UCUJ0K_e0ac1vBBqss99wudQ,1
ZvbQpkokGFs,UCZ9zJNZDmuQQ7Uw97Kdjwkw,1
qOzOYC5fRyM,UCVAwRh03m3_1pZjRKvelomA,1
B2XFQB-NTQQ,UCwCKddovSCpQ6PNpIf7ORMA,1
elrogJpst3k,UCP7k9JoHWrOfbh0slnSOn4g,1
e-2vo6CJICM,UCTjF8TNC7blVsBtWyMrsj4A,1
hQ8d-wiQzAc,UCUJ0K_e0ac1vBBqss99wudQ,1
_ptG9Qln2QQ,UC02tDemqzG7D4Ep3K4D4Ptw,1
IuwcWnqOS-8,UCfEd-og-67AUEGwUhcUuzqw,1
KPPRStzgP9o,UCZ9zJNZDmuQQ7Uw97Kdjwkw,1
W7dvcf6VUtI,UCZ9zJNZDmuQQ7Uw97Kdjwkw,1
m0DK4Bm85ZE,UCP7k9JoHWrOfbh0slnSOn4g,1
L0oxXgGUU24,UCGi0NdxX2B36hD6WxXdNhFA,1
O1LiEOR75fc,UCZ9zJNZDmuQQ7Uw97Kdjwkw,1
00ulyfd1VIs,UCTjF8TNC7blVsBtWyMrsj4A,1
-j3EmscoY74,UCZ9zJNZDmuQQ7Uw97Kdjwkw,1
AzPOObeANYE,UCVAwRh03m3_1pZjRKvelomA,1
8KkxDza1yiQ,UCUJ0K_e0ac1vBBqss99wudQ,1
kOp7qD7C8Y8,UCfEd-og-67AUEGwUhcUuzqw,1
Mhq8MqgnlEU,UC5vY06NlKGpFLTHtMuVoxhw,1
uKGuMF-IGDI,UCVAwRh03m3_1pZjRKvelomA,1
i7ieCo-J150,UCP7k9JoHWrOfbh0slnSOn4g,1
Yz4wXfXDcrg,UCwCKddovSCpQ6PNpIf7ORMA,1
GPu4_j96ZHk,UC5vY06NlKGpFLTHtMuVoxhw,1
XUHvpe_6yIA,UC5vY06NlKGpFLTHtMuVoxhw,1
2kaqYPT7DfI,UCZ9zJNZDmuQQ7Uw97Kdjwkw,1
em05-ei87L0,UCTjF8TNC7blVsBtWyMrsj4A,1
DaUnVtT2riU,UC5vY06NlKGpFLTHtMuVoxhw,1
sfb2ZCCjc8Q,UCZ9zJNZDmuQQ7Uw97Kdjwkw,1
82V0KQpzhHg,UCVAwRh03m3_1pZjRKvelomA,1
U-95_JZB1ec,UC02tDemqzG7D4Ep3K4D4Ptw,1
EJ-vOsKoOI8,UCywlrebEcnkJ6m1y9YViWoQ,1
YSmvnQKc9hQ,UCZ9zJNZDmuQQ7Uw97Kdjwkw,1
0SIn00PuzWE,UCP7k9JoHWrOfbh0slnSOn4g,1
aI0yDS9r4DY,UCUJ0K_e0ac1vBBqss99wudQ,1
hlk3pQ9oEeY,UCGi0NdxX2B36hD6WxXdNhFA,1
k-nBgx8S6Uw,UCTjF8TNC7blVsBtWyMrsj4A,1
xmNh2P4SHLs,UC5vY06NlKGpFLTHtMuVoxhw,1
XrnnsRm6dCI,UCZ9zJNZDmuQQ7Uw97Kdjwkw,1
dOQr5PeI0ms,UC5vY06NlKGpFLTHtMuVoxhw,1
QUEoFVvkP7g,UCZ9zJNZDmuQQ7Uw97Kdjwkw,1
q-kTNCZB9Lg,UC5vY06NlKGpFLTHtMuVoxhw,1
NUQQtZrTpYo,UCZ9zJNZDmuQQ7Uw97Kdjwkw,1
-KrfmdeFo34,UCZ9zJNZDmuQQ7Uw97Kdjwkw,1
XY5U1mmGJ58,UCwCKddovSCpQ6PNpIf7ORMA,1
Yycil3DQ_OU,UC5vY06NlKGpFLTHtMuVoxhw,1
uWpx52l2xRs,UC5vY06NlKGpFLTHtMuVoxhw,1
_mRrNB-xNtQ,UCZ9zJNZDmuQQ7Uw97Kdjwkw,1
AZi0Qt81cpw,UCP7k9JoHWrOfbh0slnSOn4g,1
gPqdJDWgSzg,UCZ9zJNZDmuQQ7Uw97Kdjwkw,1
hfCOjM57xMw,UCZ9zJNZDmuQQ7Uw97Kdjwkw,1
RqbziZjE1r0,UCP7k9JoHWrOfbh0slnSOn4g,1
hL1iuCRrpN0,UCZ9zJNZDmuQQ7Uw97Kdjwkw,1
ub0dPC2kix0,UCUJ0K_e0ac1vBBqss99wudQ,1
_gVoiMZysBE,UCfEd-og-67AUEGwUhcUuzqw,1
sy8I7eESPZE,UCZ9zJNZDmuQQ7Uw97Kdjwkw,1
vxo4Jtl8VIQ,UCUJ0K_e0ac1vBBqss99wudQ,1
8W46plG7YJA,UC02tDemqzG7D4Ep3K4D4Ptw,1
3Zkdcqlw22I,UC5vY06NlKGpFLTHtMuVoxhw,1
JqQE8KIfl8Y,UC5vY06NlKGpFLTHtMuVoxhw,1
4-MK6RaSi-M,UCVAwRh03m3_1pZjRKvelomA,1
zotjUVDmmxc,UC5vY06NlKGpFLTHtMuVoxhw,1
mKr9zXf5zsU,UCP7k9JoHWrOfbh0slnSOn4g,1
Bftek-sD3Ug,UCTjF8TNC7blVsBtWyMrsj4A,1
B_Sm8NIB2os,UCZ9zJNZDmuQQ7Uw97Kdjwkw,1
fnWhtCBrSQU,UCZ9zJNZDmuQQ7Uw97Kdjwkw,1
z_QHtC8amFU,UC5vY06NlKGpFLTHtMuVoxhw,1
FDGQfHlfPT8,UC5vY06NlKGpFLTHtMuVoxhw,1
QuQhVaksE1c,UCZ9zJNZDmuQQ7Uw97Kdjwkw,1
ZJCbE24hkHA,UC5vY06NlKGpFLTHtMuVoxhw,1
UwE3Bgzih5o,UC5vY06NlKGpFLTHtMuVoxhw,1
Vg3v4VYt-mo,UCwCKddovSCpQ6PNpIf7ORMA,1
VUrEin2OMi8,UCP7k9JoHWrOfbh0slnSOn4g,1
RNNc1aQHVhg,UCUJ0K_e0ac1vBBqss99wudQ,1
80Tmoeo-6eU,UCGi0NdxX2B36hD6WxXdNhFA,1
K4wyZFQVIWw,UCTjF8TNC7blVsBtWyMrsj4A,1
pUhFCmzFsh8,UC5vY06NlKGpFLTHtMuVoxhw,1
g_LaiEtgif8,UC02tDemqzG7D4Ep3K4D4Ptw,1
DQCGzi8mjN0,UCfEd-og-67AUEGwUhcUuzqw,1
xQboGpq5R9Y,UC5vY06NlKGpFLTHtMuVoxhw,1
ZlIwxkTG39g,UC5vY06NlKGpFLTHtMuVoxhw,1
jznNE1tg69I,UC5vY06NlKGpFLTHtMuVoxhw,1
_IiQe6EneGI,UC5vY06NlKGpFLTHtMuVoxhw,1
YyI7FmesBLo,UCZ9zJNZDmuQQ7Uw97Kdjwkw,1
MT_rp8E4kvU,UCP7k9JoHWrOfbh0slnSOn4g,1
-jv67XgMh9c,UC5vY06NlKGpFLTHtMuVoxhw,1
P2Wv-yVAhKM,UC5vY06NlKGpFLTHtMuVoxhw,1
lclEM3DNJ-g,UC5vY06NlKGpFLTHtMuVoxhw,1
V69dtsNpccI,UCVAwRh03m3_1pZjRKvelomA,1
C0KCLrXl1tA,UC5vY06NlKGpFLTHtMuVoxhw,1
71oTuFMBE1k,UC5vY06NlKGpFLTHtMuVoxhw,1
qjOg1gTSR8M,UC5vY06NlKGpFLTHtMuVoxhw,1
MQUkAjUfn8E,UCUJ0K_e0ac1vBBqss99wudQ,1
NmAyNkoAfLw,UCwCKddovSCpQ6PNpIf7ORMA,1
5RHgixrPVus,UCP7k9JoHWrOfbh0slnSOn4g,1
BjT3mLu4hd0,UCZ9zJNZDmuQQ7Uw97Kdjwkw,1
Rd1kaqN0Jfk,UC5vY06NlKGpFLTHtMuVoxhw,1
mJwqdRcO2Z4,UCZ9zJNZDmuQQ7Uw97Kdjwkw,1
DR2N9jHj2iw,UC33b0wkIKmQm3LzUaQTDGUQ,1
IUO1buFmrBU,UC02tDemqzG7D4Ep3K4D4Ptw,1
_hogsFdPdbg,UCUJ0K_e0ac1vBBqss99wudQ,1
UAetGwTnkYs,UC5vY06NlKGpFLTHtMuVoxhw,1
KHgRxWc2VmE,UCP7k9JoHWrOfbh0slnSOn4g,1
VTm_JVn92mw,UCwCKddovSCpQ6PNpIf7ORMA,1
sZ6SvR9OxK0,UCTjF8TNC7blVsBtWyMrsj4A,1
jKqKEOXH6Rw,UCfEd-og-67AUEGwUhcUuzqw,1
mNcSlk5Tnag,UCUJ0K_e0ac1vBBqss99wudQ,1
lkot2OirLd0,UCVAwRh03m3_1pZjRKvelomA,1
36WkvjTk2c8,UCZ9zJNZDmuQQ7Uw97Kdjwkw,1
Bhlv0qpgBnQ,UCP7k9JoHWrOfbh0slnSOn4g,1
CQEpyHoQ-sI,UCwCKddovSCpQ6PNpIf7ORMA,1
rJPAHzfMKww,UCGi0NdxX2B36hD6WxXdNhFA,1
FN_Y0WkH1gU,UCZ9zJNZDmuQQ7Uw97Kdjwkw,1
hg-ZpwhzwP4,UCUJ0K_e0ac1vBBqss99wudQ,1
XnCAtZxfllE,UCywlrebEcnkJ6m1y9YViWoQ,1
4ejZpwBmK6I,UCZ9zJNZDmuQQ7Uw97Kdjwkw,1
Z2m7UpgHQJQ,UCTjF8TNC7blVsBtWyMrsj4A,1
CCqG0UDjM-E,UCZ9zJNZDmuQQ7Uw97Kdjwkw,1
0rUjAwkH6AE,UCZ9zJNZDmuQQ7Uw97Kdjwkw,1
uSdMQK91hws,UC02tDemqzG7D4Ep3K4D4Ptw,1
pA69a3YPRzw,UCZ9zJNZDmuQQ7Uw97Kdjwkw,1
GXc5OuCBsuc,UCZX5B1TcHWJKbwAQuYwEh_w,1
Pd592a18pEs,UCZ9zJNZDmuQQ7Uw97Kdjwkw,1
dzi6xURl_ow,UC5vY06NlKGpFLTHtMuVoxhw,1
voZUHDMv9vw,UCZ9zJNZDmuQQ7Uw97Kdjwkw,1
6z-7WLkkfas,UCP7k9JoHWrOfbh0slnSOn4g,1
g5527uixTDs,UCUJ0K_e0ac1vBBqss99wudQ,1
B50TMp6yUwo,UCTjF8TNC7blVsBtWyMrsj4A,1
9AiM2ElzP4w,UC02tDemqzG7D4Ep3K4D4Ptw,1
9NeTR8VsQOc,UCwCKddovSCpQ6PNpIf7ORMA,1
cAl3iOLDDvE,UCP7k9JoHWrOfbh0slnSOn4g,1
RORrppKqzEk,UCVAwRh03m3_1pZjRKvelomA,1
rHzQgQ4vZE8,UCfEd-og-67AUEGwUhcUuzqw,1
mAXVJdYq08g,UCZ9zJNZDmuQQ7Uw97Kdjwkw,1
UDibTyX8jsQ,UC02tDemqzG7D4Ep3K4D4Ptw,1
jIZuEpbqWLw,UCwCKddovSCpQ6PNpIf7ORMA,1
tXmBHHoyFww,UCP7k9JoHWrOfbh0slnSOn4g,1
mY4Bc0qD7jA,UCwCKddovSCpQ6PNpIf7ORMA,1
4qqEMbIvVCU,UCUJ0K_e0ac1vBBqss99wudQ,1
-DmIuaO3JLk,UCZ9zJNZDmuQQ7Uw97Kdjwkw,1
P4XPfRWemuA,UCTjF8TNC7blVsBtWyMrsj4A,1
tkiqbf37SdE,UC02tDemqzG7D4Ep3K4D4Ptw,1
ZevbD7x6TD4,UCZ9zJNZDmuQQ7Uw97Kdjwkw,1
XRW8MGLue5I,UCVAwRh03m3_1pZjRKvelomA,1
rRNDyQ1SbRY,UCP7k9JoHWrOfbh0slnSOn4g,1
o46EfBzmchc,UCTjF8TNC7blVsBtWyMrsj4A,1
p6AAFhZSl58,UCZX5B1TcHWJKbwAQuYwEh_w,1
vDQZ4KkzxvU,UCP7k9JoHWrOfbh0slnSOn4g,1
Sip4dKk95Lo,UCwCKddovSCpQ6PNpIf7ORMA,1
Q79rPUtpaPk,UCywlrebEcnkJ6m1y9YViWoQ,1
jwf8QYnLF4w,UCZ9zJNZDmuQQ7Uw97Kdjwkw,1
ZMbIDQmQyd8,UCZ9zJNZDmuQQ7Uw97Kdjwkw,1
k_JNKgbqQkg,UCP7k9JoHWrOfbh0slnSOn4g,1
HjuMw1NkJzc,UC02tDemqzG7D4Ep3K4D4Ptw,1
2U6ejrsAhow,UCZ9zJNZDmuQQ7Uw97Kdjwkw,1
ss3PyV6xovY,UC5vY06NlKGpFLTHtMuVoxhw,1
AMNYLF3Coig,UCP7k9JoHWrOfbh0slnSOn4g,1
nEKvdLqswjc,UC5vY06NlKGpFLTHtMuVoxhw,1
z5YgpfgrGS4,UCfEd-og-67AUEGwUhcUuzqw,1
82VzvL1FPN4,UC5vY06NlKGpFLTHtMuVoxhw,1
Zx-FdutTXcE,UCP7k9JoHWrOfbh0slnSOn4g,1
LKsmsCLUQKE,UCUJ0K_e0ac1vBBqss99wudQ,1
IWV0Uv8eje0,UCGi0NdxX2B36hD6WxXdNhFA,1
niEae6YQ6UY,UCwCKddovSCpQ6PNpIf7ORMA,1
q6-odPPmU4Y,UCTjF8TNC7blVsBtWyMrsj4A,1
snUQxueI49c,UCwCKddovSCpQ6PNpIf7ORMA,1
94xfSYtx4UU,UCZ9zJNZDmuQQ7Uw97Kdjwkw,1
rawAOz-0cYk,UCVAwRh03m3_1pZjRKvelomA,1
9ZpBfuksXGo,UC5vY06NlKGpFLTHtMuVoxhw,1
nsK--_iifuI,UC5vY06NlKGpFLTHtMuVoxhw,1
JvsRG8e46Qs,UCUJ0K_e0ac1vBBqss99wudQ,1
MSNSt_FWCU0,UC5vY06NlKGpFLTHtMuVoxhw,1
K7OnE5KZBgk,UC5vY06NlKGpFLTHtMuVoxhw,1
9Sfr7JgcyCk,UCZ9zJNZDmuQQ7Uw97Kdjwkw,1
8u_mLCa7mAI,UC5vY06NlKGpFLTHtMuVoxhw,1
d7IV-G8zAJ4,UCP7k9JoHWrOfbh0slnSOn4g,1
9K6gPyeQlx8,UC02tDemqzG7D4Ep3K4D4Ptw,1
W3eSf33Y4wY,UC5vY06NlKGpFLTHtMuVoxhw,1
8AvB-jG3nos,UCfEd-og-67AUEGwUhcUuzqw,1
2aCOF6R6228,UCVAwRh03m3_1pZjRKvelomA,1
NPq4UctRIvQ,UCwCKddovSCpQ6PNpIf7ORMA,1
wi9e_9HivlE,UC02tDemqzG7D4Ep3K4D4Ptw,1
33Dph3z0O1M,UC5vY06NlKGpFLTHtMuVoxhw,1
USzn_UyIQA8,UCZ9zJNZDmuQQ7Uw97Kdjwkw,1
gZl6FAO5SeM,UC5vY06NlKGpFLTHtMuVoxhw,1
ClgaCNDuvZY,UC5vY06NlKGpFLTHtMuVoxhw,1
-wCSJ_WipMs,UC5vY06NlKGpFLTHtMuVoxhw,1
2CkT_MkA2w4,UCP7k9JoHWrOfbh0slnSOn4g,1
w-t1fkQtD6c,UC5vY06NlKGpFLTHtMuVoxhw,1
BFpsM_XbTRM,UCZ9zJNZDmuQQ7Uw97Kdjwkw,1
jXKLipUM9tQ,UC5vY06NlKGpFLTHtMuVoxhw,1
kHczd2443_w,UCZ9zJNZDmuQQ7Uw97Kdjwkw,1
mgM34YatCT0,UC33b0wkIKmQm3LzUaQTDGUQ,1
8k9z41mDszU,UCUJ0K_e0ac1vBBqss99wudQ,1
sYF9yz0TrQs,UCVAwRh03m3_1pZjRKvelomA,1
FUGZEmuD8Fo,UCwCKddovSCpQ6PNpIf7ORMA,1
JbDH5GS35c4,UCUJ0K_e0ac1vBBqss99wudQ,1
xf_vVoYaW8I,UCP7k9JoHWrOfbh0slnSOn4g,1
Jr736S_CbsM,UCwCKddovSCpQ6PNpIf7ORMA,1
fog3zrEkS4U,UC5vY06NlKGpFLTHtMuVoxhw,1
bHibNYZgsio,UCP7k9JoHWrOfbh0slnSOn4g,1
_Y7EJfcYyCc,UC5vY06NlKGpFLTHtMuVoxhw,1
HeX7sAkI-ng,UC5vY06NlKGpFLTHtMuVoxhw,1
WU6zlASbxX8,UC33b0wkIKmQm3LzUaQTDGUQ,1
uO3dee_6Sns,UC5vY06NlKGpFLTHtMuVoxhw,1
gi3lcMwDzh4,UC5vY06NlKGpFLTHtMuVoxhw,1
wvsU974RgeI,UC5vY06NlKGpFLTHtMuVoxhw,1
8Z81sjd_-tM,UCZ9zJNZDmuQQ7Uw97Kdjwkw,1
jGPCegZ2I2s,UCVAwRh03m3_1pZjRKvelomA,1
kvMijIVYhaY,UCUJ0K_e0ac1vBBqss99wudQ,1
JNTObLUHzfc,UC33b0wkIKmQm3LzUaQTDGUQ,1
gePPicCZqT4,UCGi0NdxX2B36hD6WxXdNhFA,1
0-iPJ2XEpX8,UCZ9zJNZDmuQQ7Uw97Kdjwkw,1
7MHD_vB-vRk,UCwCKddovSCpQ6PNpIf7ORMA,1
9FxKiavHLI4,UCZ9zJNZDmuQQ7Uw97Kdjwkw,1
K-IRpfmNyl0,UCZ9zJNZDmuQQ7Uw97Kdjwkw,1
N-tzGYiPe6w,UCP7k9JoHWrOfbh0slnSOn4g,1
WZ576cDV_zs,UC02tDemqzG7D4Ep3K4D4Ptw,1
wW7tcfMem6g,UCZ9zJNZDmuQQ7Uw97Kdjwkw,1
fKqGTyCU00s,UCUJ0K_e0ac1vBBqss99wudQ,1
ExOs4qKvcWc,UC33b0wkIKmQm3LzUaQTDGUQ,1
TUma6D9iNOo,UC33b0wkIKmQm3LzUaQTDGUQ,1
TFdGf6Lu0NE,UCP7k9JoHWrOfbh0slnSOn4g,1
yf2j6mPO6-s,UCwCKddovSCpQ6PNpIf7ORMA,1
01NDMvU8k_c,UCwCKddovSCpQ6PNpIf7ORMA,1
1_O7CkUhMyk,UCUJ0K_e0ac1vBBqss99wudQ,1
qt3EMHOvcpQ,UCywlrebEcnkJ6m1y9YViWoQ,1
dVJuy_1lTGM,UCZ9zJNZDmuQQ7Uw97Kdjwkw,1
vPM5uJgHZaI,UCVAwRh03m3_1pZjRKvelomA,1
r7hsRMXK4Hc,UCZ9zJNZDmuQQ7Uw97Kdjwkw,1
ftlxjKYvaCU,UCZ9zJNZDmuQQ7Uw97Kdjwkw,1
bRPpFz_TGC0,UC33b0wkIKmQm3LzUaQTDGUQ,1
afMBSIvQBm8,UC33b0wkIKmQm3LzUaQTDGUQ,1
s_gDWnGLx8A,UC5vY06NlKGpFLTHtMuVoxhw,1
TwthuUOWYXY,UCP7k9JoHWrOfbh0slnSOn4g,1
ixjkvVfYSIY,UCUJ0K_e0ac1vBBqss99wudQ,1
YPqjn4t7-UI,UCTjF8TNC7blVsBtWyMrsj4A,1
diOqvgLNhU0,UC33b0wkIKmQm3LzUaQTDGUQ,1
-AyuKDaKOFc,UCwCKddovSCpQ6PNpIf7ORMA,1
hqDhP9XgGEs,UC5vY06NlKGpFLTHtMuVoxhw,1
0Sp61SMEykE,UC5vY06NlKGpFLTHtMuVoxhw,1
bxAJwyFFmCA,UCZ9zJNZDmuQQ7Uw97Kdjwkw,1
sEnq_SXs8tY,UC5vY06NlKGpFLTHtMuVoxhw,1
ZAjfU-j0SYI,UCVAwRh03m3_1pZjRKvelomA,1
8v416lU7HBw,UC5vY06NlKGpFLTHtMuVoxhw,1
rXE9tfPLhmU,UC33b0wkIKmQm3LzUaQTDGUQ,1
IqyUGmKpY3Q,UC5vY06NlKGpFLTHtMuVoxhw,1
7GuUdW9Ap3k,UC02tDemqzG7D4Ep3K4D4Ptw,1
NjuhyyW4VpY,UCwCKddovSCpQ6PNpIf7ORMA,1
_Y6-Pjxa3k4,UCZ9zJNZDmuQQ7Uw97Kdjwkw,1
ZMXAa_j3zqc,UC33b0wkIKmQm3LzUaQTDGUQ,1
lIfPCW2zSrc,UCUJ0K_e0ac1vBBqss99wudQ,1
nF9BUfe0ug8,UCP7k9JoHWrOfbh0slnSOn4g,1
vyYMmEtIEBs,UCfEd-og-67AUEGwUhcUuzqw,1
0Zy4l8dENxc,UCwCKddovSCpQ6PNpIf7ORMA,1
_N1cJwXF_fQ,UCP7k9JoHWrOfbh0slnSOn4g,1
y2nHQ0nJHiE,UCZ9zJNZDmuQQ7Uw97Kdjwkw,1
37UTeO5qVJ8,UC02tDemqzG7D4Ep3K4D4Ptw,1
9JFE6yZbRrc,UCP7k9JoHWrOfbh0slnSOn4g,1
z6xzYXNthM0,UCVAwRh03m3_1pZjRKvelomA,1
re2-CYkLmdg,UCZ9zJNZDmuQQ7Uw97Kdjwkw,1
oovKk__O4S8,UC33b0wkIKmQm3LzUaQTDGUQ,1
Y0vtWV0ttkU,UCwCKddovSCpQ6PNpIf7ORMA,1
UxmD1tjxpXY,UC33b0wkIKmQm3LzUaQTDGUQ,1
reyQ9HNzaak,UCP7k9JoHWrOfbh0slnSOn4g,1
cbr7Qp_Iv5k,UCGi0NdxX2B36hD6WxXdNhFA,1
-_PowLWbtrw,UC5vY06NlKGpFLTHtMuVoxhw,1
ZZbIrVtWPIU,UC02tDemqzG7D4Ep3K4D4Ptw,1
7wvEwo1ObxY,UCUJ0K_e0ac1vBBqss99wudQ,1
jeF0MOMVxkU,UCZ9zJNZDmuQQ7Uw97Kdjwkw,1
dx4mcQnTvWw,UC5vY06NlKGpFLTHtMuVoxhw,1
b3EVGo2pRhk,UC5vY06NlKGpFLTHtMuVoxhw,1
EYoEMRQ5c6k,UC5vY06NlKGpFLTHtMuVoxhw,1
RLH_HfnSsDk,UC5vY06NlKGpFLTHtMuVoxhw,1
dH3fDH1IcRA,UC5vY06NlKGpFLTHtMuVoxhw,1
DRonfsWJwpQ,UC5vY06NlKGpFLTHtMuVoxhw,1
6zdWxvKtdk4,UCZ9zJNZDmuQQ7Uw97Kdjwkw,1
NnCYY8_uUqM,UCVAwRh03m3_1pZjRKvelomA,1
ZSzHiu-yfsI,UC33b0wkIKmQm3LzUaQTDGUQ,1
n0qKrke74WU,UC5vY06NlKGpFLTHtMuVoxhw,1
xsWAycdnUic,UCZ9zJNZDmuQQ7Uw97Kdjwkw,1
pbhKc-xnzbo,UC33b0wkIKmQm3LzUaQTDGUQ,1
1wFT6J7YFh0,UC5vY06NlKGpFLTHtMuVoxhw,1
FGfAli1Yr6k,UC02tDemqzG7D4Ep3K4D4Ptw,1
xYKc04w9wgo,UCP7k9JoHWrOfbh0slnSOn4g,1
tTaiICroaIo,UCUJ0K_e0ac1vBBqss99wudQ,1
WpkxhC3K1LE,UCTjF8TNC7blVsBtWyMrsj4A,1
R5Ubl0B4-TA,UCwCKddovSCpQ6PNpIf7ORMA,1
41MTqq93YMo,UCZ9zJNZDmuQQ7Uw97Kdjwkw,1
JN8Fl-75iZo,UCVAwRh03m3_1pZjRKvelomA,1
RT2wi-FoyjY,UC02tDemqzG7D4Ep3K4D4Ptw,1
edg6K9QMf8M,UCfEd-og-67AUEGwUhcUuzqw,1
TurX7niczpo,UC33b0wkIKmQm3LzUaQTDGUQ,1
_n4OQOGXiJc,UCUJ0K_e0ac1vBBqss99wudQ,1
4AUPi4uqxLM,UC33b0wkIKmQm3LzUaQTDGUQ,1
WG79T92RZLs,UCP7k9JoHWrOfbh0slnSOn4g,1
u5wk-BnTCtE,UC5vY06NlKGpFLTHtMuVoxhw,1
EXQ-4UMW1Bc,UC5vY06NlKGpFLTHtMuVoxhw,1
cO1d_BOitTc,UCP7k9JoHWrOfbh0slnSOn4g,1
btBhdRPttl0,UCVAwRh03m3_1pZjRKvelomA,1
6Xg76edRY20,UCZ9zJNZDmuQQ7Uw97Kdjwkw,1
mfLTsq0aCRc,UCUJ0K_e0ac1vBBqss99wudQ,1
aCSFm7ofAT0,UC33b0wkIKmQm3LzUaQTDGUQ,1
yH8ovFn_uWM,UCVAwRh03m3_1pZjRKvelomA,1
RDZeRjgU9qs,UC02tDemqzG7D4Ep3K4D4Ptw,1
uAQP95p9aHg,UCwCKddovSCpQ6PNpIf7ORMA,1
mhlEl4p30ZM,UCP7k9JoHWrOfbh0slnSOn4g,1
ZaxubNI7Ulo,UC33b0wkIKmQm3LzUaQTDGUQ,1
Fft1_A43V5k,UC02tDemqzG7D4Ep3K4D4Ptw,1
C_RAxx6uW8s,UCUJ0K_e0ac1vBBqss99wudQ,1
TgTls7su9zg,UCGi0NdxX2B36hD6WxXdNhFA,1
K6bMpNeG0PA,UCTjF8TNC7blVsBtWyMrsj4A,1
X_WF2nijCjU,UCZ9zJNZDmuQQ7Uw97Kdjwkw,1
lOo0TppO89k,UCP7k9JoHWrOfbh0slnSOn4g,1
x3RXEPO03Ek,UC33b0wkIKmQm3LzUaQTDGUQ,1
y2d6SAdVl0I,UCfEd-og-67AUEGwUhcUuzqw,1
iq4duD_fCtY,UCUJ0K_e0ac1vBBqss99wudQ,1
pg9r1o8619Y,UCP7k9JoHWrOfbh0slnSOn4g,1
320vMQoMDRQ,UC33b0wkIKmQm3LzUaQTDGUQ,1
v4epenr9GwA,UCywlrebEcnkJ6m1y9YViWoQ,1
GN1_HX1uNag,UCwCKddovSCpQ6PNpIf7ORMA,1
RCt_1cA6yo0,UCZ9zJNZDmuQQ7Uw97Kdjwkw,1
wG9GfRTJdJ4,UCVAwRh03m3_1pZjRKvelomA,1
wF9usr5XJQU,UCP7k9JoHWrOfbh0slnSOn4g,1
ZFO0o3Rpli0,UCZ9zJNZDmuQQ7Uw97Kdjwkw,1
WafDu6irjf8,UC33b0wkIKmQm3LzUaQTDGUQ,1
eoobGMT9VQk,UCZ9zJNZDmuQQ7Uw97Kdjwkw,1
Bpy6Mzy8feE,UCVAwRh03m3_1pZjRKvelomA,1
4Gq7JCgWyRI,UC02tDemqzG7D4Ep3K4D4Ptw,1
C6hJ3wY727Y,UCUJ0K_e0ac1vBBqss99wudQ,1
Fv5qu8zeu5Q,UCP7k9JoHWrOfbh0slnSOn4g,1
jaFUPW-5rzE,UCwCKddovSCpQ6PNpIf7ORMA,1
czGzkrXGp9c,UCZ9zJNZDmuQQ7Uw97Kdjwkw,1
v6s7R4J3TyQ,UCfEd-og-67AUEGwUhcUuzqw,1
Ng2eOv3TD44,UCGi0NdxX2B36hD6WxXdNhFA,1
uSwD3tw9t3E,UCywlrebEcnkJ6m1y9YViWoQ,1
pMjYV8EPASI,UCZ9zJNZDmuQQ7Uw97Kdjwkw,1
v8rw0MluERU,UCZ9zJNZDmuQQ7Uw97Kdjwkw,1
DnyaKEPfrYc,UCUJ0K_e0ac1vBBqss99wudQ,1
E0Vf43DEJJo,UCUJ0K_e0ac1vBBqss99wudQ,1
oFVtbK9AdfY,UCZ9zJNZDmuQQ7Uw97Kdjwkw,1
985dJS63lyk,UCZX5B1TcHWJKbwAQuYwEh_w,1
eDCEsuwBPt0,UCZ9zJNZDmuQQ7Uw97Kdjwkw,1
d44Ru6HwHPc,UCP7k9JoHWrOfbh0slnSOn4g,1
nTkokvnGgQc,UCTjF8TNC7blVsBtWyMrsj4A,1
6Xkyu3_kuJE,UCwCKddovSCpQ6PNpIf7ORMA,1
BZVdt9Bah1Y,UCVAwRh03m3_1pZjRKvelomA,1
joNpwgfGEUc,UC02tDemqzG7D4Ep3K4D4Ptw,1
MlLJs3995io,UCZ9zJNZDmuQQ7Uw97Kdjwkw,1
pu_vvsaKe8w,UCVAwRh03m3_1pZjRKvelomA,1
RMAILo4b3Gw,UCP7k9JoHWrOfbh0slnSOn4g,1
ye7tZJ0Bx6U,UCZ9zJNZDmuQQ7Uw97Kdjwkw,1
oN17F8cxlYg,UC33b0wkIKmQm3LzUaQTDGUQ,1
kuqg4wkKRf4,UC33b0wkIKmQm3LzUaQTDGUQ,1
b1oY1B0yOh4,UC02tDemqzG7D4Ep3K4D4Ptw,1
CnGNp8SxZqM,UCUJ0K_e0ac1vBBqss99wudQ,1
awY2cIkjPZM,UCP7k9JoHWrOfbh0slnSOn4g,1
3vQZbBbJwi0,UCUJ0K_e0ac1vBBqss99wudQ,1
timqlvtkS5U,UCVAwRh03m3_1pZjRKvelomA,1
soKfGHu28C0,UCwCKddovSCpQ6PNpIf7ORMA,1
FGwy1B4DxVM,UCP7k9JoHWrOfbh0slnSOn4g,1
KUQMOxjAaWk,UCUJ0K_e0ac1vBBqss99wudQ,1
PYbHvMy9blA,UCP7k9JoHWrOfbh0slnSOn4g,1
J4yAfXIS5DQ,UC5vY06NlKGpFLTHtMuVoxhw,1
PRrKPAMv9XY,UC5vY06NlKGpFLTHtMuVoxhw,1
RSnmq0Vx-iM,UCywlrebEcnkJ6m1y9YViWoQ,1
8xlETtZsvWg,UCc2RL8jvY1rJPuCnJVsIQWw,1
l9E3MirCMaI,UCfEd-og-67AUEGwUhcUuzqw,1
CM94mwN91uY,UC5vY06NlKGpFLTHtMuVoxhw,1
aAonK5sthB4,UCP7k9JoHWrOfbh0slnSOn4g,1
v_mv6pNn7qg,UC5vY06NlKGpFLTHtMuVoxhw,1
FByhl7dCOf4,UCVAwRh03m3_1pZjRKvelomA,1
mpyr9p0PtJU,UC5vY06NlKGpFLTHtMuVoxhw,1
PQS8-_VQtwg,UC5vY06NlKGpFLTHtMuVoxhw,1
IILIjZIAEDw,UC5vY06NlKGpFLTHtMuVoxhw,1
vRZFUPcv7qc,UCUJ0K_e0ac1vBBqss99wudQ,1
qlUce8P-xZ8,UC02tDemqzG7D4Ep3K4D4Ptw,1
IWDdYuydOac,UCGi0NdxX2B36hD6WxXdNhFA,1
3fvlbyMtPMQ,UCP7k9JoHWrOfbh0slnSOn4g,1
Jyrw9mYXMKs,UCwCKddovSCpQ6PNpIf7ORMA,1
XM8jGAJ9yng,UCVAwRh03m3_1pZjRKvelomA,1
IP8MFwsAg6k,UCUJ0K_e0ac1vBBqss99wudQ,1
CtfFh6JxK24,UCP7k9JoHWrOfbh0slnSOn4g,1
7OZuNCG9dZ8,UCVAwRh03m3_1pZjRKvelomA,1
2Yi_WjtAAI4,UCTjF8TNC7blVsBtWyMrsj4A,1
_LUpZ5NY7VQ,UCP7k9JoHWrOfbh0slnSOn4g,1
Z4dBTJm9ICI,UCP7k9JoHWrOfbh0slnSOn4g,1
us-Oradx7f0,UCwCKddovSCpQ6PNpIf7ORMA,1
mAFAidt-Rvo,UC02tDemqzG7D4Ep3K4D4Ptw,1
YtD1FWX2baI,UCVAwRh03m3_1pZjRKvelomA,1
qzgz6t6MFiM,UCywlrebEcnkJ6m1y9YViWoQ,1
BUzWJpxBDkc,UCP7k9JoHWrOfbh0slnSOn4g,1
Lj-J-m2IPBg,UCUJ0K_e0ac1vBBqss99wudQ,1
GqGYuCYrm60,UCZX5B1TcHWJKbwAQuYwEh_w,1
bkNoBKxdKfY,UCUJ0K_e0ac1vBBqss99wudQ,1
6aKDsrtFBDk,UCP7k9JoHWrOfbh0slnSOn4g,1
Q988_qaj2Qw,UCfEd-og-67AUEGwUhcUuzqw,1
tuWvBKFP0Zw,UCwCKddovSCpQ6PNpIf7ORMA,1
c44ylEIPubU,UCVAwRh03m3_1pZjRKvelomA,1
fCVGyv_XdOs,UC5vY06NlKGpFLTHtMuVoxhw,1
YrzlJmed4Tw,UC02tDemqzG7D4Ep3K4D4Ptw,1
qhmWJaE_Yuo,UCUJ0K_e0ac1vBBqss99wudQ,1
DcPVocD8res,UCZX5B1TcHWJKbwAQuYwEh_w,1
f4J0-bmPRb8,UCwCKddovSCpQ6PNpIf7ORMA,1
I2eSnPbRXj4,UC02tDemqzG7D4Ep3K4D4Ptw,1
KvP1GdZWX-Q,UCc2RL8jvY1rJPuCnJVsIQWw,1
M2Ji5RHFId0,UCVAwRh03m3_1pZjRKvelomA,1
z88bNN2Avpo,UCfEd-og-67AUEGwUhcUuzqw,1
4OoZF4u-010,UCUJ0K_e0ac1vBBqss99wudQ,1
NCTaYGDQSi4,UCUJ0K_e0ac1vBBqss99wudQ,1
0ormbrHmaSk,UCGi0NdxX2B36hD6WxXdNhFA,1
0qe76CmCGqw,UCywlrebEcnkJ6m1y9YViWoQ,1
U7ZhLOG9WnE,UCwCKddovSCpQ6PNpIf7ORMA,1
vB9yfc_rGiY,UCc2RL8jvY1rJPuCnJVsIQWw,1
hw5P5fdaci8,UCTjF8TNC7blVsBtWyMrsj4A,1
VG6JFTv-ojk,UCc2RL8jvY1rJPuCnJVsIQWw,1
mLMZ7e1urBU,UC02tDemqzG7D4Ep3K4D4Ptw,1
6cidPhxnbnw,UCwCKddovSCpQ6PNpIf7ORMA,1
ylEy4zamFzQ,UCc2RL8jvY1rJPuCnJVsIQWw,1
pv8l7I_lMLI,UCVAwRh03m3_1pZjRKvelomA,1
ELsD2nC8lAI,UCZX5B1TcHWJKbwAQuYwEh_w,1
uKN7IhfJ4hU,UCfEd-og-67AUEGwUhcUuzqw,1
XzK2rS71ZVE,UCc2RL8jvY1rJPuCnJVsIQWw,1
YQU0R8jEFFs,UC33b0wkIKmQm3LzUaQTDGUQ,1
FnqV8rTm4b4,UCwCKddovSCpQ6PNpIf7ORMA,1
o0z8G5_6K9I,UC02tDemqzG7D4Ep3K4D4Ptw,1
EFQQmcZP0YU,UCUJ0K_e0ac1vBBqss99wudQ,1
3PCoXrWflLs,UCTjF8TNC7blVsBtWyMrsj4A,1
jo5aZJXph0Q,UCUJ0K_e0ac1vBBqss99wudQ,1
zt8BBk4vhc8,UCwCKddovSCpQ6PNpIf7ORMA,1
ISJL-iwWx8Q,UCfEd-og-67AUEGwUhcUuzqw,1
5QolrgyQvr0,UCVAwRh03m3_1pZjRKvelomA,1
U4MTMzhUkQo,UCwCKddovSCpQ6PNpIf7ORMA,1
S3wDBPir6bw,UCGi0NdxX2B36hD6WxXdNhFA,1
cTZI4LY4dVk,UCc2RL8jvY1rJPuCnJVsIQWw,1
r9oDjabNRnw,UCwCKddovSCpQ6PNpIf7ORMA,1
uOkq6RKSgtg,UCUJ0K_e0ac1vBBqss99wudQ,1
q6Cfg_mNh0c,UCVAwRh03m3_1pZjRKvelomA,1
thO6vsik9P8,UCc2RL8jvY1rJPuCnJVsIQWw,1
AWMPNAUpIdY,UCwCKddovSCpQ6PNpIf7ORMA,1
gdap13xhw9o,UCfEd-og-67AUEGwUhcUuzqw,1
roySuaPfWQs,UCUJ0K_e0ac1vBBqss99wudQ,1
1ZWjkyZXHRM,UCTjF8TNC7blVsBtWyMrsj4A,1
iJ9FHE6RENc,UCZX5B1TcHWJKbwAQuYwEh_w,1
Y0m0utrp_XE,UCc2RL8jvY1rJPuCnJVsIQWw,1
um101vhqBfk,UC02tDemqzG7D4Ep3K4D4Ptw,1
ptoxoG-L1Zc,UCwCKddovSCpQ6PNpIf7ORMA,1
4yuY_T4Ry8E,UCc2RL8jvY1rJPuCnJVsIQWw,1
jTAkRNp8zVY,UCUJ0K_e0ac1vBBqss99wudQ,1
SGTuXIUJSlc,UCVAwRh03m3_1pZjRKvelomA,1
ryiKBVmn1wU,UCc2RL8jvY1rJPuCnJVsIQWw,1
Y9GufBUhINI,UC33b0wkIKmQm3LzUaQTDGUQ,1
QxblHJiCIHY,UCwCKddovSCpQ6PNpIf7ORMA,1
W3fe4tLXESk,UCGi0NdxX2B36hD6WxXdNhFA,1
0p7Awgln3pc,UCTjF8TNC7blVsBtWyMrsj4A,1
trGkNlfa-ME,UCAj92HhkGw2vgxbdtohJ7QA,1
qp5v0XeRJZg,UCUJ0K_e0ac1vBBqss99wudQ,1
NHXShlwxS1E,UCc2RL8jvY1rJPuCnJVsIQWw,1
phRkQsRx6qo,UCAj92HhkGw2vgxbdtohJ7QA,1
-z3gpVAgCfs,UCAj92HhkGw2vgxbdtohJ7QA,1
HDH8xswKKys,UCwCKddovSCpQ6PNpIf7ORMA,1
AN6umuPqoNg,UCAj92HhkGw2vgxbdtohJ7QA,1
MS2QefklOOs,UCc2RL8jvY1rJPuCnJVsIQWw,1
6iWU46ithf0,UCZX5B1TcHWJKbwAQuYwEh_w,1
idhTUx8bXEA,UCAj92HhkGw2vgxbdtohJ7QA,1
EHyhQ5rhZTM,UCAj92HhkGw2vgxbdtohJ7QA,1
FXfqz68QZ_U,UCfEd-og-67AUEGwUhcUuzqw,1
0F5OwhNMUq4,UCc2RL8jvY1rJPuCnJVsIQWw,1
YJXliucwnCw,UCAj92HhkGw2vgxbdtohJ7QA,1
j9N2YlZ1ubI,UCywlrebEcnkJ6m1y9YViWoQ,1
kTlOXm7cvXI,UCwCKddovSCpQ6PNpIf7ORMA,1
CqqgAmNYvfM,UCAj92HhkGw2vgxbdtohJ7QA,1
TVrDsLsbKmk,UCUJ0K_e0ac1vBBqss99wudQ,1
zCuziPcG_hQ,UCc2RL8jvY1rJPuCnJVsIQWw,1
Xs8HbbjLasQ,UCwCKddovSCpQ6PNpIf7ORMA,1
4UyQud7UyhE,UCAj92HhkGw2vgxbdtohJ7QA,1
k5JO_bUrOAI,UCVAwRh03m3_1pZjRKvelomA,1
cPdc0qzi0lM,UCAj92HhkGw2vgxbdtohJ7QA,1
0TKfJB6NUmA,UC02tDemqzG7D4Ep3K4D4Ptw,1
YwprlQONjKo,UCAj92HhkGw2vgxbdtohJ7QA,1
7KQx1etJtdk,UCUJ0K_e0ac1vBBqss99wudQ,1
mK4Jqvr4JPU,UCAj92HhkGw2vgxbdtohJ7QA,1
_oJHLdcf-aI,UCUJ0K_e0ac1vBBqss99wudQ,1
Yl0PbSRpScM,UCc2RL8jvY1rJPuCnJVsIQWw,1
zx2XE3-N9jM,UCAj92HhkGw2vgxbdtohJ7QA,1
dA_D4b2L5Lk,UCUJ0K_e0ac1vBBqss99wudQ,1
aK0k806c4SM,UCwCKddovSCpQ6PNpIf7ORMA,1
VuTVusdlKaE,UCAj92HhkGw2vgxbdtohJ7QA,1
i_EqgxEHRD8,UCfEd-og-67AUEGwUhcUuzqw,1
ZS6RS-CgEos,UCTjF8TNC7blVsBtWyMrsj4A,1
1PtbqG8jh-8,UCAj92HhkGw2vgxbdtohJ7QA,1
CUY9QXI_nwE,UCc2RL8jvY1rJPuCnJVsIQWw,1
z5sZ32zWTcM,UCAj92HhkGw2vgxbdtohJ7QA,1
L00W3RiYa0I,UCwCKddovSCpQ6PNpIf7ORMA,1
yvMGk2pV9CE,UCAj92HhkGw2vgxbdtohJ7QA,1
bX6wAfFJd1Q,UCc2RL8jvY1rJPuCnJVsIQWw,1
0nH89wmatZk,UCAj92HhkGw2vgxbdtohJ7QA,1
pVFROOQnz0Q,UC5vY06NlKGpFLTHtMuVoxhw,1
LrWtPLAVm1Q,UCAj92HhkGw2vgxbdtohJ7QA,1
fU70fyrvc7c,UCUJ0K_e0ac1vBBqss99wudQ,1
DaNuI3Gj96s,UCAj92HhkGw2vgxbdtohJ7QA,1
uBogh2IsLUE,UCwCKddovSCpQ6PNpIf7ORMA,1
6ru14RG653U,UCc2RL8jvY1rJPuCnJVsIQWw,1
EjUJaYrDTtI,UC33b0wkIKmQm3LzUaQTDGUQ,1
SV2EmGWFT7c,UCAj92HhkGw2vgxbdtohJ7QA,1
GKdxRGlOfzo,UCUJ0K_e0ac1vBBqss99wudQ,1
Wdsnv0K_yWw,UCVAwRh03m3_1pZjRKvelomA,1
GJtDpxUtobo,UCAj92HhkGw2vgxbdtohJ7QA,1
Vtnyy3AsUaY,UCc2RL8jvY1rJPuCnJVsIQWw,1
lNLcBR75QDY,UCAj92HhkGw2vgxbdtohJ7QA,1
WhdshgCxvPA,UCUJ0K_e0ac1vBBqss99wudQ,1
KovSC_84N3A,UCAj92HhkGw2vgxbdtohJ7QA,1
6sox4oySo_g,UCc2RL8jvY1rJPuCnJVsIQWw,1
2izJeN9VNNo,UCZX5B1TcHWJKbwAQuYwEh_w,1
E6GfeRfW1TE,UCwCKddovSCpQ6PNpIf7ORMA,1
7i4dR9qGD3s,UCAj92HhkGw2vgxbdtohJ7QA,1
5o9JUk-i-gg,UCAj92HhkGw2vgxbdtohJ7QA,1
UrMhrKjqcpo,UCc2RL8jvY1rJPuCnJVsIQWw,1
V-fbUS4x6iE,UC33b0wkIKmQm3LzUaQTDGUQ,1
Ez7N_WVLsYE,UCVAwRh03m3_1pZjRKvelomA,1
sPPVVMdYvdM,UC5vY06NlKGpFLTHtMuVoxhw,1
TAi9wtmfD1M,UCAj92HhkGw2vgxbdtohJ7QA,1
52qKrPA9bjY,UCfEd-og-67AUEGwUhcUuzqw,1
Zzf97omz9OI,UC02tDemqzG7D4Ep3K4D4Ptw,1
LZeTo-OyMAw,UC5vY06NlKGpFLTHtMuVoxhw,1
EeQybjEyuZA,UCwCKddovSCpQ6PNpIf7ORMA,1
AyMwoqD0LQg,UCAj92HhkGw2vgxbdtohJ7QA,1
Waxl7RvuOlw,UCGi0NdxX2B36hD6WxXdNhFA,1
OJi_FK9b5rw,UCTjF8TNC7blVsBtWyMrsj4A,1
3Rj4_VF1YeY,UCAj92HhkGw2vgxbdtohJ7QA,1
6kSVBcFTiB0,UCc2RL8jvY1rJPuCnJVsIQWw,1
uPsaCt8jpMw,UC5vY06NlKGpFLTHtMuVoxhw,1
WfqEas-x6YU,UCAj92HhkGw2vgxbdtohJ7QA,1
qtl9grk4pR8,UC5vY06NlKGpFLTHtMuVoxhw,1
FdwMS1lM4m4,UCAj92HhkGw2vgxbdtohJ7QA,1
eZil9Mo4vF4,UCZX5B1TcHWJKbwAQuYwEh_w,1
vSqoKlF8r5o,UCAj92HhkGw2vgxbdtohJ7QA,1
esLDkXY6pag,UCc2RL8jvY1rJPuCnJVsIQWw,1
sT3c7nmvnC8,UCAj92HhkGw2vgxbdtohJ7QA,1
XbO7ELrXxLU,UCAj92HhkGw2vgxbdtohJ7QA,1
BKLdmerpBaY,UCc2RL8jvY1rJPuCnJVsIQWw,1
TSb1DBYC0vo,UCAj92HhkGw2vgxbdtohJ7QA,1
L5glaIzZh2U,UC5vY06NlKGpFLTHtMuVoxhw,1
6uDtxYeLRMA,UC5vY06NlKGpFLTHtMuVoxhw,1
4_03cgoCrwM,UCAj92HhkGw2vgxbdtohJ7QA,1
K9VP7VNWydM,UC5vY06NlKGpFLTHtMuVoxhw,1
i_FVg_d3-Ro,UCAj92HhkGw2vgxbdtohJ7QA,1
2VlHUAsztnc,UCc2RL8jvY1rJPuCnJVsIQWw,1
6oM94ei6viM,UCAj92HhkGw2vgxbdtohJ7QA,1
FbJVoEuZiOY,UC5vY06NlKGpFLTHtMuVoxhw,1
lgywjjh9tsA,UCUJ0K_e0ac1vBBqss99wudQ,1
H-Xo1UiDbyI,UC5vY06NlKGpFLTHtMuVoxhw,1
AIzfT5IQizM,UCwCKddovSCpQ6PNpIf7ORMA,1
894WYukKAyY,UCAj92HhkGw2vgxbdtohJ7QA,1
RmqXGXw5Iz8,UC02tDemqzG7D4Ep3K4D4Ptw,1
xGoVet7XFqE,UCZX5B1TcHWJKbwAQuYwEh_w,1
mlK8RjxMizY,UCAj92HhkGw2vgxbdtohJ7QA,1
1jpkv67c5Ts,UCc2RL8jvY1rJPuCnJVsIQWw,1
X68pNjGQRSs,UCAj92HhkGw2vgxbdtohJ7QA,1
7Z0aSRUY-zE,UC5vY06NlKGpFLTHtMuVoxhw,1
81ocs0ZPdIs,UCVAwRh03m3_1pZjRKvelomA,1
V3n5xezzlm0,UCAj92HhkGw2vgxbdtohJ7QA,1
YVj9Lf6F7Nk,UCTjF8TNC7blVsBtWyMrsj4A,1
Zg_9kGrNWHs,UCAj92HhkGw2vgxbdtohJ7QA,1
__sYSF60_U4,UC5vY06NlKGpFLTHtMuVoxhw,1
N1bZOoKRgNc,UCAj92HhkGw2vgxbdtohJ7QA,1
TWH3ax1saC8,UC5vY06NlKGpFLTHtMuVoxhw,1
3RLwqf7zLa8,UCc2RL8jvY1rJPuCnJVsIQWw,1
9L0hLt_uFuQ,UCAj92HhkGw2vgxbdtohJ7QA,1
mJfwHNl0kLQ,UC5vY06NlKGpFLTHtMuVoxhw,1
av4sq0Y-Tew,UC5vY06NlKGpFLTHtMuVoxhw,1
7ilmSYr6PoI,UCAj92HhkGw2vgxbdtohJ7QA,1
zCbZK-wbUFs,UC5vY06NlKGpFLTHtMuVoxhw,1
-0cfIgRWb5k,UC5vY06NlKGpFLTHtMuVoxhw,1
FjldgiGgaLA,UCAj92HhkGw2vgxbdtohJ7QA,1
p5Jn_tPxosM,UC5vY06NlKGpFLTHtMuVoxhw,1
hNKuBE91tQc,UCVAwRh03m3_1pZjRKvelomA,1
ZsE0hHk3T3I,UCAj92HhkGw2vgxbdtohJ7QA,1
z56H8MLJduU,UC5vY06NlKGpFLTHtMuVoxhw,1
NnAB1_OS4A4,UCwCKddovSCpQ6PNpIf7ORMA,1
WPLrZ7ulYSA,UCAj92HhkGw2vgxbdtohJ7QA,1
fiU547aenFw,UCAj92HhkGw2vgxbdtohJ7QA,1
bTvJROBaM2A,UC33b0wkIKmQm3LzUaQTDGUQ,1
nqlEZsno-Zo,UC5vY06NlKGpFLTHtMuVoxhw,1
YDXb97vo7iE,UCAj92HhkGw2vgxbdtohJ7QA,1
5wdtpTWd3-8,UCAj92HhkGw2vgxbdtohJ7QA,1
Bdfehyzc-fQ,UCZX5B1TcHWJKbwAQuYwEh_w,1
cYj8LDEVYlQ,UCAj92HhkGw2vgxbdtohJ7QA,1
j2dMRl8WBzg,UCAj92HhkGw2vgxbdtohJ7QA,1
Ne_BpLtdsvw,UCUJ0K_e0ac1vBBqss99wudQ,1
FSP6w8eIEf0,UCAj92HhkGw2vgxbdtohJ7QA,1
XAY7czqd8JM,UCAj92HhkGw2vgxbdtohJ7QA,1
VX3bj_mNBmk,UC5vY06NlKGpFLTHtMuVoxhw,1
2QvTXlvCSR0,UC33b0wkIKmQm3LzUaQTDGUQ,1
5jmiUB4wXQg,UCAj92HhkGw2vgxbdtohJ7QA,1
shTXSZAAKZU,UCGi0NdxX2B36hD6WxXdNhFA,1
hjkHkMURu1s,UCTjF8TNC7blVsBtWyMrsj4A,1
-Ed1hiI8rgo,UCAj92HhkGw2vgxbdtohJ7QA,1
TPBr96IQZ7c,UCVAwRh03m3_1pZjRKvelomA,1
ZAVWRM2ND5k,UCAj92HhkGw2vgxbdtohJ7QA,1
qRZ1tFf_BHg,UC02tDemqzG7D4Ep3K4D4Ptw,1
R4f5hwy1JOE,UCAj92HhkGw2vgxbdtohJ7QA,1
IHTRNHKQIgI,UCfEd-og-67AUEGwUhcUuzqw,1
Ajv5QJf_xeM,UCAj92HhkGw2vgxbdtohJ7QA,1
P_QvzXBQxG4,UCAj92HhkGw2vgxbdtohJ7QA,1
wbJcik4tYUQ,UCAj92HhkGw2vgxbdtohJ7QA,1
2ZciRRnsUlc,UCVAwRh03m3_1pZjRKvelomA,1
FeR0J9OCiBU,UCAj92HhkGw2vgxbdtohJ7QA,1
1PdawQNNaLQ,UCUJ0K_e0ac1vBBqss99wudQ,1
BT-Kw9S_-Pc,UCwCKddovSCpQ6PNpIf7ORMA,1
VLh69mNyiXQ,UCAj92HhkGw2vgxbdtohJ7QA,1
KVEcqkBqRn8,UCAj92HhkGw2vgxbdtohJ7QA,1
pSJGkK_WQbY,UCAj92HhkGw2vgxbdtohJ7QA,1
FKBBcLfyo_M,UCAj92HhkGw2vgxbdtohJ7QA,1
XnxqKbP2rVo,UCAj92HhkGw2vgxbdtohJ7QA,1
95gQhsVLMxo,UCAj92HhkGw2vgxbdtohJ7QA,1
nLv3BEexiMs,UC5vY06NlKGpFLTHtMuVoxhw,1
4dJCNzeDi2s,UCAj92HhkGw2vgxbdtohJ7QA,1
EYVso0SyWPs,UCVAwRh03m3_1pZjRKvelomA,1
s8fAnlzz6J0,UCAj92HhkGw2vgxbdtohJ7QA,1
YuEEhc22dgk,UCAj92HhkGw2vgxbdtohJ7QA,1
YUOsHftd6rM,UC33b0wkIKmQm3LzUaQTDGUQ,1
m10iQu92ARI,UCAj92HhkGw2vgxbdtohJ7QA,1
uCuuYxIv5Gg,UCAj92HhkGw2vgxbdtohJ7QA,1
haIOmexzU68,UC02tDemqzG7D4Ep3K4D4Ptw,1
5NhEiyuvClY,UC5vY06NlKGpFLTHtMuVoxhw,1
xSa-WjAy55I,UCAj92HhkGw2vgxbdtohJ7QA,1
rYhyiVe31NA,UCywlrebEcnkJ6m1y9YViWoQ,1
oDw2dxAVhsA,UC5vY06NlKGpFLTHtMuVoxhw,1
rCND8f4P5QM,UCAj92HhkGw2vgxbdtohJ7QA,1
-ZPxFC9se9E,UCAj92HhkGw2vgxbdtohJ7QA,1
H1Dw7T8qODg,UCTjF8TNC7blVsBtWyMrsj4A,1
U0_g4aBYK6M,UCAj92HhkGw2vgxbdtohJ7QA,1
3AuxRvrtW4U,UC5vY06NlKGpFLTHtMuVoxhw,1
OSBrA64R5lQ,UCAj92HhkGw2vgxbdtohJ7QA,1
RqFlrcG9YnA,UC5vY06NlKGpFLTHtMuVoxhw,1
gTIINKfibkM,UCAj92HhkGw2vgxbdtohJ7QA,1
kbi9DXEmAL8,UCAj92HhkGw2vgxbdtohJ7QA,1
b0PqYj-m9xc,UC5vY06NlKGpFLTHtMuVoxhw,1
r9HC3jesMN0,UCAj92HhkGw2vgxbdtohJ7QA,1
2EOCW6IMRnI,UCAj92HhkGw2vgxbdtohJ7QA,1
MlgvdVWdzmY,UCAj92HhkGw2vgxbdtohJ7QA,1
EEy6kAwqDfk,UCAj92HhkGw2vgxbdtohJ7QA,1
C3yV_r6IrfY,UCVAwRh03m3_1pZjRKvelomA,1
MUjVEEAAQ9E,UCAj92HhkGw2vgxbdtohJ7QA,1
CzH5RfJr3Zk,UC5vY06NlKGpFLTHtMuVoxhw,1
0ZIZToto0zk,UCUJ0K_e0ac1vBBqss99wudQ,1
FddtA-Zrht8,UCAj92HhkGw2vgxbdtohJ7QA,1
BzM4aH-5BWk,UCZX5B1TcHWJKbwAQuYwEh_w,1
rqX2tqIoXDI,UCAj92HhkGw2vgxbdtohJ7QA,1
bEix10twAEM,UCwCKddovSCpQ6PNpIf7ORMA,1
jv8WdrBD2Zo,UCAj92HhkGw2vgxbdtohJ7QA,1
O7X3sEBdv3o,UC5vY06NlKGpFLTHtMuVoxhw,1
357Y3IkoQ7o,UC5vY06NlKGpFLTHtMuVoxhw,1
AP6chBnDBpk,UCAj92HhkGw2vgxbdtohJ7QA,1
fRnLqDMrYlc,UCGi0NdxX2B36hD6WxXdNhFA,1
CzSumjQYmXw,UCTjF8TNC7blVsBtWyMrsj4A,1
IrARMO6_OhU,UCAj92HhkGw2vgxbdtohJ7QA,1
0AiLVcQiqdI,UCAj92HhkGw2vgxbdtohJ7QA,1
v-d4_TeXKYs,UCAj92HhkGw2vgxbdtohJ7QA,1
KFtMz3TLIFo,UCUJ0K_e0ac1vBBqss99wudQ,1
aN-wb1lGvCU,UC5vY06NlKGpFLTHtMuVoxhw,1
d_AHfYg_NzI,UCAj92HhkGw2vgxbdtohJ7QA,1
fcogzHZ0fco,UCAj92HhkGw2vgxbdtohJ7QA,1
XHv9NTqk_mw,UCAj92HhkGw2vgxbdtohJ7QA,1
Q2h9TRXZEE4,UCAj92HhkGw2vgxbdtohJ7QA,1
mMddyKQLD-E,UCAj92HhkGw2vgxbdtohJ7QA,1
lQKu67FwLWo,UCAj92HhkGw2vgxbdtohJ7QA,1
ftDYpXDs5vE,UCVAwRh03m3_1pZjRKvelomA,1
mrHF48AM3vw,UCAj92HhkGw2vgxbdtohJ7QA,1
H7LJImHT8BY,UC5vY06NlKGpFLTHtMuVoxhw,1
LxQZtyVDdvk,UC5vY06NlKGpFLTHtMuVoxhw,1
_dbhwDN0WJA,UC5vY06NlKGpFLTHtMuVoxhw,1
NrA3_iVP7j4,UC5vY06NlKGpFLTHtMuVoxhw,1
-LB1RM63IT8,UC5vY06NlKGpFLTHtMuVoxhw,1
UtOQUoZey4w,UCAj92HhkGw2vgxbdtohJ7QA,1
0ZxKwKneCdI,UCAj92HhkGw2vgxbdtohJ7QA,1
Cuh-Pe1P3lQ,UCAj92HhkGw2vgxbdtohJ7QA,1
o23dWPI7Z2k,UCywlrebEcnkJ6m1y9YViWoQ,1
c--7yaoP1Sc,UCAj92HhkGw2vgxbdtohJ7QA,1
L8V_2iDTTSI,UCVAwRh03m3_1pZjRKvelomA,1
wOXK6A_K_M4,UCAj92HhkGw2vgxbdtohJ7QA,1
UYNkesaPXXc,UCAj92HhkGw2vgxbdtohJ7QA,1
nrIhkCq8ncg,UCVAwRh03m3_1pZjRKvelomA,1
sCUezfrfQmc,UCAj92HhkGw2vgxbdtohJ7QA,1
MZf3V4F7PfU,UCAj92HhkGw2vgxbdtohJ7QA,1
l_KhwayFmhI,UCAj92HhkGw2vgxbdtohJ7QA,1
PZgZKo7pyXc,UC02tDemqzG7D4Ep3K4D4Ptw,1
o67gUZGc1F0,UCAj92HhkGw2vgxbdtohJ7QA,1
v4-kNELZVtU,UC5vY06NlKGpFLTHtMuVoxhw,1
P19NMOeqOus,UC5vY06NlKGpFLTHtMuVoxhw,1
HukFo14ZkeQ,UCAj92HhkGw2vgxbdtohJ7QA,1
UAd-wYBh84M,UCAj92HhkGw2vgxbdtohJ7QA,1
tY36LLa_H1E,UCAj92HhkGw2vgxbdtohJ7QA,1
B8A90U2GNe0,UCUJ0K_e0ac1vBBqss99wudQ,1
ozfJd8Xbsdo,UCwCKddovSCpQ6PNpIf7ORMA,1
uZiTaG9QJOk,UCAj92HhkGw2vgxbdtohJ7QA,1
yMj8BBXUGkY,UCUJ0K_e0ac1vBBqss99wudQ,1
p35a0HrvKuc,UCZX5B1TcHWJKbwAQuYwEh_w,1
wwtZBYIkk_4,UCAj92HhkGw2vgxbdtohJ7QA,1
7_BcJsQNvk8,UCTjF8TNC7blVsBtWyMrsj4A,1
R4znbqHgLls,UCAj92HhkGw2vgxbdtohJ7QA,1
OjDhPOzlW24,UCAj92HhkGw2vgxbdtohJ7QA,1
vv8Y88ddRb0,UCVAwRh03m3_1pZjRKvelomA,1
i7Rg6kHJGvU,UCAj92HhkGw2vgxbdtohJ7QA,1
eO5T7W34cHM,UCAj92HhkGw2vgxbdtohJ7QA,1
C0_pOJj5M3E,UCAj92HhkGw2vgxbdtohJ7QA,1
J8l1zI7aTkU,UCAj92HhkGw2vgxbdtohJ7QA,1
Vy8xJFCJNYU,UCAj92HhkGw2vgxbdtohJ7QA,1
pr36JFjhXBo,UCAj92HhkGw2vgxbdtohJ7QA,1
V87risC1j2A,UCAj92HhkGw2vgxbdtohJ7QA,1
No6KLjV5aeY,UCAj92HhkGw2vgxbdtohJ7QA,1
owdoo4veQ0o,UC5vY06NlKGpFLTHtMuVoxhw,1
SamozAGwuYY,UCAj92HhkGw2vgxbdtohJ7QA,1
61SCd5akQJw,UCAj92HhkGw2vgxbdtohJ7QA,1
KthZiv1s57s,UC5vY06NlKGpFLTHtMuVoxhw,1
VS4khe7hqhw,UCAj92HhkGw2vgxbdtohJ7QA,1
RJYFAaNSS58,UCAj92HhkGw2vgxbdtohJ7QA,1
Bk-LACR4uKk,UCVAwRh03m3_1pZjRKvelomA,1
Wb4Xnqxv2_w,UCAj92HhkGw2vgxbdtohJ7QA,1
AFxZz8Cftgk,UC02tDemqzG7D4Ep3K4D4Ptw,1
AeqrAAUwptk,UCUJ0K_e0ac1vBBqss99wudQ,1
FHvupbDbwPU,UCAj92HhkGw2vgxbdtohJ7QA,1
EQaNWZYfA2c,UCAj92HhkGw2vgxbdtohJ7QA,1
zhSRTUN5MN8,UCAj92HhkGw2vgxbdtohJ7QA,1
BEMRbIzeZM8,UCAj92HhkGw2vgxbdtohJ7QA,1
XuIZ-_kNsJQ,UCVAwRh03m3_1pZjRKvelomA,1
KFtGdDiW4KM,UCAj92HhkGw2vgxbdtohJ7QA,1
EMpB2FJ1MLw,UCVAwRh03m3_1pZjRKvelomA,1
wdWhuue9D94,UCUJ0K_e0ac1vBBqss99wudQ,1
7Pdyf9_yMl4,UCAj92HhkGw2vgxbdtohJ7QA,1
CraoxIAx3v4,UC33b0wkIKmQm3LzUaQTDGUQ,1
QOVJuWeHuNg,UCAj92HhkGw2vgxbdtohJ7QA,1
yhdxDc0sWl4,UC5vY06NlKGpFLTHtMuVoxhw,1
lmQPU6bYPB8,UCUJ0K_e0ac1vBBqss99wudQ,1
65HOENVfTE4,UCAj92HhkGw2vgxbdtohJ7QA,1
wpH5dxGhHsI,UCwCKddovSCpQ6PNpIf7ORMA,1
-XLQzDK2k5I,UCAj92HhkGw2vgxbdtohJ7QA,1
yG7c26cyuuE,UC5vY06NlKGpFLTHtMuVoxhw,1
kE6sL-3RoJ0,UCAj92HhkGw2vgxbdtohJ7QA,1
6TjzocAOA5Q,UCUJ0K_e0ac1vBBqss99wudQ,1
ktOxq4nLi9o,UCTjF8TNC7blVsBtWyMrsj4A,1
eUwM9U6TuiA,UCAj92HhkGw2vgxbdtohJ7QA,1
kODXG1BduHg,UCywlrebEcnkJ6m1y9YViWoQ,1
oq6X4lkxnw4,UCAj92HhkGw2vgxbdtohJ7QA,1
Yl0ohEmTV64,UCfEd-og-67AUEGwUhcUuzqw,1
pFDbv4JHa-k,UCAj92HhkGw2vgxbdtohJ7QA,1
kOJ_-0ZLnsU,UCAj92HhkGw2vgxbdtohJ7QA,1
C__s85f-nnc,UCAj92HhkGw2vgxbdtohJ7QA,1
us5UxDnDTbg,UCAj92HhkGw2vgxbdtohJ7QA,1
jnG3QHLg5pU,UCAj92HhkGw2vgxbdtohJ7QA,1
dgyOlvjpxGE,UCUJ0K_e0ac1vBBqss99wudQ,1
pjDsWyDRWRE,UCAj92HhkGw2vgxbdtohJ7QA,1
TFV9F3zY6gE,UCywlrebEcnkJ6m1y9YViWoQ,1
2wI6LDnOTqE,UCAj92HhkGw2vgxbdtohJ7QA,1
yvr2cVzjy1s,UC33b0wkIKmQm3LzUaQTDGUQ,1
g15v9tg6iLY,UCAj92HhkGw2vgxbdtohJ7QA,1
Gcs1g9lbSb0,UC5vY06NlKGpFLTHtMuVoxhw,1
ZWpr-u5LerY,UCAj92HhkGw2vgxbdtohJ7QA,1
3PUX0R38yTs,UCAj92HhkGw2vgxbdtohJ7QA,1
ScTfrAIfeqo,UCAj92HhkGw2vgxbdtohJ7QA,1
pAsxmn7vnig,UCwCKddovSCpQ6PNpIf7ORMA,1
-pIRztVxz_0,UCAj92HhkGw2vgxbdtohJ7QA,1
flYpy6SCcN4,UCAj92HhkGw2vgxbdtohJ7QA,1
VgTnogwjWsQ,UCUJ0K_e0ac1vBBqss99wudQ,1
eyVPVxJyXLY,UCAj92HhkGw2vgxbdtohJ7QA,1
eyLdUkr1M_Y,UC02tDemqzG7D4Ep3K4D4Ptw,1
fWAgO_yvzpc,UCAj92HhkGw2vgxbdtohJ7QA,1
1svg3MEEa7g,UCAj92HhkGw2vgxbdtohJ7QA,1
-cHGsa5EBQY,UCAj92HhkGw2vgxbdtohJ7QA,1
OrdWvSB36Bg,UCywlrebEcnkJ6m1y9YViWoQ,1
V6M8m_Mqet4,UCAj92HhkGw2vgxbdtohJ7QA,1
6f-Kc7ZXQsI,UCAj92HhkGw2vgxbdtohJ7QA,1
Z0TifYZSdyA,UCTjF8TNC7blVsBtWyMrsj4A,1
5aNNTDv54Y4,UCAj92HhkGw2vgxbdtohJ7QA,1
IRg0ngZoveE,UCAj92HhkGw2vgxbdtohJ7QA,1
-v6UpDo73wo,UCVAwRh03m3_1pZjRKvelomA,1
ZPSy5XFWlM8,UCAj92HhkGw2vgxbdtohJ7QA,1
ULY7wbWxDNs,UCAj92HhkGw2vgxbdtohJ7QA,1
3mzrItzlsIM,UCAj92HhkGw2vgxbdtohJ7QA,1
Wk9UmPLrWlY,UCAj92HhkGw2vgxbdtohJ7QA,1
KI21sOl58e8,UC5vY06NlKGpFLTHtMuVoxhw,1
kePkrkBrn5U,UCVAwRh03m3_1pZjRKvelomA,1
Huv30X8HSYg,UCAj92HhkGw2vgxbdtohJ7QA,1
f2NjoKcdftA,UCAj92HhkGw2vgxbdtohJ7QA,1
m1GQ36ILPsw,UCAj92HhkGw2vgxbdtohJ7QA,1
jDpy_kQWE-w,UC5vY06NlKGpFLTHtMuVoxhw,1
kOWTyiopOo4,UCAj92HhkGw2vgxbdtohJ7QA,1
9Om3CHjIGGc,UC5vY06NlKGpFLTHtMuVoxhw,1
FEJNfMVP_yo,UCGi0NdxX2B36hD6WxXdNhFA,1
JP3SRA8GzSA,UC33b0wkIKmQm3LzUaQTDGUQ,1
SVDq52ekjQw,UCAj92HhkGw2vgxbdtohJ7QA,1
ptewmxm4sj4,UCVAwRh03m3_1pZjRKvelomA,1
R4SEkaFPKEY,UCAj92HhkGw2vgxbdtohJ7QA,1
xLGOcRic0OA,UCAj92HhkGw2vgxbdtohJ7QA,1
lSoqzqsJuqw,UCywlrebEcnkJ6m1y9YViWoQ,1
iOFTEpIBtXs,UCAj92HhkGw2vgxbdtohJ7QA,1
Ztu4UbGKhzk,UCAj92HhkGw2vgxbdtohJ7QA,1
w2E6OzebiGw,UCwCKddovSCpQ6PNpIf7ORMA,1
hluD2nmGN-o,UCAj92HhkGw2vgxbdtohJ7QA,1
UiMoCpcMJyA,UCAj92HhkGw2vgxbdtohJ7QA,1
_lwrs8P8wUs,UCAj92HhkGw2vgxbdtohJ7QA,1
R1ySKztddew,UC02tDemqzG7D4Ep3K4D4Ptw,1
g4TrvFlybyo,UCAj92HhkGw2vgxbdtohJ7QA,1
WxltQInz2mM,UCAj92HhkGw2vgxbdtohJ7QA,1
zL2rtj621w4,UCUJ0K_e0ac1vBBqss99wudQ,1
gyqtWcp9iHk,UCTjF8TNC7blVsBtWyMrsj4A,1
CFqP0G6JrIg,UCAj92HhkGw2vgxbdtohJ7QA,1
ocPO-AqDUBo,UC5vY06NlKGpFLTHtMuVoxhw,1
zXsHKNSm5IU,UCVAwRh03m3_1pZjRKvelomA,1
RmpiX1AsO6Y,UC5vY06NlKGpFLTHtMuVoxhw,1
hmw-OTrU7OQ,UCywlrebEcnkJ6m1y9YViWoQ,1
1eJoj4SAS-4,UCAj92HhkGw2vgxbdtohJ7QA,1
LVUlmG6-9CM,UCAj92HhkGw2vgxbdtohJ7QA,1
ZTk9wpxjoqM,UCAj92HhkGw2vgxbdtohJ7QA,1
Z_w9MJAQrLQ,UC5vY06NlKGpFLTHtMuVoxhw,1
sQk52IG2YtY,UCAj92HhkGw2vgxbdtohJ7QA,1
pdMQfRmW4Vo,UCAj92HhkGw2vgxbdtohJ7QA,1
PwH5y_ssjtw,UC5vY06NlKGpFLTHtMuVoxhw,1
pQmitj-LjD8,UCAj92HhkGw2vgxbdtohJ7QA,1
8dbbTZ4fpKM,UCywlrebEcnkJ6m1y9YViWoQ,1
rPkFiM2AJUw,UCwCKddovSCpQ6PNpIf7ORMA,1
dgh-MzQ30Nc,UCAj92HhkGw2vgxbdtohJ7QA,1
WAESB0D25wM,UCVAwRh03m3_1pZjRKvelomA,1
CFRxZmxyhT4,UCAj92HhkGw2vgxbdtohJ7QA,1
1ZXtqm7Zt7o,UCZX5B1TcHWJKbwAQuYwEh_w,1
kMnoiZsdib8,UCAj92HhkGw2vgxbdtohJ7QA,1
qgTx7Tl6sms,UC5vY06NlKGpFLTHtMuVoxhw,1
3hBjXOcdPco,UCAj92HhkGw2vgxbdtohJ7QA,1
Cj7fCe-z3T8,UCVAwRh03m3_1pZjRKvelomA,1
RfyCaA-WtN8,UCAj92HhkGw2vgxbdtohJ7QA,1
FzY72DsvosU,UCfEd-og-67AUEGwUhcUuzqw,1
cnkHEX3ebfw,UCAj92HhkGw2vgxbdtohJ7QA,1
9kt72nCHRIc,UCUJ0K_e0ac1vBBqss99wudQ,1
VFeAGF4CuYg,UC33b0wkIKmQm3LzUaQTDGUQ,1
y9APcl9Sddo,UCAj92HhkGw2vgxbdtohJ7QA,1
ZgtV45qnUx8,UCTjF8TNC7blVsBtWyMrsj4A,1
iL2yr-5HL8U,UCywlrebEcnkJ6m1y9YViWoQ,1
4js_30A3hek,UCAj92HhkGw2vgxbdtohJ7QA,1
c6INu4H_tfs,UC02tDemqzG7D4Ep3K4D4Ptw,1
IdDFq8EPwwM,UCAj92HhkGw2vgxbdtohJ7QA,1
hHdQAvucNrc,UCAj92HhkGw2vgxbdtohJ7QA,1
CBalM8gwga0,UCwCKddovSCpQ6PNpIf7ORMA,1
2RhDnvgNh0A,UCVAwRh03m3_1pZjRKvelomA,1
Z3x4ay35B1g,UCAj92HhkGw2vgxbdtohJ7QA,1
9t_yFbWkvVU,UCAj92HhkGw2vgxbdtohJ7QA,1
lHmbZxueicg,UCfEd-og-67AUEGwUhcUuzqw,1
4Ah7gJY1tuE,UCVAwRh03m3_1pZjRKvelomA,1
O2WWzYhpUFU,UCAj92HhkGw2vgxbdtohJ7QA,1
ggeZ6nutXr0,UC5vY06NlKGpFLTHtMuVoxhw,1
OmbTvmb5zCA,UCGi0NdxX2B36hD6WxXdNhFA,1
kL8kWHaSS64,UC33b0wkIKmQm3LzUaQTDGUQ,1
iXSJILR07f8,UCwCKddovSCpQ6PNpIf7ORMA,1
TgiuS6eVyvs,UCAj92HhkGw2vgxbdtohJ7QA,1
NLpQBuwBYu0,UCTjF8TNC7blVsBtWyMrsj4A,1
npO1kJeyMvw,UC5vY06NlKGpFLTHtMuVoxhw,1
_ua7_A14DWk,UCAj92HhkGw2vgxbdtohJ7QA,1
3Tq2a_CCO_0,UCywlrebEcnkJ6m1y9YViWoQ,1
SrL00auRw40,UCfEd-og-67AUEGwUhcUuzqw,1
XvEhR4g26iI,UCAj92HhkGw2vgxbdtohJ7QA,1
erZLTtees_E,UCUJ0K_e0ac1vBBqss99wudQ,1
s9I9O6rW1s8,UCAj92HhkGw2vgxbdtohJ7QA,1
f1mgYwb990M,UCwCKddovSCpQ6PNpIf7ORMA,1
g1dqJetfJbE,UCAj92HhkGw2vgxbdtohJ7QA,1
dB_0iO7lvxw,UCVAwRh03m3_1pZjRKvelomA,1
jw5FQXgaSJo,UCAj92HhkGw2vgxbdtohJ7QA,1
X0pd4lWpeJo,UCwCKddovSCpQ6PNpIf7ORMA,1
H4mPXVxraCQ,UCAj92HhkGw2vgxbdtohJ7QA,1
PnAb3_Uwd-4,UCUJ0K_e0ac1vBBqss99wudQ,1
uS9hWr1GaTI,UC33b0wkIKmQm3LzUaQTDGUQ,1
mcz2xG1Wblc,UCAj92HhkGw2vgxbdtohJ7QA,1
LrHVoVlbziU,UC02tDemqzG7D4Ep3K4D4Ptw,1
SbF_fa-pKYU,UCTjF8TNC7blVsBtWyMrsj4A,1
UwDwcSLMtls,UCAj92HhkGw2vgxbdtohJ7QA,1
96_Rpc-HLho,UCfEd-og-67AUEGwUhcUuzqw,1
iIf98M-KPL4,UCywlrebEcnkJ6m1y9YViWoQ,1
SBA-WEk-mgE,UCAj92HhkGw2vgxbdtohJ7QA,1
M4pftFwYVsA,UCwCKddovSCpQ6PNpIf7ORMA,1
y-Q9lWxPh7w,UCAj92HhkGw2vgxbdtohJ7QA,1
a0FJpYCLdqE,UCAj92HhkGw2vgxbdtohJ7QA,1
VjCZD4WTrVE,UCAj92HhkGw2vgxbdtohJ7QA,1
n2nzcS0GqDw,UCAj92HhkGw2vgxbdtohJ7QA,1
BTLJkPBfNZM,UC33b0wkIKmQm3LzUaQTDGUQ,1
TAFYkS7irnI,UCAj92HhkGw2vgxbdtohJ7QA,1
2OWV6JNBFZQ,UCTjF8TNC7blVsBtWyMrsj4A,1
k_Y8s5Tn_ow,UCZX5B1TcHWJKbwAQuYwEh_w,1
UaDmQAhOW7c,UCVAwRh03m3_1pZjRKvelomA,1
c-OombeSKEs,UCVAwRh03m3_1pZjRKvelomA,1
kZ7FLiy-5Fg,UCAj92HhkGw2vgxbdtohJ7QA,1
k1rwh805-ak,UCAj92HhkGw2vgxbdtohJ7QA,1
bAw2IHVO0B0,UCAj92HhkGw2vgxbdtohJ7QA,1
QfDT40nQf4M,UCAj92HhkGw2vgxbdtohJ7QA,1
vcQ3PM24V30,UCUJ0K_e0ac1vBBqss99wudQ,1
sM3ZsN-vIes,UCAj92HhkGw2vgxbdtohJ7QA,1
WSEr0ItWs2I,UCTjF8TNC7blVsBtWyMrsj4A,1
lT-_phpD_2Q,UCVAwRh03m3_1pZjRKvelomA,1
Qb5c7eAOxwg,UCAj92HhkGw2vgxbdtohJ7QA,1
2K02NoRuqeo,UCwCKddovSCpQ6PNpIf7ORMA,1
2ByJgR2U5U0,UCAj92HhkGw2vgxbdtohJ7QA,1
FVM7VV8kMKE,UC02tDemqzG7D4Ep3K4D4Ptw,1
KS8t8dYXL9U,UCAj92HhkGw2vgxbdtohJ7QA,1
q1EBW7qEN0M,UC5vY06NlKGpFLTHtMuVoxhw,1
QQz4_1LJ5Fs,UCGi0NdxX2B36hD6WxXdNhFA,1
ExWNNenjhc0,UCVAwRh03m3_1pZjRKvelomA,1
NyJDv3nV_a4,UCAj92HhkGw2vgxbdtohJ7QA,1
VYEVPBMsFQE,UCywlrebEcnkJ6m1y9YViWoQ,1
SVit5O6Ltwo,UCAj92HhkGw2vgxbdtohJ7QA,1
KDM7TIErcRQ,UCfEd-og-67AUEGwUhcUuzqw,1
Nhv6iXrABxI,UCAj92HhkGw2vgxbdtohJ7QA,1
LKixskJeBzI,UCZX5B1TcHWJKbwAQuYwEh_w,1
Ct29QtmgTrA,UCAj92HhkGw2vgxbdtohJ7QA,1
q-eVJva_b-k,UC33b0wkIKmQm3LzUaQTDGUQ,1
gI-ZPYcc0UY,UCVAwRh03m3_1pZjRKvelomA,1
0HgDBhQO1do,UCAj92HhkGw2vgxbdtohJ7QA,1
gIaG7OemrFw,UCUJ0K_e0ac1vBBqss99wudQ,1
Yj7tjXsGe_k,UCTjF8TNC7blVsBtWyMrsj4A,1
9xi6E4AWlmM,UCAj92HhkGw2vgxbdtohJ7QA,1
sQndJ407zpA,UC02tDemqzG7D4Ep3K4D4Ptw,1
XbT9I5Jn31s,UCwCKddovSCpQ6PNpIf7ORMA,1
xa4BZA453f4,UCZX5B1TcHWJKbwAQuYwEh_w,1
zwICHI8S134,UCVAwRh03m3_1pZjRKvelomA,1
yPXUk2dIL8g,UCUJ0K_e0ac1vBBqss99wudQ,1
BvgNg55uw-I,UCUJ0K_e0ac1vBBqss99wudQ,1
EOTkS1B9Q6s,UCTjF8TNC7blVsBtWyMrsj4A,1
4TEBh_WuAiI,UCywlrebEcnkJ6m1y9YViWoQ,1
YGQgFuvI3Zc,UC5vY06NlKGpFLTHtMuVoxhw,1
n4qkCbzNLlw,UC5vY06NlKGpFLTHtMuVoxhw,1
IEGeXyw_888,UCVAwRh03m3_1pZjRKvelomA,1
gBma88xNCfY,UCUJ0K_e0ac1vBBqss99wudQ,1
Vrqq4IVO2TY,UCUJ0K_e0ac1vBBqss99wudQ,1
s2BPberDc7o,UCGi0NdxX2B36hD6WxXdNhFA,1
nnJJAtxvGu0,UCTjF8TNC7blVsBtWyMrsj4A,1
w4yWHuh9XEQ,UCVAwRh03m3_1pZjRKvelomA,1
tL-exobJQac,UCwCKddovSCpQ6PNpIf7ORMA,1
NBZNjEw2MQA,UC5vY06NlKGpFLTHtMuVoxhw,1
glpFAGW2bwE,UC5vY06NlKGpFLTHtMuVoxhw,1
OsbrZm2j20Y,UC02tDemqzG7D4Ep3K4D4Ptw,1
_SYzD38MUIU,UC5vY06NlKGpFLTHtMuVoxhw,1
oMqQEL72pN0,UCVAwRh03m3_1pZjRKvelomA,1
6lS6DSt50Sk,UCUJ0K_e0ac1vBBqss99wudQ,1
hdscwUqx8Lc,UCUJ0K_e0ac1vBBqss99wudQ,1
B31ga5rUh5o,UC33b0wkIKmQm3LzUaQTDGUQ,1
U0MJ_FsFkwQ,UCywlrebEcnkJ6m1y9YViWoQ,1
KjjAoNxmaW0,UC5vY06NlKGpFLTHtMuVoxhw,1
WFNof0K3Bzk,UCfEd-og-67AUEGwUhcUuzqw,1
BXgpFNQpTiw,UC5vY06NlKGpFLTHtMuVoxhw,1
bWZrt3gPC4Y,UCZX5B1TcHWJKbwAQuYwEh_w,1
hcy_6fKdnjA,UC5vY06NlKGpFLTHtMuVoxhw,1
ER5kKyIqLHc,UC5vY06NlKGpFLTHtMuVoxhw,1
r8AL63giAYU,UCUJ0K_e0ac1vBBqss99wudQ,1
jKxiA9pOPbM,UC5vY06NlKGpFLTHtMuVoxhw,1
0qR1j4PRfSw,UCUJ0K_e0ac1vBBqss99wudQ,1
Rlak0Cz_q5g,UCUJ0K_e0ac1vBBqss99wudQ,1
GakM51CATa8,UCVAwRh03m3_1pZjRKvelomA,1
hmANNBbPqUQ,UCVAwRh03m3_1pZjRKvelomA,1
8bTLq9QHtuQ,UCTjF8TNC7blVsBtWyMrsj4A,1
QUdaPoR9ioE,UC5vY06NlKGpFLTHtMuVoxhw,1
9IF1qFR5jfM,UC5vY06NlKGpFLTHtMuVoxhw,1
B7M0bICt3w0,UCwCKddovSCpQ6PNpIf7ORMA,1
Fs9DvTPDNpk,UCZX5B1TcHWJKbwAQuYwEh_w,1
_qKEUoSiOuA,UC5vY06NlKGpFLTHtMuVoxhw,1
lEu43NkSqY0,UC02tDemqzG7D4Ep3K4D4Ptw,1
Dcb1B65Jdqs,UCUJ0K_e0ac1vBBqss99wudQ,1
ywvp3ojRxU0,UCTjF8TNC7blVsBtWyMrsj4A,1
pLYjA-a221s,UC5vY06NlKGpFLTHtMuVoxhw,1
_-4lXNDzKWE,UC5vY06NlKGpFLTHtMuVoxhw,1
m41LpvF0OfQ,UCfEd-og-67AUEGwUhcUuzqw,1
51mv24kfr5A,UC5vY06NlKGpFLTHtMuVoxhw,1
aUfIkkM7udk,UC5vY06NlKGpFLTHtMuVoxhw,1
j4LxoOXdjuk,UCUJ0K_e0ac1vBBqss99wudQ,1
YLn3s7lpPVg,UCywlrebEcnkJ6m1y9YViWoQ,1
6ELB48DwXU0,UC5vY06NlKGpFLTHtMuVoxhw,1
iCEUjYtYM4M,UCVAwRh03m3_1pZjRKvelomA,1
EItjfNzQE98,UC5vY06NlKGpFLTHtMuVoxhw,1
ts2Pl3WuT9Y,UCc2RL8jvY1rJPuCnJVsIQWw,1
sMWP3jjmx0k,UC5vY06NlKGpFLTHtMuVoxhw,1
VmYFEiZqnGE,UCTjF8TNC7blVsBtWyMrsj4A,1
37Gf6hFJV_4,UC5vY06NlKGpFLTHtMuVoxhw,1
JT7QopVDZq8,UCVAwRh03m3_1pZjRKvelomA,1
yZW9po9qmkY,UC5vY06NlKGpFLTHtMuVoxhw,1
xwxzy9ZHuVo,UCwCKddovSCpQ6PNpIf7ORMA,1
F04b-9Mgd7Y,UC5vY06NlKGpFLTHtMuVoxhw,1
2nNddRZK15E,UC5vY06NlKGpFLTHtMuVoxhw,1
moL2hrOxVqU,UCUJ0K_e0ac1vBBqss99wudQ,1
-QWufaMA_hc,UC5vY06NlKGpFLTHtMuVoxhw,1
To0XrCcL-68,UCc2RL8jvY1rJPuCnJVsIQWw,1
3qQNT7WmZMo,UC5vY06NlKGpFLTHtMuVoxhw,1
EwV9c4TOhw0,UCVAwRh03m3_1pZjRKvelomA,1
Atd7Peqi0bk,UCTjF8TNC7blVsBtWyMrsj4A,1
jDyNojxoUXg,UC5vY06NlKGpFLTHtMuVoxhw,1
SPvTk7KeZzA,UC5vY06NlKGpFLTHtMuVoxhw,1
1GtqQpZUTJw,UC02tDemqzG7D4Ep3K4D4Ptw,1
AO6RAXNrWHA,UCVAwRh03m3_1pZjRKvelomA,1
lcabAdgOVTI,UCfEd-og-67AUEGwUhcUuzqw,1
JL9ZkaQ0O8k,UC5vY06NlKGpFLTHtMuVoxhw,1
EvHkQRP7P7o,UCywlrebEcnkJ6m1y9YViWoQ,1
zADgnTfRKf8,UCTjF8TNC7blVsBtWyMrsj4A,1
hNIFzXTez8U,UC5vY06NlKGpFLTHtMuVoxhw,1
6kRrjRXMdMM,UCVAwRh03m3_1pZjRKvelomA,1
hA0YR9m_Bbo,UCVAwRh03m3_1pZjRKvelomA,1
R-fdVJBfIgE,UCwCKddovSCpQ6PNpIf7ORMA,1
RaVY_i9ztTw,UCUJ0K_e0ac1vBBqss99wudQ,1
Pk3M6kuYJkg,UCGi0NdxX2B36hD6WxXdNhFA,1
MyGIu7Rm7q4,UC02tDemqzG7D4Ep3K4D4Ptw,1
M2PmJyfrsOk,UCVAwRh03m3_1pZjRKvelomA,1
wkN3QoQLxaI,UCywlrebEcnkJ6m1y9YViWoQ,1
zqVHHaoBWNI,UCVAwRh03m3_1pZjRKvelomA,1
SlCgmU-erts,UCTjF8TNC7blVsBtWyMrsj4A,1
SnyNRpuzmZo,UCUJ0K_e0ac1vBBqss99wudQ,1
mLlpsBYRZGo,UCVAwRh03m3_1pZjRKvelomA,1
vcNG-Pj-izA,UCwCKddovSCpQ6PNpIf7ORMA,1
y7dylLRPK_E,UC33b0wkIKmQm3LzUaQTDGUQ,1
MvKG3yle1ZU,UCVAwRh03m3_1pZjRKvelomA,1
1cgTFNmbAz0,UCTjF8TNC7blVsBtWyMrsj4A,1
jdHbresLMjM,UC5vY06NlKGpFLTHtMuVoxhw,1
So-zlHLtzzI,UCfEd-og-67AUEGwUhcUuzqw,1
Nln8S2Yvjuo,UC5vY06NlKGpFLTHtMuVoxhw,1
D9PShimIlVo,UC5vY06NlKGpFLTHtMuVoxhw,1
5Ps6BKraZao,UC02tDemqzG7D4Ep3K4D4Ptw,1
EdFZA3EBYs4,UCVAwRh03m3_1pZjRKvelomA,1
Ah2Xma4Me-s,UCUJ0K_e0ac1vBBqss99wudQ,1
EhfudpyO4ls,UCTjF8TNC7blVsBtWyMrsj4A,1
P0JEJDAygqE,UCywlrebEcnkJ6m1y9YViWoQ,1
r7Cprtdjzz8,UCwCKddovSCpQ6PNpIf7ORMA,1
MBYWjtcvmXc,UCVAwRh03m3_1pZjRKvelomA,1
1ZsYnbBE5XM,UC5vY06NlKGpFLTHtMuVoxhw,1
alPgRAOv-OU,UC33b0wkIKmQm3LzUaQTDGUQ,1
6Lc6-lwcDVs,UCVAwRh03m3_1pZjRKvelomA,1
PC1WhKumZLA,UCUJ0K_e0ac1vBBqss99wudQ,1
S1_JyLP1B-M,UCVAwRh03m3_1pZjRKvelomA,1
KgsU0BnV-n8,UC02tDemqzG7D4Ep3K4D4Ptw,1
urWr_ns8FbY,UC5vY06NlKGpFLTHtMuVoxhw,1
wxUZ47yD5V8,UC5vY06NlKGpFLTHtMuVoxhw,1
pNADn1f-I2k,UC5vY06NlKGpFLTHtMuVoxhw,1
ccqXk6Qjz2s,UCTjF8TNC7blVsBtWyMrsj4A,1
WjjvBuC2HVw,UC5vY06NlKGpFLTHtMuVoxhw,1
y51Iv5eam0g,UC5vY06NlKGpFLTHtMuVoxhw,1
V-g73vCNQ-s,UC5vY06NlKGpFLTHtMuVoxhw,1
SkrHa-Xr1jw,UCVAwRh03m3_1pZjRKvelomA,1
BXqdxPB_yQg,UC5vY06NlKGpFLTHtMuVoxhw,1
NKoHf8U0N8o,UC5vY06NlKGpFLTHtMuVoxhw,1
2TiQ-Qp8tqk,UC5vY06NlKGpFLTHtMuVoxhw,1
UdT6pH7zohA,UCGi0NdxX2B36hD6WxXdNhFA,1
QqUpEamlLfo,UC5vY06NlKGpFLTHtMuVoxhw,1
99tZWZbYe3g,UCywlrebEcnkJ6m1y9YViWoQ,1
cnUeac3-mkI,UC5vY06NlKGpFLTHtMuVoxhw,1
XEzU58jcP9E,UCVAwRh03m3_1pZjRKvelomA,1
Wf7egAEo3GY,UC5vY06NlKGpFLTHtMuVoxhw,1
DnELQPYoT0E,UCTjF8TNC7blVsBtWyMrsj4A,1
9NpxepeDatg,UCVAwRh03m3_1pZjRKvelomA,1
3RnHOcWYB88,UCUJ0K_e0ac1vBBqss99wudQ,1
fP8Xrg1Orzc,UCfEd-og-67AUEGwUhcUuzqw,1
8ubwhSkQJj4,UC5vY06NlKGpFLTHtMuVoxhw,1
TJeS9aTbGsM,UC02tDemqzG7D4Ep3K4D4Ptw,1
-SkTsJSbicE,UC5vY06NlKGpFLTHtMuVoxhw,1
6hKdT0cmUXI,UCwCKddovSCpQ6PNpIf7ORMA,1
lS5hzvr5jao,UCVAwRh03m3_1pZjRKvelomA,1
Y_5Te8YRO7Y,UCfEd-og-67AUEGwUhcUuzqw,1
n9iiVZV2vVU,UCVAwRh03m3_1pZjRKvelomA,1
ampFbQgNlbQ,UC5vY06NlKGpFLTHtMuVoxhw,1
BC-4gMWcJwk,UC33b0wkIKmQm3LzUaQTDGUQ,1
epHX8dufGrA,UC5vY06NlKGpFLTHtMuVoxhw,1
gnzlIBoweHY,UCTjF8TNC7blVsBtWyMrsj4A,1
ts4hHWeCyrQ,UCwCKddovSCpQ6PNpIf7ORMA,1
34Zx3Da3X9I,UCVAwRh03m3_1pZjRKvelomA,1
2F60GjJocIE,UC5vY06NlKGpFLTHtMuVoxhw,1
bVcHLj8XG-w,UC5vY06NlKGpFLTHtMuVoxhw,1
0u7YHBlxijI,UC5vY06NlKGpFLTHtMuVoxhw,1
5mGXEABcPug,UCUJ0K_e0ac1vBBqss99wudQ,1
1e1L4go0VuY,UC5vY06NlKGpFLTHtMuVoxhw,1
XSZqCosPfKs,UCywlrebEcnkJ6m1y9YViWoQ,1
1gxAf9nVfMQ,UC5vY06NlKGpFLTHtMuVoxhw,1
R3TRtZ1Yzb8,UC5vY06NlKGpFLTHtMuVoxhw,1
LXNX1J2Okxg,UCVAwRh03m3_1pZjRKvelomA,1
j_RlU_wYxG8,UC02tDemqzG7D4Ep3K4D4Ptw,1
R0rVsRZdzik,UCGi0NdxX2B36hD6WxXdNhFA,1
FosXHgBGYGg,UCTjF8TNC7blVsBtWyMrsj4A,1
YDvmh8iVwg8,UC5vY06NlKGpFLTHtMuVoxhw,1
exf3Iz6nEDg,UCwCKddovSCpQ6PNpIf7ORMA,1
UvVmEunI4lU,UC5vY06NlKGpFLTHtMuVoxhw,1
hva5GIBh4JM,UC5vY06NlKGpFLTHtMuVoxhw,1
uaoZkcz7IdA,UC5vY06NlKGpFLTHtMuVoxhw,1
nHHbp-uhBBM,UCVAwRh03m3_1pZjRKvelomA,1
gdAXEbOK0LQ,UCfEd-og-67AUEGwUhcUuzqw,1
spZM-x3aiQ0,UC5vY06NlKGpFLTHtMuVoxhw,1
xr_Fll-ICTE,UC33b0wkIKmQm3LzUaQTDGUQ,1
cOKe15-RxvM,UCVAwRh03m3_1pZjRKvelomA,1
ndd1JhFn7pM,UCUJ0K_e0ac1vBBqss99wudQ,1
xGOdCL9nUh4,UCfEd-og-67AUEGwUhcUuzqw,1
g0xhChW53u8,UCfEd-og-67AUEGwUhcUuzqw,1
5OcuKGLVqEs,UC5vY06NlKGpFLTHtMuVoxhw,1
YIC2-zG4RJQ,UC5vY06NlKGpFLTHtMuVoxhw,1
JQKAjKi9tBU,UCTjF8TNC7blVsBtWyMrsj4A,1
_6jKbQHW_B8,UC02tDemqzG7D4Ep3K4D4Ptw,1
mFPQ3wqzTbs,UCwCKddovSCpQ6PNpIf7ORMA,1
rznM3OQ5a-c,UCVAwRh03m3_1pZjRKvelomA,1
uu4B0DyqFQw,UC5vY06NlKGpFLTHtMuVoxhw,1
n5RAqtaDycE,UC5vY06NlKGpFLTHtMuVoxhw,1
1DlWEYk_AB0,UC5vY06NlKGpFLTHtMuVoxhw,1
de1HY7CT9wA,UCfEd-og-67AUEGwUhcUuzqw,1
nftZi9Bz9JI,UCywlrebEcnkJ6m1y9YViWoQ,1
6w_vmOsanLU,UC5vY06NlKGpFLTHtMuVoxhw,1
3kE2-kaHCeY,UCVAwRh03m3_1pZjRKvelomA,1
yeZRVJ9lvTU,UC5vY06NlKGpFLTHtMuVoxhw,1
sc1tmmFIiss,UCGi0NdxX2B36hD6WxXdNhFA,1
inBwZPneLWI,UC5vY06NlKGpFLTHtMuVoxhw,1
1ZUTnsqAKhQ,UC33b0wkIKmQm3LzUaQTDGUQ,1
87UN4Ij35Bk,UCVAwRh03m3_1pZjRKvelomA,1
aUTJSzRNMbk,UC5vY06NlKGpFLTHtMuVoxhw,1
ATt_7C64Fig,UC5vY06NlKGpFLTHtMuVoxhw,1
X_S2SlRdMlU,UCwCKddovSCpQ6PNpIf7ORMA,1
SnnWIyAFT5E,UCfEd-og-67AUEGwUhcUuzqw,1
A-Kzb38Wp-s,UCVAwRh03m3_1pZjRKvelomA,1
WyrBgX7uRCo,UC5vY06NlKGpFLTHtMuVoxhw,1
oJRBgnfPUqw,UCUJ0K_e0ac1vBBqss99wudQ,1
Hc9AppO-Brc,UC5vY06NlKGpFLTHtMuVoxhw,1
QFQMFPcNVu8,UC02tDemqzG7D4Ep3K4D4Ptw,1
DBYKKv6rOwM,UCTjF8TNC7blVsBtWyMrsj4A,1
Lq2Y9ZB1R-o,UC5vY06NlKGpFLTHtMuVoxhw,1
qLn9_7sBOUQ,UC5vY06NlKGpFLTHtMuVoxhw,1
dvwEACeTYnU,UCVAwRh03m3_1pZjRKvelomA,1
nOAEtIpudNY,UC5vY06NlKGpFLTHtMuVoxhw,1
tseXmTcQ7ik,UCVAwRh03m3_1pZjRKvelomA,1
uwm1vWnn4cc,UCfEd-og-67AUEGwUhcUuzqw,1
oaS0nbdXf2E,UCGi0NdxX2B36hD6WxXdNhFA,1
-wgcR8Qho3s,UCwCKddovSCpQ6PNpIf7ORMA,1
W1CvixOTQGE,UCVAwRh03m3_1pZjRKvelomA,1
_ivA2G4Hk8g,UCywlrebEcnkJ6m1y9YViWoQ,1
aT1q_abv6Ac,UCVAwRh03m3_1pZjRKvelomA,1
rDYcbXaJ3bQ,UCwCKddovSCpQ6PNpIf7ORMA,1
0xXgvduLjTs,UCTjF8TNC7blVsBtWyMrsj4A,1
RjAh44klFFA,UCfEd-og-67AUEGwUhcUuzqw,1
Q4yYiGXTiX8,UCUJ0K_e0ac1vBBqss99wudQ,1
Sm2N13FIl0A,UCVAwRh03m3_1pZjRKvelomA,1
kvZFIr5C2DY,UC02tDemqzG7D4Ep3K4D4Ptw,1
3nSgYwcMbVA,UCGi0NdxX2B36hD6WxXdNhFA,1
DmjZ6_u8wIY,UCfEd-og-67AUEGwUhcUuzqw,1
B7q1erDGB38,UCywlrebEcnkJ6m1y9YViWoQ,1
NI9dZ_pB0ms,UCwCKddovSCpQ6PNpIf7ORMA,1
ZvIFmkrwzU8,UCVAwRh03m3_1pZjRKvelomA,1
T4jkB53i6aY,UCUJ0K_e0ac1vBBqss99wudQ,1
Z64zjqv5fmM,UC5vY06NlKGpFLTHtMuVoxhw,1
9H_zNzjndng,UCVAwRh03m3_1pZjRKvelomA,1
1k1aaQPxc0I,UCTjF8TNC7blVsBtWyMrsj4A,1
1zRWIWl6hxU,UC02tDemqzG7D4Ep3K4D4Ptw,1
snh66mgGeTk,UCfEd-og-67AUEGwUhcUuzqw,1
lCpxe-MM1YY,UCVAwRh03m3_1pZjRKvelomA,1
Aa5NPXP2PNw,UC5vY06NlKGpFLTHtMuVoxhw,1
vBk3TCKUnGM,UCwCKddovSCpQ6PNpIf7ORMA,1
VkZXZ4a_SL4,UCGi0NdxX2B36hD6WxXdNhFA,1
FNk4vhFISU4,UCUJ0K_e0ac1vBBqss99wudQ,1
xYqhPWR5hsY,UCTjF8TNC7blVsBtWyMrsj4A,1
1LwxIS2q-zY,UCywlrebEcnkJ6m1y9YViWoQ,1
xGVUmfr-Sso,UCVAwRh03m3_1pZjRKvelomA,1
7zyld74D5_M,UCUJ0K_e0ac1vBBqss99wudQ,1
oeNGCZ6JzNg,UCVAwRh03m3_1pZjRKvelomA,1
9Rt2U7PEiW0,UCfEd-og-67AUEGwUhcUuzqw,1
ULS5IDv-8dg,UCTjF8TNC7blVsBtWyMrsj4A,1
N8iC8FVWFcw,UC5vY06NlKGpFLTHtMuVoxhw,1
buKfhg2j4II,UCwCKddovSCpQ6PNpIf7ORMA,1
wG0kWwl3r6I,UC33b0wkIKmQm3LzUaQTDGUQ,1
Ms2jJBg0NWs,UCVAwRh03m3_1pZjRKvelomA,1
8zzBn2bnRNc,UC02tDemqzG7D4Ep3K4D4Ptw,1
X-42D7wFFRE,UCUJ0K_e0ac1vBBqss99wudQ,1
M6IiRsrmrQo,UCVAwRh03m3_1pZjRKvelomA,1
ESXo4miRz-A,UCfEd-og-67AUEGwUhcUuzqw,1
e57Zh6lbVBg,UCVAwRh03m3_1pZjRKvelomA,1
0IUzdOCtBHs,UCfEd-og-67AUEGwUhcUuzqw,1
QQBSbwZesgs,UCGi0NdxX2B36hD6WxXdNhFA,1
Qsu2KgY5fNk,UCTjF8TNC7blVsBtWyMrsj4A,1
grNp1iaRkzs,UC5vY06NlKGpFLTHtMuVoxhw,1
a1ohvOSCyXo,UCwCKddovSCpQ6PNpIf7ORMA,1
b_hRg0iBv6Q,UCfEd-og-67AUEGwUhcUuzqw,1
5PbC99Zyb0o,UCVAwRh03m3_1pZjRKvelomA,1
ztCgPyFJm9A,UCUJ0K_e0ac1vBBqss99wudQ,1
zruBAyZMJSM,UCVAwRh03m3_1pZjRKvelomA,1
vqtHoeAMBYo,UC02tDemqzG7D4Ep3K4D4Ptw,1
pvjHIRZ6ACQ,UCwCKddovSCpQ6PNpIf7ORMA,1
JLPhFzzTpaU,UCTjF8TNC7blVsBtWyMrsj4A,1
B-bMfL7lJ3A,UCfEd-og-67AUEGwUhcUuzqw,1
SnJA38LjM24,UCVAwRh03m3_1pZjRKvelomA,1
xQmIyCh_f3U,UCywlrebEcnkJ6m1y9YViWoQ,1
u_copUgHO40,UC5vY06NlKGpFLTHtMuVoxhw,1
ogPpoAMQxiA,UCwCKddovSCpQ6PNpIf7ORMA,1
Gqj7CTPZex4,UCVAwRh03m3_1pZjRKvelomA,1
zHeTY5ICVDY,UCfEd-og-67AUEGwUhcUuzqw,1
ZOM20jU91sA,UCGi0NdxX2B36hD6WxXdNhFA,1
_1NtMYTKYO0,UCUJ0K_e0ac1vBBqss99wudQ,1
2ps7FvSy6po,UCVAwRh03m3_1pZjRKvelomA,1
VF4hvuyXcSI,UCUJ0K_e0ac1vBBqss99wudQ,1
XlsiTOzETJQ,UCTjF8TNC7blVsBtWyMrsj4A,1
_Iv5N00YrM4,UCwCKddovSCpQ6PNpIf7ORMA,1
9shcSgE71K4,UCVAwRh03m3_1pZjRKvelomA,1
KMxQD1VFM00,UCUJ0K_e0ac1vBBqss99wudQ,1
o-DnLTMrm7M,UC02tDemqzG7D4Ep3K4D4Ptw,1
cCfND3ZCuzE,UCywlrebEcnkJ6m1y9YViWoQ,1
dXjFwyztqvE,UCVAwRh03m3_1pZjRKvelomA,1
fw5OUYDSCu8,UC5vY06NlKGpFLTHtMuVoxhw,1
BGtjhZCgpK0,UCywlrebEcnkJ6m1y9YViWoQ,1
XNATJ0o5vPs,UC33b0wkIKmQm3LzUaQTDGUQ,1
D-plxGmgz2Y,UCwCKddovSCpQ6PNpIf7ORMA,1
wYebQxCPsfs,UCVAwRh03m3_1pZjRKvelomA,1
89oLNgz0jXE,UCVAwRh03m3_1pZjRKvelomA,1
6OBogRwAjvc,UC33b0wkIKmQm3LzUaQTDGUQ,1
lI8644nnaGI,UCUJ0K_e0ac1vBBqss99wudQ,1
6wCR16vU6j4,UCGi0NdxX2B36hD6WxXdNhFA,1
wyVjRz-MNGo,UCTjF8TNC7blVsBtWyMrsj4A,1
MJfoW8WNPZI,UC33b0wkIKmQm3LzUaQTDGUQ,1
Uqowq470xM0,UC02tDemqzG7D4Ep3K4D4Ptw,1
26U7jOGXpcM,UCwCKddovSCpQ6PNpIf7ORMA,1
m4lm6zmpfkQ,UCVAwRh03m3_1pZjRKvelomA,1
Cj5ZvR9jZZg,UC33b0wkIKmQm3LzUaQTDGUQ,1
FwHJG0xGaH8,UCywlrebEcnkJ6m1y9YViWoQ,1
12XJBF_Cwc4,UCTjF8TNC7blVsBtWyMrsj4A,1
IDC-fwHFr0g,UC33b0wkIKmQm3LzUaQTDGUQ,1
_DRw3-WXcTY,UCUJ0K_e0ac1vBBqss99wudQ,1
9wKsTWvULEo,UCVAwRh03m3_1pZjRKvelomA,1
s3cJbcL84Lk,UCwCKddovSCpQ6PNpIf7ORMA,1
lV3VEXXtdzs,UCVAwRh03m3_1pZjRKvelomA,1
xMKDT61szqo,UC33b0wkIKmQm3LzUaQTDGUQ,1
JnoxnYFIokA,UCTjF8TNC7blVsBtWyMrsj4A,1
g9afwSGkjQ4,UC33b0wkIKmQm3LzUaQTDGUQ,1
JEBa6b7VXBY,UCVAwRh03m3_1pZjRKvelomA,1
hUoTDjSZ-xY,UCwCKddovSCpQ6PNpIf7ORMA,1
nQgeRk9EUU4,UCUJ0K_e0ac1vBBqss99wudQ,1
kFo2t03SFSo,UCVAwRh03m3_1pZjRKvelomA,1
xm1I9gF3Fh8,UC02tDemqzG7D4Ep3K4D4Ptw,1
8UuypMLFmUU,UC33b0wkIKmQm3LzUaQTDGUQ,1
S-1zBMEMrfc,UCTjF8TNC7blVsBtWyMrsj4A,1
wifB5dIjKgo,UC33b0wkIKmQm3LzUaQTDGUQ,1
VR2NzuQcF08,UCVAwRh03m3_1pZjRKvelomA,1
wPgqt4AnNIo,UCwCKddovSCpQ6PNpIf7ORMA,1
ZHhqjgU-3aM,UCVAwRh03m3_1pZjRKvelomA,1
HqN0ffcCD7Q,UCVAwRh03m3_1pZjRKvelomA,1
ruT66DbpeU4,UC33b0wkIKmQm3LzUaQTDGUQ,1
HSdEcMcxT48,UCGi0NdxX2B36hD6WxXdNhFA,1
XQugYTZHtNo,UCUJ0K_e0ac1vBBqss99wudQ,1
pAuSjelgKrA,UCwCKddovSCpQ6PNpIf7ORMA,1
Mxk4cciH-1Q,UCVAwRh03m3_1pZjRKvelomA,1
xkrk2frN2qw,UC02tDemqzG7D4Ep3K4D4Ptw,1
D0mp_FN0j9g,UCVAwRh03m3_1pZjRKvelomA,1
FB7iv4We8PM,UCTjF8TNC7blVsBtWyMrsj4A,1
c1JPukRi5cU,UCwCKddovSCpQ6PNpIf7ORMA,1
jMhLU0KvPEg,UCVAwRh03m3_1pZjRKvelomA,1
s-s0mtuNEno,UCUJ0K_e0ac1vBBqss99wudQ,1
-m7ZKsB0vWo,UC5vY06NlKGpFLTHtMuVoxhw,1
p3xOtr0mAcQ,UC33b0wkIKmQm3LzUaQTDGUQ,1
o2TQ0wFif6g,UCwCKddovSCpQ6PNpIf7ORMA,1
x7JRbfRzSe4,UCVAwRh03m3_1pZjRKvelomA,1
adYKcldO4kk,UC02tDemqzG7D4Ep3K4D4Ptw,1
4WchOX4Ch40,UC33b0wkIKmQm3LzUaQTDGUQ,1
keTBL-sjUQs,UCVAwRh03m3_1pZjRKvelomA,1
-qymYxSCVQQ,UCTjF8TNC7blVsBtWyMrsj4A,1
L6OEZ9nai7M,UC33b0wkIKmQm3LzUaQTDGUQ,1
XjJZtwcUE3g,UCUJ0K_e0ac1vBBqss99wudQ,1
o_-nPl3ZyQo,UCwCKddovSCpQ6PNpIf7ORMA,1
PHGVVo72Tz8,UCVAwRh03m3_1pZjRKvelomA,1
QP-TcGVyCU4,UC33b0wkIKmQm3LzUaQTDGUQ,1
EXAVcv4G8qk,UCVAwRh03m3_1pZjRKvelomA,1
SagYzuu2zcM,UCGi0NdxX2B36hD6WxXdNhFA,1
IrlX0ibT-zQ,UCTjF8TNC7blVsBtWyMrsj4A,1
uEdfGl1XhCs,UC33b0wkIKmQm3LzUaQTDGUQ,1
YBJS9FB-EiU,UCZX5B1TcHWJKbwAQuYwEh_w,1
1XzpezhMFk4,UCywlrebEcnkJ6m1y9YViWoQ,1
w5QN8DYIQUU,UCwCKddovSCpQ6PNpIf7ORMA,1
s2yy9bRI5A0,UCywlrebEcnkJ6m1y9YViWoQ,1
7vBPYaD9l-U,UCUJ0K_e0ac1vBBqss99wudQ,1
4xvnQhxTQZQ,UCVAwRh03m3_1pZjRKvelomA,1
Mx1kFFz2_bQ,UC02tDemqzG7D4Ep3K4D4Ptw,1
NAt5z_I138g,UC33b0wkIKmQm3LzUaQTDGUQ,1
CvXDr88ZAyE,UCTjF8TNC7blVsBtWyMrsj4A,1
nJZbBDwjuas,UC33b0wkIKmQm3LzUaQTDGUQ,1
Eobviv8_oiI,UC5vY06NlKGpFLTHtMuVoxhw,1
q1FVpb7FAyo,UCwCKddovSCpQ6PNpIf7ORMA,1
FWDNTVmQv_4,UCVAwRh03m3_1pZjRKvelomA,1
lHmyu4jgNS0,UCUJ0K_e0ac1vBBqss99wudQ,1
hScazbYbX2I,UCVAwRh03m3_1pZjRKvelomA,1
5_JPO0KMp80,UC33b0wkIKmQm3LzUaQTDGUQ,1
4ypJkfga4fs,UCGi0NdxX2B36hD6WxXdNhFA,1
vv2d_r1oXz8,UCTjF8TNC7blVsBtWyMrsj4A,1
zTtoSEKlXyc,UC33b0wkIKmQm3LzUaQTDGUQ,1
PnXhnwTSdBQ,UCwCKddovSCpQ6PNpIf7ORMA,1
-lYJj218-Xs,UCVAwRh03m3_1pZjRKvelomA,1
qBY7vENpBMw,UCUJ0K_e0ac1vBBqss99wudQ,1
pJaF3Qp9SuE,UCVAwRh03m3_1pZjRKvelomA,1
CMDanp5BF00,UC33b0wkIKmQm3LzUaQTDGUQ,1
8QTX9OxA94s,UC5vY06NlKGpFLTHtMuVoxhw,1
PTzG2kP4wGU,UC33b0wkIKmQm3LzUaQTDGUQ,1
Ek5x3fdrTu8,UCywlrebEcnkJ6m1y9YViWoQ,1
NxNIFVzdBOg,UC5vY06NlKGpFLTHtMuVoxhw,1
vq099GBHM4E,UCwCKddovSCpQ6PNpIf7ORMA,1
5h8uE19E2DE,UC02tDemqzG7D4Ep3K4D4Ptw,1
h-MUdbjMpFc,UCVAwRh03m3_1pZjRKvelomA,1
VjzB_b7bxy0,UCUJ0K_e0ac1vBBqss99wudQ,1
RkfRdVcvooA,UC33b0wkIKmQm3LzUaQTDGUQ,1
HtoPr3DAlB0,UC5vY06NlKGpFLTHtMuVoxhw,1
cYN0YOc9XXo,UCVAwRh03m3_1pZjRKvelomA,1
XyfXExa-Nwk,UC33b0wkIKmQm3LzUaQTDGUQ,1
N7oOUD8d0Hg,UCGi0NdxX2B36hD6WxXdNhFA,1
2LZRRL_iGSc,UCVAwRh03m3_1pZjRKvelomA,1
hJEPa09NHf8,UCUJ0K_e0ac1vBBqss99wudQ,1
EHTtpG5fK64,UCwCKddovSCpQ6PNpIf7ORMA,1
9vdXQlbYs1o,UCUJ0K_e0ac1vBBqss99wudQ,1
uSzX6fC5cUM,UCywlrebEcnkJ6m1y9YViWoQ,1
aLvaMEJF63k,UC33b0wkIKmQm3LzUaQTDGUQ,1
FzZuySYAzqI,UCVAwRh03m3_1pZjRKvelomA,1
TKMBhx0ogjg,UCTjF8TNC7blVsBtWyMrsj4A,1
tz9ZIENEFZg,UC33b0wkIKmQm3LzUaQTDGUQ,1
y5lrOn7FIsM,UC02tDemqzG7D4Ep3K4D4Ptw,1
RhickV-BJww,UCwCKddovSCpQ6PNpIf7ORMA,1
MfFmvbfjL-Q,UCVAwRh03m3_1pZjRKvelomA,1
QQBLma_ttpo,UCVAwRh03m3_1pZjRKvelomA,1
WmKPllZO3-4,UCGi0NdxX2B36hD6WxXdNhFA,1
ujGLTqBDVDU,UCTjF8TNC7blVsBtWyMrsj4A,1
NlQmRA8gBwg,UCwCKddovSCpQ6PNpIf7ORMA,1
cotZAlB_RI8,UCVAwRh03m3_1pZjRKvelomA,1
0afP0dyjcdc,UCUJ0K_e0ac1vBBqss99wudQ,1
tQS474yuQJM,UCc2RL8jvY1rJPuCnJVsIQWw,1
0KmJ0QiayFg,UCVAwRh03m3_1pZjRKvelomA,1
YXRIH_zLBrE,UCTjF8TNC7blVsBtWyMrsj4A,1
X6S1dRMP_zY,UCwCKddovSCpQ6PNpIf7ORMA,1
qLpuQgwj5iM,UCVAwRh03m3_1pZjRKvelomA,1
lSsH0Sl53Gs,UC02tDemqzG7D4Ep3K4D4Ptw,1
d6gNk5YNb4g,UCGi0NdxX2B36hD6WxXdNhFA,1
pN_vyvuorFc,UC5vY06NlKGpFLTHtMuVoxhw,1
yAwge_5-_Eo,UCTjF8TNC7blVsBtWyMrsj4A,1
GsdX5rCSY10,UCUJ0K_e0ac1vBBqss99wudQ,1
5NbahPrTfFw,UCVAwRh03m3_1pZjRKvelomA,1
HBUQG9WMui0,UCwCKddovSCpQ6PNpIf7ORMA,1
vbCU7_RVlBs,UCVAwRh03m3_1pZjRKvelomA,1
iuzF1Ug_jCk,UCVAwRh03m3_1pZjRKvelomA,1
gZ_x2J4QTdA,UCwCKddovSCpQ6PNpIf7ORMA,1
a-GlY3tJo0Y,UC02tDemqzG7D4Ep3K4D4Ptw,1
o8BSFQtD9VU,UCVAwRh03m3_1pZjRKvelomA,1
J7w8cOEwHYw,UCUJ0K_e0ac1vBBqss99wudQ,1
kCBrsn6vvC4,UCGi0NdxX2B36hD6WxXdNhFA,1
CTKHSo1FzvE,UCTjF8TNC7blVsBtWyMrsj4A,1
NLqZtU7bXIE,UCVAwRh03m3_1pZjRKvelomA,1
Lc0yCYdlJ0Y,UCfEd-og-67AUEGwUhcUuzqw,1
hyaJbHXoABE,UC5vY06NlKGpFLTHtMuVoxhw,1
Plp7x7C3szA,UCUJ0K_e0ac1vBBqss99wudQ,1
qlEuyvW0R10,UCwCKddovSCpQ6PNpIf7ORMA,1
00zmNzQknsQ,UCc2RL8jvY1rJPuCnJVsIQWw,1
NYsqQGarGkw,UCVAwRh03m3_1pZjRKvelomA,1
RbD4HpKyQHs,UC33b0wkIKmQm3LzUaQTDGUQ,1
5uHyldXxJCc,UCTjF8TNC7blVsBtWyMrsj4A,1
a3EPrcKP1Cg,UCVAwRh03m3_1pZjRKvelomA,1
fk-dfVrnl_Q,UCwCKddovSCpQ6PNpIf7ORMA,1
kZ9yblR6lRA,UCUJ0K_e0ac1vBBqss99wudQ,1
YOmRUOyNUrQ,UCVAwRh03m3_1pZjRKvelomA,1
20DcwVE04t8,UC02tDemqzG7D4Ep3K4D4Ptw,1
WmMKtz5HCxk,UCVAwRh03m3_1pZjRKvelomA,1
vzvkAx6uC2M,UCGi0NdxX2B36hD6WxXdNhFA,1
CRakxNLI6ac,UCTjF8TNC7blVsBtWyMrsj4A,1
IkuQgAvDq8M,UCVAwRh03m3_1pZjRKvelomA,1
sH1jqw_6D2A,UCwCKddovSCpQ6PNpIf7ORMA,1
1u5-Npw71eM,UC5vY06NlKGpFLTHtMuVoxhw,1
306mGdXLGqk,UCVAwRh03m3_1pZjRKvelomA,1
GpPyAmA2iP0,UC33b0wkIKmQm3LzUaQTDGUQ,1
e1R4Or4yP-Y,UCwCKddovSCpQ6PNpIf7ORMA,1
6baBvBLN9wo,UCUJ0K_e0ac1vBBqss99wudQ,1
nnV9rcCCh2s,UCVAwRh03m3_1pZjRKvelomA,1
Oxkf8bhifdU,UCZX5B1TcHWJKbwAQuYwEh_w,1
Vv0NV5PfMm4,UC02tDemqzG7D4Ep3K4D4Ptw,1
EWnxhp9LFEw,UCVAwRh03m3_1pZjRKvelomA,1
ZYVW1GgOfzc,UCGi0NdxX2B36hD6WxXdNhFA,1
mqiEWwFEYYA,UCTjF8TNC7blVsBtWyMrsj4A,1
e19ouCFDGC8,UCUJ0K_e0ac1vBBqss99wudQ,1
XKqVBRi9h7I,UCVAwRh03m3_1pZjRKvelomA,1
t6PkS7URsuw,UCGi0NdxX2B36hD6WxXdNhFA,1
ghyfxYUlBw0,UCywlrebEcnkJ6m1y9YViWoQ,1
jZV3wyNLpOg,UCTjF8TNC7blVsBtWyMrsj4A,1
Y_N9uLZnpgA,UC33b0wkIKmQm3LzUaQTDGUQ,1
alWkvD5b1hw,UCVAwRh03m3_1pZjRKvelomA,1
J1FgUHKVqcs,UCwCKddovSCpQ6PNpIf7ORMA,1
fVRwPVmZPgU,UCUJ0K_e0ac1vBBqss99wudQ,1
r10iOugY6Vg,UCVAwRh03m3_1pZjRKvelomA,1
YcYhZvXTR6U,UC33b0wkIKmQm3LzUaQTDGUQ,1
qz8gMVVuwUc,UCVAwRh03m3_1pZjRKvelomA,1
uloTnTwV_wU,UC02tDemqzG7D4Ep3K4D4Ptw,1
IMKRJOqBrNI,UCUJ0K_e0ac1vBBqss99wudQ,1
cXfaf4okiQ4,UCVAwRh03m3_1pZjRKvelomA,1
wg4iWdwf53Y,UCGi0NdxX2B36hD6WxXdNhFA,1
Oi8-8vvpljw,UCTjF8TNC7blVsBtWyMrsj4A,1
9GmTOBsBVqk,UCVAwRh03m3_1pZjRKvelomA,1
xVVDx_-FyW4,UCwCKddovSCpQ6PNpIf7ORMA,1
bSUYzqts0Zg,UCUJ0K_e0ac1vBBqss99wudQ,1
qZo2cBa6K6A,UCVAwRh03m3_1pZjRKvelomA,1
yUG0e2OJIY4,UCVAwRh03m3_1pZjRKvelomA,1
0_vqCb6hG_4,UCTjF8TNC7blVsBtWyMrsj4A,1
JgsmP2TaKmA,UC02tDemqzG7D4Ep3K4D4Ptw,1
d3rfEEoeel8,UCVAwRh03m3_1pZjRKvelomA,1
uPXR7FgThg0,UCywlrebEcnkJ6m1y9YViWoQ,1
9W_XsRBmj9U,UCUJ0K_e0ac1vBBqss99wudQ,1
kKi9lbRkJE4,UCGi0NdxX2B36hD6WxXdNhFA,1
0pEM14e3GSI,UCVAwRh03m3_1pZjRKvelomA,1
0i1ZapsVKQU,UCTjF8TNC7blVsBtWyMrsj4A,1
tohLVc0m7o0,UCwCKddovSCpQ6PNpIf7ORMA,1
FSMYotav8tg,UCVAwRh03m3_1pZjRKvelomA,1
RS6bSB6nWBE,UCUJ0K_e0ac1vBBqss99wudQ,1
8choJGQ31Xg,UCVAwRh03m3_1pZjRKvelomA,1
VbqqEXkO_cI,UCGi0NdxX2B36hD6WxXdNhFA,1
Ny8zPAmfzAE,UCywlrebEcnkJ6m1y9YViWoQ,1
NgdKJGuAjS4,UCVAwRh03m3_1pZjRKvelomA,1
YaC7MCyRlKo,UC02tDemqzG7D4Ep3K4D4Ptw,1
L0QH5p3yrIU,UCVAwRh03m3_1pZjRKvelomA,1
zmqMJ4LP4HE,UCUJ0K_e0ac1vBBqss99wudQ,1
rLSqBLXClC0,UCGi0NdxX2B36hD6WxXdNhFA,1
_whYza-skT0,UC33b0wkIKmQm3LzUaQTDGUQ,1
SI3HhozOfMo,UCTjF8TNC7blVsBtWyMrsj4A,1
hvz7XK1PBVo,UCVAwRh03m3_1pZjRKvelomA,1
Ns4YeE6h1Gk,UCwCKddovSCpQ6PNpIf7ORMA,1
psodRyCLfMg,UCfEd-og-67AUEGwUhcUuzqw,1
7O5wl0oIQNw,UCUJ0K_e0ac1vBBqss99wudQ,1
pnB0sCNdBBk,UCVAwRh03m3_1pZjRKvelomA,1
7qiPxMQ34lQ,UCfEd-og-67AUEGwUhcUuzqw,1
ZWMul62tll0,UCTjF8TNC7blVsBtWyMrsj4A,1
MO99t38NxRM,UCVAwRh03m3_1pZjRKvelomA,1
sQEHew2IpVs,UCUJ0K_e0ac1vBBqss99wudQ,1
sqS97dafNfY,UC02tDemqzG7D4Ep3K4D4Ptw,1
GSXlT396FP4,UCVAwRh03m3_1pZjRKvelomA,1
xCc8c8dJu3Q,UCGi0NdxX2B36hD6WxXdNhFA,1
LQ9fnBXnzeg,UCwCKddovSCpQ6PNpIf7ORMA,1
xovcID7O9cI,UCUJ0K_e0ac1vBBqss99wudQ,1
feJEJWjmHVY,UCVAwRh03m3_1pZjRKvelomA,1
onSYVccpIiM,UC33b0wkIKmQm3LzUaQTDGUQ,1
bM7F2Lw0JX8,UCUJ0K_e0ac1vBBqss99wudQ,1
gXG6jLgZYYc,UCVAwRh03m3_1pZjRKvelomA,1
dmqrvrOnQ-w,UCGi0NdxX2B36hD6WxXdNhFA,1
HStyc_pYSjQ,UCywlrebEcnkJ6m1y9YViWoQ,1
Awji8pFqExQ,UCTjF8TNC7blVsBtWyMrsj4A,1
WSHkyYQSfkc,UCUJ0K_e0ac1vBBqss99wudQ,1
OEv9rINQiGw,UCGi0NdxX2B36hD6WxXdNhFA,1
Fc4Kp8EWFfI,UC02tDemqzG7D4Ep3K4D4Ptw,1
hSlzgo5sUpU,UCVAwRh03m3_1pZjRKvelomA,1
5DiH8K3zgBw,UCUJ0K_e0ac1vBBqss99wudQ,1
zIghYtifv4w,UCwCKddovSCpQ6PNpIf7ORMA,1
YG4gBGfs_0I,UCVAwRh03m3_1pZjRKvelomA,1
JCGHkOC2J78,UCUJ0K_e0ac1vBBqss99wudQ,1
JwLpbNV5yDI,UCGi0NdxX2B36hD6WxXdNhFA,1
Sy6TJ75jGls,UCVAwRh03m3_1pZjRKvelomA,1
eO3eeAVbiz0,UCTjF8TNC7blVsBtWyMrsj4A,1
8iWofwaxkdo,UCUJ0K_e0ac1vBBqss99wudQ,1
p6THA4cnXdY,UCUJ0K_e0ac1vBBqss99wudQ,1
PcUE07SMHbQ,UCVAwRh03m3_1pZjRKvelomA,1
5Xx_4nUCe7U,UCZX5B1TcHWJKbwAQuYwEh_w,1
k9Y_8oGruz4,UCUJ0K_e0ac1vBBqss99wudQ,1
43bh9KPwivM,UCGi0NdxX2B36hD6WxXdNhFA,1
Up_nwJgsCOg,UCTjF8TNC7blVsBtWyMrsj4A,1
W08MNQ-gdWk,UCUJ0K_e0ac1vBBqss99wudQ,1
fQDAT5KFjmk,UC02tDemqzG7D4Ep3K4D4Ptw,1
RLXi60xIl00,UCVAwRh03m3_1pZjRKvelomA,1
aYWRdTvHAvE,UCywlrebEcnkJ6m1y9YViWoQ,1
EkZwxD-G0Ds,UCwCKddovSCpQ6PNpIf7ORMA,1
XzhTHidq8H4,UCUJ0K_e0ac1vBBqss99wudQ,1
JqNayS6e39E,UC33b0wkIKmQm3LzUaQTDGUQ,1
gm4T-WF_bVk,UCUJ0K_e0ac1vBBqss99wudQ,1
jznzD6z8STU,UCGi0NdxX2B36hD6WxXdNhFA,1
SOGw4wL-IOk,UCTjF8TNC7blVsBtWyMrsj4A,1
2TFRavUD1GU,UCUJ0K_e0ac1vBBqss99wudQ,1
3ZxmIPt7_AQ,UCVAwRh03m3_1pZjRKvelomA,1
azUGUItg8aM,UCUJ0K_e0ac1vBBqss99wudQ,1
M1sOkRTmH3Q,UCUJ0K_e0ac1vBBqss99wudQ,1
kE2yDkG_kzI,UCVAwRh03m3_1pZjRKvelomA,1
2_oEetO4Cyc,UCGi0NdxX2B36hD6WxXdNhFA,1
OrbLSJtcWFk,UCwCKddovSCpQ6PNpIf7ORMA,1
CC1SVgrkbAw,UCywlrebEcnkJ6m1y9YViWoQ,1
ZT6Uv9D7C-s,UC02tDemqzG7D4Ep3K4D4Ptw,1
w_pv_jwMFS4,UCUJ0K_e0ac1vBBqss99wudQ,1
_ffoHZa7zW4,UCVAwRh03m3_1pZjRKvelomA,1
KrltEreSsN8,UCUJ0K_e0ac1vBBqss99wudQ,1
7Nkl1WL7Pdg,UCGi0NdxX2B36hD6WxXdNhFA,1
qHQeetQhKj8,UCTjF8TNC7blVsBtWyMrsj4A,1
Lcg--dFusU0,UC33b0wkIKmQm3LzUaQTDGUQ,1
IBmTtWM5Gvo,UCUJ0K_e0ac1vBBqss99wudQ,1
old5b8K8ioQ,UCVAwRh03m3_1pZjRKvelomA,1
tVtVwjNgv9U,UCUJ0K_e0ac1vBBqss99wudQ,1
V14Et8mDZSI,UCVAwRh03m3_1pZjRKvelomA,1
ZGYf-HqyB0U,UCTjF8TNC7blVsBtWyMrsj4A,1
Zr1dTIrejko,UCwCKddovSCpQ6PNpIf7ORMA,1
yXZkJ-IiEg8,UCVAwRh03m3_1pZjRKvelomA,1
Ys7m1FWh7uM,UCGi0NdxX2B36hD6WxXdNhFA,1
1YiyRp4JXxI,UC02tDemqzG7D4Ep3K4D4Ptw,1
v4b7O8J2yfg,UCVAwRh03m3_1pZjRKvelomA,1
FrxknKEZWy4,UCUJ0K_e0ac1vBBqss99wudQ,1
GYEP3YTwTN4,UC33b0wkIKmQm3LzUaQTDGUQ,1
DTlxBoUiuhY,UCUJ0K_e0ac1vBBqss99wudQ,1
rCAIPkr9Bh4,UCVAwRh03m3_1pZjRKvelomA,1
H2SOddGC79w,UCTjF8TNC7blVsBtWyMrsj4A,1
XCUvq9V9Cbc,UCGi0NdxX2B36hD6WxXdNhFA,1
kjVq1Lb4W8I,UCUJ0K_e0ac1vBBqss99wudQ,1
9Pv-CzIymcs,UCVAwRh03m3_1pZjRKvelomA,1
q88HvzqjSEM,UCVAwRh03m3_1pZjRKvelomA,1
Xv1zDahG-cA,UCUJ0K_e0ac1vBBqss99wudQ,1
w4Zy-vIUI5k,UCTjF8TNC7blVsBtWyMrsj4A,1
WN8R0xPejvQ,UCwCKddovSCpQ6PNpIf7ORMA,1
fuE2-CxprDM,UCUJ0K_e0ac1vBBqss99wudQ,1
mwtGNwFeYL8,UCGi0NdxX2B36hD6WxXdNhFA,1
bxZgbUfpZzc,UCVAwRh03m3_1pZjRKvelomA,1
tGz2DL1hHAI,UCZX5B1TcHWJKbwAQuYwEh_w,1
vLn30jEINTM,UCVAwRh03m3_1pZjRKvelomA,1
Hmg1cBMpM1U,UCUJ0K_e0ac1vBBqss99wudQ,1
r0jvjZpyOqY,UC02tDemqzG7D4Ep3K4D4Ptw,1
mTHWgQImShk,UCVAwRh03m3_1pZjRKvelomA,1
X7_6ybOW_FQ,UCTjF8TNC7blVsBtWyMrsj4A,1
XxtIMU5ZPkQ,UCGi0NdxX2B36hD6WxXdNhFA,1
sdeJL4yT7pM,UCVAwRh03m3_1pZjRKvelomA,1
FKONX5vVGfA,UCVAwRh03m3_1pZjRKvelomA,1
5gCtLZ5jiag,UCUJ0K_e0ac1vBBqss99wudQ,1
YNntgrN0pyU,UCVAwRh03m3_1pZjRKvelomA,1
PDBlxZvMacM,UCGi0NdxX2B36hD6WxXdNhFA,1
21JoSoALySg,UCVAwRh03m3_1pZjRKvelomA,1
d_2k1KXu8Y8,UCVAwRh03m3_1pZjRKvelomA,1
QQhwjaWPieQ,UCUJ0K_e0ac1vBBqss99wudQ,1
jqmFsW2Kqtk,UCVAwRh03m3_1pZjRKvelomA,1
kCZ5ilZ8T_Y,UCTjF8TNC7blVsBtWyMrsj4A,1
46ilqwxbVTY,UCwCKddovSCpQ6PNpIf7ORMA,1
V9ktvhgI3vg,UC33b0wkIKmQm3LzUaQTDGUQ,1
on5dqd01EzU,UCUJ0K_e0ac1vBBqss99wudQ,1
FJK9ULASbhw,UC02tDemqzG7D4Ep3K4D4Ptw,1
IBHXhmeOMlE,UCVAwRh03m3_1pZjRKvelomA,1
qnuLhJgQ5ow,UCGi0NdxX2B36hD6WxXdNhFA,1
B68KzSg3l_c,UCVAwRh03m3_1pZjRKvelomA,1
HeLPiVHXjtg,UCVAwRh03m3_1pZjRKvelomA,1
Wc6Na6QBc1Y,UCUJ0K_e0ac1vBBqss99wudQ,1
3ElTO37CSCs,UC33b0wkIKmQm3LzUaQTDGUQ,1
MBvtQrVpNJM,UCVAwRh03m3_1pZjRKvelomA,1
lGtePg57hgM,UCTjF8TNC7blVsBtWyMrsj4A,1
Mh5Ut5-6dCw,UCwCKddovSCpQ6PNpIf7ORMA,1
AIU57itlvzE,UCVAwRh03m3_1pZjRKvelomA,1
fUI6FFw2_oM,UCGi0NdxX2B36hD6WxXdNhFA,1
RxNidivU-Kk,UCUJ0K_e0ac1vBBqss99wudQ,1
3nVIY9BiEuY,UCVAwRh03m3_1pZjRKvelomA,1
4eerfToYaOg,UCUJ0K_e0ac1vBBqss99wudQ,1
a_oZ5cKrwqM,UCVAwRh03m3_1pZjRKvelomA,1
Z-3xzhZ2KCw,UCTjF8TNC7blVsBtWyMrsj4A,1
N8i53go61zo,UCwCKddovSCpQ6PNpIf7ORMA,1
YALpBQd7Xzc,UC33b0wkIKmQm3LzUaQTDGUQ,1
LqNVOWFe3Xw,UCUJ0K_e0ac1vBBqss99wudQ,1
6YZR3G_pPIk,UCGi0NdxX2B36hD6WxXdNhFA,1
ZVdpHpqkE10,UC02tDemqzG7D4Ep3K4D4Ptw,1
Eq30D6-8Jik,UCZX5B1TcHWJKbwAQuYwEh_w,1
6ywmW_Tjq2g,UCUJ0K_e0ac1vBBqss99wudQ,1
b4hGKx-f6GI,UCVAwRh03m3_1pZjRKvelomA,1
MbjtPHx-Ugw,UCTjF8TNC7blVsBtWyMrsj4A,1
w7Vvj0kWka4,UCUJ0K_e0ac1vBBqss99wudQ,1
Ua_VrXby1co,UCwCKddovSCpQ6PNpIf7ORMA,1
cdBdm8QzmJA,UCGi0NdxX2B36hD6WxXdNhFA,1
6zrKsn4jpTE,UCUJ0K_e0ac1vBBqss99wudQ,1
4mWs1MlS1BE,UCVAwRh03m3_1pZjRKvelomA,1
S6KwWiLChFc,UC33b0wkIKmQm3LzUaQTDGUQ,1
vvq13B3Mo00,UCUJ0K_e0ac1vBBqss99wudQ,1
8lU-PLn3I2o,UCywlrebEcnkJ6m1y9YViWoQ,1
PbKDPObUUH8,UCTjF8TNC7blVsBtWyMrsj4A,1
xXg65bFe4Ok,UCVAwRh03m3_1pZjRKvelomA,1
gLFqS_LEQV0,UCwCKddovSCpQ6PNpIf7ORMA,1
NVQPTqmwqV8,UCUJ0K_e0ac1vBBqss99wudQ,1
lYHMit-LGVU,UCGi0NdxX2B36hD6WxXdNhFA,1
2oTcLXONaqU,UCVAwRh03m3_1pZjRKvelomA,1
2lNWG6iauqc,UC02tDemqzG7D4Ep3K4D4Ptw,1
PANcuZcWlgE,UCUJ0K_e0ac1vBBqss99wudQ,1
-OM96xTAmAU,UCUJ0K_e0ac1vBBqss99wudQ,1
AvQW239Jn2A,UCVAwRh03m3_1pZjRKvelomA,1
DzzRoBXjGcY,UCGi0NdxX2B36hD6WxXdNhFA,1
QO4eztqHXzM,UCTjF8TNC7blVsBtWyMrsj4A,1
QE9zGjZncNM,UCVAwRh03m3_1pZjRKvelomA,1
QM3fkQ1qFtY,UCUJ0K_e0ac1vBBqss99wudQ,1
qadHZfaY_Dg,UCwCKddovSCpQ6PNpIf7ORMA,1
R3SqAM6--JU,UCUJ0K_e0ac1vBBqss99wudQ,1
b-CzZcVqt3o,UCVAwRh03m3_1pZjRKvelomA,1
ydV9fJA0KO0,UCUJ0K_e0ac1vBBqss99wudQ,1
ZS5cxAxh3tE,UCZX5B1TcHWJKbwAQuYwEh_w,1
fRRi7xO66Xw,UCVAwRh03m3_1pZjRKvelomA,1
W39cf9xiXJo,UCUJ0K_e0ac1vBBqss99wudQ,1
xoWT2PLDOLc,UCVAwRh03m3_1pZjRKvelomA,1
MensT79EVOA,UCGi0NdxX2B36hD6WxXdNhFA,1
Ee4CUD4owDc,UCTjF8TNC7blVsBtWyMrsj4A,1
sPL2sVYVnV8,UCwCKddovSCpQ6PNpIf7ORMA,1
FFO_wdIrSz0,UCUJ0K_e0ac1vBBqss99wudQ,1
doc3Y_KdYI0,UCUJ0K_e0ac1vBBqss99wudQ,1
mm2ZERuWtgE,UC02tDemqzG7D4Ep3K4D4Ptw,1
ohUvE2FTc0g,UCUJ0K_e0ac1vBBqss99wudQ,1
0qkrE6iuSJs,UC33b0wkIKmQm3LzUaQTDGUQ,1
09wHQJfRm2o,UCGi0NdxX2B36hD6WxXdNhFA,1
1-yPLMp_C6M,UCTjF8TNC7blVsBtWyMrsj4A,1
yjFMVhWFmHM,UCUJ0K_e0ac1vBBqss99wudQ,1
0wR5XFUTSPE,UCwCKddovSCpQ6PNpIf7ORMA,1
VCVZR2_wbi8,UCUJ0K_e0ac1vBBqss99wudQ,1
p9ookSEOgO8,UCUJ0K_e0ac1vBBqss99wudQ,1
mEV1QWyNT-4,UCUJ0K_e0ac1vBBqss99wudQ,1
zi1Vp3Y5N2I,UCGi0NdxX2B36hD6WxXdNhFA,1
hJPDb962l6w,UCTjF8TNC7blVsBtWyMrsj4A,1
CE-NnzYv4M8,UCUJ0K_e0ac1vBBqss99wudQ,1
aFER2eAObDU,UCwCKddovSCpQ6PNpIf7ORMA,1
1iJuSHpIJTI,UCUJ0K_e0ac1vBBqss99wudQ,1
fLDO6KwI9Bw,UC02tDemqzG7D4Ep3K4D4Ptw,1
pljG49z2XN0,UCUJ0K_e0ac1vBBqss99wudQ,1
jXzHNDlK3ps,UC33b0wkIKmQm3LzUaQTDGUQ,1
YkO6eqe2vEw,UCZX5B1TcHWJKbwAQuYwEh_w,1
TxLhqpNy__I,UCUJ0K_e0ac1vBBqss99wudQ,1
iWCenVePOas,UCGi0NdxX2B36hD6WxXdNhFA,1
4KuH8i5UtUc,UCTjF8TNC7blVsBtWyMrsj4A,1
yoElmlJ4xUs,UCywlrebEcnkJ6m1y9YViWoQ,1
mdFzZWqUiT8,UCwCKddovSCpQ6PNpIf7ORMA,1
haSlY6qrnEg,UCUJ0K_e0ac1vBBqss99wudQ,1
7wLvtaBYNYU,UC33b0wkIKmQm3LzUaQTDGUQ,1
TZ0nQNGuEOg,UCUJ0K_e0ac1vBBqss99wudQ,1
InRuScfI3N0,UCUJ0K_e0ac1vBBqss99wudQ,1
Lexyn651QIU,UCGi0NdxX2B36hD6WxXdNhFA,1
wzrXRraFI3k,UCTjF8TNC7blVsBtWyMrsj4A,1
bLKtZ5zR7Pc,UCwCKddovSCpQ6PNpIf7ORMA,1
h0DigLvEBsw,UCUJ0K_e0ac1vBBqss99wudQ,1
X-uqymjL-nY,UCTjF8TNC7blVsBtWyMrsj4A,1
wbvI3Ntze1s,UCUJ0K_e0ac1vBBqss99wudQ,1
OjV_Ll1aiFg,UCUJ0K_e0ac1vBBqss99wudQ,1
DHKyORWKi5E,UC33b0wkIKmQm3LzUaQTDGUQ,1
7eEALiSSH7w,UC02tDemqzG7D4Ep3K4D4Ptw,1
QRifDXHi4Ok,UCGi0NdxX2B36hD6WxXdNhFA,1
Ocb1nFnJGzs,UCwCKddovSCpQ6PNpIf7ORMA,1
wK5PZgLXAOw,UCTjF8TNC7blVsBtWyMrsj4A,1
-8O1O5op9SY,UCUJ0K_e0ac1vBBqss99wudQ,1
omqNHaG-CWM,UCUJ0K_e0ac1vBBqss99wudQ,1
8VcguKJO6tk,UCTjF8TNC7blVsBtWyMrsj4A,1
98Jg7ycMvRI,UCZX5B1TcHWJKbwAQuYwEh_w,1
xhawG0r7wuk,UCUJ0K_e0ac1vBBqss99wudQ,1
6AtfSVPuDg8,UCwCKddovSCpQ6PNpIf7ORMA,1
55te2ATalIY,UCGi0NdxX2B36hD6WxXdNhFA,1
QQekJVKTwpk,UCTjF8TNC7blVsBtWyMrsj4A,1
DVTbcXNh5l0,UCUJ0K_e0ac1vBBqss99wudQ,1
siwIpRXlYUI,UC33b0wkIKmQm3LzUaQTDGUQ,1
EUmQo1csOvE,UCTjF8TNC7blVsBtWyMrsj4A,1
ohCpc1cD9HI,UCUJ0K_e0ac1vBBqss99wudQ,1
8K3eN8DANIo,UC02tDemqzG7D4Ep3K4D4Ptw,1
Z_8tWo6GEQ4,UCUJ0K_e0ac1vBBqss99wudQ,1
AYwQDLRvuY4,UCGi0NdxX2B36hD6WxXdNhFA,1
LGiQmxtNe6I,UCwCKddovSCpQ6PNpIf7ORMA,1
QEU12TMVoqE,UCwCKddovSCpQ6PNpIf7ORMA,1
IpA9DmpsTzI,UCTjF8TNC7blVsBtWyMrsj4A,1
CwDMKgp2upk,UCywlrebEcnkJ6m1y9YViWoQ,1
zsxFouOR56s,UCUJ0K_e0ac1vBBqss99wudQ,1
5RQygKMsWiA,UCTjF8TNC7blVsBtWyMrsj4A,1
MNlFPnBV6o0,UCUJ0K_e0ac1vBBqss99wudQ,1
rowpVXSx4gs,UCUJ0K_e0ac1vBBqss99wudQ,1
c98_eJMEtfI,UCwCKddovSCpQ6PNpIf7ORMA,1
YRwUqJxVPUA,UC33b0wkIKmQm3LzUaQTDGUQ,1
pmFkfB_N4i4,UCywlrebEcnkJ6m1y9YViWoQ,1
14IvgLQdtiU,UCGi0NdxX2B36hD6WxXdNhFA,1
AhZYukn_K4k,UCTjF8TNC7blVsBtWyMrsj4A,1
aF8kaqb0PyU,UCUJ0K_e0ac1vBBqss99wudQ,1
FRPluHPh9wc,UCTjF8TNC7blVsBtWyMrsj4A,1
ImxFcvI0RIU,UCUJ0K_e0ac1vBBqss99wudQ,1
ODRBYT0ashk,UCUJ0K_e0ac1vBBqss99wudQ,1
ZV3z_JRy8gg,UCGi0NdxX2B36hD6WxXdNhFA,1
krW2kUCqOlU,UCTjF8TNC7blVsBtWyMrsj4A,1
BCZJ7qbwmHM,UCUJ0K_e0ac1vBBqss99wudQ,1
2SrxV0GFyeM,UC02tDemqzG7D4Ep3K4D4Ptw,1
KSIgOn4AKBs,UCUJ0K_e0ac1vBBqss99wudQ,1
FWmZW816moQ,UCywlrebEcnkJ6m1y9YViWoQ,1
7i5g-rbgcfQ,UCTjF8TNC7blVsBtWyMrsj4A,1
bZIjq1hfMUU,UCUJ0K_e0ac1vBBqss99wudQ,1
N_35wLVChaM,UCUJ0K_e0ac1vBBqss99wudQ,1
5hnekTbXBAo,UCwCKddovSCpQ6PNpIf7ORMA,1
Ku8an4qvwEE,UCGi0NdxX2B36hD6WxXdNhFA,1
3URjAG0ZsjM,UCywlrebEcnkJ6m1y9YViWoQ,1
KZZ04VeisR8,UCTjF8TNC7blVsBtWyMrsj4A,1
vhas2kOBi9I,UCUJ0K_e0ac1vBBqss99wudQ,1
QON3DXRyMEw,UCUJ0K_e0ac1vBBqss99wudQ,1
tgrkc85MyLc,UC33b0wkIKmQm3LzUaQTDGUQ,1
5FKUBRjo6fM,UC33b0wkIKmQm3LzUaQTDGUQ,1
VyLFOvbxg4g,UCUJ0K_e0ac1vBBqss99wudQ,1
ct4sKrg86eM,UCTjF8TNC7blVsBtWyMrsj4A,1
ckZYwzqGRrQ,UCUJ0K_e0ac1vBBqss99wudQ,1
mwNptgxQm2A,UCywlrebEcnkJ6m1y9YViWoQ,1
kgHgUZbek00,UCUJ0K_e0ac1vBBqss99wudQ,1
PcWEFJijgAg,UC33b0wkIKmQm3LzUaQTDGUQ,1
Hbw84oVmG00,UCZX5B1TcHWJKbwAQuYwEh_w,1
TRSkU-cbdfw,UCUJ0K_e0ac1vBBqss99wudQ,1
Kd2YKJr4Db0,UCGi0NdxX2B36hD6WxXdNhFA,1
v-foBGhOqP8,UCywlrebEcnkJ6m1y9YViWoQ,1
Y3uAvq3FLFQ,UCTjF8TNC7blVsBtWyMrsj4A,1
NTo8_S60Z70,UCUJ0K_e0ac1vBBqss99wudQ,1
r5adpt1-JA8,UCUJ0K_e0ac1vBBqss99wudQ,1
IuKb_XWMAW8,UCTjF8TNC7blVsBtWyMrsj4A,1
KZlw-PB3ygA,UC33b0wkIKmQm3LzUaQTDGUQ,1
TkEj4KdXt0A,UCUJ0K_e0ac1vBBqss99wudQ,1
45noSc3VPIk,UCywlrebEcnkJ6m1y9YViWoQ,1
fwLrVrIEt4g,UCTjF8TNC7blVsBtWyMrsj4A,1
k7ZzrN133s4,UCwCKddovSCpQ6PNpIf7ORMA,1
souMYFlkBoI,UCGi0NdxX2B36hD6WxXdNhFA,1
AgiBYvVVNS4,UCywlrebEcnkJ6m1y9YViWoQ,1
2zfJLC-xi1Y,UCTjF8TNC7blVsBtWyMrsj4A,1
itnvTXEnwKQ,UC02tDemqzG7D4Ep3K4D4Ptw,1
JfqR6L2Tsqs,UCywlrebEcnkJ6m1y9YViWoQ,1
aavdHIsfWvc,UCTjF8TNC7blVsBtWyMrsj4A,1
dS5wAPfq5oE,UCUJ0K_e0ac1vBBqss99wudQ,1
Bwv7gicZmkA,UCUJ0K_e0ac1vBBqss99wudQ,1
qhjfLnoTdWs,UCGi0NdxX2B36hD6WxXdNhFA,1
fdN0A9UBOVc,UCywlrebEcnkJ6m1y9YViWoQ,1
Tb5xY3fmFRE,UCTjF8TNC7blVsBtWyMrsj4A,1
hZ5007qZ5Xg,UCTjF8TNC7blVsBtWyMrsj4A,1
D-oDSVPj6bU,UCUJ0K_e0ac1vBBqss99wudQ,1
tgKCh8QYpu4,UCTjF8TNC7blVsBtWyMrsj4A,1
f7T5O4wzia8,UCywlrebEcnkJ6m1y9YViWoQ,1
GyD6eDf7ppo,UCwCKddovSCpQ6PNpIf7ORMA,1
qdwC1IxutTg,UC33b0wkIKmQm3LzUaQTDGUQ,1
maZ7utEMRqc,UCGi0NdxX2B36hD6WxXdNhFA,1
CEhHVNkG4os,UCTjF8TNC7blVsBtWyMrsj4A,1
F-EmYv75Upk,UCUJ0K_e0ac1vBBqss99wudQ,1
fnodhpaUt4s,UCTjF8TNC7blVsBtWyMrsj4A,1
4FCU3gkjPjo,UCUJ0K_e0ac1vBBqss99wudQ,1
FmEER8lFAh0,UCTjF8TNC7blVsBtWyMrsj4A,1
iGnAh8ZsHlU,UC33b0wkIKmQm3LzUaQTDGUQ,1
YiJ-Du70Wq0,UCZX5B1TcHWJKbwAQuYwEh_w,1
W4sgTGHJr3Y,UCywlrebEcnkJ6m1y9YViWoQ,1
7Db1SnW5vlI,UCGi0NdxX2B36hD6WxXdNhFA,1
UxqC76l2Vyw,UCTjF8TNC7blVsBtWyMrsj4A,1
FYLSEx2ICps,UCUJ0K_e0ac1vBBqss99wudQ,1
4Lva0MSXd-A,UC02tDemqzG7D4Ep3K4D4Ptw,1
k5LUYSlEFts,UCTjF8TNC7blVsBtWyMrsj4A,1
vre6R5mOrWc,UCywlrebEcnkJ6m1y9YViWoQ,1
xh3iIUPuMLc,UCGi0NdxX2B36hD6WxXdNhFA,1
cX-qnWWPGl4,UCTjF8TNC7blVsBtWyMrsj4A,1
m-qNFffcjmY,UCUJ0K_e0ac1vBBqss99wudQ,1
ZVV6kbe6QFc,UCywlrebEcnkJ6m1y9YViWoQ,1
UIZmOBkJnc4,UCwCKddovSCpQ6PNpIf7ORMA,1
2rhKvAe1Xn4,UC33b0wkIKmQm3LzUaQTDGUQ,1
jJuAAv8gWpY,UCywlrebEcnkJ6m1y9YViWoQ,1
iPrkJG6SLfg,UCGi0NdxX2B36hD6WxXdNhFA,1
qOUvs2_TrYo,UCTjF8TNC7blVsBtWyMrsj4A,1
hfuEnmnHxfM,UCUJ0K_e0ac1vBBqss99wudQ,1
29t6F3M1hH0,UCTjF8TNC7blVsBtWyMrsj4A,1
C75Hfteo6xM,UC33b0wkIKmQm3LzUaQTDGUQ,1
56MtzuZSA80,UCUJ0K_e0ac1vBBqss99wudQ,1
thUNYSoLtFs,UCTjF8TNC7blVsBtWyMrsj4A,1
Vgng7vroigQ,UCGi0NdxX2B36hD6WxXdNhFA,1
jl5cK-ky6tQ,UCTjF8TNC7blVsBtWyMrsj4A,1
9PQis0UYpio,UCUJ0K_e0ac1vBBqss99wudQ,1
PgJP3ObLCh4,UCywlrebEcnkJ6m1y9YViWoQ,1
6CgCTkrveGw,UCTjF8TNC7blVsBtWyMrsj4A,1
HiKu4yP1nAY,UCGi0NdxX2B36hD6WxXdNhFA,1
BHcEdPio6EQ,UCTjF8TNC7blVsBtWyMrsj4A,1
leBsKrQivOM,UCUJ0K_e0ac1vBBqss99wudQ,1
IM9vy-ADOMk,UCwCKddovSCpQ6PNpIf7ORMA,1
1SoJ7dQfNtQ,UC33b0wkIKmQm3LzUaQTDGUQ,1
efLJG8cgYo4,UCTjF8TNC7blVsBtWyMrsj4A,1
PUBh5EVh0aI,UC02tDemqzG7D4Ep3K4D4Ptw,1
OYXe5EHBR0A,UCZX5B1TcHWJKbwAQuYwEh_w,1
jI_yVa0pUTI,UC33b0wkIKmQm3LzUaQTDGUQ,1
lXKi_W7QR1c,UCTjF8TNC7blVsBtWyMrsj4A,1
kpYp3OYV9aQ,UCUJ0K_e0ac1vBBqss99wudQ,1
kqvU6ydG72A,UCGi0NdxX2B36hD6WxXdNhFA,1
k2swCkwZDxE,UCTjF8TNC7blVsBtWyMrsj4A,1
7vEKGZjv8i4,UCUJ0K_e0ac1vBBqss99wudQ,1
6nOgo1l27f4,UCTjF8TNC7blVsBtWyMrsj4A,1
-JG04TX5kiE,UCywlrebEcnkJ6m1y9YViWoQ,1
5jkoR713p6s,UCGi0NdxX2B36hD6WxXdNhFA,1
wovzWi7YonY,UCTjF8TNC7blVsBtWyMrsj4A,1
UfRYR-R-nqA,UCUJ0K_e0ac1vBBqss99wudQ,1
wKhK8cP6_Xc,UC33b0wkIKmQm3LzUaQTDGUQ,1
oH9cJ4fCnuU,UCTjF8TNC7blVsBtWyMrsj4A,1
dZRe4alpOns,UC33b0wkIKmQm3LzUaQTDGUQ,1
NutvbwpjOIA,UCTjF8TNC7blVsBtWyMrsj4A,1
xZU88R3it_M,UCywlrebEcnkJ6m1y9YViWoQ,1
y6B1Ss_LvgA,UCGi0NdxX2B36hD6WxXdNhFA,1
C2p9qLZgPQw,UCTjF8TNC7blVsBtWyMrsj4A,1
ioZND5uNijw,UCTjF8TNC7blVsBtWyMrsj4A,1
doYNwa93CCw,UCZX5B1TcHWJKbwAQuYwEh_w,1
L2H7EmknJSs,UC02tDemqzG7D4Ep3K4D4Ptw,1
8-l1TsXf0i8,UCywlrebEcnkJ6m1y9YViWoQ,1
tf-ViTNr028,UCUJ0K_e0ac1vBBqss99wudQ,1
aIIlEVMTPwQ,UCTjF8TNC7blVsBtWyMrsj4A,1
ykeiS9eRxX4,UCTjF8TNC7blVsBtWyMrsj4A,1
kixtMNNwrDQ,UCywlrebEcnkJ6m1y9YViWoQ,1
TGkgXsGEG_I,UC33b0wkIKmQm3LzUaQTDGUQ,1
-p5Wr-bZBic,UCTjF8TNC7blVsBtWyMrsj4A,1
JnbjMCFRGiI,UCwCKddovSCpQ6PNpIf7ORMA,1
C-HKmBxXky4,UCGi0NdxX2B36hD6WxXdNhFA,1
RtkHWih1GPM,UCTjF8TNC7blVsBtWyMrsj4A,1
ifTRp6WgRZE,UCTjF8TNC7blVsBtWyMrsj4A,1
VO6FEmeR7Qw,UCywlrebEcnkJ6m1y9YViWoQ,1
MvRqdWfWU4k,UCGi0NdxX2B36hD6WxXdNhFA,1
JrA3lPOq6PE,UCTjF8TNC7blVsBtWyMrsj4A,1
yHYcquZcaMY,UCZX5B1TcHWJKbwAQuYwEh_w,1
HtTCyuYMSnQ,UCTjF8TNC7blVsBtWyMrsj4A,1
P71hqXzj6ks,UCUJ0K_e0ac1vBBqss99wudQ,1
DodUppYwfK0,UCwCKddovSCpQ6PNpIf7ORMA,1
hqXVgZQiQxk,UCTjF8TNC7blVsBtWyMrsj4A,1
ObAP9ykpyR8,UCywlrebEcnkJ6m1y9YViWoQ,1
N8MDock2sXc,UCywlrebEcnkJ6m1y9YViWoQ,1
1TKzjqvSxik,UCZX5B1TcHWJKbwAQuYwEh_w,1
wvLPtIortag,UCGi0NdxX2B36hD6WxXdNhFA,1
LMI-z_vxaFw,UCTjF8TNC7blVsBtWyMrsj4A,1
D4JjX_C_0KI,UCUJ0K_e0ac1vBBqss99wudQ,1
uITqW1JHgpM,UCTjF8TNC7blVsBtWyMrsj4A,1
MWMTvlYF5_k,UCZX5B1TcHWJKbwAQuYwEh_w,1
gZZ8gYOu83M,UCUJ0K_e0ac1vBBqss99wudQ,1
fzHmzQ5hIEQ,UCUJ0K_e0ac1vBBqss99wudQ,1
VxIijv3SghY,UCTjF8TNC7blVsBtWyMrsj4A,1
E-krtuMY52c,UCywlrebEcnkJ6m1y9YViWoQ,1
CtlNPegG_K8,UCUJ0K_e0ac1vBBqss99wudQ,1
iqAs4ABIiuI,UC33b0wkIKmQm3LzUaQTDGUQ,1
GpVVbfwcjwc,UCZX5B1TcHWJKbwAQuYwEh_w,1
8tZjSLpnQDI,UC02tDemqzG7D4Ep3K4D4Ptw,1
34z6j7DZUac,UCGi0NdxX2B36hD6WxXdNhFA,1
JlP8H4suNJc,UCTjF8TNC7blVsBtWyMrsj4A,1
gSccbQ2wE-k,UCZX5B1TcHWJKbwAQuYwEh_w,1
eW3QTP-u27g,UCUJ0K_e0ac1vBBqss99wudQ,1
X4UqYEpNYBE,UCTjF8TNC7blVsBtWyMrsj4A,1
L2uOPK7EXAQ,UCZX5B1TcHWJKbwAQuYwEh_w,1
QYKUs-NCFls,UCGi0NdxX2B36hD6WxXdNhFA,1
7DK9KjrMyQs,UCywlrebEcnkJ6m1y9YViWoQ,1
LJ_STNO3oDs,UCTjF8TNC7blVsBtWyMrsj4A,1
Lt-q2aCkuCY,UCZX5B1TcHWJKbwAQuYwEh_w,1
NF5DVvMmzh0,UCywlrebEcnkJ6m1y9YViWoQ,1
9h1FFfVIcMU,UCTjF8TNC7blVsBtWyMrsj4A,1
t5Sojtj239I,UCUJ0K_e0ac1vBBqss99wudQ,1
scpVnl3YVvk,UCZX5B1TcHWJKbwAQuYwEh_w,1
u6DV7zDHzS8,UCUJ0K_e0ac1vBBqss99wudQ,1
eWVC3lovz38,UCywlrebEcnkJ6m1y9YViWoQ,1
roOr9lkZHY4,UCGi0NdxX2B36hD6WxXdNhFA,1
oEKdyUipAR8,UCTjF8TNC7blVsBtWyMrsj4A,1
yZ7EuduXo4U,UCZX5B1TcHWJKbwAQuYwEh_w,1
RCEuuyyJowI,UCUJ0K_e0ac1vBBqss99wudQ,1
KXoDA_5yLKU,UCTjF8TNC7blVsBtWyMrsj4A,1
GCFVM62f4P4,UCUJ0K_e0ac1vBBqss99wudQ,1
f_U3i8uqI_Y,UCwCKddovSCpQ6PNpIf7ORMA,1
YVGX1-PvB24,UCZX5B1TcHWJKbwAQuYwEh_w,1
zWzKj-dJyaE,UCTjF8TNC7blVsBtWyMrsj4A,1
5UUNfH9JWeg,UCUJ0K_e0ac1vBBqss99wudQ,1
-7quPHfIqAc,UCZX5B1TcHWJKbwAQuYwEh_w,1
L4wh-UPwMJU,UCGi0NdxX2B36hD6WxXdNhFA,1
-yEbgoXzrVY,UCTjF8TNC7blVsBtWyMrsj4A,1
Bqrsalk_fqA,UC02tDemqzG7D4Ep3K4D4Ptw,1
Qnnj7TmH6VE,UCTjF8TNC7blVsBtWyMrsj4A,1
Ot84TtlNWaw,UC33b0wkIKmQm3LzUaQTDGUQ,1
csef1u8mGfw,UCGi0NdxX2B36hD6WxXdNhFA,1
GosqAjng0hs,UCTjF8TNC7blVsBtWyMrsj4A,1
YiMsmgo8QwA,UCUJ0K_e0ac1vBBqss99wudQ,1
YTVdltb_0hg,UC33b0wkIKmQm3LzUaQTDGUQ,1
tpc4nfMmpC8,UCZX5B1TcHWJKbwAQuYwEh_w,1
kYnCen1qWD4,UCTjF8TNC7blVsBtWyMrsj4A,1
p1XzJ_I2960,UCZX5B1TcHWJKbwAQuYwEh_w,1
POPa4M4ZJs8,UCTjF8TNC7blVsBtWyMrsj4A,1
Vmf0OohSpTA,UCTjF8TNC7blVsBtWyMrsj4A,1
UzQ7MSsrNiw,UCwCKddovSCpQ6PNpIf7ORMA,1
YDNi-waUHh4,UCGi0NdxX2B36hD6WxXdNhFA,1
VgL26gPlqZU,UCZX5B1TcHWJKbwAQuYwEh_w,1
7rQKh3BDEO8,UCUJ0K_e0ac1vBBqss99wudQ,1
SjeOSOhgjxM,UCTjF8TNC7blVsBtWyMrsj4A,1
fSzjYpAbYhg,UCZX5B1TcHWJKbwAQuYwEh_w,1
5lHaeTHpBPE,UCUJ0K_e0ac1vBBqss99wudQ,1
oAXq_DWpKfA,UCUJ0K_e0ac1vBBqss99wudQ,1
ouJZNLBXgHg,UCGi0NdxX2B36hD6WxXdNhFA,1
NuZEjCJe47E,UCTjF8TNC7blVsBtWyMrsj4A,1
swE-5zYpo2A,UC33b0wkIKmQm3LzUaQTDGUQ,1
Alxnw7GEVW8,UCUJ0K_e0ac1vBBqss99wudQ,1
RxVKaffnltA,UCTjF8TNC7blVsBtWyMrsj4A,1
KUAfcG3wWK4,UC02tDemqzG7D4Ep3K4D4Ptw,1
sb2j_tXKbwc,UCTjF8TNC7blVsBtWyMrsj4A,1
rtFN5XW7pqM,UCGi0NdxX2B36hD6WxXdNhFA,1
WyrhbZDoEhU,UCTjF8TNC7blVsBtWyMrsj4A,1
7liDTY8h4yQ,UCZX5B1TcHWJKbwAQuYwEh_w,1
VaBUFXgCork,UCTjF8TNC7blVsBtWyMrsj4A,1
nuTxg0JSNjs,UCTjF8TNC7blVsBtWyMrsj4A,1
XOQdzo2Jql8,UCwCKddovSCpQ6PNpIf7ORMA,1
HAROzqTVcqI,UCZX5B1TcHWJKbwAQuYwEh_w,1
lDfqEsEYBbo,UCGi0NdxX2B36hD6WxXdNhFA,1
EnBTnqRcBHQ,UCTjF8TNC7blVsBtWyMrsj4A,1
eASZNo3VZM0,UCZX5B1TcHWJKbwAQuYwEh_w,1
XcD4Ma4Tf6k,UC33b0wkIKmQm3LzUaQTDGUQ,1
b7ecAK-qx94,UCZX5B1TcHWJKbwAQuYwEh_w,1
tBm4ygWLOJE,UCTjF8TNC7blVsBtWyMrsj4A,1
HikpDjag5PU,UCZX5B1TcHWJKbwAQuYwEh_w,1
_x0lagnMfFs,UCZX5B1TcHWJKbwAQuYwEh_w,1
V-YZKL5hKy0,UCGi0NdxX2B36hD6WxXdNhFA,1
aJhrvkY44mU,UCTjF8TNC7blVsBtWyMrsj4A,1
4sGZXC86OiU,UCZX5B1TcHWJKbwAQuYwEh_w,1
TUx-ekZebcg,UCTjF8TNC7blVsBtWyMrsj4A,1
oWQy1Lj5spY,UC33b0wkIKmQm3LzUaQTDGUQ,1
R73A7UxrUy8,UCZX5B1TcHWJKbwAQuYwEh_w,1
n7d47aoW-0Y,UCTjF8TNC7blVsBtWyMrsj4A,1
dE_T2R2Ud2I,UCZX5B1TcHWJKbwAQuYwEh_w,1
FFZdcscFcFM,UCwCKddovSCpQ6PNpIf7ORMA,1
v5mFek9UDR0,UCTjF8TNC7blVsBtWyMrsj4A,1
g-IbAx3-LRE,UCZX5B1TcHWJKbwAQuYwEh_w,1
iKV01ERvv5I,UCGi0NdxX2B36hD6WxXdNhFA,1
U-iFbn2Ojig,UCZX5B1TcHWJKbwAQuYwEh_w,1
5zPW2jTEn6g,UCTjF8TNC7blVsBtWyMrsj4A,1
ELgO5CVW0I4,UC33b0wkIKmQm3LzUaQTDGUQ,1
s9PDI_MyVnQ,UC02tDemqzG7D4Ep3K4D4Ptw,1
rYLhJa1BQ0E,UCTjF8TNC7blVsBtWyMrsj4A,1
BunNwawxNWE,UC33b0wkIKmQm3LzUaQTDGUQ,1
4mxkU_awgeI,UCZX5B1TcHWJKbwAQuYwEh_w,1
Q3FEksGq9qQ,UCTjF8TNC7blVsBtWyMrsj4A,1
YNNRtxWK-5g,UC33b0wkIKmQm3LzUaQTDGUQ,1
O9HWOzBB2Kw,UCGi0NdxX2B36hD6WxXdNhFA,1
7UMz42S4060,UCTjF8TNC7blVsBtWyMrsj4A,1
G4aIU3y658U,UCwCKddovSCpQ6PNpIf7ORMA,1
VhQalIoiB2k,UCZX5B1TcHWJKbwAQuYwEh_w,1
05WGC8WrrNc,UCTjF8TNC7blVsBtWyMrsj4A,1
xG-aDcvbfGQ,UCTjF8TNC7blVsBtWyMrsj4A,1
BZLIOos2h4w,UCGi0NdxX2B36hD6WxXdNhFA,1
Wn5bTFOVz64,UC33b0wkIKmQm3LzUaQTDGUQ,1
m8CIM4ntqNI,UCGi0NdxX2B36hD6WxXdNhFA,1
pZQShn59STg,UCTjF8TNC7blVsBtWyMrsj4A,1
B1DY2folF2E,UCZX5B1TcHWJKbwAQuYwEh_w,1
dSuZuCEH4Ck,UCwCKddovSCpQ6PNpIf7ORMA,1
O45ZAExc7Tk,UC02tDemqzG7D4Ep3K4D4Ptw,1
NmOkw8hEeDg,UCTjF8TNC7blVsBtWyMrsj4A,1
ViCLJaBb6H4,UCZX5B1TcHWJKbwAQuYwEh_w,1
fBLUiA5i2_k,UCTjF8TNC7blVsBtWyMrsj4A,1
Diou83ItA1M,UCGi0NdxX2B36hD6WxXdNhFA,1
oKNUTRQcZOs,UCZX5B1TcHWJKbwAQuYwEh_w,1
1fKMsCTOdJM,UCZX5B1TcHWJKbwAQuYwEh_w,1
_SQ1qzVmE5w,UCwCKddovSCpQ6PNpIf7ORMA,1
wITtIPEBvZU,UCZX5B1TcHWJKbwAQuYwEh_w,1
POEfcFYEanU,UCGi0NdxX2B36hD6WxXdNhFA,1
vFsVb70DMpM,UCTjF8TNC7blVsBtWyMrsj4A,1
KCSGY-1kius,UCZX5B1TcHWJKbwAQuYwEh_w,1
dq4A3kL5dNk,UC33b0wkIKmQm3LzUaQTDGUQ,1
sRnP-KMDbVs,UCZX5B1TcHWJKbwAQuYwEh_w,1
1ljYS-Sj5_Q,UCZX5B1TcHWJKbwAQuYwEh_w,1
dI8X4J3MdVw,UCTjF8TNC7blVsBtWyMrsj4A,1
Q9wqnaxCS6c,UCZX5B1TcHWJKbwAQuYwEh_w,1
h8EhqeWVw6E,UCGi0NdxX2B36hD6WxXdNhFA,1
V9rGqv1KePM,UCwCKddovSCpQ6PNpIf7ORMA,1
_Hsg_O8y8uU,UCTjF8TNC7blVsBtWyMrsj4A,1
s5qAQmJUuAU,UC33b0wkIKmQm3LzUaQTDGUQ,1
zjDZUOeWmh0,UCZX5B1TcHWJKbwAQuYwEh_w,1
CqMVe_vPxDo,UCZX5B1TcHWJKbwAQuYwEh_w,1
Gmefpn126Gg,UCGi0NdxX2B36hD6WxXdNhFA,1
bOa2AykBZhw,UC02tDemqzG7D4Ep3K4D4Ptw,1
G4B18Krh5ao,UCTjF8TNC7blVsBtWyMrsj4A,1
o4HOzSbNTbo,UCZX5B1TcHWJKbwAQuYwEh_w,1
27QGyRCc638,UCwCKddovSCpQ6PNpIf7ORMA,1
eKZ7Yz7LXXI,UCTjF8TNC7blVsBtWyMrsj4A,1
4dcd2Gefmn0,UCZX5B1TcHWJKbwAQuYwEh_w,1
sZp3hKitYts,UCZX5B1TcHWJKbwAQuYwEh_w,1
-mTD8B_i2s0,UCZX5B1TcHWJKbwAQuYwEh_w,1
hrKGD8FfNNk,UCGi0NdxX2B36hD6WxXdNhFA,1
ulmoL1efpBo,UCwCKddovSCpQ6PNpIf7ORMA,1
Y8bS9kGsGDE,UCZX5B1TcHWJKbwAQuYwEh_w,1
zFLVR-or7Nc,UCZX5B1TcHWJKbwAQuYwEh_w,1
-7XdlJWY_BA,UCGi0NdxX2B36hD6WxXdNhFA,1
ecqw5MlsTjs,UC02tDemqzG7D4Ep3K4D4Ptw,1
YeYRwM-9PNo,UC33b0wkIKmQm3LzUaQTDGUQ,1
gsLvH2ilrWc,UC33b0wkIKmQm3LzUaQTDGUQ,1
zluho_DSFeY,UCGi0NdxX2B36hD6WxXdNhFA,1
SyzWZkd-OPI,UCZX5B1TcHWJKbwAQuYwEh_w,1
1jYx9xAb3CI,UCGi0NdxX2B36hD6WxXdNhFA,1
EIqokpH6Zxs,UCZX5B1TcHWJKbwAQuYwEh_w,1
kFEa6-r1pNI,UCZX5B1TcHWJKbwAQuYwEh_w,1
7ycfYaxT7UY,UCwCKddovSCpQ6PNpIf7ORMA,1
pQckio7Q-P4,UC02tDemqzG7D4Ep3K4D4Ptw,1
WsZLNKIf35o,UCGi0NdxX2B36hD6WxXdNhFA,1
nl9UvRhopj0,UCZX5B1TcHWJKbwAQuYwEh_w,1
Wtyhw1Q1LY4,UCGi0NdxX2B36hD6WxXdNhFA,1
SGhYU74ePiw,UCZX5B1TcHWJKbwAQuYwEh_w,1
ku3Bl2DJi5Y,UCwCKddovSCpQ6PNpIf7ORMA,1
glaS20c_LYY,UC02tDemqzG7D4Ep3K4D4Ptw,1
UhA9aWkNp8s,UCGi0NdxX2B36hD6WxXdNhFA,1
EJhWf4AkAmc,UCZX5B1TcHWJKbwAQuYwEh_w,1
FKY4Yz5idog,UCGi0NdxX2B36hD6WxXdNhFA,1
9jgcXv8Q5dI,UCZX5B1TcHWJKbwAQuYwEh_w,1
ekc9cBJf2mI,UCZX5B1TcHWJKbwAQuYwEh_w,1
x8XWLXa7120,UCGi0NdxX2B36hD6WxXdNhFA,1
sIymNvlYgGQ,UCZX5B1TcHWJKbwAQuYwEh_w,1
8fKmR9F2yno,UCwCKddovSCpQ6PNpIf7ORMA,1
h24FIOcAeA4,UCZX5B1TcHWJKbwAQuYwEh_w,1
S8OXFNNsyn8,UCZX5B1TcHWJKbwAQuYwEh_w,1
KUPuFBxxZ0E,UCGi0NdxX2B36hD6WxXdNhFA,1
DMx1tER03xE,UC02tDemqzG7D4Ep3K4D4Ptw,1
MX0-vnU4gWA,UCZX5B1TcHWJKbwAQuYwEh_w,1
Q3bY0-4e4zg,UCGi0NdxX2B36hD6WxXdNhFA,1
poHWod_rDB0,UCZX5B1TcHWJKbwAQuYwEh_w,1
AQJ1sYMO2HQ,UCGi0NdxX2B36hD6WxXdNhFA,1
CDgTAvdY7po,UCGi0NdxX2B36hD6WxXdNhFA,1
c-_xfLDt56w,UCwCKddovSCpQ6PNpIf7ORMA,1
WRACQu5vZqA,UCGi0NdxX2B36hD6WxXdNhFA,1
zHX4Q8UOa_k,UCZX5B1TcHWJKbwAQuYwEh_w,1
uPMbLugdtBI,UC02tDemqzG7D4Ep3K4D4Ptw,1
FvpjowLFrv0,UCZX5B1TcHWJKbwAQuYwEh_w,1
b8X9636ytCM,UCGi0NdxX2B36hD6WxXdNhFA,1
qC5uUPxBb3I,UCZX5B1TcHWJKbwAQuYwEh_w,1
sHiUp_TY6fk,UCGi0NdxX2B36hD6WxXdNhFA,1
6iqnun4oneo,UCGi0NdxX2B36hD6WxXdNhFA,1
UChZUonNFes,UCGi0NdxX2B36hD6WxXdNhFA,1
ZAtxK1ke8Dw,UCGi0NdxX2B36hD6WxXdNhFA,1
9I3G5sIvZb4,UC02tDemqzG7D4Ep3K4D4Ptw,1
B8UYSu0JOUw,UCGi0NdxX2B36hD6WxXdNhFA,1
1GLMRRscsKc,UCGi0NdxX2B36hD6WxXdNhFA,1
reXtsHQUg8M,UCGi0NdxX2B36hD6WxXdNhFA,1
BIwt9EqTklg,UC02tDemqzG7D4Ep3K4D4Ptw,1
mXWg_zXKuwY,UCZX5B1TcHWJKbwAQuYwEh_w,1
cVCh7F-hLyw,UCGi0NdxX2B36hD6WxXdNhFA,1
30S0mYfLqoY,UC02tDemqzG7D4Ep3K4D4Ptw,1
A5-XPK9-BzE,UCGi0NdxX2B36hD6WxXdNhFA,1
JBwbFQa_iZM,UC02tDemqzG7D4Ep3K4D4Ptw,1
l1NV4C6upoA,UCRrZWZ8p_Jvhjc8w2KW3EBg,2
HuvVWnmD9FY,UC6Wl77tvLJCAZDlzq2CWJhg,2
7i9MoVqtGzA,UCRu5CV_BaUwJ5QCnunHKvkg,2
EnoL8e_Wtkc,UCcca5ffHmgRrEwr-9IW-7Uw,2
-bpSGl-ExHg,UCghiByJ7oj0iu5phWfosLWw,2
bqpCjg_E57U,UCRrZWZ8p_Jvhjc8w2KW3EBg,2
-Ii8XfauJyE,UCVlOEP2q7meEoneD5qgeTxw,2
mqvP5zeexAw,UCg55rJ27zjuqod4Cv0ENqPQ,2
P75atazHOLs,UC3RYNOKIpKE_2P-5ZapWIYg,2
TBLhKuRCWys,UC6Wl77tvLJCAZDlzq2CWJhg,2
0m37PyLFEmQ,UCVlOEP2q7meEoneD5qgeTxw,2
g4Xx5v7sHlk,UCRu5CV_BaUwJ5QCnunHKvkg,2
q3J13EjXzCc,UCRrZWZ8p_Jvhjc8w2KW3EBg,2
HQs5XpXYnGU,UCRrZWZ8p_Jvhjc8w2KW3EBg,2
Yao7CH4Jejo,UCghiByJ7oj0iu5phWfosLWw,2
43DgrnX5egQ,UCawnfDlDlCLiu1ZTIkygc9w,2
50qaJ1JcYeI,UC3RYNOKIpKE_2P-5ZapWIYg,2
X1LRN32AqvQ,UC3RYNOKIpKE_2P-5ZapWIYg,2
uodgtl5C4Ak,UC6Wl77tvLJCAZDlzq2CWJhg,2
Y4dQgKPiVVQ,UCRrZWZ8p_Jvhjc8w2KW3EBg,2
zSnpDAHtMx8,UCRrZWZ8p_Jvhjc8w2KW3EBg,2
k8zSy0dyDqg,UCRu5CV_BaUwJ5QCnunHKvkg,2
B9nviTqPjkU,UCRnI8mSAO35rx7T4-BFLxtA,2
7Gi9MY7k8I8,UCghiByJ7oj0iu5phWfosLWw,2
IQppTQh_x0c,UCawnfDlDlCLiu1ZTIkygc9w,2
f0-bQVxnm7M,UCZhUolzN9vMdkjWrnT9DQ2A,2
GuAfLYZyOs8,UC6Wl77tvLJCAZDlzq2CWJhg,2
aFxuLH_5YAc,UCghiByJ7oj0iu5phWfosLWw,2
gSs-IxOg31I,UCawnfDlDlCLiu1ZTIkygc9w,2
inOuaSL-vQ8,UC3RYNOKIpKE_2P-5ZapWIYg,2
wPxK8OzxIXU,UCRu5CV_BaUwJ5QCnunHKvkg,2
sdvx3T8nrAk,UC6Wl77tvLJCAZDlzq2CWJhg,2
UAQdbD35ZSw,UCRu5CV_BaUwJ5QCnunHKvkg,2
FaL1ZfjEJ3o,UCghiByJ7oj0iu5phWfosLWw,2
_xQ4mBTPMTI,UCRrZWZ8p_Jvhjc8w2KW3EBg,2
90ib3Ggo0G0,UCRrZWZ8p_Jvhjc8w2KW3EBg,2
FagSCVDmXiw,UCRrZWZ8p_Jvhjc8w2KW3EBg,2
LQeBYBK4lFs,UC0XWC2_UZMkXPGn4bj0R2Uw,2
H5INwQ-0Hlc,UCawnfDlDlCLiu1ZTIkygc9w,2
NxF2h5q5ZuI,UC6Wl77tvLJCAZDlzq2CWJhg,2
_XQYaUAMCFs,UCsWwltHud8jAo7txdIOqMSg,2
ahgRJXqic-o,UCghiByJ7oj0iu5phWfosLWw,2
I7cXgzNhuXE,UC2zbpOnhs0PwkHza5mkpDYQ,2
61FJUg-8yJ0,UCZhUolzN9vMdkjWrnT9DQ2A,2
BpSDTgSYVEM,UCZhUolzN9vMdkjWrnT9DQ2A,2
Xmszu7XDaz8,UCZhUolzN9vMdkjWrnT9DQ2A,2
DVdyuAAWbmg,UC6Wl77tvLJCAZDlzq2CWJhg,2
Lj3hneTFLoM,UCghiByJ7oj0iu5phWfosLWw,2
Xu8SN0pImAU,UC9n3IgleIaFrJrp2hipGQpQ,2
4A2k9n0w0YM,UCRrZWZ8p_Jvhjc8w2KW3EBg,2
Uo9ire7SjpE,UCRrZWZ8p_Jvhjc8w2KW3EBg,2
UM2GIZI2UN0,UCawnfDlDlCLiu1ZTIkygc9w,2
2B8rnO-o78c,UC6Wl77tvLJCAZDlzq2CWJhg,2
qKZTkgAV7ZE,UCCyocdgwZVcIfnWzwhVEdLA,2
j3D8e7PbN1Q,UCghiByJ7oj0iu5phWfosLWw,2
IQ0MGNvpKhs,UC3RYNOKIpKE_2P-5ZapWIYg,2
kCEnI8VSrw0,UCRrZWZ8p_Jvhjc8w2KW3EBg,2
9DfE7a8Fou0,UC6Wl77tvLJCAZDlzq2CWJhg,2
DXOmMpHwZHo,UCghiByJ7oj0iu5phWfosLWw,2
Rd5-y9rAPj4,UC2zbpOnhs0PwkHza5mkpDYQ,2
qhfMoR43bgU,UC6Wl77tvLJCAZDlzq2CWJhg,2
hpkvowF8a0k,UCRu5CV_BaUwJ5QCnunHKvkg,2
qOn1-NpIMmc,UCghiByJ7oj0iu5phWfosLWw,2
5tXfQgi7pn0,UCZhUolzN9vMdkjWrnT9DQ2A,2
TU71aoPS4g0,UCawnfDlDlCLiu1ZTIkygc9w,2
bM-KVZLD7_4,UC3RYNOKIpKE_2P-5ZapWIYg,2
LdLVteXfzd8,UC3RYNOKIpKE_2P-5ZapWIYg,2
8-pCvSvmxVI,UC6Wl77tvLJCAZDlzq2CWJhg,2
lWCgKlIRpBk,UCsWwltHud8jAo7txdIOqMSg,2
9UPux8g-Kbo,UCghiByJ7oj0iu5phWfosLWw,2
ddGcAtozztk,UCg55rJ27zjuqod4Cv0ENqPQ,2
d13VcG6sXKI,UCZhUolzN9vMdkjWrnT9DQ2A,2
DlVCjsBMRxU,UCZhUolzN9vMdkjWrnT9DQ2A,2
ZoScm6M86BM,UCawnfDlDlCLiu1ZTIkygc9w,2
_6LLhPE3v9Y,UC3RYNOKIpKE_2P-5ZapWIYg,2
CGTztU2uP7Q,UCawnfDlDlCLiu1ZTIkygc9w,2
sGp1CfK7pL0,UC6Wl77tvLJCAZDlzq2CWJhg,2
CvfyEEUO_GE,UCRu5CV_BaUwJ5QCnunHKvkg,2
i-QBMLJMFhU,UCsWwltHud8jAo7txdIOqMSg,2
BXR_Iakszes,UC0XWC2_UZMkXPGn4bj0R2Uw,2
xclze-4BrBM,UCghiByJ7oj0iu5phWfosLWw,2
tpYP6_ARM_4,UCFZvDOxST9vb0nX-Z24YTaw,2
axndlLRCx0o,UCTCdn0QxSosQGnaAPgFrBcQ,2
IlijFqfuksY,UC6Wl77tvLJCAZDlzq2CWJhg,2
th93p8C12hY,UCghiByJ7oj0iu5phWfosLWw,2
UF_y-m9rOjI,UC2zbpOnhs0PwkHza5mkpDYQ,2
Xpitdid-pkU,UCawnfDlDlCLiu1ZTIkygc9w,2
f7XSINJpTCQ,UC3RYNOKIpKE_2P-5ZapWIYg,2
wFh7K8WtHUM,UC3RYNOKIpKE_2P-5ZapWIYg,2
XCfwLTKpJtE,UCRrZWZ8p_Jvhjc8w2KW3EBg,2
5PPWKktF_4E,UC6Wl77tvLJCAZDlzq2CWJhg,2
jmyz9HhrDKA,UCsWwltHud8jAo7txdIOqMSg,2
aMeo2CC3tG8,UCcca5ffHmgRrEwr-9IW-7Uw,2
5U-Ke2H7Iaw,UCghiByJ7oj0iu5phWfosLWw,2
36dCC2v34kU,UC6Wl77tvLJCAZDlzq2CWJhg,2
n4gTXFJ4ljE,UC6Wl77tvLJCAZDlzq2CWJhg,2
2JBNIU39NR0,UCsWwltHud8jAo7txdIOqMSg,2
Wd2qHlhYhcY,UC0XWC2_UZMkXPGn4bj0R2Uw,2
m3tPHwbwk5o,UCghiByJ7oj0iu5phWfosLWw,2
I5SsnXaPfMs,UCg55rJ27zjuqod4Cv0ENqPQ,2
HSJUOu4YvEk,UCawnfDlDlCLiu1ZTIkygc9w,2
OQNPe4YphJg,UC3RYNOKIpKE_2P-5ZapWIYg,2
2Nfao-JO0RE,UC6Wl77tvLJCAZDlzq2CWJhg,2
vzjcikaEbAI,UCRu5CV_BaUwJ5QCnunHKvkg,2
rjMWhBoRE1I,UCcca5ffHmgRrEwr-9IW-7Uw,2
wAfVqkyczWA,UCghiByJ7oj0iu5phWfosLWw,2
OrNIIrfZJFI,UCZhUolzN9vMdkjWrnT9DQ2A,2
zkhZOPS6EaE,UCRrZWZ8p_Jvhjc8w2KW3EBg,2
YkLwwGmwgbY,UC6Wl77tvLJCAZDlzq2CWJhg,2
R1ZF9s7fHig,UCRu5CV_BaUwJ5QCnunHKvkg,2
0AhnL0Wu87A,UCghiByJ7oj0iu5phWfosLWw,2
ZIfMcQ7vFP8,UC3RYNOKIpKE_2P-5ZapWIYg,2
phI3E98ZbJk,UC6Wl77tvLJCAZDlzq2CWJhg,2
uWhkXBaPYPk,UCRu5CV_BaUwJ5QCnunHKvkg,2
u4ngB5KOYLI,UCsWwltHud8jAo7txdIOqMSg,2
_OYv1GSAvKA,UCRrZWZ8p_Jvhjc8w2KW3EBg,2
zMmqlYI9_B4,UCghiByJ7oj0iu5phWfosLWw,2
X0IeR7-c9Vs,UCZhUolzN9vMdkjWrnT9DQ2A,2
A9UXHOXdMkg,UCawnfDlDlCLiu1ZTIkygc9w,2
Ipz7WihDh1k,UCRu5CV_BaUwJ5QCnunHKvkg,2
ByENguaL8fU,UC6Wl77tvLJCAZDlzq2CWJhg,2
ExZvraauInA,UCRu5CV_BaUwJ5QCnunHKvkg,2
uk64VBgrOsM,UCsWwltHud8jAo7txdIOqMSg,2
Y9ITj0EcZ5k,UC0XWC2_UZMkXPGn4bj0R2Uw,2
6vZacp3Sp80,UCghiByJ7oj0iu5phWfosLWw,2
jqjMRmMbAuo,UC3RYNOKIpKE_2P-5ZapWIYg,2
gnBGQRIpzeM,UC6Wl77tvLJCAZDlzq2CWJhg,2
CaSRTOa05mA,UCmsed0Kr1fPl-mvp6iM-_9g,2
KyyD1Y9pq40,UCghiByJ7oj0iu5phWfosLWw,2
qC3EZPxXfKM,UCmsed0Kr1fPl-mvp6iM-_9g,2
6LRysbJUOo8,UC2zbpOnhs0PwkHza5mkpDYQ,2
BFbaIGM5oFg,UCawnfDlDlCLiu1ZTIkygc9w,2
TywKYhwqeEw,UC6Wl77tvLJCAZDlzq2CWJhg,2
unjZgogLfhQ,UCsWwltHud8jAo7txdIOqMSg,2
xRqCmd4W5TE,UCghiByJ7oj0iu5phWfosLWw,2
NQrzcond-O8,UC0XWC2_UZMkXPGn4bj0R2Uw,2
m6_m5Wd1P0A,UC3RYNOKIpKE_2P-5ZapWIYg,2
HfzsvPjlCYo,UC3RYNOKIpKE_2P-5ZapWIYg,2
6eKM8wbPhmk,UCRrZWZ8p_Jvhjc8w2KW3EBg,2
XfW34giUBQw,UC6Wl77tvLJCAZDlzq2CWJhg,2
dBV44bRdpfs,UC3RYNOKIpKE_2P-5ZapWIYg,2
M5Mc6yLVW2c,UCsWwltHud8jAo7txdIOqMSg,2
srxOQ-knLeg,UCCyocdgwZVcIfnWzwhVEdLA,2
TFNTLfSGBKY,UCghiByJ7oj0iu5phWfosLWw,2
Vzensg0Yr-o,UCawnfDlDlCLiu1ZTIkygc9w,2
VF3O4geghU4,UC3RYNOKIpKE_2P-5ZapWIYg,2
b1aQ8Ow0jQ0,UC3RYNOKIpKE_2P-5ZapWIYg,2
LxF-23UtVyA,UC6Wl77tvLJCAZDlzq2CWJhg,2
RUsNsJBrOHQ,UCawnfDlDlCLiu1ZTIkygc9w,2
11SbypbjQVw,UC3RYNOKIpKE_2P-5ZapWIYg,2
aMAJfa8BnD0,UCRu5CV_BaUwJ5QCnunHKvkg,2
naVuTokG51I,UCsWwltHud8jAo7txdIOqMSg,2
EiU22R5S2TQ,UC3RYNOKIpKE_2P-5ZapWIYg,2
PmmF_6m0ypk,UC6Wl77tvLJCAZDlzq2CWJhg,2
cQkrc96CtRM,UCRrZWZ8p_Jvhjc8w2KW3EBg,2
Nvq9CtzA8jc,UCRu5CV_BaUwJ5QCnunHKvkg,2
ZoJ1Ea8Yd4c,UCcca5ffHmgRrEwr-9IW-7Uw,2
vtl-601Qxa0,UCghiByJ7oj0iu5phWfosLWw,2
S-u6860H3cM,UCRrZWZ8p_Jvhjc8w2KW3EBg,2
c9MiO4NoMIs,UC3RYNOKIpKE_2P-5ZapWIYg,2
P2fDiVwgWDE,UC6Wl77tvLJCAZDlzq2CWJhg,2
9VBFRiJ3e2k,UCawnfDlDlCLiu1ZTIkygc9w,2
QTwg83wYKWE,UCRu5CV_BaUwJ5QCnunHKvkg,2
qrtrNE0UJV0,UCghiByJ7oj0iu5phWfosLWw,2
AwqLn430z5k,UC6Wl77tvLJCAZDlzq2CWJhg,2
e_z_qgGT0Ss,UCZhUolzN9vMdkjWrnT9DQ2A,2
o2__1ZHwzAY,UC6Wl77tvLJCAZDlzq2CWJhg,2
A0SZ21LDV6M,UCRu5CV_BaUwJ5QCnunHKvkg,2
bt0SFiJas4c,UCRu5CV_BaUwJ5QCnunHKvkg,2
I3hq2wW0_qU,UCsWwltHud8jAo7txdIOqMSg,2
IPI0XobfgWg,UCRrZWZ8p_Jvhjc8w2KW3EBg,2
BgtvVLUN5Bk,UC0XWC2_UZMkXPGn4bj0R2Uw,2
2au6xv1ghwg,UCRrZWZ8p_Jvhjc8w2KW3EBg,2
FRiA_II6yno,UCghiByJ7oj0iu5phWfosLWw,2
kKWTz0pit6s,UCFZvDOxST9vb0nX-Z24YTaw,2
4xdEwrZ6qw8,UC3RYNOKIpKE_2P-5ZapWIYg,2
vY4_nhxGFUk,UCawnfDlDlCLiu1ZTIkygc9w,2
fkQWDNikjfI,UC3RYNOKIpKE_2P-5ZapWIYg,2
kaTUmvlpQ3s,UC3RYNOKIpKE_2P-5ZapWIYg,2
QwxMXlPqj6g,UC6Wl77tvLJCAZDlzq2CWJhg,2
S1GfAgTxscc,UCRu5CV_BaUwJ5QCnunHKvkg,2
iXZ-E7C9W3w,UCghiByJ7oj0iu5phWfosLWw,2
iUf5WedYwz8,UC0XWC2_UZMkXPGn4bj0R2Uw,2
adzzRhYNcF8,UC2zbpOnhs0PwkHza5mkpDYQ,2
XzLivlbKZQw,UC3RYNOKIpKE_2P-5ZapWIYg,2
cKOGKx_mxn0,UC6Wl77tvLJCAZDlzq2CWJhg,2
3h4i7bYQDDI,UCRu5CV_BaUwJ5QCnunHKvkg,2
cwXOKk_fonc,UCRnI8mSAO35rx7T4-BFLxtA,2
2ofBPam-85s,UCcca5ffHmgRrEwr-9IW-7Uw,2
RmRvIrz0YQE,UCghiByJ7oj0iu5phWfosLWw,2
EphalDlfaQQ,UC6Wl77tvLJCAZDlzq2CWJhg,2
7_ZYHaBw4_E,UCawnfDlDlCLiu1ZTIkygc9w,2
TnV7ECNoV0U,UC3RYNOKIpKE_2P-5ZapWIYg,2
QDnse6HPTNk,UCRrZWZ8p_Jvhjc8w2KW3EBg,2
syKfARXIDcU,UC6Wl77tvLJCAZDlzq2CWJhg,2
yZSeKGUdS_0,UCRu5CV_BaUwJ5QCnunHKvkg,2
ZfDQJgZEPD0,UCsWwltHud8jAo7txdIOqMSg,2
Tj8arLwsQ5M,UCghiByJ7oj0iu5phWfosLWw,2
PB_L7s5DveI,UC3RYNOKIpKE_2P-5ZapWIYg,2
nysIYkHCJ9M,UCawnfDlDlCLiu1ZTIkygc9w,2
OKSry0X9z2c,UC3RYNOKIpKE_2P-5ZapWIYg,2
GRcLwzgDjtc,UC6Wl77tvLJCAZDlzq2CWJhg,2
Y528f3vqk7g,UCRu5CV_BaUwJ5QCnunHKvkg,2
YkmncBo6Nvw,UCghiByJ7oj0iu5phWfosLWw,2
g6fHX2j3iW4,UCsWwltHud8jAo7txdIOqMSg,2
WVj5fF1aQ68,UCRrZWZ8p_Jvhjc8w2KW3EBg,2
wkLQMaSwoAs,UC6Wl77tvLJCAZDlzq2CWJhg,2
t94B8xKvKDQ,UCRu5CV_BaUwJ5QCnunHKvkg,2
_N1lQ9Avm9w,UCsWwltHud8jAo7txdIOqMSg,2
YI3x3D4i8FQ,UCRnI8mSAO35rx7T4-BFLxtA,2
uyou-LIjSt8,UCcca5ffHmgRrEwr-9IW-7Uw,2
CZY-E3eiu_0,UCghiByJ7oj0iu5phWfosLWw,2
JGTlZs9HKBE,UC0XWC2_UZMkXPGn4bj0R2Uw,2
CV-3ER67tz8,UC3RYNOKIpKE_2P-5ZapWIYg,2
c4HVy1-EeQk,UCsWwltHud8jAo7txdIOqMSg,2
3UCmHXagceQ,UC6Wl77tvLJCAZDlzq2CWJhg,2
73ndbSAdaRY,UCawnfDlDlCLiu1ZTIkygc9w,2
-90XF6d3FsE,UCRu5CV_BaUwJ5QCnunHKvkg,2
hyzfjDU_0hg,UCCyocdgwZVcIfnWzwhVEdLA,2
M5MdeXAkdcE,UCghiByJ7oj0iu5phWfosLWw,2
5xK3UX2Yu7k,UCawnfDlDlCLiu1ZTIkygc9w,2
vu7bAVtwFOw,UCRu5CV_BaUwJ5QCnunHKvkg,2
YANmcau7iFY,UC6Wl77tvLJCAZDlzq2CWJhg,2
NL5FblcrON4,UCRu5CV_BaUwJ5QCnunHKvkg,2
vZ5Mj_Jppm0,UCsWwltHud8jAo7txdIOqMSg,2
zhveTICQ6M4,UCcca5ffHmgRrEwr-9IW-7Uw,2
NMu4ejgx-sk,UC0XWC2_UZMkXPGn4bj0R2Uw,2
S40xjFJa0sQ,UCghiByJ7oj0iu5phWfosLWw,2
1kaBrVu8vqc,UCFZvDOxST9vb0nX-Z24YTaw,2
YzWRvIoiQH4,UCTCdn0QxSosQGnaAPgFrBcQ,2
kLW56cf7q7c,UC3RYNOKIpKE_2P-5ZapWIYg,2
-TuTgVdN5lc,UC3RYNOKIpKE_2P-5ZapWIYg,2
TDh6LzBDwMQ,UC6Wl77tvLJCAZDlzq2CWJhg,2
hLtHxdpcUR0,UCsWwltHud8jAo7txdIOqMSg,2
F7YkL6RvwEE,UCghiByJ7oj0iu5phWfosLWw,2
p_IIlLMYzSc,UC2zbpOnhs0PwkHza5mkpDYQ,2
gDUFRXOmwTs,UCawnfDlDlCLiu1ZTIkygc9w,2
czJGF4lqYMY,UC6Wl77tvLJCAZDlzq2CWJhg,2
QJFAeDrynvk,UCsWwltHud8jAo7txdIOqMSg,2
a_qTBvPN_Fs,UC0XWC2_UZMkXPGn4bj0R2Uw,2
H_Gi9Brl2f0,UCghiByJ7oj0iu5phWfosLWw,2
NJaiZHPJUjo,UC6Wl77tvLJCAZDlzq2CWJhg,2
AXV3-5sIAfs,UCawnfDlDlCLiu1ZTIkygc9w,2
v7ahu1_FVN8,UCZhUolzN9vMdkjWrnT9DQ2A,2
3WkQx_cyFZc,UCZhUolzN9vMdkjWrnT9DQ2A,2
M62fiPyW0KY,UCZhUolzN9vMdkjWrnT9DQ2A,2
SGgrNphJppc,UC6Wl77tvLJCAZDlzq2CWJhg,2
lADYHfNsLWU,UCRu5CV_BaUwJ5QCnunHKvkg,2
_e2ieTzjk2Q,UCsWwltHud8jAo7txdIOqMSg,2
X_nQZULPR94,UC0XWC2_UZMkXPGn4bj0R2Uw,2
Iq7n6nHNYfM,UCghiByJ7oj0iu5phWfosLWw,2
wLd7ODsv3Ng,UCZhUolzN9vMdkjWrnT9DQ2A,2
H3nuu8blmc0,UCawnfDlDlCLiu1ZTIkygc9w,2
ozw1x1wGebg,UC6Wl77tvLJCAZDlzq2CWJhg,2
H2SoRU3TsZw,UCRu5CV_BaUwJ5QCnunHKvkg,2
E1icJFWf3NU,UCsWwltHud8jAo7txdIOqMSg,2
E4Lh_RXOK6o,UCcca5ffHmgRrEwr-9IW-7Uw,2
2pbNbKJz8v8,UCghiByJ7oj0iu5phWfosLWw,2
IlBSmboQqE8,UC3RYNOKIpKE_2P-5ZapWIYg,2
DfyxqaH2uQk,UC3RYNOKIpKE_2P-5ZapWIYg,2
oJrg0qRXl2w,UC6Wl77tvLJCAZDlzq2CWJhg,2
nkC-UInptzQ,UCRu5CV_BaUwJ5QCnunHKvkg,2
_lA6mYDuAnM,UCghiByJ7oj0iu5phWfosLWw,2
PYx-VRrnXt0,UCawnfDlDlCLiu1ZTIkygc9w,2
dbQHY1wIkDM,UC6Wl77tvLJCAZDlzq2CWJhg,2
W_5B3NL2bm8,UCRu5CV_BaUwJ5QCnunHKvkg,2
JJaumJIIgbU,UCghiByJ7oj0iu5phWfosLWw,2
8bh9ei8vOjg,UCawnfDlDlCLiu1ZTIkygc9w,2
UaTMhtHq5vE,UC3RYNOKIpKE_2P-5ZapWIYg,2
CEiBf4eMnYs,UC3RYNOKIpKE_2P-5ZapWIYg,2
kA_1xxhEjCw,UC6Wl77tvLJCAZDlzq2CWJhg,2
aQbmCxbMGzQ,UCRu5CV_BaUwJ5QCnunHKvkg,2
Yy8RbcCvZIA,UCRu5CV_BaUwJ5QCnunHKvkg,2
TySsmgFTy-c,UCsWwltHud8jAo7txdIOqMSg,2
cqpP6HVq-HI,UCghiByJ7oj0iu5phWfosLWw,2
V1I53JJX8Nw,UC0XWC2_UZMkXPGn4bj0R2Uw,2
SiNKH7iPfLw,UC6Wl77tvLJCAZDlzq2CWJhg,2
MstHsEQw4kA,UCcca5ffHmgRrEwr-9IW-7Uw,2
Kr3eHGpeqPk,UCghiByJ7oj0iu5phWfosLWw,2
wOKiQKvM2gg,UC6Wl77tvLJCAZDlzq2CWJhg,2
XiJk1NLQ8is,UCawnfDlDlCLiu1ZTIkygc9w,2
ZNKlfkoWbeM,UC3RYNOKIpKE_2P-5ZapWIYg,2
XVFcUBD6eq0,UC6Wl77tvLJCAZDlzq2CWJhg,2
XLNRKgQPplI,UCRu5CV_BaUwJ5QCnunHKvkg,2
5t7SQYM1gfo,UCghiByJ7oj0iu5phWfosLWw,2
WKfWDKTh81w,UC3RYNOKIpKE_2P-5ZapWIYg,2
XoFHKhxVfDU,UC3RYNOKIpKE_2P-5ZapWIYg,2
AxLSd4N7JEU,UCRrZWZ8p_Jvhjc8w2KW3EBg,2
qNxunQaiT1E,UC6Wl77tvLJCAZDlzq2CWJhg,2
B8iDcmRfGOg,UCRu5CV_BaUwJ5QCnunHKvkg,2
4yTT57TXs68,UCghiByJ7oj0iu5phWfosLWw,2
oqlnbbaRIc4,UCawnfDlDlCLiu1ZTIkygc9w,2
CNAaHKL9bvA,UC6Wl77tvLJCAZDlzq2CWJhg,2
P25DA7L5Dmc,UCsWwltHud8jAo7txdIOqMSg,2
-bPJeN_Mzdo,UCRu5CV_BaUwJ5QCnunHKvkg,2
sUVIrqOee6o,UC2zbpOnhs0PwkHza5mkpDYQ,2
NYq_uZbvUdw,UCCyocdgwZVcIfnWzwhVEdLA,2
QMqyRv5d3l0,UCghiByJ7oj0iu5phWfosLWw,2
BxTcRZ-7kNA,UC3RYNOKIpKE_2P-5ZapWIYg,2
IRlGoKtiwXc,UC3RYNOKIpKE_2P-5ZapWIYg,2
oKxFyNTMsmU,UC6Wl77tvLJCAZDlzq2CWJhg,2
mjkmy7No65s,UCcca5ffHmgRrEwr-9IW-7Uw,2
T9ZyPtIBYMQ,UCghiByJ7oj0iu5phWfosLWw,2
bqwhZf4s1EY,UCRu5CV_BaUwJ5QCnunHKvkg,2
qSBZQepQZbY,UCawnfDlDlCLiu1ZTIkygc9w,2
Udo7zwUA23U,UC6Wl77tvLJCAZDlzq2CWJhg,2
r6DBAehy2x8,UCRu5CV_BaUwJ5QCnunHKvkg,2
yb2xfmcRZxM,UCghiByJ7oj0iu5phWfosLWw,2
zh4cepNijOQ,UCFZvDOxST9vb0nX-Z24YTaw,2
v-jeWVg6df4,UCawnfDlDlCLiu1ZTIkygc9w,2
dhTv4CP5lVA,UC3RYNOKIpKE_2P-5ZapWIYg,2
yHzYs_Egw4A,UCRu5CV_BaUwJ5QCnunHKvkg,2
G1DadPDNnK8,UC6Wl77tvLJCAZDlzq2CWJhg,2
USGEXdCpUSc,UCRu5CV_BaUwJ5QCnunHKvkg,2
AHdMprA8TIU,UCsWwltHud8jAo7txdIOqMSg,2
soePGVjOp5A,UCghiByJ7oj0iu5phWfosLWw,2
_tQT9IXX4sE,UC0XWC2_UZMkXPGn4bj0R2Uw,2
2TavslfUrW0,UCTCdn0QxSosQGnaAPgFrBcQ,2
Vh951pqeJSk,UC3RYNOKIpKE_2P-5ZapWIYg,2
e7oapffHM2k,UC6Wl77tvLJCAZDlzq2CWJhg,2
heHboqbBZec,UCghiByJ7oj0iu5phWfosLWw,2
lc47KHuPIMY,UCawnfDlDlCLiu1ZTIkygc9w,2
_OSfaDqi7Mw,UC6Wl77tvLJCAZDlzq2CWJhg,2
g0Jpy18cxOo,UCghiByJ7oj0iu5phWfosLWw,2
EbajbP5A8U8,UCawnfDlDlCLiu1ZTIkygc9w,2
MrzYPFS6tOI,UC3RYNOKIpKE_2P-5ZapWIYg,2
99JNNqnm9pk,UC3RYNOKIpKE_2P-5ZapWIYg,2
g5Guxba3SRQ,UCRrZWZ8p_Jvhjc8w2KW3EBg,2
XG9-NqVuxQw,UC6Wl77tvLJCAZDlzq2CWJhg,2
TAWl30YouGI,UCRu5CV_BaUwJ5QCnunHKvkg,2
-AC9EH10shU,UCcca5ffHmgRrEwr-9IW-7Uw,2
rVSOGUzjYHY,UCghiByJ7oj0iu5phWfosLWw,2
ri7h92yJ2yg,UC6Wl77tvLJCAZDlzq2CWJhg,2
1LgR7jeE320,UC6Wl77tvLJCAZDlzq2CWJhg,2
rl90PWT5wFQ,UCghiByJ7oj0iu5phWfosLWw,2
dIRmlcH5RME,UC2zbpOnhs0PwkHza5mkpDYQ,2
Qt-V_Kr9Kwc,UCVlOEP2q7meEoneD5qgeTxw,2
mYu4Dh4W8TI,UCZhUolzN9vMdkjWrnT9DQ2A,2
Olyr-u9D9c0,UC6Wl77tvLJCAZDlzq2CWJhg,2
X6ePXQoKbNI,UCRu5CV_BaUwJ5QCnunHKvkg,2
dO6ZmosukPw,UCghiByJ7oj0iu5phWfosLWw,2
A_ZGALc084k,UCVlOEP2q7meEoneD5qgeTxw,2
gi0Wr15pyU4,UC3RYNOKIpKE_2P-5ZapWIYg,2
dAyOLJSscqA,UC3RYNOKIpKE_2P-5ZapWIYg,2
afTsEE3mw_U,UC6Wl77tvLJCAZDlzq2CWJhg,2
hdNGzPZq1TM,UC0XWC2_UZMkXPGn4bj0R2Uw,2
E5nixtBhXcs,UCghiByJ7oj0iu5phWfosLWw,2
TaQXedE6WRc,UCawnfDlDlCLiu1ZTIkygc9w,2
wYzXR1Ich_I,UC3RYNOKIpKE_2P-5ZapWIYg,2
LC9bdilfMIo,UC3RYNOKIpKE_2P-5ZapWIYg,2
rK-fn0RfR3g,UCRu5CV_BaUwJ5QCnunHKvkg,2
V0JDXsjtuuE,UC6Wl77tvLJCAZDlzq2CWJhg,2
qtIo4hDHH5M,UCRu5CV_BaUwJ5QCnunHKvkg,2
FHloyWMpQYk,UCsWwltHud8jAo7txdIOqMSg,2
CLgGy_hGWjE,UCg55rJ27zjuqod4Cv0ENqPQ,2
TvsXFVN4pMg,UCghiByJ7oj0iu5phWfosLWw,2
vccWiaZ5ekk,UC3RYNOKIpKE_2P-5ZapWIYg,2
-xR6W9JSR14,UC6Wl77tvLJCAZDlzq2CWJhg,2
BJ2K683Mc5k,UCRu5CV_BaUwJ5QCnunHKvkg,2
z-Ig5JqimfU,UCghiByJ7oj0iu5phWfosLWw,2
wn2oFj44wDA,UC9n3IgleIaFrJrp2hipGQpQ,2
v8vJBIP2cE8,UC2zbpOnhs0PwkHza5mkpDYQ,2
9PIpC1mPOJE,UC3RYNOKIpKE_2P-5ZapWIYg,2
Xi2cj1knCsg,UCawnfDlDlCLiu1ZTIkygc9w,2
s6AD3-SJMG0,UC3RYNOKIpKE_2P-5ZapWIYg,2
E4VOtM7TWGo,UC3RYNOKIpKE_2P-5ZapWIYg,2
W5Ju4Xqyg_c,UC6Wl77tvLJCAZDlzq2CWJhg,2
enSZlJYYs3E,UCRu5CV_BaUwJ5QCnunHKvkg,2
fwEG706H0AA,UCghiByJ7oj0iu5phWfosLWw,2
iLVsb2N6ovQ,UCFZvDOxST9vb0nX-Z24YTaw,2
Z1bp3n-VXok,UCRrZWZ8p_Jvhjc8w2KW3EBg,2
has_8HGvIHU,UC6Wl77tvLJCAZDlzq2CWJhg,2
Jx9aohibqR4,UCRu5CV_BaUwJ5QCnunHKvkg,2
4Usyrctrsv0,UCcca5ffHmgRrEwr-9IW-7Uw,2
SZsdUs9SXlI,UCCyocdgwZVcIfnWzwhVEdLA,2
l1RIChFToxo,UCghiByJ7oj0iu5phWfosLWw,2
08rH3-u9GGM,UC0XWC2_UZMkXPGn4bj0R2Uw,2
i1aylQTfHi0,UCawnfDlDlCLiu1ZTIkygc9w,2
pP-qNXvlovQ,UC6Wl77tvLJCAZDlzq2CWJhg,2
7TEbjJQt15s,UCRu5CV_BaUwJ5QCnunHKvkg,2
H0p2ksh5i20,UCRnI8mSAO35rx7T4-BFLxtA,2
LYd-z47754I,UCghiByJ7oj0iu5phWfosLWw,2
V5bS9eZltAE,UC2zbpOnhs0PwkHza5mkpDYQ,2
wVJCoUOO3Go,UC6Wl77tvLJCAZDlzq2CWJhg,2
flK70jqKFDo,UC3RYNOKIpKE_2P-5ZapWIYg,2
ZKnDLNp5tTE,UC3RYNOKIpKE_2P-5ZapWIYg,2
7v8CN3Sawqo,UC6Wl77tvLJCAZDlzq2CWJhg,2
cBIFN5neWJ0,UCRu5CV_BaUwJ5QCnunHKvkg,2
fPe5kM6_tq4,UCghiByJ7oj0iu5phWfosLWw,2
LL54hiW5jc0,UC6Wl77tvLJCAZDlzq2CWJhg,2
_yarV2001rw,UCawnfDlDlCLiu1ZTIkygc9w,2
pzlrFt94nj0,UCRu5CV_BaUwJ5QCnunHKvkg,2
aHiMK-VMD-0,UCZhUolzN9vMdkjWrnT9DQ2A,2
JbWEbYjVLP4,UCZhUolzN9vMdkjWrnT9DQ2A,2
b5ZBjdjazms,UCghiByJ7oj0iu5phWfosLWw,2
XeL9y4llQDY,UC0XWC2_UZMkXPGn4bj0R2Uw,2
1Rf7YVOFw8Q,UC3RYNOKIpKE_2P-5ZapWIYg,2
ByM0VAXd24k,UC3RYNOKIpKE_2P-5ZapWIYg,2
pGdc4dV0DFo,UCRrZWZ8p_Jvhjc8w2KW3EBg,2
IeriP9MQLoM,UCRu5CV_BaUwJ5QCnunHKvkg,2
8y8ShJN6NNM,UC6Wl77tvLJCAZDlzq2CWJhg,2
o4T5A_Vgxho,UCRu5CV_BaUwJ5QCnunHKvkg,2
a7sGGpEhN-I,UCcca5ffHmgRrEwr-9IW-7Uw,2
W4Tuw6oTdX8,UCghiByJ7oj0iu5phWfosLWw,2
XtbKmbTGenE,UC0XWC2_UZMkXPGn4bj0R2Uw,2
-qd7sqiYqFo,UCawnfDlDlCLiu1ZTIkygc9w,2
0ERSH20_RHQ,UCZhUolzN9vMdkjWrnT9DQ2A,2
eB45iLbOyPc,UC6Wl77tvLJCAZDlzq2CWJhg,2
T2faXp9GJic,UCsWwltHud8jAo7txdIOqMSg,2
3D85aq4oV8M,UCghiByJ7oj0iu5phWfosLWw,2
oS3k_qclEP4,UC6Wl77tvLJCAZDlzq2CWJhg,2
vQcYRafQzqo,UC2zbpOnhs0PwkHza5mkpDYQ,2
ZSuM8Kqiya4,UC3RYNOKIpKE_2P-5ZapWIYg,2
ztbl-xR9KS4,UC3RYNOKIpKE_2P-5ZapWIYg,2
x_WcVJbKtuc,UC6Wl77tvLJCAZDlzq2CWJhg,2
aEfZtu-jrzY,UC0XWC2_UZMkXPGn4bj0R2Uw,2
96i4v08QnN8,UCghiByJ7oj0iu5phWfosLWw,2
E3EuVmMupbg,UCawnfDlDlCLiu1ZTIkygc9w,2
9cykzFtzWmU,UCRrZWZ8p_Jvhjc8w2KW3EBg,2
OxIUvNCFp0s,UC6Wl77tvLJCAZDlzq2CWJhg,2
u__IRWwpWE4,UCRu5CV_BaUwJ5QCnunHKvkg,2
LWTaAB7wero,UCghiByJ7oj0iu5phWfosLWw,2
uBWEEP3WsyQ,UC0XWC2_UZMkXPGn4bj0R2Uw,2
2dTl074eSvg,UC3RYNOKIpKE_2P-5ZapWIYg,2
1FNAZW-Pwsw,UC3RYNOKIpKE_2P-5ZapWIYg,2
Eq5I6QRueDE,UC6Wl77tvLJCAZDlzq2CWJhg,2
d9byZAfySZI,UCRu5CV_BaUwJ5QCnunHKvkg,2
iYJpQ_fuDjw,UCghiByJ7oj0iu5phWfosLWw,2
QhdIoDE4Aec,UC2zbpOnhs0PwkHza5mkpDYQ,2
8RKhd6B2MfM,UC6Wl77tvLJCAZDlzq2CWJhg,2
7MPipFvfqyU,UCRu5CV_BaUwJ5QCnunHKvkg,2
FgDVcjxROmI,UCmsed0Kr1fPl-mvp6iM-_9g,2
MR5owLgwkVU,UCcca5ffHmgRrEwr-9IW-7Uw,2
4z8YeUnO6AM,UCghiByJ7oj0iu5phWfosLWw,2
SNEPTNV-7w0,UC3RYNOKIpKE_2P-5ZapWIYg,2
eQgXXKtvHRs,UC3RYNOKIpKE_2P-5ZapWIYg,2
c7g8X11ZvIk,UC6Wl77tvLJCAZDlzq2CWJhg,2
T761FswOh3Q,UCRu5CV_BaUwJ5QCnunHKvkg,2
qpUXvelW_Fo,UC0XWC2_UZMkXPGn4bj0R2Uw,2
0KjEpC8Fgio,UCFZvDOxST9vb0nX-Z24YTaw,2
XsT9KbRjKak,UCghiByJ7oj0iu5phWfosLWw,2
haZA5FFviII,UC3RYNOKIpKE_2P-5ZapWIYg,2
I0Mm5xTgWIc,UCRu5CV_BaUwJ5QCnunHKvkg,2
GQJCD_ueIWQ,UC6Wl77tvLJCAZDlzq2CWJhg,2
IlBxSir8n7A,UCRu5CV_BaUwJ5QCnunHKvkg,2
HYFpJfHKc7U,UCsWwltHud8jAo7txdIOqMSg,2
qCE1daRB-2c,UCghiByJ7oj0iu5phWfosLWw,2
SbHGPtrhh8s,UC6Wl77tvLJCAZDlzq2CWJhg,2
7L2Ak02VcVA,UC3RYNOKIpKE_2P-5ZapWIYg,2
WjtGvcfsh5I,UCghiByJ7oj0iu5phWfosLWw,2
_gdFtYMBL3I,UCCyocdgwZVcIfnWzwhVEdLA,2
4gt0AQ_qDMU,UCcca5ffHmgRrEwr-9IW-7Uw,2
GNvrOiL228w,UC2zbpOnhs0PwkHza5mkpDYQ,2
LsQqraaLihQ,UCawnfDlDlCLiu1ZTIkygc9w,2
TALIkN58Xhg,UC3RYNOKIpKE_2P-5ZapWIYg,2
Ibj0E5nZ9k4,UC3RYNOKIpKE_2P-5ZapWIYg,2
3mpeYjh1WAs,UCRrZWZ8p_Jvhjc8w2KW3EBg,2
Ou4Rnz3Vp3o,UC6Wl77tvLJCAZDlzq2CWJhg,2
8-cQMyzKCGY,UCghiByJ7oj0iu5phWfosLWw,2
p6PhWVaLmEU,UCZhUolzN9vMdkjWrnT9DQ2A,2
jJopnPWbF8k,UC6Wl77tvLJCAZDlzq2CWJhg,2
HlmZmNtsI44,UCsWwltHud8jAo7txdIOqMSg,2
s3fijHdK6a8,UCghiByJ7oj0iu5phWfosLWw,2
zOStC1TxHvE,UCawnfDlDlCLiu1ZTIkygc9w,2
tfXdrZcp9RM,UC3RYNOKIpKE_2P-5ZapWIYg,2
FVYYbbvIbfg,UC3RYNOKIpKE_2P-5ZapWIYg,2
gnHkcAGim3w,UC6Wl77tvLJCAZDlzq2CWJhg,2
e5joOLxk-XQ,UCghiByJ7oj0iu5phWfosLWw,2
rjlf-q8U1nA,UC6Wl77tvLJCAZDlzq2CWJhg,2
62UuGVbWTyY,UCghiByJ7oj0iu5phWfosLWw,2
bKx4vY-5VUo,UC6Wl77tvLJCAZDlzq2CWJhg,2
w8S8ANVkdvs,UCawnfDlDlCLiu1ZTIkygc9w,2
sqo8a59yypU,UC3RYNOKIpKE_2P-5ZapWIYg,2
N0v4RTFqDWE,UC3RYNOKIpKE_2P-5ZapWIYg,2
HQ5WTnQQ9ck,UC6Wl77tvLJCAZDlzq2CWJhg,2
0s3JkSqA4a8,UCRu5CV_BaUwJ5QCnunHKvkg,2
5S6dFusDHQg,UC0XWC2_UZMkXPGn4bj0R2Uw,2
9K90ca-CVLM,UC8rPkG068jFlejCMBDH582w,2
9YTM8Zn7jKk,UCghiByJ7oj0iu5phWfosLWw,2
ba9XISSNs3s,UCRu5CV_BaUwJ5QCnunHKvkg,2
G4g6NJseqqk,UC6Wl77tvLJCAZDlzq2CWJhg,2
3wAZ6SxQfCY,UCRu5CV_BaUwJ5QCnunHKvkg,2
Yud8AsP4Yq8,UCsWwltHud8jAo7txdIOqMSg,2
C0L9LqZwD1U,UC0XWC2_UZMkXPGn4bj0R2Uw,2
EPkEGTsCJ9Q,UCghiByJ7oj0iu5phWfosLWw,2
zAE9AHGelr4,UCTCdn0QxSosQGnaAPgFrBcQ,2
HkfbBYdzTko,UCawnfDlDlCLiu1ZTIkygc9w,2
v5I7CIchYIs,UC3RYNOKIpKE_2P-5ZapWIYg,2
1Gbh37Yz_bA,UC3RYNOKIpKE_2P-5ZapWIYg,2
Enb6XsyycNg,UC6Wl77tvLJCAZDlzq2CWJhg,2
QCdEDdLgM6k,UCcca5ffHmgRrEwr-9IW-7Uw,2
LO_B-doTzK0,UCghiByJ7oj0iu5phWfosLWw,2
-T2Or7hvkio,UC2zbpOnhs0PwkHza5mkpDYQ,2
YBz4xM2sboo,UC0XWC2_UZMkXPGn4bj0R2Uw,2
8H2zS0FLrPA,UCZhUolzN9vMdkjWrnT9DQ2A,2
LgBJiL3LpYc,UCZhUolzN9vMdkjWrnT9DQ2A,2
1hYfY7-wFmo,UCZhUolzN9vMdkjWrnT9DQ2A,2
NqHSHOugUbI,UCZhUolzN9vMdkjWrnT9DQ2A,2
5dZDwU1WZRU,UCZhUolzN9vMdkjWrnT9DQ2A,2
tC2nYrPiJ94,UC3RYNOKIpKE_2P-5ZapWIYg,2
RttrFjF2VVQ,UC6Wl77tvLJCAZDlzq2CWJhg,2
DtCH3t2RRkU,UCghiByJ7oj0iu5phWfosLWw,2
1j8mNvH1AX0,UC0XWC2_UZMkXPGn4bj0R2Uw,2
L33jwoXd030,UCg55rJ27zjuqod4Cv0ENqPQ,2
_kWbf2g99H0,UCFZvDOxST9vb0nX-Z24YTaw,2
ggYt6jAheXk,UCawnfDlDlCLiu1ZTIkygc9w,2
rDmowvsXUxE,UC3RYNOKIpKE_2P-5ZapWIYg,2
cJKua6aA2vw,UC3RYNOKIpKE_2P-5ZapWIYg,2
1-fH8IXjJzs,UCRrZWZ8p_Jvhjc8w2KW3EBg,2
9jtOPgkAtCg,UC6Wl77tvLJCAZDlzq2CWJhg,2
qh710rCnM54,UCRu5CV_BaUwJ5QCnunHKvkg,2
TEOtWFjoYMc,UCRnI8mSAO35rx7T4-BFLxtA,2
FCSEN8fhNVM,UCsWwltHud8jAo7txdIOqMSg,2
fTPmjHoXNu4,UCghiByJ7oj0iu5phWfosLWw,2
f7v4TGDsVGE,UC0XWC2_UZMkXPGn4bj0R2Uw,2
LQNkzP-00Yw,UCRu5CV_BaUwJ5QCnunHKvkg,2
VwoJVeuwyOY,UC3RYNOKIpKE_2P-5ZapWIYg,2
pc-3QtHE76k,UC6Wl77tvLJCAZDlzq2CWJhg,2
UCnL6zvUn6U,UC0XWC2_UZMkXPGn4bj0R2Uw,2
MtzqjoLdE-Q,UCghiByJ7oj0iu5phWfosLWw,2
MnBQ61opDkI,UCVlOEP2q7meEoneD5qgeTxw,2
V3oO2jyVyF8,UCRu5CV_BaUwJ5QCnunHKvkg,2
zwYTm2V9zGI,UCcca5ffHmgRrEwr-9IW-7Uw,2
3gotyufZAHM,UC3RYNOKIpKE_2P-5ZapWIYg,2
2cV46Hm80rI,UC6Wl77tvLJCAZDlzq2CWJhg,2
-rxxLoZ4voY,UCcca5ffHmgRrEwr-9IW-7Uw,2
hp_yi0h1QmA,UCghiByJ7oj0iu5phWfosLWw,2
8CVnknmi4FA,UCcca5ffHmgRrEwr-9IW-7Uw,2
coRmsflvQ4o,UCawnfDlDlCLiu1ZTIkygc9w,2
vZnDVhycxp8,UC3RYNOKIpKE_2P-5ZapWIYg,2
39lQ2qNYEiE,UC6Wl77tvLJCAZDlzq2CWJhg,2
XxbCXQ2ArKM,UCghiByJ7oj0iu5phWfosLWw,2
3V9kFpFjPk4,UC6Wl77tvLJCAZDlzq2CWJhg,2
nNRNYsC0Eaw,UCRu5CV_BaUwJ5QCnunHKvkg,2
MWztgXKJ4Xg,UCsWwltHud8jAo7txdIOqMSg,2
yoPahlc7WNs,UCghiByJ7oj0iu5phWfosLWw,2
p3Gr6N7JbH0,UC0XWC2_UZMkXPGn4bj0R2Uw,2
TdJHro2b4oI,UCTCdn0QxSosQGnaAPgFrBcQ,2
yEczKoBZmCY,UC3RYNOKIpKE_2P-5ZapWIYg,2
hOKd0CvalkY,UC6Wl77tvLJCAZDlzq2CWJhg,2
LySAm7_kWS8,UCghiByJ7oj0iu5phWfosLWw,2
Np1Ikk26gPU,UC2zbpOnhs0PwkHza5mkpDYQ,2
hMwNQCwoXS4,UCawnfDlDlCLiu1ZTIkygc9w,2
d0BOUMbh8-Y,UC6Wl77tvLJCAZDlzq2CWJhg,2
ear7MlA5Jes,UCcca5ffHmgRrEwr-9IW-7Uw,2
tH1CC-8xC0U,UCghiByJ7oj0iu5phWfosLWw,2
F0O8APfTpEA,UC0XWC2_UZMkXPGn4bj0R2Uw,2
3WD7aMnR0ec,UC3RYNOKIpKE_2P-5ZapWIYg,2
sYcWAi_L6dU,UC3RYNOKIpKE_2P-5ZapWIYg,2
Sz8blvI3kLw,UC3RYNOKIpKE_2P-5ZapWIYg,2
XSG4-V3RWwA,UC6Wl77tvLJCAZDlzq2CWJhg,2
_Gu8WhzNPrM,UCsWwltHud8jAo7txdIOqMSg,2
vP1ENDGGS-0,UCcca5ffHmgRrEwr-9IW-7Uw,2
iIa2IfUqErw,UCghiByJ7oj0iu5phWfosLWw,2
rR6drlTUNcY,UCZhUolzN9vMdkjWrnT9DQ2A,2
7510B4AwgTk,UCZhUolzN9vMdkjWrnT9DQ2A,2
8PR_D6YOr2w,UCZhUolzN9vMdkjWrnT9DQ2A,2
cVx2EHmhFEo,UCawnfDlDlCLiu1ZTIkygc9w,2
pAo87xrcnSI,UCRrZWZ8p_Jvhjc8w2KW3EBg,2
jqI1l1YbxVY,UC6Wl77tvLJCAZDlzq2CWJhg,2
4fWPe0TZH9Y,UCRnI8mSAO35rx7T4-BFLxtA,2
-9ugAVEb8wA,UCghiByJ7oj0iu5phWfosLWw,2
GpmUpMYNhnE,UC2zbpOnhs0PwkHza5mkpDYQ,2
zGTPHAhijo0,UCawnfDlDlCLiu1ZTIkygc9w,2
gcDSEunc87s,UC3RYNOKIpKE_2P-5ZapWIYg,2
K8g0ks0_CMc,UC3RYNOKIpKE_2P-5ZapWIYg,2
0epyitxDqSw,UC6Wl77tvLJCAZDlzq2CWJhg,2
g2GasGrQtvA,UCghiByJ7oj0iu5phWfosLWw,2
hbnrZUPCKlM,UCawnfDlDlCLiu1ZTIkygc9w,2
XwvyRA1tisI,UC6Wl77tvLJCAZDlzq2CWJhg,2
q7uMGM8SDwg,UCghiByJ7oj0iu5phWfosLWw,2
D0gZeRTTRGc,UCFZvDOxST9vb0nX-Z24YTaw,2
S2dDtv2QJX8,UCTCdn0QxSosQGnaAPgFrBcQ,2
wTKAJ9wp5uY,UCawnfDlDlCLiu1ZTIkygc9w,2
tNS6hzDSq_o,UC3RYNOKIpKE_2P-5ZapWIYg,2
f7MIVaOMgw0,UC3RYNOKIpKE_2P-5ZapWIYg,2
l-cE1oLs9ag,UC6Wl77tvLJCAZDlzq2CWJhg,2
cLnObqpsF7A,UCRu5CV_BaUwJ5QCnunHKvkg,2
ltqusRAwbRM,UCsWwltHud8jAo7txdIOqMSg,2
ri8LMSzerbM,UCghiByJ7oj0iu5phWfosLWw,2
k0ykIX9uDMM,UC0XWC2_UZMkXPGn4bj0R2Uw,2
s1LNYigbT6Q,UC3RYNOKIpKE_2P-5ZapWIYg,2
8faxEDBeB-M,UC3RYNOKIpKE_2P-5ZapWIYg,2
EbRIfDIs24E,UC6Wl77tvLJCAZDlzq2CWJhg,2
D__YLr7HTfk,UC0XWC2_UZMkXPGn4bj0R2Uw,2
e6ltDiN9kj0,UCZhUolzN9vMdkjWrnT9DQ2A,2
Knflf1os0GM,UCZhUolzN9vMdkjWrnT9DQ2A,2
19hgnCwa1Xs,UCghiByJ7oj0iu5phWfosLWw,2
HHNG5H0Ein4,UC2zbpOnhs0PwkHza5mkpDYQ,2
WQxJXM__fcs,UCawnfDlDlCLiu1ZTIkygc9w,2
y1norh1jHtk,UC6Wl77tvLJCAZDlzq2CWJhg,2
vnVf7LF2omo,UCcca5ffHmgRrEwr-9IW-7Uw,2
f-y8QTooDl8,UCghiByJ7oj0iu5phWfosLWw,2
_UQDdPmlt10,UC3RYNOKIpKE_2P-5ZapWIYg,2
aE9XbNs1nJU,UC3RYNOKIpKE_2P-5ZapWIYg,2
G36P3W3pJPg,UC3RYNOKIpKE_2P-5ZapWIYg,2
9b14uvXz4vc,UC6Wl77tvLJCAZDlzq2CWJhg,2
AE1yJzsp5G0,UCsWwltHud8jAo7txdIOqMSg,2
Yiu098yezIk,UCRnI8mSAO35rx7T4-BFLxtA,2
tNSAZizO2g8,UCghiByJ7oj0iu5phWfosLWw,2
vZNrLA1cSb4,UC2zbpOnhs0PwkHza5mkpDYQ,2
m2oAeKBG7UQ,UCawnfDlDlCLiu1ZTIkygc9w,2
NdS5OZ_T3Eg,UCRrZWZ8p_Jvhjc8w2KW3EBg,2
YOHKxAPssNo,UC6Wl77tvLJCAZDlzq2CWJhg,2
UxiKtCw3C3Q,UCcca5ffHmgRrEwr-9IW-7Uw,2
sJUihDuCuM8,UCghiByJ7oj0iu5phWfosLWw,2
k0Qdjq3FT-0,UC0XWC2_UZMkXPGn4bj0R2Uw,2
KbXMMDlLXXY,UCZhUolzN9vMdkjWrnT9DQ2A,2
BAWpJD5ArX8,UC6Wl77tvLJCAZDlzq2CWJhg,2
NfttscRRnMc,UCmsed0Kr1fPl-mvp6iM-_9g,2
BR5tLax9ooc,UCcca5ffHmgRrEwr-9IW-7Uw,2
-2Lmab1lUpQ,UCghiByJ7oj0iu5phWfosLWw,2
nbNwsBvXcNA,UC3RYNOKIpKE_2P-5ZapWIYg,2
oeqGQANblbo,UC3RYNOKIpKE_2P-5ZapWIYg,2
PseicZNKsSw,UC6Wl77tvLJCAZDlzq2CWJhg,2
irVG_K3wHqE,UCghiByJ7oj0iu5phWfosLWw,2
D9nhNa9_d08,UC0XWC2_UZMkXPGn4bj0R2Uw,2
EhdobX5vAg8,UCawnfDlDlCLiu1ZTIkygc9w,2
QDIYzHLSZSY,UC6Wl77tvLJCAZDlzq2CWJhg,2
gz6yZ6ZYXOo,UC0XWC2_UZMkXPGn4bj0R2Uw,2
6zhIYvAhxbc,UCRu5CV_BaUwJ5QCnunHKvkg,2
8B4r5-gSCHA,UCRnI8mSAO35rx7T4-BFLxtA,2
YM4vFPGbDH4,UCVlOEP2q7meEoneD5qgeTxw,2
-93hw85DwF4,UCsWwltHud8jAo7txdIOqMSg,2
a8hyIFcCqIE,UCghiByJ7oj0iu5phWfosLWw,2
I0DqZm5hyNo,UCFZvDOxST9vb0nX-Z24YTaw,2
LcuJi4H3reQ,UCTCdn0QxSosQGnaAPgFrBcQ,2
bqywl-cb4zU,UC3RYNOKIpKE_2P-5ZapWIYg,2
_alftxCgKE8,UC6Wl77tvLJCAZDlzq2CWJhg,2
kqql7CaNJ7Y,UCghiByJ7oj0iu5phWfosLWw,2
w_jD81cvp60,UC2zbpOnhs0PwkHza5mkpDYQ,2
y5BuC80akqE,UC3RYNOKIpKE_2P-5ZapWIYg,2
OALFJrkUIEE,UC6Wl77tvLJCAZDlzq2CWJhg,2
8RJMeZloh2A,UCCyocdgwZVcIfnWzwhVEdLA,2
l6xQLC6xIAM,UCghiByJ7oj0iu5phWfosLWw,2
zMKG7KfLeR4,UC8rPkG068jFlejCMBDH582w,2
ZN5Vgb_ikgE,UCawnfDlDlCLiu1ZTIkygc9w,2
41uFkWFSziw,UC3RYNOKIpKE_2P-5ZapWIYg,2
AVJ37wwkADM,UCRrZWZ8p_Jvhjc8w2KW3EBg,2
IbWyhjAJ7QI,UC6Wl77tvLJCAZDlzq2CWJhg,2
R_BMvMwHQIk,UCghiByJ7oj0iu5phWfosLWw,2
1_2yK466lrU,UC0XWC2_UZMkXPGn4bj0R2Uw,2
s-5wLBIIHiI,UC3RYNOKIpKE_2P-5ZapWIYg,2
5Ic3txENx8c,UCawnfDlDlCLiu1ZTIkygc9w,2
7hNm5-7ZT24,UC3RYNOKIpKE_2P-5ZapWIYg,2
Kh4EVtTCjtY,UC3RYNOKIpKE_2P-5ZapWIYg,2
U7CCrL1oG-A,UC6Wl77tvLJCAZDlzq2CWJhg,2
0FgbflYUodc,UCsWwltHud8jAo7txdIOqMSg,2
KIuII9Jznx4,UCghiByJ7oj0iu5phWfosLWw,2
EhhpfztA8KA,UCZhUolzN9vMdkjWrnT9DQ2A,2
8864WL-SY-w,UC3RYNOKIpKE_2P-5ZapWIYg,2
tQ-ShgJrwlk,UC6Wl77tvLJCAZDlzq2CWJhg,2
42u7_IBGYjo,UCcca5ffHmgRrEwr-9IW-7Uw,2
XXnoAVipbWo,UCghiByJ7oj0iu5phWfosLWw,2
B9-lFwgSua0,UC0XWC2_UZMkXPGn4bj0R2Uw,2
vN4s2qXL-Ls,UC8rPkG068jFlejCMBDH582w,2
DrLdhjXiSbs,UCawnfDlDlCLiu1ZTIkygc9w,2
6wDGpUkp4DY,UC3RYNOKIpKE_2P-5ZapWIYg,2
gBPbyIEoMSs,UC3RYNOKIpKE_2P-5ZapWIYg,2
XsaryEV10Uc,UC6Wl77tvLJCAZDlzq2CWJhg,2
GPcNm64G1Q4,UC8rPkG068jFlejCMBDH582w,2
a_D_hLLB41g,UCghiByJ7oj0iu5phWfosLWw,2
SI8CvEZmiwk,UCawnfDlDlCLiu1ZTIkygc9w,2
kIsXUzW6ors,UC6Wl77tvLJCAZDlzq2CWJhg,2
x3Tx508nyHY,UCRnI8mSAO35rx7T4-BFLxtA,2
rJoYpc6eJ-A,UCghiByJ7oj0iu5phWfosLWw,2
ksUJ2FBBf_I,UC9n3IgleIaFrJrp2hipGQpQ,2
ttyt_iaX0CU,UC0XWC2_UZMkXPGn4bj0R2Uw,2
drXMtWAN0tw,UC3RYNOKIpKE_2P-5ZapWIYg,2
M2VFqRHM33A,UC6Wl77tvLJCAZDlzq2CWJhg,2
xKoTqv6XsUE,UC0XWC2_UZMkXPGn4bj0R2Uw,2
lRHhnbZT1Uw,UCRnI8mSAO35rx7T4-BFLxtA,2
0mOJShTr6kE,UCghiByJ7oj0iu5phWfosLWw,2
FI4eMsrOoAU,UCFZvDOxST9vb0nX-Z24YTaw,2
w_95t2N3tPU,UC2zbpOnhs0PwkHza5mkpDYQ,2
Fx5Mp9wMkBA,UCawnfDlDlCLiu1ZTIkygc9w,2
vbOIflbf8oE,UCRrZWZ8p_Jvhjc8w2KW3EBg,2
Cb-xQag0irc,UC6Wl77tvLJCAZDlzq2CWJhg,2
8x7VpJAJGUg,UCghiByJ7oj0iu5phWfosLWw,2
V7Qh4VUC7Rw,UC6Wl77tvLJCAZDlzq2CWJhg,2
NUFAEwnTpLU,UCsWwltHud8jAo7txdIOqMSg,2
F6Nx54y1z4w,UCghiByJ7oj0iu5phWfosLWw,2
LSq0Wl3vtCg,UC6Wl77tvLJCAZDlzq2CWJhg,2
VoDH9WJPM3E,UCZhUolzN9vMdkjWrnT9DQ2A,2
cmITK2xtd00,UCawnfDlDlCLiu1ZTIkygc9w,2
mqpyPRYo9Lo,UC3RYNOKIpKE_2P-5ZapWIYg,2
HhINP10RefQ,UC3RYNOKIpKE_2P-5ZapWIYg,2
KWyqxTZCgj4,UC6Wl77tvLJCAZDlzq2CWJhg,2
xKZaaH36kl0,UCghiByJ7oj0iu5phWfosLWw,2
nXRcWhOotEQ,UC3RYNOKIpKE_2P-5ZapWIYg,2
yVDo6j_VaJg,UC3RYNOKIpKE_2P-5ZapWIYg,2
4kNEYEvsyT0,UC6Wl77tvLJCAZDlzq2CWJhg,2
n_232ZCd2J8,UCcca5ffHmgRrEwr-9IW-7Uw,2
3EDfEKhYg-I,UCghiByJ7oj0iu5phWfosLWw,2
X4UcKg0bHks,UC3RYNOKIpKE_2P-5ZapWIYg,2
BAP2gwdEtMk,UC6Wl77tvLJCAZDlzq2CWJhg,2
WGHFmZ7xGh4,UCRnI8mSAO35rx7T4-BFLxtA,2
0Oxc1jfPxwQ,UCghiByJ7oj0iu5phWfosLWw,2
xedy_hL9PWc,UCawnfDlDlCLiu1ZTIkygc9w,2
agIb8RJDcl0,UC6Wl77tvLJCAZDlzq2CWJhg,2
W8FAQbCHk4k,UCRu5CV_BaUwJ5QCnunHKvkg,2
w6SVusrGfFI,UCsWwltHud8jAo7txdIOqMSg,2
oG9_9D6lCB0,UCghiByJ7oj0iu5phWfosLWw,2
NveoOrw_58o,UC0XWC2_UZMkXPGn4bj0R2Uw,2
olWxVCiusTw,UCTCdn0QxSosQGnaAPgFrBcQ,2
qeilbgiodZ4,UC3RYNOKIpKE_2P-5ZapWIYg,2
-PysfhYCyS0,UC6Wl77tvLJCAZDlzq2CWJhg,2
BzECt8psmiQ,UCghiByJ7oj0iu5phWfosLWw,2
4etXrAFCgxk,UCFZvDOxST9vb0nX-Z24YTaw,2
0kNbPylKC70,UC2zbpOnhs0PwkHza5mkpDYQ,2
UTkImVVUJR0,UCawnfDlDlCLiu1ZTIkygc9w,2
z4Id4ZRh7VE,UC6Wl77tvLJCAZDlzq2CWJhg,2
-7GXuXf2aTY,UCghiByJ7oj0iu5phWfosLWw,2
SsynqeZtIo8,UCRrZWZ8p_Jvhjc8w2KW3EBg,2
ll_tsnkwv1A,UC6Wl77tvLJCAZDlzq2CWJhg,2
M9t0dXzw0uc,UCghiByJ7oj0iu5phWfosLWw,2
Vji97eRiUJ8,UCawnfDlDlCLiu1ZTIkygc9w,2
c3K3qbZjWiU,UCZhUolzN9vMdkjWrnT9DQ2A,2
15xXWDfv0Yk,UC3RYNOKIpKE_2P-5ZapWIYg,2
SIRTx839jXE,UCsWwltHud8jAo7txdIOqMSg,2
f-MGj6dDj1E,UC6Wl77tvLJCAZDlzq2CWJhg,2
68_n1XNLaFI,UCRnI8mSAO35rx7T4-BFLxtA,2
_29Wr2W-Bmg,UCghiByJ7oj0iu5phWfosLWw,2
sY_vpE1O9dQ,UC2zbpOnhs0PwkHza5mkpDYQ,2
yWTtHXmqplI,UCawnfDlDlCLiu1ZTIkygc9w,2
fTxcOCIjJQU,UC6Wl77tvLJCAZDlzq2CWJhg,2
Vi7dgzKrS_0,UCZhUolzN9vMdkjWrnT9DQ2A,2
sUZ4b7P3jqg,UCghiByJ7oj0iu5phWfosLWw,2
5KH5r_zze-0,UC3RYNOKIpKE_2P-5ZapWIYg,2
B_-2t12G0KQ,UC6Wl77tvLJCAZDlzq2CWJhg,2
tdGy-9eoafs,UCcca5ffHmgRrEwr-9IW-7Uw,2
lQkamZvmBQc,UC0XWC2_UZMkXPGn4bj0R2Uw,2
Qz_5OsF7SrM,UCghiByJ7oj0iu5phWfosLWw,2
3Jpp_z1BHAA,UCawnfDlDlCLiu1ZTIkygc9w,2
JTsgeNoDPm0,UC6Wl77tvLJCAZDlzq2CWJhg,2
ondqJpGOzxM,UCRu5CV_BaUwJ5QCnunHKvkg,2
tfNt9sxl6fw,UCghiByJ7oj0iu5phWfosLWw,2
5PUDRcid-WI,UCRrZWZ8p_Jvhjc8w2KW3EBg,2
l-FGZvwXEx0,UC6Wl77tvLJCAZDlzq2CWJhg,2
D-ePLUDfY28,UCghiByJ7oj0iu5phWfosLWw,2
sm1OUAfHnCI,UCFZvDOxST9vb0nX-Z24YTaw,2
VJxnOQ-2L2g,UCZhUolzN9vMdkjWrnT9DQ2A,2
ccnKZZ7GQDI,UCawnfDlDlCLiu1ZTIkygc9w,2
9SykeEIrXhg,UC3RYNOKIpKE_2P-5ZapWIYg,2
UgYMkjW9JX8,UC3RYNOKIpKE_2P-5ZapWIYg,2
KnWFqjWMFfA,UCawnfDlDlCLiu1ZTIkygc9w,2
NNW9MLYnKjo,UCsWwltHud8jAo7txdIOqMSg,2
75h6uuDbgqg,UCRnI8mSAO35rx7T4-BFLxtA,2
9tJRcpF5AwE,UCVlOEP2q7meEoneD5qgeTxw,2
PP5EqRZbagU,UCCyocdgwZVcIfnWzwhVEdLA,2
uBLnp99w-2w,UCghiByJ7oj0iu5phWfosLWw,2
QTvjg5d_760,UCRrZWZ8p_Jvhjc8w2KW3EBg,2
xLQbWiF4Taw,UCawnfDlDlCLiu1ZTIkygc9w,2
zRO2NWmInW4,UCRnI8mSAO35rx7T4-BFLxtA,2
yY5SMiTX_wI,UCghiByJ7oj0iu5phWfosLWw,2
bhCzsZxuajg,UCZhUolzN9vMdkjWrnT9DQ2A,2
NSmEYzMFKH0,UCawnfDlDlCLiu1ZTIkygc9w,2
decafm1gB8c,UC3RYNOKIpKE_2P-5ZapWIYg,2
XAKVd07H1DY,UCcca5ffHmgRrEwr-9IW-7Uw,2
YpIvtq1guwI,UCghiByJ7oj0iu5phWfosLWw,2
IFzGiW1eHfU,UC3RYNOKIpKE_2P-5ZapWIYg,2
BXMNAx5Azg8,UCghiByJ7oj0iu5phWfosLWw,2
7KMSzo3gDa8,UCRnI8mSAO35rx7T4-BFLxtA,2
lF3MWqSAQZ8,UCghiByJ7oj0iu5phWfosLWw,2
BA8uPfMMdwE,UCawnfDlDlCLiu1ZTIkygc9w,2
cLOG6-P3m4k,UC3RYNOKIpKE_2P-5ZapWIYg,2
ytaiBPKQrYk,UCRu5CV_BaUwJ5QCnunHKvkg,2
h5y0VtgY86A,UCghiByJ7oj0iu5phWfosLWw,2
1Gcej7H2Yh8,UC0XWC2_UZMkXPGn4bj0R2Uw,2
VHZaLpChzZI,UCFZvDOxST9vb0nX-Z24YTaw,2
NAVRvFi-YFc,UC3RYNOKIpKE_2P-5ZapWIYg,2
-BKsjbN0qdk,UCRrZWZ8p_Jvhjc8w2KW3EBg,2
ewaY5htF7kk,UCsWwltHud8jAo7txdIOqMSg,2
nFCB4EzQbCo,UCghiByJ7oj0iu5phWfosLWw,2
2wU0jiq7MJw,UC2zbpOnhs0PwkHza5mkpDYQ,2
TgLaWoBdwFs,UCZhUolzN9vMdkjWrnT9DQ2A,2
kzc2-IBcqOk,UCawnfDlDlCLiu1ZTIkygc9w,2
IwycyPB2wH0,UCRnI8mSAO35rx7T4-BFLxtA,2
j1Z6dE2-y9Q,UCghiByJ7oj0iu5phWfosLWw,2
rfgZ53-26vg,UC3RYNOKIpKE_2P-5ZapWIYg,2
FgCdR5GDJIw,UCcca5ffHmgRrEwr-9IW-7Uw,2
jO2jn3ZbNH4,UCghiByJ7oj0iu5phWfosLWw,2
_Jfs-KhSv5c,UC3RYNOKIpKE_2P-5ZapWIYg,2
Sm9-AJefPG4,UCawnfDlDlCLiu1ZTIkygc9w,2
KLeFw7UzUUo,UCghiByJ7oj0iu5phWfosLWw,2
jnvlHDmcgrE,UC0XWC2_UZMkXPGn4bj0R2Uw,2
-rwUYL3fy2M,UC0XWC2_UZMkXPGn4bj0R2Uw,2
Jm_PNCT-mX0,UCZhUolzN9vMdkjWrnT9DQ2A,2
Z4YJCX-wWgc,UC3RYNOKIpKE_2P-5ZapWIYg,2
rMM-gZIvqC0,UCghiByJ7oj0iu5phWfosLWw,2
yc8hYYw04q0,UCawnfDlDlCLiu1ZTIkygc9w,2
CWCumlEaY_g,UC3RYNOKIpKE_2P-5ZapWIYg,2
yEyrG3Mmsi0,UCCyocdgwZVcIfnWzwhVEdLA,2
GAyjTBpZ_1A,UCghiByJ7oj0iu5phWfosLWw,2
umT2ivUKv6E,UC3RYNOKIpKE_2P-5ZapWIYg,2
EE9aD1PNTwg,UCawnfDlDlCLiu1ZTIkygc9w,2
C7ryh9CeuxY,UCRu5CV_BaUwJ5QCnunHKvkg,2
PykT19Km3IM,UCghiByJ7oj0iu5phWfosLWw,2
ULxdVaX9M4w,UC0XWC2_UZMkXPGn4bj0R2Uw,2
cLC0JfqaHXk,UCZhUolzN9vMdkjWrnT9DQ2A,2
is13gza40a0,UCsWwltHud8jAo7txdIOqMSg,2
81kcnkoodm0,UCghiByJ7oj0iu5phWfosLWw,2
nnRL1J1rgQ4,UC2zbpOnhs0PwkHza5mkpDYQ,2
BBRlMJXAdWs,UCawnfDlDlCLiu1ZTIkygc9w,2
zQYasg2bFlU,UC3RYNOKIpKE_2P-5ZapWIYg,2
9Db4fYLyAVg,UCRrZWZ8p_Jvhjc8w2KW3EBg,2
XGWvVPD4RnM,UC3RYNOKIpKE_2P-5ZapWIYg,2
UNVrfoGz7m4,UCghiByJ7oj0iu5phWfosLWw,2
-EA12T74zLc,UC3RYNOKIpKE_2P-5ZapWIYg,2
uiRdJaFlgz0,UCghiByJ7oj0iu5phWfosLWw,2
DlClI-ZSikk,UC3RYNOKIpKE_2P-5ZapWIYg,2
WY-RNebo1Dg,UCawnfDlDlCLiu1ZTIkygc9w,2
0oagY2oBcL4,UC3RYNOKIpKE_2P-5ZapWIYg,2
NiEEY8skzj4,UC3RYNOKIpKE_2P-5ZapWIYg,2
EvJ6xf1KzwI,UCRnI8mSAO35rx7T4-BFLxtA,2
t7Qi8aKMuTs,UCghiByJ7oj0iu5phWfosLWw,2
iJ2xN4-dsfU,UCcca5ffHmgRrEwr-9IW-7Uw,2
Ua-b98DRkkA,UC0XWC2_UZMkXPGn4bj0R2Uw,2
Gnogk94uB-E,UCghiByJ7oj0iu5phWfosLWw,2
83F9MRwwT3o,UC3RYNOKIpKE_2P-5ZapWIYg,2
Y-kPMkpjKqk,UCghiByJ7oj0iu5phWfosLWw,2
ay8mB880GS8,UCFZvDOxST9vb0nX-Z24YTaw,2
4sHeGIxD2TI,UCawnfDlDlCLiu1ZTIkygc9w,2
s50sVI9Q4CE,UCRu5CV_BaUwJ5QCnunHKvkg,2
bJfhmBthmJU,UCghiByJ7oj0iu5phWfosLWw,2
MG5KyF6KGog,UCFZvDOxST9vb0nX-Z24YTaw,2
abUktc0Ev34,UC3RYNOKIpKE_2P-5ZapWIYg,2
NIqb7YafAWY,UCRnI8mSAO35rx7T4-BFLxtA,2
8ot1oeX6tl4,UCsWwltHud8jAo7txdIOqMSg,2
OVkZE_Va6go,UCghiByJ7oj0iu5phWfosLWw,2
A8ac1_4_MSs,UC2zbpOnhs0PwkHza5mkpDYQ,2
8LDYVHIzQ9o,UCRnI8mSAO35rx7T4-BFLxtA,2
7G7pVEhXDVI,UCawnfDlDlCLiu1ZTIkygc9w,2
_PxIfaoItI0,UCghiByJ7oj0iu5phWfosLWw,2
rYxerfRbQyw,UC0XWC2_UZMkXPGn4bj0R2Uw,2
KKHjGxj-IWQ,UC3RYNOKIpKE_2P-5ZapWIYg,2
P-O0VVR1_A8,UCmsed0Kr1fPl-mvp6iM-_9g,2
CKLnb14JCX0,UCghiByJ7oj0iu5phWfosLWw,2
L-Fj0JZOABI,UCawnfDlDlCLiu1ZTIkygc9w,2
t9omZpfZfG8,UC0XWC2_UZMkXPGn4bj0R2Uw,2
JFVShKWyF6E,UCghiByJ7oj0iu5phWfosLWw,2
OpR8v2TrHiY,UCZhUolzN9vMdkjWrnT9DQ2A,2
4ukhVbZopRY,UC3RYNOKIpKE_2P-5ZapWIYg,2
CYG_RUA5GTk,UCRrZWZ8p_Jvhjc8w2KW3EBg,2
_IOkbeGIAak,UC3RYNOKIpKE_2P-5ZapWIYg,2
5cpBUQANO3o,UCghiByJ7oj0iu5phWfosLWw,2
IjuFtZMgB0I,UC3RYNOKIpKE_2P-5ZapWIYg,2
mMgVQQzlbVQ,UCRnI8mSAO35rx7T4-BFLxtA,2
Pq9NbDdjIhg,UCcca5ffHmgRrEwr-9IW-7Uw,2
YSn7yX4Zwtg,UC0XWC2_UZMkXPGn4bj0R2Uw,2
uUYRUX4WzcY,UCghiByJ7oj0iu5phWfosLWw,2
yfHgqJWNr3A,UCawnfDlDlCLiu1ZTIkygc9w,2
sqqasKy0enM,UCRu5CV_BaUwJ5QCnunHKvkg,2
P1osDp3Crr4,UCRnI8mSAO35rx7T4-BFLxtA,2
x7LV5oEQ11A,UCsWwltHud8jAo7txdIOqMSg,2
LAvlCKz86wQ,UCghiByJ7oj0iu5phWfosLWw,2
st8JYkI9zJ0,UCCyocdgwZVcIfnWzwhVEdLA,2
5yzFwwc1B_4,UCghiByJ7oj0iu5phWfosLWw,2
4IpIh4x7vkM,UC2zbpOnhs0PwkHza5mkpDYQ,2
HNULQxR_fek,UCawnfDlDlCLiu1ZTIkygc9w,2
dZN838CD3YE,UC3RYNOKIpKE_2P-5ZapWIYg,2
Br0vRt6l56o,UCghiByJ7oj0iu5phWfosLWw,2
O1z0I0LYMgc,UC9n3IgleIaFrJrp2hipGQpQ,2
CIr914q87v8,UCghiByJ7oj0iu5phWfosLWw,2
0-hc0nTgPpI,UCawnfDlDlCLiu1ZTIkygc9w,2
7Oq20c3ldY4,UC3RYNOKIpKE_2P-5ZapWIYg,2
WRJdFgnLGjs,UCRrZWZ8p_Jvhjc8w2KW3EBg,2
bXklr8AFJEQ,UCghiByJ7oj0iu5phWfosLWw,2
iFHMd4FHc1M,UC0XWC2_UZMkXPGn4bj0R2Uw,2
FUyEST6mCCs,UCghiByJ7oj0iu5phWfosLWw,2
lMTEE-cR2Fo,UCawnfDlDlCLiu1ZTIkygc9w,2
mrojrJczefc,UC3RYNOKIpKE_2P-5ZapWIYg,2
iVw1_pdwvKU,UC3RYNOKIpKE_2P-5ZapWIYg,2
BmVeReHE4-Y,UCsWwltHud8jAo7txdIOqMSg,2
elH0__oxDZM,UCghiByJ7oj0iu5phWfosLWw,2
EhlikQ-VWxw,UCMy725vbeMFUdsFvxTO2zVA,2
wtgdME1ZXFE,UCawnfDlDlCLiu1ZTIkygc9w,2
iz1mZkPn1H0,UCRu5CV_BaUwJ5QCnunHKvkg,2
s9depCdDcUA,UCcca5ffHmgRrEwr-9IW-7Uw,2
W1ZEkglKe5k,UCRnI8mSAO35rx7T4-BFLxtA,2
87R8VRE6a3E,UC0XWC2_UZMkXPGn4bj0R2Uw,2
ALeYE7zh2Ps,UCghiByJ7oj0iu5phWfosLWw,2
EdJ03mPnrNw,UC3RYNOKIpKE_2P-5ZapWIYg,2
xze08IlFe0A,UCghiByJ7oj0iu5phWfosLWw,2
UIyHfRv14uQ,UC2zbpOnhs0PwkHza5mkpDYQ,2
VnbLTh3zITc,UCawnfDlDlCLiu1ZTIkygc9w,2
WLKMdHrINMQ,UCZhUolzN9vMdkjWrnT9DQ2A,2
_Q2eVTvS95Q,UC3RYNOKIpKE_2P-5ZapWIYg,2
XNqmK1iM9ys,UC8rPkG068jFlejCMBDH582w,2
eR1BNCAuApM,UCghiByJ7oj0iu5phWfosLWw,2
uLkB00c3WTc,UCFZvDOxST9vb0nX-Z24YTaw,2
fiEyHyuFYTM,UC8rPkG068jFlejCMBDH582w,2
EJTYanv0gZg,UC3RYNOKIpKE_2P-5ZapWIYg,2
rn3zXmXpUPA,UC3RYNOKIpKE_2P-5ZapWIYg,2
Q5lObq1o3o4,UCRrZWZ8p_Jvhjc8w2KW3EBg,2
G8252IPh77I,UCsWwltHud8jAo7txdIOqMSg,2
_CoNK0u0c_k,UCghiByJ7oj0iu5phWfosLWw,2
TKsKhxpk1mI,UCawnfDlDlCLiu1ZTIkygc9w,2
YLjNGybaFos,UCCyocdgwZVcIfnWzwhVEdLA,2
sSjXrSlXwEE,UCghiByJ7oj0iu5phWfosLWw,2
qxy40GgXYTY,UCawnfDlDlCLiu1ZTIkygc9w,2
e67zwg2hPQw,UCghiByJ7oj0iu5phWfosLWw,2
ipsSvII68DU,UCawnfDlDlCLiu1ZTIkygc9w,2
O1dQBjr8NDc,UC3RYNOKIpKE_2P-5ZapWIYg,2
5SmwKAMcGrM,UCRrZWZ8p_Jvhjc8w2KW3EBg,2
DXZ_dac_g9Q,UCRnI8mSAO35rx7T4-BFLxtA,2
g8QVeCPUc9k,UC0XWC2_UZMkXPGn4bj0R2Uw,2
VaQOSlesEYE,UCghiByJ7oj0iu5phWfosLWw,2
BEY_7CHbCQw,UCawnfDlDlCLiu1ZTIkygc9w,2
4hKgcEfz6O4,UCRu5CV_BaUwJ5QCnunHKvkg,2
osB8QeJj2MM,UCcca5ffHmgRrEwr-9IW-7Uw,2
Wx8PvkC7g5Q,UC0XWC2_UZMkXPGn4bj0R2Uw,2
h3uggjh3Idg,UCghiByJ7oj0iu5phWfosLWw,2
DW11jUXuZwM,UC3RYNOKIpKE_2P-5ZapWIYg,2
wG8crjuribg,UCghiByJ7oj0iu5phWfosLWw,2
S8XI_CZDkps,UC2zbpOnhs0PwkHza5mkpDYQ,2
xeE_EPcXm8c,UCawnfDlDlCLiu1ZTIkygc9w,2
BJiFY7vJvLo,UCsWwltHud8jAo7txdIOqMSg,2
Xnz8qSeaXPc,UC8rPkG068jFlejCMBDH582w,2
L8iUUZTdbZI,UCghiByJ7oj0iu5phWfosLWw,2
7UZqxDAx_Is,UC9n3IgleIaFrJrp2hipGQpQ,2
Ra8JPAoyMAg,UCghiByJ7oj0iu5phWfosLWw,2
jL2KMBm8W_k,UC3RYNOKIpKE_2P-5ZapWIYg,2
AKzCILkVKtU,UCawnfDlDlCLiu1ZTIkygc9w,2
N4ExMC3NVFs,UC3RYNOKIpKE_2P-5ZapWIYg,2
5dWBxgGRs1o,UCghiByJ7oj0iu5phWfosLWw,2
aZIDT_STF0I,UCawnfDlDlCLiu1ZTIkygc9w,2
bX41o2aI6nM,UCRrZWZ8p_Jvhjc8w2KW3EBg,2
582B0jJyA_c,UCRnI8mSAO35rx7T4-BFLxtA,2
l8wT0I9X8eY,UCVlOEP2q7meEoneD5qgeTxw,2
_KiNrnfbjCc,UCghiByJ7oj0iu5phWfosLWw,2
93b4h5B-LjY,UC3RYNOKIpKE_2P-5ZapWIYg,2
AwwXC24aLLU,UCZhUolzN9vMdkjWrnT9DQ2A,2
riofgF9gex4,UCRu5CV_BaUwJ5QCnunHKvkg,2
hOTPD_ENgFg,UC0XWC2_UZMkXPGn4bj0R2Uw,2
q0NhRfGdZiY,UCghiByJ7oj0iu5phWfosLWw,2
TgQpEhj-X9Y,UCawnfDlDlCLiu1ZTIkygc9w,2
H4x4oRS6vv4,UC3RYNOKIpKE_2P-5ZapWIYg,2
2dr-4Dt1pps,UC3RYNOKIpKE_2P-5ZapWIYg,2
f-n0-Cv3SNw,UCZhUolzN9vMdkjWrnT9DQ2A,2
o88WvCjg3xs,UCZhUolzN9vMdkjWrnT9DQ2A,2
1uIeB2cDK0Y,UCZhUolzN9vMdkjWrnT9DQ2A,2
TU8dAWEYCpw,UCRu5CV_BaUwJ5QCnunHKvkg,2
E6vXrIQiN6g,UCFZvDOxST9vb0nX-Z24YTaw,2
n4jUhGQRVew,UCghiByJ7oj0iu5phWfosLWw,2
LlqGq2thk5Q,UCawnfDlDlCLiu1ZTIkygc9w,2
KYQT9r8Sn2c,UC3RYNOKIpKE_2P-5ZapWIYg,2
Kk067UQ_3uw,UCcca5ffHmgRrEwr-9IW-7Uw,2
x6EJjUmcH4s,UCRnI8mSAO35rx7T4-BFLxtA,2
8oIMplHaSjE,UC2zbpOnhs0PwkHza5mkpDYQ,2
Ww5FhHph9vs,UCghiByJ7oj0iu5phWfosLWw,2
2kiK6n5Kn40,UCawnfDlDlCLiu1ZTIkygc9w,2
v4YT-f-Ab5Q,UC3RYNOKIpKE_2P-5ZapWIYg,2
9pBM8cVt19A,UCsWwltHud8jAo7txdIOqMSg,2
4lRb2uClTeQ,UCawnfDlDlCLiu1ZTIkygc9w,2
8cQl7GLfznI,UCghiByJ7oj0iu5phWfosLWw,2
hLX4qZYqxkE,UCawnfDlDlCLiu1ZTIkygc9w,2
yc7cYPGDHV4,UCRnI8mSAO35rx7T4-BFLxtA,2
zfwDiSTDSxk,UCghiByJ7oj0iu5phWfosLWw,2
SfhU-Qi3j2s,UC3RYNOKIpKE_2P-5ZapWIYg,2
gSIHTDZP5yc,UCawnfDlDlCLiu1ZTIkygc9w,2
fcaN_ZAOZSc,UC3RYNOKIpKE_2P-5ZapWIYg,2
CaV9c9lp-Us,UC3RYNOKIpKE_2P-5ZapWIYg,2
qgJncWKZ0YY,UCMy725vbeMFUdsFvxTO2zVA,2
qIMABchmuJg,UCCyocdgwZVcIfnWzwhVEdLA,2
Giu7ZEU4f8Q,UCghiByJ7oj0iu5phWfosLWw,2
mHQyRQeXCLQ,UCRrZWZ8p_Jvhjc8w2KW3EBg,2
yHPje_7ri0M,UCRnI8mSAO35rx7T4-BFLxtA,2
CYn5L2TDAxQ,UCghiByJ7oj0iu5phWfosLWw,2
Z_sRsqKJNOE,UCawnfDlDlCLiu1ZTIkygc9w,2
7WayVIYhRJk,UC3RYNOKIpKE_2P-5ZapWIYg,2
vH38dA-Taa8,UCRu5CV_BaUwJ5QCnunHKvkg,2
PXFKulbSWmg,UCghiByJ7oj0iu5phWfosLWw,2
qF8zL86Q5As,UCawnfDlDlCLiu1ZTIkygc9w,2
q3EU3AxF6eU,UC3RYNOKIpKE_2P-5ZapWIYg,2
mc1Gly9835Q,UCRu5CV_BaUwJ5QCnunHKvkg,2
11QwlbeKsZg,UCRnI8mSAO35rx7T4-BFLxtA,2
-HN7o6dHIL4,UCTCdn0QxSosQGnaAPgFrBcQ,2
VtLOYo987sE,UCghiByJ7oj0iu5phWfosLWw,2
3SsslBXCUO4,UC3RYNOKIpKE_2P-5ZapWIYg,2
ZexMd7yTEgc,UCRnI8mSAO35rx7T4-BFLxtA,2
8hTiK1F7ofs,UCsWwltHud8jAo7txdIOqMSg,2
OaxGrO4QTnk,UC2zbpOnhs0PwkHza5mkpDYQ,2
TFpiGu7Qlxw,UCawnfDlDlCLiu1ZTIkygc9w,2
WmF8azTqFYs,UCZhUolzN9vMdkjWrnT9DQ2A,2
iHRhP1eaSEY,UCcca5ffHmgRrEwr-9IW-7Uw,2
xSEFn61Sf2A,UC3RYNOKIpKE_2P-5ZapWIYg,2
LOqmh70IDso,UCRu5CV_BaUwJ5QCnunHKvkg,2
_W5awtWK5gk,UCRnI8mSAO35rx7T4-BFLxtA,2
7Lc6qpjQ89w,UCMy725vbeMFUdsFvxTO2zVA,2
vP2Ch9ZJUBM,UCFZvDOxST9vb0nX-Z24YTaw,2
zwynjn4sDCs,UCawnfDlDlCLiu1ZTIkygc9w,2
JkViSodzt_E,UCRrZWZ8p_Jvhjc8w2KW3EBg,2
CSP7snq4ol4,UCRnI8mSAO35rx7T4-BFLxtA,2
nCEe9siNCCI,UCmsed0Kr1fPl-mvp6iM-_9g,2
b1sNh__av6E,UCMy725vbeMFUdsFvxTO2zVA,2
V8tU7mcObUU,UCawnfDlDlCLiu1ZTIkygc9w,2
q79kJNzM0to,UC3RYNOKIpKE_2P-5ZapWIYg,2
kFicexQ3MfA,UCMy725vbeMFUdsFvxTO2zVA,2
O41JdDiyuhs,UCMy725vbeMFUdsFvxTO2zVA,2
XFfSa_i80zA,UCRnI8mSAO35rx7T4-BFLxtA,2
aOBTFm7xkKo,UC3RYNOKIpKE_2P-5ZapWIYg,2
MqHCSfFAZ1Q,UC3RYNOKIpKE_2P-5ZapWIYg,2
3LDFNsQ7cww,UCawnfDlDlCLiu1ZTIkygc9w,2
fSk_6qydS-Q,UCCyocdgwZVcIfnWzwhVEdLA,2
gzR1b1PxYdY,UC3RYNOKIpKE_2P-5ZapWIYg,2
clC0QgczH8s,UCawnfDlDlCLiu1ZTIkygc9w,2
Zd3fGLDWQlo,UCMy725vbeMFUdsFvxTO2zVA,2
67PuHtVWzio,UCRu5CV_BaUwJ5QCnunHKvkg,2
STjw6BBdh-0,UCRnI8mSAO35rx7T4-BFLxtA,2
6YH3JbpKm6I,UCsWwltHud8jAo7txdIOqMSg,2
dAfCxaf7J0k,UC3RYNOKIpKE_2P-5ZapWIYg,2
pjKQDScqNdQ,UCRrZWZ8p_Jvhjc8w2KW3EBg,2
LGC_PvZf-Fo,UC3RYNOKIpKE_2P-5ZapWIYg,2
f34UEhCO4do,UC0XWC2_UZMkXPGn4bj0R2Uw,2
6u0oWEdDgCY,UC3RYNOKIpKE_2P-5ZapWIYg,2
-XceTlwv3Mo,UC3RYNOKIpKE_2P-5ZapWIYg,2
fijYk0i2tOs,UCMy725vbeMFUdsFvxTO2zVA,2
KXOMbFQybHU,UCawnfDlDlCLiu1ZTIkygc9w,2
RIaJoU8crng,UC3RYNOKIpKE_2P-5ZapWIYg,2
1aNEJszGPEw,UC3RYNOKIpKE_2P-5ZapWIYg,2
XpeX4QRGtOU,UCZhUolzN9vMdkjWrnT9DQ2A,2
Tm2SQpW0qt8,UCZhUolzN9vMdkjWrnT9DQ2A,2
vfst114nD-I,UCRrZWZ8p_Jvhjc8w2KW3EBg,2
Kxn9_GH20aw,UC3RYNOKIpKE_2P-5ZapWIYg,2
hLVopw0CS1Q,UC3RYNOKIpKE_2P-5ZapWIYg,2
tRru58m0buM,UC3RYNOKIpKE_2P-5ZapWIYg,2
cHHCOui4Zsw,UC3RYNOKIpKE_2P-5ZapWIYg,2
-Y6nCNJYI08,UCRnI8mSAO35rx7T4-BFLxtA,2
crkWCbGo3hw,UCsWwltHud8jAo7txdIOqMSg,2
HipyIAr76Bs,UCRu5CV_BaUwJ5QCnunHKvkg,2
Z71SOf-veoU,UC0XWC2_UZMkXPGn4bj0R2Uw,2
i183cymKO0g,UCFZvDOxST9vb0nX-Z24YTaw,2
VGOgp3rMYbQ,UC3RYNOKIpKE_2P-5ZapWIYg,2
XZWTWwk_u30,UCawnfDlDlCLiu1ZTIkygc9w,2
VpYfVVxBVRo,UC3RYNOKIpKE_2P-5ZapWIYg,2
i7qeuDtgh58,UC3RYNOKIpKE_2P-5ZapWIYg,2
Oyb_tmQwnGI,UC2zbpOnhs0PwkHza5mkpDYQ,2
wP1vHVP71hY,UC3RYNOKIpKE_2P-5ZapWIYg,2
dJNwdpU1VO0,UCawnfDlDlCLiu1ZTIkygc9w,2
CbTXIZS-6ZA,UC3RYNOKIpKE_2P-5ZapWIYg,2
7AsTJhKjPg8,UC8rPkG068jFlejCMBDH582w,2
vLyZTcKltJI,UCawnfDlDlCLiu1ZTIkygc9w,2
XVKKhH3A5FM,UCawnfDlDlCLiu1ZTIkygc9w,2
r5mEIUIcoaU,UC0XWC2_UZMkXPGn4bj0R2Uw,2
AqEe1BCQ6Kg,UCawnfDlDlCLiu1ZTIkygc9w,2
AwTj7J0wA88,UCCyocdgwZVcIfnWzwhVEdLA,2
6GENhoP0C7c,UC8rPkG068jFlejCMBDH582w,2
y-tgGeizVC4,UC3RYNOKIpKE_2P-5ZapWIYg,2
3cFfqBt7OBM,UCRrZWZ8p_Jvhjc8w2KW3EBg,2
hEJSI7zhE-w,UCawnfDlDlCLiu1ZTIkygc9w,2
MPOn2rr-WHU,UCawnfDlDlCLiu1ZTIkygc9w,2
8TQgyqhYeBA,UCRnI8mSAO35rx7T4-BFLxtA,2
3hxI216rTxo,UC8rPkG068jFlejCMBDH582w,2
xcQlUQ0WYFo,UCawnfDlDlCLiu1ZTIkygc9w,2
MtHU84ubAgY,UCZhUolzN9vMdkjWrnT9DQ2A,2
QCRvqML1P6A,UCMy725vbeMFUdsFvxTO2zVA,2
RGN0dgR8RiM,UCRu5CV_BaUwJ5QCnunHKvkg,2
TJuyne2xm9o,UCcca5ffHmgRrEwr-9IW-7Uw,2
cDTk-wonpeY,UC0XWC2_UZMkXPGn4bj0R2Uw,2
vIqiQT00f0E,UC9n3IgleIaFrJrp2hipGQpQ,2
GDt4A-qcuDo,UCTCdn0QxSosQGnaAPgFrBcQ,2
BqfHDVNH78Q,UCawnfDlDlCLiu1ZTIkygc9w,2
V9mF7d-n7Xw,UCawnfDlDlCLiu1ZTIkygc9w,2
kZQowpWmNYk,UCsWwltHud8jAo7txdIOqMSg,2
cUTK_vtflH4,UC0XWC2_UZMkXPGn4bj0R2Uw,2
sOfVi_lKbOs,UC2zbpOnhs0PwkHza5mkpDYQ,2
YUxkLGv2hOE,UCFZvDOxST9vb0nX-Z24YTaw,2
bJf9NqOum5M,UCawnfDlDlCLiu1ZTIkygc9w,2
xYIc68sD_GY,UCawnfDlDlCLiu1ZTIkygc9w,2
zG78jI2CTHc,UCawnfDlDlCLiu1ZTIkygc9w,2
roLQFtmsGqM,UCCyocdgwZVcIfnWzwhVEdLA,2
IT56CaBNSzs,UCawnfDlDlCLiu1ZTIkygc9w,2
Iej1l6YSRk4,UCZhUolzN9vMdkjWrnT9DQ2A,2
vwGpkmY177U,UCawnfDlDlCLiu1ZTIkygc9w,2
qhYnQEZ9j2w,UCRrZWZ8p_Jvhjc8w2KW3EBg,2
OLUubTpvLW0,UCawnfDlDlCLiu1ZTIkygc9w,2
dq3PzJPV-XA,UC0XWC2_UZMkXPGn4bj0R2Uw,2
0iGQoQx8_2k,UCCyocdgwZVcIfnWzwhVEdLA,2
KYQVAE8D04U,UCZhUolzN9vMdkjWrnT9DQ2A,2
3xIr4OVUxA0,UCZhUolzN9vMdkjWrnT9DQ2A,2
QWg7EVt-PxA,UCawnfDlDlCLiu1ZTIkygc9w,2
5FGG-cItaA0,UCRu5CV_BaUwJ5QCnunHKvkg,2
gJYtvDzQqDk,UCsWwltHud8jAo7txdIOqMSg,2
tUHhiA_birA,UC2zbpOnhs0PwkHza5mkpDYQ,2
4FwTh67OAx4,UCFZvDOxST9vb0nX-Z24YTaw,2
XzSbe1p57hM,UCawnfDlDlCLiu1ZTIkygc9w,2
V6g84PFL9Gw,UCawnfDlDlCLiu1ZTIkygc9w,2
_RQpF_31PYs,UCawnfDlDlCLiu1ZTIkygc9w,2
tVZgu5wBP-Q,UCawnfDlDlCLiu1ZTIkygc9w,2
rEmFVA2DjOM,UC0XWC2_UZMkXPGn4bj0R2Uw,2
JbHRJ6CQNRI,UCawnfDlDlCLiu1ZTIkygc9w,2
x7uVEMtFL0c,UCawnfDlDlCLiu1ZTIkygc9w,2
E0KXNSU-WM0,UCRrZWZ8p_Jvhjc8w2KW3EBg,2
8vmnZKLj914,UCawnfDlDlCLiu1ZTIkygc9w,2
SPZgqfVVst4,UCmsed0Kr1fPl-mvp6iM-_9g,2
rkLTj2f7JK0,UCZhUolzN9vMdkjWrnT9DQ2A,2
bkCnk7i0SRQ,UCawnfDlDlCLiu1ZTIkygc9w,2
NJdvblyIQlQ,UCawnfDlDlCLiu1ZTIkygc9w,2
spoJtPXXRA8,UCawnfDlDlCLiu1ZTIkygc9w,2
C8ya_pt_3C4,UCRu5CV_BaUwJ5QCnunHKvkg,2
8ygy_8YRjEA,UCcca5ffHmgRrEwr-9IW-7Uw,2
kOmdqWJ2iSg,UCsWwltHud8jAo7txdIOqMSg,2
3s3DMeHMo4A,UC0XWC2_UZMkXPGn4bj0R2Uw,2
DKnn0_Wb5qk,UCawnfDlDlCLiu1ZTIkygc9w,2
Zq0xajyAqzY,UC2zbpOnhs0PwkHza5mkpDYQ,2
p1JnDLucD2Y,UCFZvDOxST9vb0nX-Z24YTaw,2
sEi3lP0pMEs,UCawnfDlDlCLiu1ZTIkygc9w,2
qXf6ho-GI1s,UCawnfDlDlCLiu1ZTIkygc9w,2
nM5mjvRpzQU,UCawnfDlDlCLiu1ZTIkygc9w,2
CnvdP8Jvluc,UCRu5CV_BaUwJ5QCnunHKvkg,2
CG_C-rJJHhA,UCRu5CV_BaUwJ5QCnunHKvkg,2
xYFbmiwIh-g,UCRnI8mSAO35rx7T4-BFLxtA,2
mYfPCZ3yc1I,UC0XWC2_UZMkXPGn4bj0R2Uw,2
XT7B-GAwlB0,UCRu5CV_BaUwJ5QCnunHKvkg,2
0KUhXyhIWTA,UC0XWC2_UZMkXPGn4bj0R2Uw,2
8MQIs93JdG8,UCRrZWZ8p_Jvhjc8w2KW3EBg,2
jz4gIowN9GM,UCRu5CV_BaUwJ5QCnunHKvkg,2
WONrbjWBx4E,UCVlOEP2q7meEoneD5qgeTxw,2
4a2a54781jo,UCsWwltHud8jAo7txdIOqMSg,2
7ImT6SSYEWU,UC9n3IgleIaFrJrp2hipGQpQ,2
j59G0WIPyVU,UCg55rJ27zjuqod4Cv0ENqPQ,2
dUB6faDR5-I,UC2zbpOnhs0PwkHza5mkpDYQ,2
KznzC34LA8g,UCawnfDlDlCLiu1ZTIkygc9w,2
TAqlUpC_wds,UC0XWC2_UZMkXPGn4bj0R2Uw,2
7jl_x8y563I,UC0XWC2_UZMkXPGn4bj0R2Uw,2
uslc7grlARU,UCFZvDOxST9vb0nX-Z24YTaw,2
1fgBlXE8_OE,UC8rPkG068jFlejCMBDH582w,2
UJ3MSrbs7gk,UCZhUolzN9vMdkjWrnT9DQ2A,2
r2zx02bXnWM,UC8rPkG068jFlejCMBDH582w,2
6uKaBxbyuy8,UCawnfDlDlCLiu1ZTIkygc9w,2
mJ9of5PC0gk,UCZhUolzN9vMdkjWrnT9DQ2A,2
rGH2nBi5QTI,UCRrZWZ8p_Jvhjc8w2KW3EBg,2
r3LsJ2oY6po,UCRu5CV_BaUwJ5QCnunHKvkg,2
cghkf6w-vjM,UC8rPkG068jFlejCMBDH582w,2
7uo7VMTmD18,UCsWwltHud8jAo7txdIOqMSg,2
QQ6FDH4xzdE,UCRnI8mSAO35rx7T4-BFLxtA,2
qjI98OpfCuM,UC8rPkG068jFlejCMBDH582w,2
WTc2Vvpj0XM,UCcca5ffHmgRrEwr-9IW-7Uw,2
u7F_lawBEg4,UC0XWC2_UZMkXPGn4bj0R2Uw,2
3AY2F_MZ6Ec,UCRu5CV_BaUwJ5QCnunHKvkg,2
_sopcb_JUFo,UCsWwltHud8jAo7txdIOqMSg,2
Uy2_aqwKsS8,UCTCdn0QxSosQGnaAPgFrBcQ,2
pmOTTq_iQsk,UCg55rJ27zjuqod4Cv0ENqPQ,2
n4xs8ZXHIxA,UCawnfDlDlCLiu1ZTIkygc9w,2
1XzwInwDJDg,UC0XWC2_UZMkXPGn4bj0R2Uw,2
aB8yG-SQSAA,UCawnfDlDlCLiu1ZTIkygc9w,2
HSmnwthQuSM,UCawnfDlDlCLiu1ZTIkygc9w,2
-yVxPftGSzw,UCawnfDlDlCLiu1ZTIkygc9w,2
oPZY-h8FxIc,UCcca5ffHmgRrEwr-9IW-7Uw,2
N0GTdvBO10E,UCg55rJ27zjuqod4Cv0ENqPQ,2
bBDy1R4ahTE,UCRrZWZ8p_Jvhjc8w2KW3EBg,2
Ee6Mv8q9QYs,UCRu5CV_BaUwJ5QCnunHKvkg,2
NqdLpj6L1fs,UCawnfDlDlCLiu1ZTIkygc9w,2
k5rw4aiWYKk,UC0XWC2_UZMkXPGn4bj0R2Uw,2
hI3rC_zV-To,UCawnfDlDlCLiu1ZTIkygc9w,2
fYY55rH6Q-o,UCCyocdgwZVcIfnWzwhVEdLA,2
47srmJx5sZs,UCawnfDlDlCLiu1ZTIkygc9w,2
ZXEqF3JvtZI,UCZhUolzN9vMdkjWrnT9DQ2A,2
4E6dKlGHgvw,UCawnfDlDlCLiu1ZTIkygc9w,2
zlXeZU08RLI,UCRu5CV_BaUwJ5QCnunHKvkg,2
ghwbv0R7rV4,UCRnI8mSAO35rx7T4-BFLxtA,2
X-qvXRwN0Gc,UC0XWC2_UZMkXPGn4bj0R2Uw,2
F-MTBn4tFuQ,UCFZvDOxST9vb0nX-Z24YTaw,2
xHoohmRTjjY,UCg55rJ27zjuqod4Cv0ENqPQ,2
WJo6J3tsQj0,UCawnfDlDlCLiu1ZTIkygc9w,2
pDhMoMB6y7I,UCsWwltHud8jAo7txdIOqMSg,2
_4RMpzMyZA0,UCRu5CV_BaUwJ5QCnunHKvkg,2
SjEc9xRpIT4,UC2zbpOnhs0PwkHza5mkpDYQ,2
xP_MXDaocws,UCawnfDlDlCLiu1ZTIkygc9w,2
S2fVhNKdWg0,UCawnfDlDlCLiu1ZTIkygc9w,2
xh_26sq34CQ,UCcca5ffHmgRrEwr-9IW-7Uw,2
lE5l3rUInxY,UC0XWC2_UZMkXPGn4bj0R2Uw,2
HpkMnk7qemo,UCRu5CV_BaUwJ5QCnunHKvkg,2
AnrJxsZTWZE,UCawnfDlDlCLiu1ZTIkygc9w,2
KybOAifoT44,UCg55rJ27zjuqod4Cv0ENqPQ,2
FhP87SvwFr0,UC0XWC2_UZMkXPGn4bj0R2Uw,2
GyU_mqefTGA,UCRrZWZ8p_Jvhjc8w2KW3EBg,2
Ejvkz6MNSas,UCawnfDlDlCLiu1ZTIkygc9w,2
zmbSY5ETD3E,UCcca5ffHmgRrEwr-9IW-7Uw,2
M1OjSKuPKaA,UC0XWC2_UZMkXPGn4bj0R2Uw,2
jvlsOgw1Jdo,UCawnfDlDlCLiu1ZTIkygc9w,2
lXI3SI0V6dM,UCRu5CV_BaUwJ5QCnunHKvkg,2
a0hWgRMBdQI,UC0XWC2_UZMkXPGn4bj0R2Uw,2
E1epzkKEQ0U,UCsWwltHud8jAo7txdIOqMSg,2
csSHs54Jy1s,UC2zbpOnhs0PwkHza5mkpDYQ,2
83pqHKvY4lE,UC0XWC2_UZMkXPGn4bj0R2Uw,2
7-6X33TsbpE,UCg55rJ27zjuqod4Cv0ENqPQ,2
AEFIhx31RUg,UCawnfDlDlCLiu1ZTIkygc9w,2
HENVusV-lwI,UCRrZWZ8p_Jvhjc8w2KW3EBg,2
3MjQA9g4vn4,UC0XWC2_UZMkXPGn4bj0R2Uw,2
h3hKUEGk7YQ,UCRu5CV_BaUwJ5QCnunHKvkg,2
yCIVUln8W1U,UC0XWC2_UZMkXPGn4bj0R2Uw,2
NSr1FNwAjDY,UCRnI8mSAO35rx7T4-BFLxtA,2
SNcCfrwxHBY,UCCyocdgwZVcIfnWzwhVEdLA,2
3U3mQOW05w4,UCRu5CV_BaUwJ5QCnunHKvkg,2
ObZT9ncEbI0,UC0XWC2_UZMkXPGn4bj0R2Uw,2
Sucwnv2L4ts,UCcca5ffHmgRrEwr-9IW-7Uw,2
O2x01Uh-kCw,UCawnfDlDlCLiu1ZTIkygc9w,2
O6XVoGa6QcI,UC9n3IgleIaFrJrp2hipGQpQ,2
fXRFdTydYvA,UCRu5CV_BaUwJ5QCnunHKvkg,2
anLm--WS1tM,UCRu5CV_BaUwJ5QCnunHKvkg,2
iipJdEfx3YQ,UC0XWC2_UZMkXPGn4bj0R2Uw,2
Y5xryns1k7c,UCTCdn0QxSosQGnaAPgFrBcQ,2
mF_sviJpL8Y,UCawnfDlDlCLiu1ZTIkygc9w,2
MmVfTa9wPms,UCRrZWZ8p_Jvhjc8w2KW3EBg,2
-19G30dDYf0,UCsWwltHud8jAo7txdIOqMSg,2
EmHXqlS8jrU,UC2zbpOnhs0PwkHza5mkpDYQ,2
fqMmMXtvMf0,UCcca5ffHmgRrEwr-9IW-7Uw,2
FiKP-J_3ckQ,UC0XWC2_UZMkXPGn4bj0R2Uw,2
Op1y4cAYJog,UCFZvDOxST9vb0nX-Z24YTaw,2
gWdv_oTYYZo,UCawnfDlDlCLiu1ZTIkygc9w,2
EzMFHkHogo0,UCRnI8mSAO35rx7T4-BFLxtA,2
ouIudKpfZt8,UCCyocdgwZVcIfnWzwhVEdLA,2
MMKKeLWnm3M,UCRrZWZ8p_Jvhjc8w2KW3EBg,2
TGBcVOgRCpQ,UCawnfDlDlCLiu1ZTIkygc9w,2
Nrro8w-5ECY,UCmsed0Kr1fPl-mvp6iM-_9g,2
bhErUxuUb5Y,UCRu5CV_BaUwJ5QCnunHKvkg,2
klpD5q6veWU,UCRu5CV_BaUwJ5QCnunHKvkg,2
aawbQ3Ukff8,UC0XWC2_UZMkXPGn4bj0R2Uw,2
CR4KnAuOk4M,UCg55rJ27zjuqod4Cv0ENqPQ,2
5qBjELduEV8,UCawnfDlDlCLiu1ZTIkygc9w,2
9YZ-wceSqp4,UCRrZWZ8p_Jvhjc8w2KW3EBg,2
aLHvuEeyStY,UCawnfDlDlCLiu1ZTIkygc9w,2
xjS7Tg1X0Wk,UCsWwltHud8jAo7txdIOqMSg,2
ZUvDg0wgcYs,UCawnfDlDlCLiu1ZTIkygc9w,2
Dofa5PXyEuc,UCawnfDlDlCLiu1ZTIkygc9w,2
OFYpgfEpj88,UCawnfDlDlCLiu1ZTIkygc9w,2
dskJTYFoFvo,UCCyocdgwZVcIfnWzwhVEdLA,2
jfcZlh8gKHw,UCawnfDlDlCLiu1ZTIkygc9w,2
PaNhkHzHyus,UCRrZWZ8p_Jvhjc8w2KW3EBg,2
bcOavpkTNuk,UCawnfDlDlCLiu1ZTIkygc9w,2
GDuKuu_SLGU,UC0XWC2_UZMkXPGn4bj0R2Uw,2
i_gR-EKc320,UCg55rJ27zjuqod4Cv0ENqPQ,2
0l4-Fqh-hgE,UCRu5CV_BaUwJ5QCnunHKvkg,2
LgP4DVH5_x0,UC5zayj7sRZ_zHSqwMmduI4g,2
WxnJbtH1BdI,UCRu5CV_BaUwJ5QCnunHKvkg,2
lZH4pEAvbDo,UC0XWC2_UZMkXPGn4bj0R2Uw,2
26waAgu8Ils,UCsWwltHud8jAo7txdIOqMSg,2
7hxvrqwdJ-Q,UCFZvDOxST9vb0nX-Z24YTaw,2
FlKeyAZiwlo,UCZhUolzN9vMdkjWrnT9DQ2A,2
B1ygm5xKEo4,UCZhUolzN9vMdkjWrnT9DQ2A,2
7cZq0vfacS8,UCcca5ffHmgRrEwr-9IW-7Uw,2
sHHfOzYK8Ic,UC0XWC2_UZMkXPGn4bj0R2Uw,2
JWv3NUQ65x8,UCg55rJ27zjuqod4Cv0ENqPQ,2
BZDAonJ3oYc,UC5zayj7sRZ_zHSqwMmduI4g,2
yrMd4sGA7hM,UCawnfDlDlCLiu1ZTIkygc9w,2
dXGinT71IRI,UCRrZWZ8p_Jvhjc8w2KW3EBg,2
yTUCcjsKoOc,UC0XWC2_UZMkXPGn4bj0R2Uw,2
V7g3_qcRFEI,UCCyocdgwZVcIfnWzwhVEdLA,2
TKMvXgi14m4,UC5zayj7sRZ_zHSqwMmduI4g,2
BGV5DR_pTz8,UCRu5CV_BaUwJ5QCnunHKvkg,2
0Q5FRAi75GE,UC5zayj7sRZ_zHSqwMmduI4g,2
Odaf3AKNx4g,UCawnfDlDlCLiu1ZTIkygc9w,2
ujmqDvWx4iA,UCRu5CV_BaUwJ5QCnunHKvkg,2
5jgY-GAijGM,UC0XWC2_UZMkXPGn4bj0R2Uw,2
naBM36vE_Mw,UCRrZWZ8p_Jvhjc8w2KW3EBg,2
6PJTU-6khb0,UCsWwltHud8jAo7txdIOqMSg,2
7njSlaWic9Y,UC0XWC2_UZMkXPGn4bj0R2Uw,2
o4nkdNzR7lM,UC0XWC2_UZMkXPGn4bj0R2Uw,2
UIC_0QvxXQo,UC5zayj7sRZ_zHSqwMmduI4g,2
bjvNGBsublw,UCmsed0Kr1fPl-mvp6iM-_9g,2
Q0wCj2B6eT4,UC0XWC2_UZMkXPGn4bj0R2Uw,2
5zFi14KpVNM,UC0XWC2_UZMkXPGn4bj0R2Uw,2
qN9pCPMdENw,UC0XWC2_UZMkXPGn4bj0R2Uw,2
VtiPzGLAEq0,UC5zayj7sRZ_zHSqwMmduI4g,2
MxLiNjpIY4Y,UC5zayj7sRZ_zHSqwMmduI4g,2
cslF5sLw_2c,UC5zayj7sRZ_zHSqwMmduI4g,2
jwbHDwiDdkU,UC5zayj7sRZ_zHSqwMmduI4g,2
2EWZa2I5H1s,UCawnfDlDlCLiu1ZTIkygc9w,2
lA034xscoNQ,UCawnfDlDlCLiu1ZTIkygc9w,2
lEHoHMWNtAY,UCRu5CV_BaUwJ5QCnunHKvkg,2
au3orDvVkO0,UC5zayj7sRZ_zHSqwMmduI4g,2
o_y6eN2H56A,UC2zbpOnhs0PwkHza5mkpDYQ,2
5Puupvl-c3E,UC5zayj7sRZ_zHSqwMmduI4g,2
AsUVGQdgYrs,UC0XWC2_UZMkXPGn4bj0R2Uw,2
s4PX_hMaRIo,UC0XWC2_UZMkXPGn4bj0R2Uw,2
74mU9ieHIE4,UC5zayj7sRZ_zHSqwMmduI4g,2
ipkhCKWjzpo,UCg55rJ27zjuqod4Cv0ENqPQ,2
M6skAOnTNeQ,UCawnfDlDlCLiu1ZTIkygc9w,2
FntXym5CKzs,UC0XWC2_UZMkXPGn4bj0R2Uw,2
gGoT29TU5yQ,UCsWwltHud8jAo7txdIOqMSg,2
IOWlq8SP3AQ,UCawnfDlDlCLiu1ZTIkygc9w,2
LnLBQ1LlR9Y,UCawnfDlDlCLiu1ZTIkygc9w,2
RpR9RP51hVI,UCRrZWZ8p_Jvhjc8w2KW3EBg,2
yY5Fbeaxtc8,UC5zayj7sRZ_zHSqwMmduI4g,2
xR_Wpoc1NA4,UCCyocdgwZVcIfnWzwhVEdLA,2
Ll9I8FC4z6Q,UC0XWC2_UZMkXPGn4bj0R2Uw,2
I6OG_W0ss7s,UC5zayj7sRZ_zHSqwMmduI4g,2
bduPZC-RzuU,UCawnfDlDlCLiu1ZTIkygc9w,2
NhptOiDCqRM,UC0XWC2_UZMkXPGn4bj0R2Uw,2
0kl_yhrrzYM,UCg55rJ27zjuqod4Cv0ENqPQ,2
8fDb35pDm_k,UCawnfDlDlCLiu1ZTIkygc9w,2
fmHkxfOc60s,UC0XWC2_UZMkXPGn4bj0R2Uw,2
dgD76ljkY-I,UC5zayj7sRZ_zHSqwMmduI4g,2
PAOWCzSRWl8,UC5zayj7sRZ_zHSqwMmduI4g,2
jILcMxgQnxw,UC5zayj7sRZ_zHSqwMmduI4g,2
SEFaPNKaXpg,UCg55rJ27zjuqod4Cv0ENqPQ,2
YN2f-KtjjM0,UCRrZWZ8p_Jvhjc8w2KW3EBg,2
7RMg378vRRg,UCcca5ffHmgRrEwr-9IW-7Uw,2
OGFRAHAHalU,UCRnI8mSAO35rx7T4-BFLxtA,2
-lTwR8gz2sw,UC5zayj7sRZ_zHSqwMmduI4g,2
9DMktkZb4-8,UCg55rJ27zjuqod4Cv0ENqPQ,2
WYhfVLLeYlQ,UC5zayj7sRZ_zHSqwMmduI4g,2
I2luzJx8gXk,UCZhUolzN9vMdkjWrnT9DQ2A,2
Y9EuWoCEwjg,UCZhUolzN9vMdkjWrnT9DQ2A,2
ELxZ8v3iTHg,UCZhUolzN9vMdkjWrnT9DQ2A,2
Tmm5ZBA5IUU,UCTCdn0QxSosQGnaAPgFrBcQ,2
lu-YRxwJb3Y,UCg55rJ27zjuqod4Cv0ENqPQ,2
c-4c84U5Y0I,UCsWwltHud8jAo7txdIOqMSg,2
P1rok8CogJI,UC2zbpOnhs0PwkHza5mkpDYQ,2
OHT8hgJAqT8,UC0XWC2_UZMkXPGn4bj0R2Uw,2
hPpWNUE9d58,UC5zayj7sRZ_zHSqwMmduI4g,2
HTqSSfsv9RY,UC0XWC2_UZMkXPGn4bj0R2Uw,2
6qCV5tJIecQ,UC5zayj7sRZ_zHSqwMmduI4g,2
GruZ0Hp748g,UC5zayj7sRZ_zHSqwMmduI4g,2
-koB5bbJxPU,UC5zayj7sRZ_zHSqwMmduI4g,2
sBtxCvtMD6g,UC5zayj7sRZ_zHSqwMmduI4g,2
bqrKcaxRZtM,UC5zayj7sRZ_zHSqwMmduI4g,2
mFOu94UXHFA,UCawnfDlDlCLiu1ZTIkygc9w,2
zKrHS7BfTEY,UC9n3IgleIaFrJrp2hipGQpQ,2
NwPT4OHRryk,UC0XWC2_UZMkXPGn4bj0R2Uw,2
O0xiG2Px_Ec,UCRrZWZ8p_Jvhjc8w2KW3EBg,2
6swu7oc2WTY,UC5zayj7sRZ_zHSqwMmduI4g,2
wvTSrdcS0lQ,UCg55rJ27zjuqod4Cv0ENqPQ,2
xgyYbz269KI,UC5zayj7sRZ_zHSqwMmduI4g,2
oPi9WRn2A1M,UC0XWC2_UZMkXPGn4bj0R2Uw,2
i8D7DiIO3_c,UC5zayj7sRZ_zHSqwMmduI4g,2
0NiiRCT8vYY,UCRu5CV_BaUwJ5QCnunHKvkg,2
LB6C6gPSz5I,UC5zayj7sRZ_zHSqwMmduI4g,2
0Km4Jr9AHSQ,UC5zayj7sRZ_zHSqwMmduI4g,2
5Ae_RR82jBY,UC0XWC2_UZMkXPGn4bj0R2Uw,2
0ya6qtoQHGQ,UC5zayj7sRZ_zHSqwMmduI4g,2
WSZSc7t2tSE,UCZhUolzN9vMdkjWrnT9DQ2A,2
9seyeueGjrI,UC5zayj7sRZ_zHSqwMmduI4g,2
dUYeLId0__I,UCFZvDOxST9vb0nX-Z24YTaw,2
P0xlEBpmuiY,UC5zayj7sRZ_zHSqwMmduI4g,2
yGKyhKgLeRg,UCmsed0Kr1fPl-mvp6iM-_9g,2
B7eDQajKusk,UC5zayj7sRZ_zHSqwMmduI4g,2
WuqjvnXye54,UC5zayj7sRZ_zHSqwMmduI4g,2
hrgAT5cSd74,UCZhUolzN9vMdkjWrnT9DQ2A,2
bb5iF7zuo3E,UCZhUolzN9vMdkjWrnT9DQ2A,2
yNXBYgbqyws,UCZhUolzN9vMdkjWrnT9DQ2A,2
ZRq9U7m2uPs,UC5zayj7sRZ_zHSqwMmduI4g,2
oBndKyui_Tg,UCcca5ffHmgRrEwr-9IW-7Uw,2
Bz3_ZB08Jb0,UCVlOEP2q7meEoneD5qgeTxw,2
5iLCG-8tvGQ,UC0XWC2_UZMkXPGn4bj0R2Uw,2
yBzO32lnh7k,UC5zayj7sRZ_zHSqwMmduI4g,2
Ac-vglbe20w,UCg55rJ27zjuqod4Cv0ENqPQ,2
ncjfz50PGz0,UC5zayj7sRZ_zHSqwMmduI4g,2
wDHEpFxvNs8,UC5zayj7sRZ_zHSqwMmduI4g,2
gky7GnhTfjo,UCsWwltHud8jAo7txdIOqMSg,2
VXaq0dfmpZc,UC5zayj7sRZ_zHSqwMmduI4g,2
Be2Ky4kf6_o,UC5zayj7sRZ_zHSqwMmduI4g,2
r0U7QvUZ8HE,UC2zbpOnhs0PwkHza5mkpDYQ,2
-wRhS-HdOPE,UC5zayj7sRZ_zHSqwMmduI4g,2
fb_8z_zkNqk,UC5zayj7sRZ_zHSqwMmduI4g,2
EF2tSH8uPGQ,UC0XWC2_UZMkXPGn4bj0R2Uw,2
B43BkLw1ZKc,UC8rPkG068jFlejCMBDH582w,2
tqCMCS52fd0,UC5zayj7sRZ_zHSqwMmduI4g,2
rAqQcndnx_o,UC5zayj7sRZ_zHSqwMmduI4g,2
XjI_UTB3ieA,UCcca5ffHmgRrEwr-9IW-7Uw,2
Zb-G7_l-tpM,UC5zayj7sRZ_zHSqwMmduI4g,2
1jaqa4fw3ys,UCawnfDlDlCLiu1ZTIkygc9w,2
xcIjciizM4w,UC5zayj7sRZ_zHSqwMmduI4g,2
70-BE8YPQL8,UC8rPkG068jFlejCMBDH582w,2
COiXZU6XroU,UC5zayj7sRZ_zHSqwMmduI4g,2
fnS4qbVTqfM,UC5zayj7sRZ_zHSqwMmduI4g,2
bOSFm63X6ZY,UC0XWC2_UZMkXPGn4bj0R2Uw,2
_V1Xq0k-TH8,UC5zayj7sRZ_zHSqwMmduI4g,2
tMXQgSiaQEE,UC0XWC2_UZMkXPGn4bj0R2Uw,2
RdiWb4B9Cgg,UC5zayj7sRZ_zHSqwMmduI4g,2
iUaqaZo8_F0,UCRrZWZ8p_Jvhjc8w2KW3EBg,2
WvtqKGvv5cE,UC0XWC2_UZMkXPGn4bj0R2Uw,2
j-5Nj7Du1MU,UC5zayj7sRZ_zHSqwMmduI4g,2
2pYAoT0poCk,UC8rPkG068jFlejCMBDH582w,2
KktipJW9h8Y,UC5zayj7sRZ_zHSqwMmduI4g,2
TMdjlUv6XrA,UC5zayj7sRZ_zHSqwMmduI4g,2
Zk3YUFxSKSg,UC5zayj7sRZ_zHSqwMmduI4g,2
1GqGqcyD4sM,UCawnfDlDlCLiu1ZTIkygc9w,2
Wcg5-afY7ck,UC0XWC2_UZMkXPGn4bj0R2Uw,2
YEZGW3QNxZs,UC5zayj7sRZ_zHSqwMmduI4g,2
H_3mzMFFQbo,UC5zayj7sRZ_zHSqwMmduI4g,2
OoLSJ47duCE,UCCyocdgwZVcIfnWzwhVEdLA,2
TlNewiwyJHY,UC5zayj7sRZ_zHSqwMmduI4g,2
tnXj9mgm59s,UC5zayj7sRZ_zHSqwMmduI4g,2
kHaN9arxJHg,UC5zayj7sRZ_zHSqwMmduI4g,2
3Z4_E5NHPCk,UC5zayj7sRZ_zHSqwMmduI4g,2
C3hFDUT6_-0,UC8rPkG068jFlejCMBDH582w,2
7QXZ72tlKSE,UC5zayj7sRZ_zHSqwMmduI4g,2
X3l8ZCjQcDI,UC5zayj7sRZ_zHSqwMmduI4g,2
lMYiRsqGais,UC5zayj7sRZ_zHSqwMmduI4g,2
TC-TrqLVfSg,UC5zayj7sRZ_zHSqwMmduI4g,2
HZosllbC8HU,UC5zayj7sRZ_zHSqwMmduI4g,2
ZUk7Y1kMW88,UC5zayj7sRZ_zHSqwMmduI4g,2
PfUPbCCrJWI,UCZhUolzN9vMdkjWrnT9DQ2A,2
BKQAr5nJzSw,UCawnfDlDlCLiu1ZTIkygc9w,2
cvc-v1c50MM,UC0XWC2_UZMkXPGn4bj0R2Uw,2
zelwfMC0Ip0,UCTCdn0QxSosQGnaAPgFrBcQ,2
TPt0dpNNCA0,UCawnfDlDlCLiu1ZTIkygc9w,2
wAo3jMXmf5I,UCsWwltHud8jAo7txdIOqMSg,2
MlW6vnGP37Q,UCcca5ffHmgRrEwr-9IW-7Uw,2
38UETx1DqBY,UCawnfDlDlCLiu1ZTIkygc9w,2
tde_fA3ipIM,UCawnfDlDlCLiu1ZTIkygc9w,2
lsQLhTwP1Rs,UC8rPkG068jFlejCMBDH582w,2
1wSJGN6X_58,UCFZvDOxST9vb0nX-Z24YTaw,2
Mntn4RE-UKo,UCawnfDlDlCLiu1ZTIkygc9w,2
R6wKTOJrzsI,UC0XWC2_UZMkXPGn4bj0R2Uw,2
i2tazLsyGc0,UCawnfDlDlCLiu1ZTIkygc9w,2
f9X__mf0-So,UCRrZWZ8p_Jvhjc8w2KW3EBg,2
xURGwidYJhw,UCcca5ffHmgRrEwr-9IW-7Uw,2
wBpnPs6qdbk,UC0XWC2_UZMkXPGn4bj0R2Uw,2
7sm9Xy6gLHU,UCmsed0Kr1fPl-mvp6iM-_9g,2
WfctZqJI7m8,UCg55rJ27zjuqod4Cv0ENqPQ,2
8Jwe7PF8c-I,UCcca5ffHmgRrEwr-9IW-7Uw,2
L-vxQrJjei4,UCcca5ffHmgRrEwr-9IW-7Uw,2
JzUr178jHCo,UC2zbpOnhs0PwkHza5mkpDYQ,2
97dwOKHtk8w,UC0XWC2_UZMkXPGn4bj0R2Uw,2
68cu3iqAwVs,UCZhUolzN9vMdkjWrnT9DQ2A,2
7H-jrRXaAQQ,UCsWwltHud8jAo7txdIOqMSg,2
Q6wYnomHovM,UCg55rJ27zjuqod4Cv0ENqPQ,2
-urWAGBNZI8,UC0XWC2_UZMkXPGn4bj0R2Uw,2
kjejGj-Xva0,UC8rPkG068jFlejCMBDH582w,2
8FWe9jdA3PA,UCcca5ffHmgRrEwr-9IW-7Uw,2
s4djVQgA2wI,UCRrZWZ8p_Jvhjc8w2KW3EBg,2
wWyNJL9i8q8,UC8rPkG068jFlejCMBDH582w,2
V0XaQhiwG6Q,UC9n3IgleIaFrJrp2hipGQpQ,2
KnGa1cIb3Fg,UC8rPkG068jFlejCMBDH582w,2
N9IUlVaySGA,UCCyocdgwZVcIfnWzwhVEdLA,2
a6rA8jSnV8g,UCRu5CV_BaUwJ5QCnunHKvkg,2
neWAXKpy5Jo,UCcca5ffHmgRrEwr-9IW-7Uw,2
31sB17dHgxo,UC0XWC2_UZMkXPGn4bj0R2Uw,2
VZNp4B_0HwM,UCTCdn0QxSosQGnaAPgFrBcQ,2
k1S9alQk_qE,UCsWwltHud8jAo7txdIOqMSg,2
dbdYoq4oRBI,UC0XWC2_UZMkXPGn4bj0R2Uw,2
xHCsAuIlLVs,UC2zbpOnhs0PwkHza5mkpDYQ,2
Bye5wU_MUdw,UCFZvDOxST9vb0nX-Z24YTaw,2
YODuva9NmPo,UCRrZWZ8p_Jvhjc8w2KW3EBg,2
zU7enkFZJJc,UCRu5CV_BaUwJ5QCnunHKvkg,2
8mMjWV8mJ_g,UCZhUolzN9vMdkjWrnT9DQ2A,2
CF-ZSwrN3Ro,UCRrZWZ8p_Jvhjc8w2KW3EBg,2
w9jmjJpsySU,UC8rPkG068jFlejCMBDH582w,2
IwGvLddYTSI,UCcca5ffHmgRrEwr-9IW-7Uw,2
QuiKNgI-SMo,UCcca5ffHmgRrEwr-9IW-7Uw,2
ZXuDbXANiyE,UCRu5CV_BaUwJ5QCnunHKvkg,2
lxknZfnqmkI,UCCyocdgwZVcIfnWzwhVEdLA,2
7VLI1NboxPE,UCmsed0Kr1fPl-mvp6iM-_9g,2
0LmWuDuSryc,UC0XWC2_UZMkXPGn4bj0R2Uw,2
tNZuir3v1Vo,UCsWwltHud8jAo7txdIOqMSg,2
vEAd3Law_u8,UC8rPkG068jFlejCMBDH582w,2
_3qcS5tzyYI,UC0XWC2_UZMkXPGn4bj0R2Uw,2
5DSQlu7yU-4,UC2zbpOnhs0PwkHza5mkpDYQ,2
C2gUZ1ign00,UCFZvDOxST9vb0nX-Z24YTaw,2
qhCmp0t0ilY,UCRrZWZ8p_Jvhjc8w2KW3EBg,2
i69-EyJxwV8,UCcca5ffHmgRrEwr-9IW-7Uw,2
FUDwxd7YZls,UC8rPkG068jFlejCMBDH582w,2
-xs3GAlcwwM,UC8rPkG068jFlejCMBDH582w,2
PeqMFiKsmmY,UC8rPkG068jFlejCMBDH582w,2
WWl1OxmJwqI,UC0XWC2_UZMkXPGn4bj0R2Uw,2
TmudUUFuMiI,UCRnI8mSAO35rx7T4-BFLxtA,2
-BUHkaLzfcU,UCZhUolzN9vMdkjWrnT9DQ2A,2
jfgocxWbbXY,UC8rPkG068jFlejCMBDH582w,2
4UhPvrTo5wo,UCRnI8mSAO35rx7T4-BFLxtA,2
FpxHk62cryE,UC0XWC2_UZMkXPGn4bj0R2Uw,2
c9XkFDiip3g,UCRu5CV_BaUwJ5QCnunHKvkg,2
tDb9zjNIBPA,UC0XWC2_UZMkXPGn4bj0R2Uw,2
RjhEw8iuhN4,UCsWwltHud8jAo7txdIOqMSg,2
jsQ89qfmR3w,UC0XWC2_UZMkXPGn4bj0R2Uw,2
rKEDP08_K1E,UCRrZWZ8p_Jvhjc8w2KW3EBg,2
0W7Gqsga9-I,UC8rPkG068jFlejCMBDH582w,2
RsF2Lf5tOA8,UC8rPkG068jFlejCMBDH582w,2
pbcEjspUWhQ,UC8rPkG068jFlejCMBDH582w,2
q3fszCmTOpY,UCZhUolzN9vMdkjWrnT9DQ2A,2
uE3VmcvL1dg,UCRu5CV_BaUwJ5QCnunHKvkg,2
r0Zl0FE6Tgk,UC8rPkG068jFlejCMBDH582w,2
3Xz89Rz8-_4,UCTCdn0QxSosQGnaAPgFrBcQ,2
otxYDFzjlcE,UC0XWC2_UZMkXPGn4bj0R2Uw,2
xCGaMS1kJQ4,UCRrZWZ8p_Jvhjc8w2KW3EBg,2
j7esx9nTMcE,UCRu5CV_BaUwJ5QCnunHKvkg,2
tFni0CD14fI,UCsWwltHud8jAo7txdIOqMSg,2
904vNYqTlqI,UCFZvDOxST9vb0nX-Z24YTaw,2
GRzk7ZGmSe8,UCmsed0Kr1fPl-mvp6iM-_9g,2
0X9EzD2hXKY,UCcca5ffHmgRrEwr-9IW-7Uw,2
YOLvyAR9JQs,UC9n3IgleIaFrJrp2hipGQpQ,2
ry35UsqDw2o,UC8rPkG068jFlejCMBDH582w,2
UkdGfwtA7is,UCZhUolzN9vMdkjWrnT9DQ2A,2
MNTu-9BTX7E,UC0XWC2_UZMkXPGn4bj0R2Uw,2
gTNj-XGRqOQ,UC8rPkG068jFlejCMBDH582w,2
-z4fDsRD3qA,UCRrZWZ8p_Jvhjc8w2KW3EBg,2
vHkpPW_7U3I,UCRu5CV_BaUwJ5QCnunHKvkg,2
BHGwxuL-qJk,UC0XWC2_UZMkXPGn4bj0R2Uw,2
C4kPxRQTA5I,UCCyocdgwZVcIfnWzwhVEdLA,2
ZbMpdjBuVWM,UCcca5ffHmgRrEwr-9IW-7Uw,2
SZN8zSn2Dj8,UCZhUolzN9vMdkjWrnT9DQ2A,2
qmRnXUwJOtA,UCRrZWZ8p_Jvhjc8w2KW3EBg,2
LTecq4qEkT0,UCsWwltHud8jAo7txdIOqMSg,2
SRUuE1NSBx0,UCRu5CV_BaUwJ5QCnunHKvkg,2
U_tu6Mo7bRc,UC2zbpOnhs0PwkHza5mkpDYQ,2
DbAHaIVY9Wk,UCcca5ffHmgRrEwr-9IW-7Uw,2
tr9BB62rGJk,UC8rPkG068jFlejCMBDH582w,2
xHObmXqrgzY,UCRu5CV_BaUwJ5QCnunHKvkg,2
eswVizVJQT4,UC8rPkG068jFlejCMBDH582w,2
Zhgm9S3gGTI,UCRu5CV_BaUwJ5QCnunHKvkg,2
zlzcT7cakqs,UCVlOEP2q7meEoneD5qgeTxw,2
8R7hh3CU9R0,UCZhUolzN9vMdkjWrnT9DQ2A,2
C0zmX-nwKVY,UCVlOEP2q7meEoneD5qgeTxw,2
Lx5-tOwauB8,UCRrZWZ8p_Jvhjc8w2KW3EBg,2
smPWjG5Gx-o,UCRu5CV_BaUwJ5QCnunHKvkg,2
r8MkcATnfgs,UCVlOEP2q7meEoneD5qgeTxw,2
pizJKDd8Jvc,UCCyocdgwZVcIfnWzwhVEdLA,2
J4Cnkv8lySo,UC0XWC2_UZMkXPGn4bj0R2Uw,2
IPZ1aapn2KE,UC9n3IgleIaFrJrp2hipGQpQ,2
z7QAs9isOjA,UCRu5CV_BaUwJ5QCnunHKvkg,2
Nw_TLR7mQDI,UCRnI8mSAO35rx7T4-BFLxtA,2
o6reIzS_0jc,UCFZvDOxST9vb0nX-Z24YTaw,2
oiE6hyctVOA,UCsWwltHud8jAo7txdIOqMSg,2
tulxxMQhe7c,UC8rPkG068jFlejCMBDH582w,2
faPgCjaLHoc,UCZhUolzN9vMdkjWrnT9DQ2A,2
yGUmNDUNmy4,UC8rPkG068jFlejCMBDH582w,2
BvKOoeZt5A0,UCRu5CV_BaUwJ5QCnunHKvkg,2
dyVonUqhnrY,UC0XWC2_UZMkXPGn4bj0R2Uw,2
aAiVz1pvxsU,UC8rPkG068jFlejCMBDH582w,2
1EOQdVVokmg,UCRnI8mSAO35rx7T4-BFLxtA,2
pD8hgpBaue0,UCcca5ffHmgRrEwr-9IW-7Uw,2
UsCzDvMPTZA,UCmsed0Kr1fPl-mvp6iM-_9g,2
5tLNOBK9M-s,UCcca5ffHmgRrEwr-9IW-7Uw,2
66YTCwsZupw,UCZhUolzN9vMdkjWrnT9DQ2A,2
hDcgHiCSOGI,UCRu5CV_BaUwJ5QCnunHKvkg,2
spKt50EKlQo,UC0XWC2_UZMkXPGn4bj0R2Uw,2
9OppQ7sVu34,UCRu5CV_BaUwJ5QCnunHKvkg,2
wCk8mLMUmV0,UCRu5CV_BaUwJ5QCnunHKvkg,2
zA5aKc35GK0,UC0XWC2_UZMkXPGn4bj0R2Uw,2
xN8gJv-mazw,UCFZvDOxST9vb0nX-Z24YTaw,2
0BcinA2e698,UCRrZWZ8p_Jvhjc8w2KW3EBg,2
yi1O5gUR0aM,UCZhUolzN9vMdkjWrnT9DQ2A,2
SADWW8VApP8,UCRrZWZ8p_Jvhjc8w2KW3EBg,2
YSPXI4jfeIw,UCRu5CV_BaUwJ5QCnunHKvkg,2
ncA_lTU84ek,UC0XWC2_UZMkXPGn4bj0R2Uw,2
InW9uv2QsSQ,UCCyocdgwZVcIfnWzwhVEdLA,2
tCvdKEwHnoE,UCZhUolzN9vMdkjWrnT9DQ2A,2
SgucScBb0po,UCZhUolzN9vMdkjWrnT9DQ2A,2
JQsilMkEHqE,UCRu5CV_BaUwJ5QCnunHKvkg,2
bHGh351yvio,UC0XWC2_UZMkXPGn4bj0R2Uw,2
N2eEHzYZ4jc,UC8rPkG068jFlejCMBDH582w,2
VBD3LFKWv14,UC0XWC2_UZMkXPGn4bj0R2Uw,2
63sHT4v1-MI,UC8rPkG068jFlejCMBDH582w,2
kAEm-np1wEY,UCRu5CV_BaUwJ5QCnunHKvkg,2
DzQE0eIpqNU,UCZhUolzN9vMdkjWrnT9DQ2A,2
sd4MwvcIKZs,UCsWwltHud8jAo7txdIOqMSg,2
4agO3jVxKyc,UC0XWC2_UZMkXPGn4bj0R2Uw,2
_MGk8f1IfsY,UC8rPkG068jFlejCMBDH582w,2
v9v8YW828JQ,UC8rPkG068jFlejCMBDH582w,2
UxYWYnxWOLo,UC8rPkG068jFlejCMBDH582w,2
a5PTxR9zah8,UCRrZWZ8p_Jvhjc8w2KW3EBg,2
gERAHcb6oME,UC0XWC2_UZMkXPGn4bj0R2Uw,2
bD9HlIS2Qok,UC8rPkG068jFlejCMBDH582w,2
QUnRzcgDigI,UCRu5CV_BaUwJ5QCnunHKvkg,2
9SSsZ_wxS-U,UCRrZWZ8p_Jvhjc8w2KW3EBg,2
oFQIm_UrHDE,UC0XWC2_UZMkXPGn4bj0R2Uw,2
_tKP5h1l1yk,UC0XWC2_UZMkXPGn4bj0R2Uw,2
6TcqgGBuAh8,UCRrZWZ8p_Jvhjc8w2KW3EBg,2
uLC7XiUdL4c,UCsWwltHud8jAo7txdIOqMSg,2
0aM0T2qtFUU,UCRu5CV_BaUwJ5QCnunHKvkg,2
9AXqjfKTen0,UC0XWC2_UZMkXPGn4bj0R2Uw,2
J7Y8P3Opn_E,UC8rPkG068jFlejCMBDH582w,2
0dZanuBCyb8,UCZhUolzN9vMdkjWrnT9DQ2A,2
MN3CN5kxaEA,UCZhUolzN9vMdkjWrnT9DQ2A,2
4R0pbNIro1I,UCZhUolzN9vMdkjWrnT9DQ2A,2
MGpKF0F1wNA,UCZhUolzN9vMdkjWrnT9DQ2A,2
tyTEkLXGZtQ,UCZhUolzN9vMdkjWrnT9DQ2A,2
ftpM2VruFCQ,UCZhUolzN9vMdkjWrnT9DQ2A,2
E_yYHT3Cepg,UCmsed0Kr1fPl-mvp6iM-_9g,2
uhPXuu1-590,UCCyocdgwZVcIfnWzwhVEdLA,2
23_NDhiscj8,UC9n3IgleIaFrJrp2hipGQpQ,2
d6gEctI8pic,UCRrZWZ8p_Jvhjc8w2KW3EBg,2
gQe4G5d7PAk,UCRnI8mSAO35rx7T4-BFLxtA,2
2azN6WMJ4ic,UC8rPkG068jFlejCMBDH582w,2
lVJXKMCr8KY,UCRu5CV_BaUwJ5QCnunHKvkg,2
8dVekQq2OH0,UC8rPkG068jFlejCMBDH582w,2
6LcDhszcRWM,UC0XWC2_UZMkXPGn4bj0R2Uw,2
ogEbxsNGPZY,UCRnI8mSAO35rx7T4-BFLxtA,2
_Yp2yWD7Mpg,UC0XWC2_UZMkXPGn4bj0R2Uw,2
V8OSlrjAIqE,UC0XWC2_UZMkXPGn4bj0R2Uw,2
qQaUlQvfxJE,UCRrZWZ8p_Jvhjc8w2KW3EBg,2
VS5k-ea0hKE,UC8rPkG068jFlejCMBDH582w,2
BeEZpqq22xI,UC0XWC2_UZMkXPGn4bj0R2Uw,2
-Yli2Gnu2YU,UCZhUolzN9vMdkjWrnT9DQ2A,2
RFGT2JwUTrY,UC8rPkG068jFlejCMBDH582w,2
2AUTpCRJkYI,UCRu5CV_BaUwJ5QCnunHKvkg,2
Xl04ohxC4AM,UCsWwltHud8jAo7txdIOqMSg,2
seYV5ePg0Ho,UC0XWC2_UZMkXPGn4bj0R2Uw,2
zZF7sE-f4gc,UCRu5CV_BaUwJ5QCnunHKvkg,2
4LG64I0Pxy4,UCRu5CV_BaUwJ5QCnunHKvkg,2
IL3d1COS5RE,UCCyocdgwZVcIfnWzwhVEdLA,2
6sdR8yR8L3I,UCZhUolzN9vMdkjWrnT9DQ2A,2
yJIjIegFuhM,UCFZvDOxST9vb0nX-Z24YTaw,2
cDJ5XK4nsFs,UCcca5ffHmgRrEwr-9IW-7Uw,2
QJFQwnrJ9GE,UC8rPkG068jFlejCMBDH582w,2
hYWkUr8kwn4,UC0XWC2_UZMkXPGn4bj0R2Uw,2
S4RcXFlHtp0,UC2zbpOnhs0PwkHza5mkpDYQ,2
ElUI8yMHRBQ,UC0XWC2_UZMkXPGn4bj0R2Uw,2
a7clSlWlZo4,UCsWwltHud8jAo7txdIOqMSg,2
gLjjG41RFPc,UCRu5CV_BaUwJ5QCnunHKvkg,2
3V_f_f5jjyA,UC0XWC2_UZMkXPGn4bj0R2Uw,2
7kDmvfbc-Ts,UC0XWC2_UZMkXPGn4bj0R2Uw,2
dfDBYAsYjXk,UCRu5CV_BaUwJ5QCnunHKvkg,2
hpECZVC8p5s,UCmsed0Kr1fPl-mvp6iM-_9g,2
P0Ng1DlJeDc,UC9n3IgleIaFrJrp2hipGQpQ,2
lvdG_-o25LE,UCRu5CV_BaUwJ5QCnunHKvkg,2
l28KmDdphB8,UCRu5CV_BaUwJ5QCnunHKvkg,2
y342H4UA8AQ,UCRrZWZ8p_Jvhjc8w2KW3EBg,2
ieYJce3ydr8,UCRu5CV_BaUwJ5QCnunHKvkg,2
lw8SbFIQ91k,UC0XWC2_UZMkXPGn4bj0R2Uw,2
Fa1S65O_re0,UCCyocdgwZVcIfnWzwhVEdLA,2
W7DxjImLd_8,UCZhUolzN9vMdkjWrnT9DQ2A,2
e4V1KZmEkLA,UCRnI8mSAO35rx7T4-BFLxtA,2
mwaIKZF2CWc,UCRnI8mSAO35rx7T4-BFLxtA,2
MtobXKR3FHg,UC8rPkG068jFlejCMBDH582w,2
Z5nU14Go6ZQ,UC0XWC2_UZMkXPGn4bj0R2Uw,2
ienFEkXr6B8,UC2zbpOnhs0PwkHza5mkpDYQ,2
_g5ibJhfWdY,UCRu5CV_BaUwJ5QCnunHKvkg,2
SW_3NTkOrHI,UC0XWC2_UZMkXPGn4bj0R2Uw,2
AAgvRtl_IZA,UC8rPkG068jFlejCMBDH582w,2
4hgA4HcUgik,UCsWwltHud8jAo7txdIOqMSg,2
4haq7NxqaD8,UC0XWC2_UZMkXPGn4bj0R2Uw,2
Q4BBkg30g6M,UC8rPkG068jFlejCMBDH582w,2
vHDK609T9es,UCFZvDOxST9vb0nX-Z24YTaw,2
ucJQtDiR11c,UCRrZWZ8p_Jvhjc8w2KW3EBg,2
ZbHlszJTv7E,UC0XWC2_UZMkXPGn4bj0R2Uw,2
OhZvc9nCAbk,UC8rPkG068jFlejCMBDH582w,2
Y3HOXtOxqOs,UC0XWC2_UZMkXPGn4bj0R2Uw,2
5LbAWYJY3WE,UC8rPkG068jFlejCMBDH582w,2
aczRXIeXcfs,UCZhUolzN9vMdkjWrnT9DQ2A,2
95Xf7N_6YbE,UCRu5CV_BaUwJ5QCnunHKvkg,2
IjTx-juoVRI,UC0XWC2_UZMkXPGn4bj0R2Uw,2
DCxx9nVOznY,UCRnI8mSAO35rx7T4-BFLxtA,2
YoPYhMZ-bus,UCmsed0Kr1fPl-mvp6iM-_9g,2
7_Vc5wl96Uk,UCCyocdgwZVcIfnWzwhVEdLA,2
Z2TEmoiogKI,UCVlOEP2q7meEoneD5qgeTxw,2
5Qjkh-11RbI,UC8rPkG068jFlejCMBDH582w,2
1zqmEZvOc4k,UCRnI8mSAO35rx7T4-BFLxtA,2
VhPaEhmqehk,UC0XWC2_UZMkXPGn4bj0R2Uw,2
sNfOJAHKn3o,UCTCdn0QxSosQGnaAPgFrBcQ,2
24pmZDVdeOE,UCsWwltHud8jAo7txdIOqMSg,2
2mE7QPAH3MM,UC0XWC2_UZMkXPGn4bj0R2Uw,2
ZRdbLw65bW4,UCRrZWZ8p_Jvhjc8w2KW3EBg,2
bjg_HHUtWM0,UCRu5CV_BaUwJ5QCnunHKvkg,2
nydd2Bc5TXA,UC0XWC2_UZMkXPGn4bj0R2Uw,2
EX9Lj37oME8,UCRnI8mSAO35rx7T4-BFLxtA,2
zplV5_LraMs,UCZhUolzN9vMdkjWrnT9DQ2A,2
kEmrjv4uQX4,UC0XWC2_UZMkXPGn4bj0R2Uw,2
Fs-gOpmZRHI,UCRu5CV_BaUwJ5QCnunHKvkg,2
z0Cg7b9UH7o,UCRu5CV_BaUwJ5QCnunHKvkg,2
b6MA_1GSv40,UC0XWC2_UZMkXPGn4bj0R2Uw,2
G-Mzy1xpudg,UCZhUolzN9vMdkjWrnT9DQ2A,2
kKrFYp4RCxU,UCRrZWZ8p_Jvhjc8w2KW3EBg,2
GFlgpQCgsGU,UC0XWC2_UZMkXPGn4bj0R2Uw,2
Gwfx2l6qVOA,UCRnI8mSAO35rx7T4-BFLxtA,2
oaqkmW6uE70,UCCyocdgwZVcIfnWzwhVEdLA,2
lx5n69ThH8w,UCFZvDOxST9vb0nX-Z24YTaw,2
5NvJgoQNGO4,UCFZvDOxST9vb0nX-Z24YTaw,2
ovXRmIcMwcs,UC0XWC2_UZMkXPGn4bj0R2Uw,2
aDhabaOKwUI,UCsWwltHud8jAo7txdIOqMSg,2
sjbEG0KFfe8,UCRu5CV_BaUwJ5QCnunHKvkg,2
UYkcZv_3vDI,UCRu5CV_BaUwJ5QCnunHKvkg,2
d8Cc8V06pE4,UC0XWC2_UZMkXPGn4bj0R2Uw,2
u2D37vsAKrY,UCZhUolzN9vMdkjWrnT9DQ2A,2
X3e1n4ORDZk,UCRu5CV_BaUwJ5QCnunHKvkg,2
8O1REGiIa2Y,UC0XWC2_UZMkXPGn4bj0R2Uw,2
cy_McO87tWM,UCVlOEP2q7meEoneD5qgeTxw,2
gTwoncYCJA4,UC0XWC2_UZMkXPGn4bj0R2Uw,2
lX8QDQCcjcI,UC0XWC2_UZMkXPGn4bj0R2Uw,2
A1Fqj5Uex8M,UCRnI8mSAO35rx7T4-BFLxtA,2
BvjJ4sBMxec,UC0XWC2_UZMkXPGn4bj0R2Uw,2
2o3Mua1wv8g,UCRu5CV_BaUwJ5QCnunHKvkg,2
-Ai8-5rRPv8,UCRnI8mSAO35rx7T4-BFLxtA,2
mFwndeCU4TI,UC0XWC2_UZMkXPGn4bj0R2Uw,2
PLBt_SZTnbY,UCRu5CV_BaUwJ5QCnunHKvkg,2
24ioNdjJMzk,UCRrZWZ8p_Jvhjc8w2KW3EBg,2
uEFnhpmTHic,UCRu5CV_BaUwJ5QCnunHKvkg,2
0AzFVlHGLoY,UC0XWC2_UZMkXPGn4bj0R2Uw,2
pxGfewq6nNw,UCCyocdgwZVcIfnWzwhVEdLA,2
14JwjAXxwoY,UC0XWC2_UZMkXPGn4bj0R2Uw,2
4TDsUk6GXgM,UCRu5CV_BaUwJ5QCnunHKvkg,2
Ue3n_hntU0A,UC0XWC2_UZMkXPGn4bj0R2Uw,2
a7SzLGWxDrg,UCVlOEP2q7meEoneD5qgeTxw,2
cKIxzNBOHMA,UC0XWC2_UZMkXPGn4bj0R2Uw,2
qduur8QCdZw,UC0XWC2_UZMkXPGn4bj0R2Uw,2
sqy2FZsYpsQ,UCRu5CV_BaUwJ5QCnunHKvkg,2
o21z3mZDSO0,UCsWwltHud8jAo7txdIOqMSg,2
Ljo9GjxL5PM,UC0XWC2_UZMkXPGn4bj0R2Uw,2
1JG1NahOj6w,UC0XWC2_UZMkXPGn4bj0R2Uw,2
J0MkWshrPYc,UCZhUolzN9vMdkjWrnT9DQ2A,2
J83MjLOFcL8,UCRu5CV_BaUwJ5QCnunHKvkg,2
eO9JNoM7tJM,UCRu5CV_BaUwJ5QCnunHKvkg,2
OWt2w5BsFto,UCmsed0Kr1fPl-mvp6iM-_9g,2
dsPjVM-wvkM,UCZhUolzN9vMdkjWrnT9DQ2A,2
fcsv7B8S2Cw,UCRu5CV_BaUwJ5QCnunHKvkg,2
1GhECLXou3w,UC0XWC2_UZMkXPGn4bj0R2Uw,2
DqS5JncwonU,UCRu5CV_BaUwJ5QCnunHKvkg,2
W-QSny8EjVU,UCRrZWZ8p_Jvhjc8w2KW3EBg,2
Am6hhCLGOTY,UCRu5CV_BaUwJ5QCnunHKvkg,2
WeIS5_67TLY,UC0XWC2_UZMkXPGn4bj0R2Uw,2
IOTn4E949k4,UC0XWC2_UZMkXPGn4bj0R2Uw,2
R9riZsKH2H8,UCCyocdgwZVcIfnWzwhVEdLA,2
ub5iBIu1As8,UCRu5CV_BaUwJ5QCnunHKvkg,2
0s3fF5r59RE,UC0XWC2_UZMkXPGn4bj0R2Uw,2
xGaxFCOdocU,UCRu5CV_BaUwJ5QCnunHKvkg,2
RjpeXvxtgjw,UCFZvDOxST9vb0nX-Z24YTaw,2
xDvblkIZa0Y,UCRu5CV_BaUwJ5QCnunHKvkg,2
SWEnZWYxy30,UC0XWC2_UZMkXPGn4bj0R2Uw,2
Oo13yLWjFu0,UCRrZWZ8p_Jvhjc8w2KW3EBg,2
8Y8hxuf55DY,UC9n3IgleIaFrJrp2hipGQpQ,2
64oCHnU1QPA,UC0XWC2_UZMkXPGn4bj0R2Uw,2
xcOUWGbUpVE,UCsWwltHud8jAo7txdIOqMSg,2
NrB8MAfnYc4,UCRu5CV_BaUwJ5QCnunHKvkg,2
4VwuvZ-XJS8,UCRu5CV_BaUwJ5QCnunHKvkg,2
DCdpehr1gJU,UCRrZWZ8p_Jvhjc8w2KW3EBg,2
HHGf4CSirU0,UCRu5CV_BaUwJ5QCnunHKvkg,2
PXiOoTkiOcA,UCZhUolzN9vMdkjWrnT9DQ2A,2
baFJM41n408,UCCyocdgwZVcIfnWzwhVEdLA,2
u9RsGROAzOM,UC0XWC2_UZMkXPGn4bj0R2Uw,2
qyh1aYFkLaU,UC0XWC2_UZMkXPGn4bj0R2Uw,2
NpHstc4bs8A,UCRu5CV_BaUwJ5QCnunHKvkg,2
dLCUUW57L24,UCRu5CV_BaUwJ5QCnunHKvkg,2
IzM9_6TH0m8,UC0XWC2_UZMkXPGn4bj0R2Uw,2
8vPbKpzwKxM,UCsWwltHud8jAo7txdIOqMSg,2
vwMDkoKZ6dk,UC0XWC2_UZMkXPGn4bj0R2Uw,2
yor-N7XSxB0,UC0XWC2_UZMkXPGn4bj0R2Uw,2
-Sd88e2DTRk,UCRrZWZ8p_Jvhjc8w2KW3EBg,2
F8ZxeenTjfs,UCRu5CV_BaUwJ5QCnunHKvkg,2
RkxwBltWRAA,UCmsed0Kr1fPl-mvp6iM-_9g,2
FSuptn3JazQ,UCcca5ffHmgRrEwr-9IW-7Uw,2
ad8YFY5gySo,UC0XWC2_UZMkXPGn4bj0R2Uw,2
JN4MG0k0KDs,UCRu5CV_BaUwJ5QCnunHKvkg,2
VaW2u9feN44,UCFZvDOxST9vb0nX-Z24YTaw,2
9ayDmkonRGo,UCRu5CV_BaUwJ5QCnunHKvkg,2
I501imLdrLc,UCCyocdgwZVcIfnWzwhVEdLA,2
vp6xcr2N160,UCZhUolzN9vMdkjWrnT9DQ2A,2
hhOkOIBHclE,UCRrZWZ8p_Jvhjc8w2KW3EBg,2
W9WR9CWC1mQ,UCTCdn0QxSosQGnaAPgFrBcQ,2
N7s2bqeJsJs,UC0XWC2_UZMkXPGn4bj0R2Uw,2
5OL4OWimW7A,UC0XWC2_UZMkXPGn4bj0R2Uw,2
-IxlpkZBSWM,UCRu5CV_BaUwJ5QCnunHKvkg,2
jch6aW8E-pQ,UCZhUolzN9vMdkjWrnT9DQ2A,2
AMQCSLehOp0,UCRu5CV_BaUwJ5QCnunHKvkg,2
dvZuFTOzshY,UC0XWC2_UZMkXPGn4bj0R2Uw,2
Y36H1rSHX_c,UC0XWC2_UZMkXPGn4bj0R2Uw,2
TkETnNBgFac,UC0XWC2_UZMkXPGn4bj0R2Uw,2
1E76hIOpvTE,UC9n3IgleIaFrJrp2hipGQpQ,2
6M2rxGeEwzA,UC0XWC2_UZMkXPGn4bj0R2Uw,2
bAVbxYzdIKQ,UCRrZWZ8p_Jvhjc8w2KW3EBg,2
3eSmKYPBBnw,UCsWwltHud8jAo7txdIOqMSg,2
E1B7ExFrKcw,UCRu5CV_BaUwJ5QCnunHKvkg,2
9gQiA_U0nJU,UCFZvDOxST9vb0nX-Z24YTaw,2
9cN4n1mtL8c,UCRu5CV_BaUwJ5QCnunHKvkg,2
8U43yv7ap4o,UC0XWC2_UZMkXPGn4bj0R2Uw,2
xA7q6CjlTW0,UC0XWC2_UZMkXPGn4bj0R2Uw,2
8pYrZWn186I,UC0XWC2_UZMkXPGn4bj0R2Uw,2
z72cq4hZG9Y,UCCyocdgwZVcIfnWzwhVEdLA,2
rF9YDsuDVyw,UCZhUolzN9vMdkjWrnT9DQ2A,2
e1eIUgoCgiM,UCZhUolzN9vMdkjWrnT9DQ2A,2
ltq64up5FPQ,UC0XWC2_UZMkXPGn4bj0R2Uw,2
AALpZd0_IfY,UC0XWC2_UZMkXPGn4bj0R2Uw,2
Elt2DpS5DHQ,UCRu5CV_BaUwJ5QCnunHKvkg,2
6FInhbyPUCg,UCZhUolzN9vMdkjWrnT9DQ2A,2
EkF-4h-Nivw,UCRu5CV_BaUwJ5QCnunHKvkg,2
Cnw9pvXBB9w,UC0XWC2_UZMkXPGn4bj0R2Uw,2
gvninNgVz-Q,UC0XWC2_UZMkXPGn4bj0R2Uw,2
HL0ts_eQrIQ,UC0XWC2_UZMkXPGn4bj0R2Uw,2
t4B6-r8klhE,UC0XWC2_UZMkXPGn4bj0R2Uw,2
TTnHCVQDe7c,UC0XWC2_UZMkXPGn4bj0R2Uw,2
0vTajslCw40,UCcca5ffHmgRrEwr-9IW-7Uw,2
nZmCq0TTa70,UCRrZWZ8p_Jvhjc8w2KW3EBg,2
VcTmvorS2ds,UCRu5CV_BaUwJ5QCnunHKvkg,2
ThT3iu_9tr0,UCZhUolzN9vMdkjWrnT9DQ2A,2
gflaxKKGmPs,UC0XWC2_UZMkXPGn4bj0R2Uw,2
wj_xldt_KSA,UC0XWC2_UZMkXPGn4bj0R2Uw,2
U3y3muXNQgA,UCRu5CV_BaUwJ5QCnunHKvkg,2
Gq3Ppu1qky4,UCRu5CV_BaUwJ5QCnunHKvkg,2
j7Ze327O5o0,UC0XWC2_UZMkXPGn4bj0R2Uw,2
5M4pjarx5l0,UCsWwltHud8jAo7txdIOqMSg,2
YunxBWMcqR8,UCRrZWZ8p_Jvhjc8w2KW3EBg,2
NejQbharSZw,UCCyocdgwZVcIfnWzwhVEdLA,2
z8XdzSN-rd8,UCZhUolzN9vMdkjWrnT9DQ2A,2
kS8IqAlbflo,UCRu5CV_BaUwJ5QCnunHKvkg,2
f63TV4g-iN0,UC0XWC2_UZMkXPGn4bj0R2Uw,2
a0M5RaD1l84,UC0XWC2_UZMkXPGn4bj0R2Uw,2
zDPsurWy19M,UCRrZWZ8p_Jvhjc8w2KW3EBg,2
SCjcu5U1f-8,UCmsed0Kr1fPl-mvp6iM-_9g,2
4fNuTupSi7Q,UCZhUolzN9vMdkjWrnT9DQ2A,2
LqOveb-ypZ4,UCsWwltHud8jAo7txdIOqMSg,2
IDbPisMoga0,UCcca5ffHmgRrEwr-9IW-7Uw,2
BKasQFANd-o,UCRu5CV_BaUwJ5QCnunHKvkg,2
TCLqdnD9gHc,UC0XWC2_UZMkXPGn4bj0R2Uw,2
9kSClZ3Gw4I,UCFZvDOxST9vb0nX-Z24YTaw,2
Iu2K9rzKwdQ,UC9n3IgleIaFrJrp2hipGQpQ,2
YzGJhfyQdKs,UC2zbpOnhs0PwkHza5mkpDYQ,2
Bh3GDDOy12M,UCRu5CV_BaUwJ5QCnunHKvkg,2
najzPfzxc7k,UC0XWC2_UZMkXPGn4bj0R2Uw,2
3J_5LHAA674,UCCyocdgwZVcIfnWzwhVEdLA,2
8RGyn8Co8UA,UCRrZWZ8p_Jvhjc8w2KW3EBg,2
3HlzuV8Z4fk,UCcca5ffHmgRrEwr-9IW-7Uw,2
TEi2zdk1f0s,UCmsed0Kr1fPl-mvp6iM-_9g,2
dsKYCE3_L6s,UCRu5CV_BaUwJ5QCnunHKvkg,2
2VNGNUIUqPE,UCRrZWZ8p_Jvhjc8w2KW3EBg,2
vBCYh9mtv6Q,UCcca5ffHmgRrEwr-9IW-7Uw,2
werrNFbGLGo,UC9n3IgleIaFrJrp2hipGQpQ,2
UpQdVq9eecU,UCsWwltHud8jAo7txdIOqMSg,2
QhgxYWYwZlQ,UC0XWC2_UZMkXPGn4bj0R2Uw,2
9AI6R6wMwaQ,UC2zbpOnhs0PwkHza5mkpDYQ,2
EQCGKWTdgfw,UCVlOEP2q7meEoneD5qgeTxw,2
wA3vQgiutEw,UCVlOEP2q7meEoneD5qgeTxw,2
7KZ_f6BhsLA,UCFZvDOxST9vb0nX-Z24YTaw,2
6AkUXI1hV9s,UCRrZWZ8p_Jvhjc8w2KW3EBg,2
qzJchHhKD6M,UCmsed0Kr1fPl-mvp6iM-_9g,2
uHY3Vtcb798,UCZhUolzN9vMdkjWrnT9DQ2A,2
ynNf1q7lajY,UCZhUolzN9vMdkjWrnT9DQ2A,2
74mzX3RkMx8,UCZhUolzN9vMdkjWrnT9DQ2A,2
ezLddRo33LY,UCRu5CV_BaUwJ5QCnunHKvkg,2
bI8ajilzVkE,UCcca5ffHmgRrEwr-9IW-7Uw,2
hWI7CpKd5Aw,UCg55rJ27zjuqod4Cv0ENqPQ,2
HtNL8aP2pAA,UCCyocdgwZVcIfnWzwhVEdLA,2
ktue8WjmenE,UC0XWC2_UZMkXPGn4bj0R2Uw,2
QfT9loQyI-I,UC2zbpOnhs0PwkHza5mkpDYQ,2
FnL8p72IZzM,UCsWwltHud8jAo7txdIOqMSg,2
jHvWmtEYIo8,UC8rPkG068jFlejCMBDH582w,2
RFD0abKiyvE,UCZhUolzN9vMdkjWrnT9DQ2A,2
rTlt9Ue9Fwg,UCcca5ffHmgRrEwr-9IW-7Uw,2
mYsR256kuAU,UCRu5CV_BaUwJ5QCnunHKvkg,2
DUdP6W4XG74,UC8rPkG068jFlejCMBDH582w,2
jeB3lz-DWh0,UC0XWC2_UZMkXPGn4bj0R2Uw,2
dPav4_4nJFY,UCCyocdgwZVcIfnWzwhVEdLA,2
BmaVi_q2xLA,UCg55rJ27zjuqod4Cv0ENqPQ,2
52SrkIxJD0U,UCRrZWZ8p_Jvhjc8w2KW3EBg,2
28pJogF2NMU,UC2zbpOnhs0PwkHza5mkpDYQ,2
vKu1PslQtXc,UCFZvDOxST9vb0nX-Z24YTaw,2
vebA5SRibIw,UCsWwltHud8jAo7txdIOqMSg,2
846Hs8pQdHg,UCmsed0Kr1fPl-mvp6iM-_9g,2
9qNqZsMethU,UCVlOEP2q7meEoneD5qgeTxw,2
_ZBW3mWzBnM,UC8rPkG068jFlejCMBDH582w,2
P0yMIFv4yM4,UCcca5ffHmgRrEwr-9IW-7Uw,2
ByX3v-IAUtA,UCRu5CV_BaUwJ5QCnunHKvkg,2
KaFAkR0fDPk,UC0XWC2_UZMkXPGn4bj0R2Uw,2
4NlWtEaWbYE,UCCyocdgwZVcIfnWzwhVEdLA,2
QRfJ3KTETWI,UCg55rJ27zjuqod4Cv0ENqPQ,2
v8yXiLZ3P1A,UC8rPkG068jFlejCMBDH582w,2
TnoN06wIfUs,UCVlOEP2q7meEoneD5qgeTxw,2
16syI2Eszw4,UC9n3IgleIaFrJrp2hipGQpQ,2
TDRygZVnB4U,UCRrZWZ8p_Jvhjc8w2KW3EBg,2
B13P149wIRY,UCZhUolzN9vMdkjWrnT9DQ2A,2
qRLL8gSd5fU,UCsWwltHud8jAo7txdIOqMSg,2
jF8QjKH8QoU,UC8rPkG068jFlejCMBDH582w,2
3TJVSN7w4SU,UCRu5CV_BaUwJ5QCnunHKvkg,2
fNAH__jVbho,UCVlOEP2q7meEoneD5qgeTxw,2
TRmqjkmTVpI,UCFZvDOxST9vb0nX-Z24YTaw,2
JyMIWdkMxIU,UCcca5ffHmgRrEwr-9IW-7Uw,2
Q7HIStZBdjQ,UCVlOEP2q7meEoneD5qgeTxw,2
F-jIwPpl_cY,UC0XWC2_UZMkXPGn4bj0R2Uw,2
GxlLI-jKEks,UCCyocdgwZVcIfnWzwhVEdLA,2
t-PZ1DrWjXM,UCRu5CV_BaUwJ5QCnunHKvkg,2
DBHHqUxhY20,UCRu5CV_BaUwJ5QCnunHKvkg,2
21XzrTEGHGs,UCRu5CV_BaUwJ5QCnunHKvkg,2
9iyKt2uNy74,UC9n3IgleIaFrJrp2hipGQpQ,2
H0_-GkMto8Y,UCRu5CV_BaUwJ5QCnunHKvkg,2
b5jezTUrojQ,UCRu5CV_BaUwJ5QCnunHKvkg,2
R-ToIIz6kts,UCRrZWZ8p_Jvhjc8w2KW3EBg,2
gOE1tE18RDE,UCsWwltHud8jAo7txdIOqMSg,2
O0re8SHJsFU,UCmsed0Kr1fPl-mvp6iM-_9g,2
AQURs6XitK4,UC2zbpOnhs0PwkHza5mkpDYQ,2
O1CFCuiacBY,UC5zayj7sRZ_zHSqwMmduI4g,2
hUsaKPEJ_3c,UC5zayj7sRZ_zHSqwMmduI4g,2
ljrZoWlKjUA,UCg55rJ27zjuqod4Cv0ENqPQ,2
kEfZRmc_Xd0,UCcca5ffHmgRrEwr-9IW-7Uw,2
J2shwN98uRg,UC0XWC2_UZMkXPGn4bj0R2Uw,2
x6CGd3rn-MQ,UCRu5CV_BaUwJ5QCnunHKvkg,2
96ZYTH8kPPI,UC0XWC2_UZMkXPGn4bj0R2Uw,2
qP_TEhDc98w,UCFZvDOxST9vb0nX-Z24YTaw,2
lF5X8OMGUAc,UC0XWC2_UZMkXPGn4bj0R2Uw,2
cHbrpi0Xp94,UCCyocdgwZVcIfnWzwhVEdLA,2
yNw3e0hbam0,UCRrZWZ8p_Jvhjc8w2KW3EBg,2
y-7vVXrSO0U,UCRu5CV_BaUwJ5QCnunHKvkg,2
ICUpTE0yy_s,UCsWwltHud8jAo7txdIOqMSg,2
H1OOpvV3FeM,UC2zbpOnhs0PwkHza5mkpDYQ,2
rEnp59vRRjI,UC0XWC2_UZMkXPGn4bj0R2Uw,2
nITDlU-neAM,UCcca5ffHmgRrEwr-9IW-7Uw,2
DVnRAYmqaQo,UC5zayj7sRZ_zHSqwMmduI4g,2
Z8fmZOgwsT4,UC5zayj7sRZ_zHSqwMmduI4g,2
YWDPZjb0xtY,UC5zayj7sRZ_zHSqwMmduI4g,2
dNbSrt8pyNM,UCFZvDOxST9vb0nX-Z24YTaw,2
2N-glyfyzAE,UC5zayj7sRZ_zHSqwMmduI4g,2
3seFhj00bfs,UCRu5CV_BaUwJ5QCnunHKvkg,2
nl4nSN_l7Ro,UCmsed0Kr1fPl-mvp6iM-_9g,2
uMlBlofDMDg,UC0XWC2_UZMkXPGn4bj0R2Uw,2
PX49UkJbIAY,UC2zbpOnhs0PwkHza5mkpDYQ,2
8czO2KUfYXs,UCCyocdgwZVcIfnWzwhVEdLA,2
gmNQFdQWXP0,UCRu5CV_BaUwJ5QCnunHKvkg,2
uLopPGY1oIQ,UCRu5CV_BaUwJ5QCnunHKvkg,2
tQ-Ah_ooduc,UC0XWC2_UZMkXPGn4bj0R2Uw,2
ed49RDcRvJ0,UCRu5CV_BaUwJ5QCnunHKvkg,2
FUdFdOYduSc,UCRu5CV_BaUwJ5QCnunHKvkg,2
eOSnxiTurAo,UCRu5CV_BaUwJ5QCnunHKvkg,2
ViSZtM-YmzI,UCTCdn0QxSosQGnaAPgFrBcQ,2
zJ2wPlbaWNU,UCsWwltHud8jAo7txdIOqMSg,2
bpOMK6VdKnQ,UC0XWC2_UZMkXPGn4bj0R2Uw,2
ZIobOEkl2AQ,UCFZvDOxST9vb0nX-Z24YTaw,2
RgIwLecFsY4,UCRu5CV_BaUwJ5QCnunHKvkg,2
cYtZT9clqig,UCRnI8mSAO35rx7T4-BFLxtA,2
CWDF-0CbReE,UC2zbpOnhs0PwkHza5mkpDYQ,2
yodLe7vroDs,UCRrZWZ8p_Jvhjc8w2KW3EBg,2
n9Y5ypEFOeI,UCg55rJ27zjuqod4Cv0ENqPQ,2
GTNLt-ohl6Y,UCcca5ffHmgRrEwr-9IW-7Uw,2
gCSeJsrfz9w,UC0XWC2_UZMkXPGn4bj0R2Uw,2
Oa1SNR0ptRU,UCRu5CV_BaUwJ5QCnunHKvkg,2
mpw6lZ_G_rc,UCRu5CV_BaUwJ5QCnunHKvkg,2
pz4Qn5cz19A,UCRu5CV_BaUwJ5QCnunHKvkg,2
z2K7r48ealM,UCRu5CV_BaUwJ5QCnunHKvkg,2
pNaCv2Qn5PY,UC0XWC2_UZMkXPGn4bj0R2Uw,2
O7XCkVrvBGY,UC0XWC2_UZMkXPGn4bj0R2Uw,2
RDljka0DgrQ,UCCyocdgwZVcIfnWzwhVEdLA,2
_G32vRUpugk,UC0XWC2_UZMkXPGn4bj0R2Uw,2
xxyiI101WBA,UCRu5CV_BaUwJ5QCnunHKvkg,2
Ps2eoEhK4D4,UCcca5ffHmgRrEwr-9IW-7Uw,2
jQZ_8U8vmUY,UC8rPkG068jFlejCMBDH582w,2
lUhq2oS7vT4,UCsWwltHud8jAo7txdIOqMSg,2
jltPrSXSppI,UCRu5CV_BaUwJ5QCnunHKvkg,2
l9uFh5ME5_4,UC0XWC2_UZMkXPGn4bj0R2Uw,2
w04CwlJ6-2k,UCRu5CV_BaUwJ5QCnunHKvkg,2
dz_gakr8wrQ,UCRu5CV_BaUwJ5QCnunHKvkg,2
kllcx49V3zQ,UCmsed0Kr1fPl-mvp6iM-_9g,2
vUTLc6liXBw,UC8rPkG068jFlejCMBDH582w,2
keezdSMTn58,UCRu5CV_BaUwJ5QCnunHKvkg,2
e49zfteHRwI,UCcca5ffHmgRrEwr-9IW-7Uw,2
oUbh1Zbxel4,UCRu5CV_BaUwJ5QCnunHKvkg,2
dK0rKKvivZE,UCRu5CV_BaUwJ5QCnunHKvkg,2
tvIvoqFWX6E,UCmsed0Kr1fPl-mvp6iM-_9g,2
_5XuOFWF0zM,UCZhUolzN9vMdkjWrnT9DQ2A,2
QgV653JitMU,UCFZvDOxST9vb0nX-Z24YTaw,2
sGpnd51w2yI,UC0XWC2_UZMkXPGn4bj0R2Uw,2
S8__TnJJDik,UCCyocdgwZVcIfnWzwhVEdLA,2
PougwFe4fXE,UC9n3IgleIaFrJrp2hipGQpQ,2
0Wqa37YI-9M,UCRu5CV_BaUwJ5QCnunHKvkg,2
4r-FrnwaXTo,UCcca5ffHmgRrEwr-9IW-7Uw,2
8gTCknCtSVM,UCRu5CV_BaUwJ5QCnunHKvkg,2
rNupZ7ScZGI,UCRu5CV_BaUwJ5QCnunHKvkg,2
gy6YMypn5RQ,UCRu5CV_BaUwJ5QCnunHKvkg,2
gnmkNWCh9vs,UCRu5CV_BaUwJ5QCnunHKvkg,2
Xxdfd0iBW50,UC0XWC2_UZMkXPGn4bj0R2Uw,2
Txp68H5JguI,UCRu5CV_BaUwJ5QCnunHKvkg,2
Ex50UN8p2BA,UCRu5CV_BaUwJ5QCnunHKvkg,2
yfRvMUTjR7Q,UCRu5CV_BaUwJ5QCnunHKvkg,2
ewSGQzFHOcM,UCRu5CV_BaUwJ5QCnunHKvkg,2
u0yO9NitJII,UCRu5CV_BaUwJ5QCnunHKvkg,2
734d4KwTcyQ,UCRu5CV_BaUwJ5QCnunHKvkg,2
CTPIKfuycCQ,UCmsed0Kr1fPl-mvp6iM-_9g,2
fUWj6jAxfRA,UC0XWC2_UZMkXPGn4bj0R2Uw,2
Fj-9xR4MAf8,UCRu5CV_BaUwJ5QCnunHKvkg,2
bRbJeSuEpMM,UCRu5CV_BaUwJ5QCnunHKvkg,2
6Kmc4ytLJxo,UCRrZWZ8p_Jvhjc8w2KW3EBg,2
2SqGBy0aPBw,UC0XWC2_UZMkXPGn4bj0R2Uw,2
AZfl6z6e2Us,UCcca5ffHmgRrEwr-9IW-7Uw,2
GDStTAEUQqQ,UC0XWC2_UZMkXPGn4bj0R2Uw,2
0CAe4EibiaE,UCmsed0Kr1fPl-mvp6iM-_9g,2
q2l_ei6UkOE,UCcca5ffHmgRrEwr-9IW-7Uw,2
535IaSPCi5A,UC0XWC2_UZMkXPGn4bj0R2Uw,2
RxtiIZqLr8M,UCsWwltHud8jAo7txdIOqMSg,2
mLaTN7JfvwU,UC2zbpOnhs0PwkHza5mkpDYQ,2
JchsBgRA5Ps,UC0XWC2_UZMkXPGn4bj0R2Uw,2
fCtjPK5DtQY,UCCyocdgwZVcIfnWzwhVEdLA,2
q2YVkOuKis8,UC0XWC2_UZMkXPGn4bj0R2Uw,2
Kd7KWklWPpI,UCRu5CV_BaUwJ5QCnunHKvkg,2
8aV7li09OsY,UCmsed0Kr1fPl-mvp6iM-_9g,2
WE93WXiHR30,UC0XWC2_UZMkXPGn4bj0R2Uw,2
-xT9_gJcPfw,UC0XWC2_UZMkXPGn4bj0R2Uw,2
Mp0iA5HjleU,UCcca5ffHmgRrEwr-9IW-7Uw,2
9TiPR4lWafM,UC0XWC2_UZMkXPGn4bj0R2Uw,2
L2S6DYpVTF0,UCFZvDOxST9vb0nX-Z24YTaw,2
FxTtZi4_d_c,UCRu5CV_BaUwJ5QCnunHKvkg,2
5Z0von82Ico,UC0XWC2_UZMkXPGn4bj0R2Uw,2
q8UecMF4YuU,UCmsed0Kr1fPl-mvp6iM-_9g,2
UCdARwA-BO0,UC0XWC2_UZMkXPGn4bj0R2Uw,2
vhjYkGx2uI0,UC0XWC2_UZMkXPGn4bj0R2Uw,2
tnIJfypGafE,UCRu5CV_BaUwJ5QCnunHKvkg,2
wnRdvPlslYU,UC0XWC2_UZMkXPGn4bj0R2Uw,2
QQPg2IJTshQ,UCcca5ffHmgRrEwr-9IW-7Uw,2
dv_dLBSkcqI,UC9n3IgleIaFrJrp2hipGQpQ,2
JjGr6YtTShI,UCCyocdgwZVcIfnWzwhVEdLA,2
mP7RCDcf6zc,UCsWwltHud8jAo7txdIOqMSg,2
rQzF2t31xno,UC0XWC2_UZMkXPGn4bj0R2Uw,2
PnDovP8jl64,UCmsed0Kr1fPl-mvp6iM-_9g,2
p2JehMA8udY,UC0XWC2_UZMkXPGn4bj0R2Uw,2
L6xP4_YW06M,UC8rPkG068jFlejCMBDH582w,2
iwd5dEH-MRg,UCRu5CV_BaUwJ5QCnunHKvkg,2
bpJM44Bx0cs,UC0XWC2_UZMkXPGn4bj0R2Uw,2
Fxj_RiULPhQ,UC0XWC2_UZMkXPGn4bj0R2Uw,2
gtRHpThyN_A,UC8rPkG068jFlejCMBDH582w,2
iNKzJ29Pheg,UCcca5ffHmgRrEwr-9IW-7Uw,2
huclbtZhbrs,UCFZvDOxST9vb0nX-Z24YTaw,2
ot5rOLR9zrw,UC0XWC2_UZMkXPGn4bj0R2Uw,2
EQP2pfH3yyA,UC0XWC2_UZMkXPGn4bj0R2Uw,2
Mcxp4hQrjg4,UCVlOEP2q7meEoneD5qgeTxw,2
2CtUckMoTkA,UCRrZWZ8p_Jvhjc8w2KW3EBg,2
5NmpFGl6nJk,UC8rPkG068jFlejCMBDH582w,2
XfWCRytTitI,UCmsed0Kr1fPl-mvp6iM-_9g,2
23kV5L_gdnI,UC0XWC2_UZMkXPGn4bj0R2Uw,2
FoEsFUVMyjw,UCCyocdgwZVcIfnWzwhVEdLA,2
ZWzLOX-dCtI,UCcca5ffHmgRrEwr-9IW-7Uw,2
1VX1wNY8TIE,UC0XWC2_UZMkXPGn4bj0R2Uw,2
pDGr3C97E1Y,UCZhUolzN9vMdkjWrnT9DQ2A,2
7fvmwg8bLs4,UC0XWC2_UZMkXPGn4bj0R2Uw,2
PhUDZ0igsbM,UC2zbpOnhs0PwkHza5mkpDYQ,2
2r3m8Njk-j4,UCmsed0Kr1fPl-mvp6iM-_9g,2
2vdwoio3PTw,UC0XWC2_UZMkXPGn4bj0R2Uw,2
B-_6l3Caslc,UC0XWC2_UZMkXPGn4bj0R2Uw,2
TrzqvB9836s,UC9n3IgleIaFrJrp2hipGQpQ,2
vnz_l4s3R4k,UC0XWC2_UZMkXPGn4bj0R2Uw,2
ii7yEq8zXJA,UCRu5CV_BaUwJ5QCnunHKvkg,2
EKIsA3B4bOo,UCsWwltHud8jAo7txdIOqMSg,2
ivk8wi51HYk,UC0XWC2_UZMkXPGn4bj0R2Uw,2
iPtR6aCgLAI,UCmsed0Kr1fPl-mvp6iM-_9g,2
QvzYQbp7dlw,UCcca5ffHmgRrEwr-9IW-7Uw,2
ia05FdrhGTI,UC0XWC2_UZMkXPGn4bj0R2Uw,2
z-eVMEr-tm0,UC0XWC2_UZMkXPGn4bj0R2Uw,2
wysDNIc3wmE,UC2zbpOnhs0PwkHza5mkpDYQ,2
p3XWGpHkeNk,UCmsed0Kr1fPl-mvp6iM-_9g,2
2pP9mToFtr8,UCFZvDOxST9vb0nX-Z24YTaw,2
7_UbnuPoj5g,UCTCdn0QxSosQGnaAPgFrBcQ,2
Qypvj1TfuWE,UCcca5ffHmgRrEwr-9IW-7Uw,2
erKdA0TmDBk,UCRu5CV_BaUwJ5QCnunHKvkg,2
mYepZcvyoW8,UCmsed0Kr1fPl-mvp6iM-_9g,2
Z1sydysPhCw,UCcca5ffHmgRrEwr-9IW-7Uw,2
IB3UnBXLYGI,UCmsed0Kr1fPl-mvp6iM-_9g,2
_9vmOZnhOdg,UC8rPkG068jFlejCMBDH582w,2
9_j6_uSsYNU,UC0XWC2_UZMkXPGn4bj0R2Uw,2
TvZ9DcLqxB0,UCmsed0Kr1fPl-mvp6iM-_9g,2
qaKS1BQcoE0,UCFZvDOxST9vb0nX-Z24YTaw,2
nmJsaYHDigk,UCsWwltHud8jAo7txdIOqMSg,2
wWGwUudX_00,UCZhUolzN9vMdkjWrnT9DQ2A,2
MfiK3J3M_ZM,UCRu5CV_BaUwJ5QCnunHKvkg,2
4rTv6O1eQT4,UCRrZWZ8p_Jvhjc8w2KW3EBg,2
WIo33_M-2_U,UCsWwltHud8jAo7txdIOqMSg,2
TCeYd5bxGtM,UCRu5CV_BaUwJ5QCnunHKvkg,2
jFDVwf9n53w,UCmsed0Kr1fPl-mvp6iM-_9g,2
pNs__NgLrYI,UC8rPkG068jFlejCMBDH582w,2
D0Tz7NSw_zQ,UCmsed0Kr1fPl-mvp6iM-_9g,2
IA9eWYCNUrE,UCCyocdgwZVcIfnWzwhVEdLA,2
23gD_wy_URg,UCcca5ffHmgRrEwr-9IW-7Uw,2
VfniTuCY_Is,UCcca5ffHmgRrEwr-9IW-7Uw,2
NudwTsLDVMk,UC2zbpOnhs0PwkHza5mkpDYQ,2
OSZ1c3MQwWU,UCsWwltHud8jAo7txdIOqMSg,2
7VyruILVHzw,UCmsed0Kr1fPl-mvp6iM-_9g,2
sirJSJuaxwY,UCRu5CV_BaUwJ5QCnunHKvkg,2
LIi71Jw22ek,UCg55rJ27zjuqod4Cv0ENqPQ,2
4mbuL0eImwg,UCcca5ffHmgRrEwr-9IW-7Uw,2
lggoy-ASdNo,UCmsed0Kr1fPl-mvp6iM-_9g,2
UJixneo8Xl8,UCCyocdgwZVcIfnWzwhVEdLA,2
7cFIkUOuJx0,UCcca5ffHmgRrEwr-9IW-7Uw,2
hs5VcqW4I6o,UCsWwltHud8jAo7txdIOqMSg,2
ExjlnwiBjQg,UCFZvDOxST9vb0nX-Z24YTaw,2
XsClXv56m0Q,UC8rPkG068jFlejCMBDH582w,2
9oDObxmkonk,UCCyocdgwZVcIfnWzwhVEdLA,2
ejegx2mX2RM,UCsWwltHud8jAo7txdIOqMSg,2
L7rvwmGem-Y,UCmsed0Kr1fPl-mvp6iM-_9g,2
b9pQis6rK9Y,UC2zbpOnhs0PwkHza5mkpDYQ,2
-9jp7cu88CQ,UCg55rJ27zjuqod4Cv0ENqPQ,2
nK5E_GVwNpI,UCRrZWZ8p_Jvhjc8w2KW3EBg,2
LxwMdqFnJm0,UCmsed0Kr1fPl-mvp6iM-_9g,2
9_Y1mKwRj_s,UC8rPkG068jFlejCMBDH582w,2
sAQPoUVx51A,UCsWwltHud8jAo7txdIOqMSg,2
KsY4DDfRKiA,UCmsed0Kr1fPl-mvp6iM-_9g,2
UAJxumQv-MU,UC2zbpOnhs0PwkHza5mkpDYQ,2
uDJ9AEKARiM,UCCyocdgwZVcIfnWzwhVEdLA,2
NvHiN4l5hCE,UCRnI8mSAO35rx7T4-BFLxtA,2
t4lEjfdHF6Y,UC8rPkG068jFlejCMBDH582w,2
QbPqdAoAu7o,UCVlOEP2q7meEoneD5qgeTxw,2
T16Bnml62iQ,UCZhUolzN9vMdkjWrnT9DQ2A,2
9baKXRDzO20,UCcca5ffHmgRrEwr-9IW-7Uw,2
N3UpY9nljtw,UCmsed0Kr1fPl-mvp6iM-_9g,2
1Emm1Fhk30M,UC8rPkG068jFlejCMBDH582w,2
NtMk_yHtE7s,UCFZvDOxST9vb0nX-Z24YTaw,2
2eAEk3b7JQI,UCmsed0Kr1fPl-mvp6iM-_9g,2
ZlRsPMe8Ln0,UCsWwltHud8jAo7txdIOqMSg,2
xhSW_c9qzBU,UCmsed0Kr1fPl-mvp6iM-_9g,2
dU_4OSo-FUw,UCCyocdgwZVcIfnWzwhVEdLA,2
PX2OoPUV-LE,UCcca5ffHmgRrEwr-9IW-7Uw,2
hf42XeRHkNQ,UCVlOEP2q7meEoneD5qgeTxw,2
4L7qgcrf0vw,UCmsed0Kr1fPl-mvp6iM-_9g,2
y6mU9oXN8qY,UC9n3IgleIaFrJrp2hipGQpQ,2
tVz_FU9A8jQ,UCsWwltHud8jAo7txdIOqMSg,2
pWz_wJRe0_Y,UC2zbpOnhs0PwkHza5mkpDYQ,2
SQW0SZOsWWE,UCRu5CV_BaUwJ5QCnunHKvkg,2
iXYbUHm6jcA,UCsWwltHud8jAo7txdIOqMSg,2
JWChw8lI6Nk,UCcca5ffHmgRrEwr-9IW-7Uw,2
QOETUcwJh6A,UCmsed0Kr1fPl-mvp6iM-_9g,2
HhhnORG7ylg,UCRrZWZ8p_Jvhjc8w2KW3EBg,2
vsHMmLgYF08,UCRu5CV_BaUwJ5QCnunHKvkg,2
7ErgNIEGaLk,UCsWwltHud8jAo7txdIOqMSg,2
G4QO6q3RKYw,UCCyocdgwZVcIfnWzwhVEdLA,2
hETM-B8cwJY,UCmsed0Kr1fPl-mvp6iM-_9g,2
WORcjjiE3XY,UCsWwltHud8jAo7txdIOqMSg,2
Y6II17xPYus,UCcca5ffHmgRrEwr-9IW-7Uw,2
o2YUeGUpFEU,UCmsed0Kr1fPl-mvp6iM-_9g,2
J-lxnfZC3xM,UCVlOEP2q7meEoneD5qgeTxw,2
b0wKyKVvmZE,UCCyocdgwZVcIfnWzwhVEdLA,2
bhsyjiFNI9c,UCmsed0Kr1fPl-mvp6iM-_9g,2
_8HMPNNxlRY,UCTCdn0QxSosQGnaAPgFrBcQ,2
CEa_noWak_o,UCsWwltHud8jAo7txdIOqMSg,2
HH7DGp9dF3E,UC2zbpOnhs0PwkHza5mkpDYQ,2
bsbLEld6Fpo,UCmsed0Kr1fPl-mvp6iM-_9g,2
VfOte4sogAU,UC8rPkG068jFlejCMBDH582w,2
mtaMJleoK5I,UCsWwltHud8jAo7txdIOqMSg,2
ArLAlB7_xZg,UCmsed0Kr1fPl-mvp6iM-_9g,2
3cWWjtuLwkQ,UC2zbpOnhs0PwkHza5mkpDYQ,2
MZ7sv7BDeAY,UCmsed0Kr1fPl-mvp6iM-_9g,2
bH4LOEEu_VM,UCCyocdgwZVcIfnWzwhVEdLA,2
g4g40fbrfLM,UCRu5CV_BaUwJ5QCnunHKvkg,2
wXdce5hLpIU,UCmsed0Kr1fPl-mvp6iM-_9g,2
fYLhbDg0Imc,UCFZvDOxST9vb0nX-Z24YTaw,2
ZEF1ZL8HquU,UCZhUolzN9vMdkjWrnT9DQ2A,2
2Qr_CNUGXAc,UCsWwltHud8jAo7txdIOqMSg,2
NwUfFu7yaM8,UCmsed0Kr1fPl-mvp6iM-_9g,2
y_ixA6VE8jc,UCcca5ffHmgRrEwr-9IW-7Uw,2
na-kFKb0yko,UCmsed0Kr1fPl-mvp6iM-_9g,2
2_Uw70gz3Jg,UCmsed0Kr1fPl-mvp6iM-_9g,2
nyFVED41K4Q,UC9n3IgleIaFrJrp2hipGQpQ,2
XUf3HSg5zlE,UCRrZWZ8p_Jvhjc8w2KW3EBg,2
TpKb_vbwGP0,UCsWwltHud8jAo7txdIOqMSg,2
3gOPkxSWwhU,UC2zbpOnhs0PwkHza5mkpDYQ,2
kkaotb3K4jA,UCCyocdgwZVcIfnWzwhVEdLA,2
rCmkxuVR85k,UCsWwltHud8jAo7txdIOqMSg,2
dStJ2f4Q08M,UCRu5CV_BaUwJ5QCnunHKvkg,2
mHb70-Au3io,UCcca5ffHmgRrEwr-9IW-7Uw,2
014kcxP_9eU,UC8rPkG068jFlejCMBDH582w,2
_u8yNbeCmtE,UCcca5ffHmgRrEwr-9IW-7Uw,2
Bs-dbeqTVy8,UC8rPkG068jFlejCMBDH582w,2
8ISkp7Yc4NU,UCFZvDOxST9vb0nX-Z24YTaw,2
U0K75Ma1ut0,UCsWwltHud8jAo7txdIOqMSg,2
El6_WcACvEc,UCRu5CV_BaUwJ5QCnunHKvkg,2
GUdDHHXI4fQ,UCsWwltHud8jAo7txdIOqMSg,2
xDGsw4DBt2M,UC9n3IgleIaFrJrp2hipGQpQ,2
WnLl8dstjc0,UCCyocdgwZVcIfnWzwhVEdLA,2
9h6GKe6piG4,UCmsed0Kr1fPl-mvp6iM-_9g,2
UKQrKLRXu3A,UCRrZWZ8p_Jvhjc8w2KW3EBg,2
TXJHyojz_o8,UC2zbpOnhs0PwkHza5mkpDYQ,2
nAJxdKosv8c,UCsWwltHud8jAo7txdIOqMSg,2
dyJWezzrsXo,UCmsed0Kr1fPl-mvp6iM-_9g,2
2jo0FKaPNgM,UCRu5CV_BaUwJ5QCnunHKvkg,2
fxrDg7GlwJY,UCmsed0Kr1fPl-mvp6iM-_9g,2
DXhR2_ZJIUs,UCmsed0Kr1fPl-mvp6iM-_9g,2
1GoOuzU8mD0,UCZhUolzN9vMdkjWrnT9DQ2A,2
4Kr79HS42Os,UCsWwltHud8jAo7txdIOqMSg,2
guBLC97Fr0M,UCcca5ffHmgRrEwr-9IW-7Uw,2
qpKE2npc5eQ,UC2zbpOnhs0PwkHza5mkpDYQ,2
KGzVIJkqVwo,UCRu5CV_BaUwJ5QCnunHKvkg,2
LA9cmWZu7s8,UCCyocdgwZVcIfnWzwhVEdLA,2
Yq5VHcrw1aM,UCmsed0Kr1fPl-mvp6iM-_9g,2
AtQKeHRXqjY,UCRu5CV_BaUwJ5QCnunHKvkg,2
X_AVWm9igao,UCsWwltHud8jAo7txdIOqMSg,2
c3dm3nrRr_s,UCmsed0Kr1fPl-mvp6iM-_9g,2
rnKX0taOZ9U,UCFZvDOxST9vb0nX-Z24YTaw,2
LR06WgSjAG4,UCmsed0Kr1fPl-mvp6iM-_9g,2
ZBKbeNV-Nbs,UCCyocdgwZVcIfnWzwhVEdLA,2
PzT4pRfHuP8,UCmsed0Kr1fPl-mvp6iM-_9g,2
FpiXYRdfHdI,UCmsed0Kr1fPl-mvp6iM-_9g,2
uwMRU4IzWRw,UCsWwltHud8jAo7txdIOqMSg,2
eK03qHgOxDo,UCRu5CV_BaUwJ5QCnunHKvkg,2
RzJpVpuDmz0,UCmsed0Kr1fPl-mvp6iM-_9g,2
2SiLuQSLaKU,UCCyocdgwZVcIfnWzwhVEdLA,2
w5t-yMkQZ5I,UCmsed0Kr1fPl-mvp6iM-_9g,2
XpyqXz-Ha2w,UCsWwltHud8jAo7txdIOqMSg,2
m7KiZlysLN8,UCRu5CV_BaUwJ5QCnunHKvkg,2
ai8XN6eVe4E,UCCyocdgwZVcIfnWzwhVEdLA,2
0Fc4DM6yevA,UCFZvDOxST9vb0nX-Z24YTaw,2
o9uP9cADgzE,UCmsed0Kr1fPl-mvp6iM-_9g,2
LeAGL_cYVL8,UCmsed0Kr1fPl-mvp6iM-_9g,2
gKckJKtXERM,UCcca5ffHmgRrEwr-9IW-7Uw,2
6nd7xv7cinA,UCmsed0Kr1fPl-mvp6iM-_9g,2
Acq-leQELC0,UCVlOEP2q7meEoneD5qgeTxw,2
MBv_90a26VQ,UCmsed0Kr1fPl-mvp6iM-_9g,2
XWz-zZ3qbNU,UCsWwltHud8jAo7txdIOqMSg,2
A3y23zrq7eU,UCmsed0Kr1fPl-mvp6iM-_9g,2
5wpBtRIM4-w,UCmsed0Kr1fPl-mvp6iM-_9g,2
zCAsRn3-A08,UCcca5ffHmgRrEwr-9IW-7Uw,2
mMeSr_lzBWY,UCmsed0Kr1fPl-mvp6iM-_9g,2
h-T73AYzw8A,UCcca5ffHmgRrEwr-9IW-7Uw,2
1p4k21bPqYs,UCFZvDOxST9vb0nX-Z24YTaw,2
AiIEq6GXzEw,UCmsed0Kr1fPl-mvp6iM-_9g,2
TM_sEC4DF8M,UC2zbpOnhs0PwkHza5mkpDYQ,2
gTKqh2WqvCs,UCCyocdgwZVcIfnWzwhVEdLA,2
q5YqE5MG9T8,UCmsed0Kr1fPl-mvp6iM-_9g,2
WZ55wUsps1c,UCRu5CV_BaUwJ5QCnunHKvkg,2
UJ9f3LvlAps,UCmsed0Kr1fPl-mvp6iM-_9g,2
YTmExp-nwUQ,UCcca5ffHmgRrEwr-9IW-7Uw,2
-Ocs-BizuaU,UCmsed0Kr1fPl-mvp6iM-_9g,2
LOxCPjIVt4c,UCTCdn0QxSosQGnaAPgFrBcQ,2
QslxxP6_xy0,UCsWwltHud8jAo7txdIOqMSg,2
fx5RCjJvXg4,UCRnI8mSAO35rx7T4-BFLxtA,2
iDbt1QRq-vg,UC2zbpOnhs0PwkHza5mkpDYQ,2
deILmzeu-CI,UCcca5ffHmgRrEwr-9IW-7Uw,2
LhVeWOWyW0c,UCcca5ffHmgRrEwr-9IW-7Uw,2
7WvfhrxsNIc,UCRu5CV_BaUwJ5QCnunHKvkg,2
q6FLjXbO3CI,UCmsed0Kr1fPl-mvp6iM-_9g,2
2kWY0jKqjqo,UCZhUolzN9vMdkjWrnT9DQ2A,2
jPqfdpZbvnc,UCCyocdgwZVcIfnWzwhVEdLA,2
iPdZyJlEWdM,UCmsed0Kr1fPl-mvp6iM-_9g,2
7GKONj4Dh74,UCcca5ffHmgRrEwr-9IW-7Uw,2
N_tNMOYpCiQ,UCFZvDOxST9vb0nX-Z24YTaw,2
1ZPg95a53vc,UCmsed0Kr1fPl-mvp6iM-_9g,2
d8gzkiBGVLs,UCmsed0Kr1fPl-mvp6iM-_9g,2
Hoqk2uCZJrk,UCmsed0Kr1fPl-mvp6iM-_9g,2
mRA3SOQfqds,UCRrZWZ8p_Jvhjc8w2KW3EBg,2
Ii9J8Qiwdfg,UCsWwltHud8jAo7txdIOqMSg,2
SQxl--CaAWs,UCRu5CV_BaUwJ5QCnunHKvkg,2
jcWEj_foKmg,UCFZvDOxST9vb0nX-Z24YTaw,2
nm5S_5jJ-Fc,UCmsed0Kr1fPl-mvp6iM-_9g,2
hhP9ixOUxqM,UCCyocdgwZVcIfnWzwhVEdLA,2
V7MJwF2y7co,UCRu5CV_BaUwJ5QCnunHKvkg,2
nibaxjQfQo4,UC2zbpOnhs0PwkHza5mkpDYQ,2
7WPKRrkdVcw,UCRu5CV_BaUwJ5QCnunHKvkg,2
aQLknwuhpOo,UCFZvDOxST9vb0nX-Z24YTaw,2
fEJkS_Uz_j4,UCRu5CV_BaUwJ5QCnunHKvkg,2
T60C49T3eD4,UCcca5ffHmgRrEwr-9IW-7Uw,2
YnC6JEGYySE,UC9n3IgleIaFrJrp2hipGQpQ,2
6w7H7zYH6cE,UCmsed0Kr1fPl-mvp6iM-_9g,2
xOcLBsk4f08,UCCyocdgwZVcIfnWzwhVEdLA,2
qsUTTCDFm2M,UCTCdn0QxSosQGnaAPgFrBcQ,2
8MghkHRnxnU,UCsWwltHud8jAo7txdIOqMSg,2
jTlUbkkip8w,UCCyocdgwZVcIfnWzwhVEdLA,2
5x5x6L8hZR0,UC2zbpOnhs0PwkHza5mkpDYQ,2
E5IT1-E1hQc,UCcca5ffHmgRrEwr-9IW-7Uw,2
8VjSv2IHYak,UCcca5ffHmgRrEwr-9IW-7Uw,2
lslomKPdQI8,UCcca5ffHmgRrEwr-9IW-7Uw,2
qutAbkdQ37k,UCcca5ffHmgRrEwr-9IW-7Uw,2
vfQQXBA2Bnw,UCFZvDOxST9vb0nX-Z24YTaw,2
rmVgCDJ78IA,UCsWwltHud8jAo7txdIOqMSg,2
ZRRL2OmN4Sk,UC9n3IgleIaFrJrp2hipGQpQ,2
Ajtoo9oLfoA,UCRrZWZ8p_Jvhjc8w2KW3EBg,2
8zSHslYuXEk,UCCyocdgwZVcIfnWzwhVEdLA,2
eh2gHaB8Pk8,UCFZvDOxST9vb0nX-Z24YTaw,2
PV10PPuwRj4,UCsWwltHud8jAo7txdIOqMSg,2
4SGdX3HtAKM,UCcca5ffHmgRrEwr-9IW-7Uw,2
Ut8FbVKQ-xM,UCRnI8mSAO35rx7T4-BFLxtA,2
kETgykCoEZw,UCVlOEP2q7meEoneD5qgeTxw,2
NAmGsHpgK2E,UCVlOEP2q7meEoneD5qgeTxw,2
imbmnRIf_XM,UCZhUolzN9vMdkjWrnT9DQ2A,2
luy3UJv2bLQ,UCsWwltHud8jAo7txdIOqMSg,2
d3QbLVqOHxk,UCcca5ffHmgRrEwr-9IW-7Uw,2
20yo5k9Fpx8,UCFZvDOxST9vb0nX-Z24YTaw,2
zgzCr_KxkgE,UCmsed0Kr1fPl-mvp6iM-_9g,2
itbboh3TDjQ,UCCyocdgwZVcIfnWzwhVEdLA,2
r7n81ovWRrQ,UCsWwltHud8jAo7txdIOqMSg,2
qiE3Xx4GNIM,UCRrZWZ8p_Jvhjc8w2KW3EBg,2
6_ihTrQs19I,UC9n3IgleIaFrJrp2hipGQpQ,2
vUlx4mgQSaU,UC8rPkG068jFlejCMBDH582w,2
OU9z7d1aZOY,UCFZvDOxST9vb0nX-Z24YTaw,2
ARD24U08VtI,UCcca5ffHmgRrEwr-9IW-7Uw,2
a6W-rgQ-0SU,UCmsed0Kr1fPl-mvp6iM-_9g,2
g6ROXbTvk4U,UCmsed0Kr1fPl-mvp6iM-_9g,2
PuiehTkgBRo,UCsWwltHud8jAo7txdIOqMSg,2
rybIqmJAalE,UCmsed0Kr1fPl-mvp6iM-_9g,2
3ZDgiavSVMM,UCFZvDOxST9vb0nX-Z24YTaw,2
LWZTOdgQsRo,UCmsed0Kr1fPl-mvp6iM-_9g,2
Vui2LFMBWWE,UCCyocdgwZVcIfnWzwhVEdLA,2
H-OtytKnmJc,UCcca5ffHmgRrEwr-9IW-7Uw,2
DxnSkpuK854,UCVlOEP2q7meEoneD5qgeTxw,2
m3KiGxt_HwE,UC8rPkG068jFlejCMBDH582w,2
DCswWCZ39ug,UCRnI8mSAO35rx7T4-BFLxtA,2
hFGF4HZKhss,UCsWwltHud8jAo7txdIOqMSg,2
hoqP9D5mGMA,UCZhUolzN9vMdkjWrnT9DQ2A,2
kxuAXY_AP7o,UC8rPkG068jFlejCMBDH582w,2
ibKTdYu282E,UCFZvDOxST9vb0nX-Z24YTaw,2
IjXBEJT9Fhg,UCsWwltHud8jAo7txdIOqMSg,2
y0-UQQc5xaw,UCRrZWZ8p_Jvhjc8w2KW3EBg,2
Fz2vzAFULoY,UCcca5ffHmgRrEwr-9IW-7Uw,2
MXnoD_BrXBs,UCCyocdgwZVcIfnWzwhVEdLA,2
p_KlKMKf2gk,UCcca5ffHmgRrEwr-9IW-7Uw,2
uRrNMZ--57s,UC8rPkG068jFlejCMBDH582w,2
qULjuMFxLnI,UCRnI8mSAO35rx7T4-BFLxtA,2
nWxeBB-SsnM,UC8rPkG068jFlejCMBDH582w,2
wPZwUpgR5jk,UCTCdn0QxSosQGnaAPgFrBcQ,2
aCgnrASZVv4,UCRrZWZ8p_Jvhjc8w2KW3EBg,2
y_VT9atBK0Y,UCcca5ffHmgRrEwr-9IW-7Uw,2
6TTr_UdwebQ,UCsWwltHud8jAo7txdIOqMSg,2
RjcsIq-1IOg,UCsWwltHud8jAo7txdIOqMSg,2
JXHmyXCaPM8,UC8rPkG068jFlejCMBDH582w,2
MNBQj6TO5ss,UCcca5ffHmgRrEwr-9IW-7Uw,2
McwcI4DUMsM,UCCyocdgwZVcIfnWzwhVEdLA,2
TawXQv09M0g,UCsWwltHud8jAo7txdIOqMSg,2
rd4c-0MQIns,UC9n3IgleIaFrJrp2hipGQpQ,2
YkbA77YBSTg,UCVlOEP2q7meEoneD5qgeTxw,2
k8uXYAlYp9s,UCsWwltHud8jAo7txdIOqMSg,2
3nstmsmB9po,UCcca5ffHmgRrEwr-9IW-7Uw,2
Xv2chIqhw5o,UCcca5ffHmgRrEwr-9IW-7Uw,2
d9GwCqJEUcU,UCFZvDOxST9vb0nX-Z24YTaw,2
5SDJ7vjyJN0,UCcca5ffHmgRrEwr-9IW-7Uw,2
icsS289S5fs,UCsWwltHud8jAo7txdIOqMSg,2
bDarmPdP7g4,UCTCdn0QxSosQGnaAPgFrBcQ,2
tPG799fRmdY,UCRrZWZ8p_Jvhjc8w2KW3EBg,2
focXqqmsTNg,UCCyocdgwZVcIfnWzwhVEdLA,2
ZkODW9K40uA,UCRrZWZ8p_Jvhjc8w2KW3EBg,2
iM6hxnsQnaY,UCsWwltHud8jAo7txdIOqMSg,2
b13vwPHn_PA,UCmsed0Kr1fPl-mvp6iM-_9g,2
lhWIgrPFnM0,UCRrZWZ8p_Jvhjc8w2KW3EBg,2
u03U6An31rY,UCmsed0Kr1fPl-mvp6iM-_9g,2
ExB5BbV5Wvs,UCFZvDOxST9vb0nX-Z24YTaw,2
E7-9WRTMArs,UCZhUolzN9vMdkjWrnT9DQ2A,2
N9-u8S9GUu4,UCsWwltHud8jAo7txdIOqMSg,2
tJph0IUJI5k,UCmsed0Kr1fPl-mvp6iM-_9g,2
LQt_yrDHGlI,UC9n3IgleIaFrJrp2hipGQpQ,2
Zi542r6FAIU,UCcca5ffHmgRrEwr-9IW-7Uw,2
2dXUQs3QB8E,UCRrZWZ8p_Jvhjc8w2KW3EBg,2
CAHHCRA2R4o,UCsWwltHud8jAo7txdIOqMSg,2
3pe65fjYmYQ,UCRrZWZ8p_Jvhjc8w2KW3EBg,2
kw7bqFGoDG4,UCsWwltHud8jAo7txdIOqMSg,2
FLIZOGwnV9c,UCRrZWZ8p_Jvhjc8w2KW3EBg,2
6he7LDejjtA,UCFZvDOxST9vb0nX-Z24YTaw,2
zsWGmAHU1wk,UCRrZWZ8p_Jvhjc8w2KW3EBg,2
X48uC2ortN0,UCcca5ffHmgRrEwr-9IW-7Uw,2
gRHMOk7ZTc8,UCRrZWZ8p_Jvhjc8w2KW3EBg,2
VPHLoDfUFs8,UCRrZWZ8p_Jvhjc8w2KW3EBg,2
QITHWQFHwsk,UCcca5ffHmgRrEwr-9IW-7Uw,2
5_vNoba8ewQ,UCsWwltHud8jAo7txdIOqMSg,2
pKGsrfsiFog,UCRrZWZ8p_Jvhjc8w2KW3EBg,2
gXJh5Meyz-0,UCcca5ffHmgRrEwr-9IW-7Uw,2
-vMXCfI0NWw,UCsWwltHud8jAo7txdIOqMSg,2
WUih51OMbzo,UCZhUolzN9vMdkjWrnT9DQ2A,2
3vM_FnHgjgE,UCcca5ffHmgRrEwr-9IW-7Uw,2
l-zrz32goX0,UCFZvDOxST9vb0nX-Z24YTaw,2
sNgfy-tmYwc,UCcca5ffHmgRrEwr-9IW-7Uw,2
wUwUXYq4o78,UCCyocdgwZVcIfnWzwhVEdLA,2
IALDA7BK5bM,UCsWwltHud8jAo7txdIOqMSg,2
1X_CSiR28IQ,UCcca5ffHmgRrEwr-9IW-7Uw,2
kEUgXX3AGRY,UCcca5ffHmgRrEwr-9IW-7Uw,2
6HrEBX0W9zc,UCcca5ffHmgRrEwr-9IW-7Uw,2
oQsroL3f2Qs,UCcca5ffHmgRrEwr-9IW-7Uw,2
ltomZ0wSrHI,UCFZvDOxST9vb0nX-Z24YTaw,2
b6Qs8UEGVEU,UCTCdn0QxSosQGnaAPgFrBcQ,2
dtQkjE-gqQg,UCRrZWZ8p_Jvhjc8w2KW3EBg,2
CfHWbcPCz1k,UCsWwltHud8jAo7txdIOqMSg,2
duJVO5vhA1M,UCRrZWZ8p_Jvhjc8w2KW3EBg,2
F3SE5OBdqew,UCRrZWZ8p_Jvhjc8w2KW3EBg,2
tcF4AG25V74,UCcca5ffHmgRrEwr-9IW-7Uw,2
ffJSQ9uWtus,UCcca5ffHmgRrEwr-9IW-7Uw,2
IG8uI5pPcaU,UCsWwltHud8jAo7txdIOqMSg,2
BXrXdZKvuvA,UCFZvDOxST9vb0nX-Z24YTaw,2
kKoiWoA7QdU,UCsWwltHud8jAo7txdIOqMSg,2
nyC9rBnn5rQ,UCmsed0Kr1fPl-mvp6iM-_9g,2
Xm78wVTVJbY,UCZhUolzN9vMdkjWrnT9DQ2A,2
PIi8olhMue8,UCRrZWZ8p_Jvhjc8w2KW3EBg,2
2r8pTjgT2EE,UCsWwltHud8jAo7txdIOqMSg,2
RKIfpzEK7SI,UCVlOEP2q7meEoneD5qgeTxw,2
P60ZBngRDbE,UCVlOEP2q7meEoneD5qgeTxw,2
S0_QOVL1Rrw,UCTCdn0QxSosQGnaAPgFrBcQ,2
JDHVetpYSaQ,UCCyocdgwZVcIfnWzwhVEdLA,2
wYNXCGLXFMU,UCRrZWZ8p_Jvhjc8w2KW3EBg,2
N8SHzSetf3o,UCcca5ffHmgRrEwr-9IW-7Uw,2
_OWXLdnupdM,UCcca5ffHmgRrEwr-9IW-7Uw,2
q-26BJAZJhQ,UCVlOEP2q7meEoneD5qgeTxw,2
QVy6u7GVjww,UCFZvDOxST9vb0nX-Z24YTaw,2
d57NQlQGKDw,UCRrZWZ8p_Jvhjc8w2KW3EBg,2
8jvWFrMudBk,UCsWwltHud8jAo7txdIOqMSg,2
QG8nPoHfDb0,UCZhUolzN9vMdkjWrnT9DQ2A,2
anSpRnMAFWA,UCsWwltHud8jAo7txdIOqMSg,2
bOiRo0sYiXQ,UCRrZWZ8p_Jvhjc8w2KW3EBg,2
YyvQsElma_4,UCcca5ffHmgRrEwr-9IW-7Uw,2
Ja3c9bKVfoo,UC9n3IgleIaFrJrp2hipGQpQ,2
KwyrzVf5bhE,UCFZvDOxST9vb0nX-Z24YTaw,2
p1RK71avi9Y,UCZhUolzN9vMdkjWrnT9DQ2A,2
qntRUBJ7TvM,UCRrZWZ8p_Jvhjc8w2KW3EBg,2
khtYWf7aQNY,UCsWwltHud8jAo7txdIOqMSg,2
74A0vNJLuxo,UCcca5ffHmgRrEwr-9IW-7Uw,2
dxSyJCRJKzQ,UCsWwltHud8jAo7txdIOqMSg,2
6rz55XOVQNM,UCRrZWZ8p_Jvhjc8w2KW3EBg,2
fXeyXGOpMh0,UCsWwltHud8jAo7txdIOqMSg,2
vwVb3_5Vk3M,UCRrZWZ8p_Jvhjc8w2KW3EBg,2
OiDA-2q8XDk,UCRrZWZ8p_Jvhjc8w2KW3EBg,2
i4tt8Kgqbvc,UCcca5ffHmgRrEwr-9IW-7Uw,2
wHM7aBrNOxs,UCFZvDOxST9vb0nX-Z24YTaw,2
dfRbzLIJa4A,UCsWwltHud8jAo7txdIOqMSg,2
pmzaQdqMrhw,UCZhUolzN9vMdkjWrnT9DQ2A,2
Ge45rCl4rfg,UCZhUolzN9vMdkjWrnT9DQ2A,2
QYKiuBdW2s0,UCZhUolzN9vMdkjWrnT9DQ2A,2
Ml-bhZUfVR0,UCZhUolzN9vMdkjWrnT9DQ2A,2
Q0Ci-YbdasI,UCZhUolzN9vMdkjWrnT9DQ2A,2
82K2trNgGWM,UCRrZWZ8p_Jvhjc8w2KW3EBg,2
G-78SJi14kc,UCsWwltHud8jAo7txdIOqMSg,2
v1NZ9qRoPkA,UCCyocdgwZVcIfnWzwhVEdLA,2
-px7bLdCWIw,UCsWwltHud8jAo7txdIOqMSg,2
nMI9bIxnNys,UCcca5ffHmgRrEwr-9IW-7Uw,2
XXDkNJhO1RE,UCZhUolzN9vMdkjWrnT9DQ2A,2
7KXe7BED8xQ,UCZhUolzN9vMdkjWrnT9DQ2A,2
QaqBeTUEAK0,UCsWwltHud8jAo7txdIOqMSg,2
MFsfDA1VHXw,UCcca5ffHmgRrEwr-9IW-7Uw,2
NkK_G2cGOgk,UCsWwltHud8jAo7txdIOqMSg,2
uilV9se8y8s,UCcca5ffHmgRrEwr-9IW-7Uw,2
YPyItTHLsus,UCZhUolzN9vMdkjWrnT9DQ2A,2
8js9aAOpjS8,UCRnI8mSAO35rx7T4-BFLxtA,2
Iwk6wUHPQlw,UCmsed0Kr1fPl-mvp6iM-_9g,2
wkRJGW3OSLw,UCZhUolzN9vMdkjWrnT9DQ2A,2
ePv49a-pmGw,UCsWwltHud8jAo7txdIOqMSg,2
b3ikdotgFyE,UCRrZWZ8p_Jvhjc8w2KW3EBg,2
RPiBOxL7b9o,UCFZvDOxST9vb0nX-Z24YTaw,2
DKxezp-Ivi0,UCsWwltHud8jAo7txdIOqMSg,2
JOaj0Kf0jUs,UCRrZWZ8p_Jvhjc8w2KW3EBg,2
inZBofFxZ6w,UC9n3IgleIaFrJrp2hipGQpQ,2
BfWE7934Eo4,UCsWwltHud8jAo7txdIOqMSg,2
ola7VKa2U-I,UCRrZWZ8p_Jvhjc8w2KW3EBg,2
duxNh3CVMMk,UCsWwltHud8jAo7txdIOqMSg,2
8AppGt_h9H0,UCRrZWZ8p_Jvhjc8w2KW3EBg,2
G7umpq0APLQ,UCsWwltHud8jAo7txdIOqMSg,2
KkoYFlOI1Jo,UCRrZWZ8p_Jvhjc8w2KW3EBg,2
vfa1vO_eapM,UCZhUolzN9vMdkjWrnT9DQ2A,2
qDjHtNt3uNw,UCsWwltHud8jAo7txdIOqMSg,2
ieD3HtYedpw,UCcca5ffHmgRrEwr-9IW-7Uw,2
aDSU6jJYw2E,UCZhUolzN9vMdkjWrnT9DQ2A,2
rOfDTs6EQto,UCZhUolzN9vMdkjWrnT9DQ2A,2
O4VJh8uqWKk,UCmsed0Kr1fPl-mvp6iM-_9g,2
-4ell5MTMjg,UCsWwltHud8jAo7txdIOqMSg,2
1UnX5yzdBcQ,UCmsed0Kr1fPl-mvp6iM-_9g,2
m50innQ3hwI,UCFZvDOxST9vb0nX-Z24YTaw,2
tiijvLKgvmY,UCTCdn0QxSosQGnaAPgFrBcQ,2
74vv6lljx1s,UCsWwltHud8jAo7txdIOqMSg,2
_DrFgnAt4aA,UCsWwltHud8jAo7txdIOqMSg,2
6LhoPgpPnZQ,UCCyocdgwZVcIfnWzwhVEdLA,2
yRAsbmkfIdo,UCsWwltHud8jAo7txdIOqMSg,2
-JrpSVvAcn8,UCcca5ffHmgRrEwr-9IW-7Uw,2
4H6FmjW3ADk,UCsWwltHud8jAo7txdIOqMSg,2
b2GbDl-hi-8,UCcca5ffHmgRrEwr-9IW-7Uw,2
7Wxg0qUWS5s,UCFZvDOxST9vb0nX-Z24YTaw,2
9jVu4MyZilE,UCsWwltHud8jAo7txdIOqMSg,2
Dutt_57WpfQ,UCVlOEP2q7meEoneD5qgeTxw,2
_901Xd9RGpQ,UCsWwltHud8jAo7txdIOqMSg,2
CCqfEr-xr5U,UCVlOEP2q7meEoneD5qgeTxw,2
rubm_IFNS9M,UCsWwltHud8jAo7txdIOqMSg,2
OBKy2vNQ7dQ,UCsWwltHud8jAo7txdIOqMSg,2
3TCZvQOUVQ4,UCRrZWZ8p_Jvhjc8w2KW3EBg,2
rGDfQ42anPw,UCsWwltHud8jAo7txdIOqMSg,2
ovm4_wFVpEw,UCmsed0Kr1fPl-mvp6iM-_9g,2
kyEcKyAmEk0,UCFZvDOxST9vb0nX-Z24YTaw,2
Hj5YoMZLBDk,UCsWwltHud8jAo7txdIOqMSg,2
ZffaN30IW1Q,UCRrZWZ8p_Jvhjc8w2KW3EBg,2
MOcG8y4vCzI,UCcca5ffHmgRrEwr-9IW-7Uw,2
RKJcFX9ggY4,UCZhUolzN9vMdkjWrnT9DQ2A,2
9cwgAIxvj2M,UCZhUolzN9vMdkjWrnT9DQ2A,2
cGeUzMlyQsk,UCZhUolzN9vMdkjWrnT9DQ2A,2
7Ekkj8SXjyE,UCZhUolzN9vMdkjWrnT9DQ2A,2
vde2yUGusH0,UCZhUolzN9vMdkjWrnT9DQ2A,2
eKP2J4dFbVo,UCsWwltHud8jAo7txdIOqMSg,2
mqXGM9MGYmI,UCmsed0Kr1fPl-mvp6iM-_9g,2
nBU6VM1-_7o,UCcca5ffHmgRrEwr-9IW-7Uw,2
rhqSs_x9NOw,UCsWwltHud8jAo7txdIOqMSg,2
KMv6Xgd9aIg,UCmsed0Kr1fPl-mvp6iM-_9g,2
QzY9me7MNeY,UCRnI8mSAO35rx7T4-BFLxtA,2
UPhAh4eOpGw,UCsWwltHud8jAo7txdIOqMSg,2
0Dl-KNEt73E,UCZhUolzN9vMdkjWrnT9DQ2A,2
wuBNfRbFIVw,UCZhUolzN9vMdkjWrnT9DQ2A,2
Qe84Y3ER9c8,UCZhUolzN9vMdkjWrnT9DQ2A,2
kTvRhpv3BV8,UCZhUolzN9vMdkjWrnT9DQ2A,2
TiekVGUVf2g,UCFZvDOxST9vb0nX-Z24YTaw,2
lAQfNvvpBXE,UCsWwltHud8jAo7txdIOqMSg,2
MuHqrSFY86g,UCZhUolzN9vMdkjWrnT9DQ2A,2
xZiHrnSwmhI,UCZhUolzN9vMdkjWrnT9DQ2A,2
FaBsaGZkQdQ,UCZhUolzN9vMdkjWrnT9DQ2A,2
JHNl3nD3d9M,UCZhUolzN9vMdkjWrnT9DQ2A,2
6JqQXXhAHCw,UCsWwltHud8jAo7txdIOqMSg,2
sAKL8I-Fnw0,UCcca5ffHmgRrEwr-9IW-7Uw,2
fByGAwD9usU,UC9n3IgleIaFrJrp2hipGQpQ,2
PEk2MlWW__E,UCZhUolzN9vMdkjWrnT9DQ2A,2
FjrhZ5nMr0U,UCsWwltHud8jAo7txdIOqMSg,2
PnUZwkkOm4E,UCsWwltHud8jAo7txdIOqMSg,2
7BYBnVqNm_g,UCRrZWZ8p_Jvhjc8w2KW3EBg,2
cvcKNZJp6FA,UCZhUolzN9vMdkjWrnT9DQ2A,2
KMEN-Mp7Zqk,UCmsed0Kr1fPl-mvp6iM-_9g,2
xV6fP5oSPus,UCsWwltHud8jAo7txdIOqMSg,2
RPLPXZV4OFs,UCFZvDOxST9vb0nX-Z24YTaw,2
M0S5yORrpVU,UCZhUolzN9vMdkjWrnT9DQ2A,2
VqcD8lQDmL4,UCZhUolzN9vMdkjWrnT9DQ2A,2
RSOCiHuTIU4,UCZhUolzN9vMdkjWrnT9DQ2A,2
r-DdT9Ss2Wg,UCZhUolzN9vMdkjWrnT9DQ2A,2
58daa-u2cqs,UCsWwltHud8jAo7txdIOqMSg,2
tBqxcTLLHRo,UCcca5ffHmgRrEwr-9IW-7Uw,2
Br77HIuAs8c,UCmsed0Kr1fPl-mvp6iM-_9g,2
EAHrAEZafK0,UCcca5ffHmgRrEwr-9IW-7Uw,2
wApd5ca-9x8,UCCyocdgwZVcIfnWzwhVEdLA,2
5cahNhaGs0U,UCmsed0Kr1fPl-mvp6iM-_9g,2
z-n-TrCuHs0,UCTCdn0QxSosQGnaAPgFrBcQ,2
pEAqFO2Natc,UCRrZWZ8p_Jvhjc8w2KW3EBg,2
y6HkKPQONkc,UCsWwltHud8jAo7txdIOqMSg,2
vClEUfT4fK0,UCsWwltHud8jAo7txdIOqMSg,2
z9J-4L44AMc,UCcca5ffHmgRrEwr-9IW-7Uw,2
4suAfrvnAUQ,UCcca5ffHmgRrEwr-9IW-7Uw,2
k-mRfNPjEFE,UCmsed0Kr1fPl-mvp6iM-_9g,2
5lHyDUVvQqA,UCsWwltHud8jAo7txdIOqMSg,2
B3aw2w5Ar00,UCRrZWZ8p_Jvhjc8w2KW3EBg,2
IoEy0jQt1ww,UCcca5ffHmgRrEwr-9IW-7Uw,2
twoDrtafg9k,UCmsed0Kr1fPl-mvp6iM-_9g,2
P5_uO3M76MQ,UCFZvDOxST9vb0nX-Z24YTaw,2
dp6klMnsxNE,UCsWwltHud8jAo7txdIOqMSg,2
6fElNb9Rc0w,UCZhUolzN9vMdkjWrnT9DQ2A,2
n7PGOj-sKsE,UCmsed0Kr1fPl-mvp6iM-_9g,2
ifJrMDOYVXo,UCsWwltHud8jAo7txdIOqMSg,2
Mp8-guPi144,UC9n3IgleIaFrJrp2hipGQpQ,2
uLHxxCK52cA,UCmsed0Kr1fPl-mvp6iM-_9g,2
Ce6oEabHRq0,UCZhUolzN9vMdkjWrnT9DQ2A,2
DZQzJmLYqug,UCsWwltHud8jAo7txdIOqMSg,2
2BEa4DYVC38,UCmsed0Kr1fPl-mvp6iM-_9g,2
uUPdDnPUpPw,UCRrZWZ8p_Jvhjc8w2KW3EBg,2
MHUHZTwvrmI,UCsWwltHud8jAo7txdIOqMSg,2
Pv0KZ9BwxcQ,UCcca5ffHmgRrEwr-9IW-7Uw,2
pDdbBQN31n0,UCZhUolzN9vMdkjWrnT9DQ2A,2
uG99x0mlqzc,UCZhUolzN9vMdkjWrnT9DQ2A,2
wY1gOequmFA,UCZhUolzN9vMdkjWrnT9DQ2A,2
s2wtr6kKhFA,UCRrZWZ8p_Jvhjc8w2KW3EBg,2
qJzN1FQJMq8,UCsWwltHud8jAo7txdIOqMSg,2
h21mC98uHJE,UCRrZWZ8p_Jvhjc8w2KW3EBg,2
rQjB5XmZklQ,UCsWwltHud8jAo7txdIOqMSg,2
al9nwWHIspk,UCZhUolzN9vMdkjWrnT9DQ2A,2
-1cQhzN_vWY,UCZhUolzN9vMdkjWrnT9DQ2A,2
B_D2TdKbG9Y,UCZhUolzN9vMdkjWrnT9DQ2A,2
rEurtCFDKbU,UCZhUolzN9vMdkjWrnT9DQ2A,2
FI0lvKK2OhM,UCZhUolzN9vMdkjWrnT9DQ2A,2
3H7E9O5fp-0,UCZhUolzN9vMdkjWrnT9DQ2A,2
OuhBvOE87tw,UCZhUolzN9vMdkjWrnT9DQ2A,2
kI6677AJouA,UCZhUolzN9vMdkjWrnT9DQ2A,2
UA9jZ0J8lag,UCZhUolzN9vMdkjWrnT9DQ2A,2
QQtzoWeWYkQ,UCsWwltHud8jAo7txdIOqMSg,2
hZr4zTp-hvM,UCZhUolzN9vMdkjWrnT9DQ2A,2
l3aye0Sz_Iw,UCZhUolzN9vMdkjWrnT9DQ2A,2
pXw9P4pGB2o,UCsWwltHud8jAo7txdIOqMSg,2
6OkchRFK4t8,UCFZvDOxST9vb0nX-Z24YTaw,2
pTNXWNSspc8,UCsWwltHud8jAo7txdIOqMSg,2
HnC3APNUmzM,UCZhUolzN9vMdkjWrnT9DQ2A,2
TBSGHpjZnFo,UCZhUolzN9vMdkjWrnT9DQ2A,2
bwySh7ZeDnk,UCZhUolzN9vMdkjWrnT9DQ2A,2
XoRdAl7r-x0,UCZhUolzN9vMdkjWrnT9DQ2A,2
FdtL6kPfQW4,UCcca5ffHmgRrEwr-9IW-7Uw,2
YfueNzP7LSA,UCcca5ffHmgRrEwr-9IW-7Uw,2
QaxHp_b_DOY,UCsWwltHud8jAo7txdIOqMSg,2
lhNeTWqJFSw,UCZhUolzN9vMdkjWrnT9DQ2A,2
8LdQZNAk1l4,UCZhUolzN9vMdkjWrnT9DQ2A,2
WbtA2vKfFLo,UCZhUolzN9vMdkjWrnT9DQ2A,2
ztUDwnXgM3I,UCZhUolzN9vMdkjWrnT9DQ2A,2
QmyH-vL6LBo,UCZhUolzN9vMdkjWrnT9DQ2A,2
5LlV7iz3eE0,UCZhUolzN9vMdkjWrnT9DQ2A,2
o4h37TWx9oE,UCRrZWZ8p_Jvhjc8w2KW3EBg,2
TiVy7gjKq_4,UCZhUolzN9vMdkjWrnT9DQ2A,2
fWL9qNxizjo,UCsWwltHud8jAo7txdIOqMSg,2
or_hZ36oXDk,UCTCdn0QxSosQGnaAPgFrBcQ,2
1xpFQrmCwzE,UCZhUolzN9vMdkjWrnT9DQ2A,2
uFCTZfyJ8OA,UCZhUolzN9vMdkjWrnT9DQ2A,2
TgpMZaevigQ,UCZhUolzN9vMdkjWrnT9DQ2A,2
D9xSoySExfs,UCZhUolzN9vMdkjWrnT9DQ2A,2
hL7BvtVGaLI,UCZhUolzN9vMdkjWrnT9DQ2A,2
aCbnNi_QrBQ,UCRrZWZ8p_Jvhjc8w2KW3EBg,2
7tzLSztyUFg,UCsWwltHud8jAo7txdIOqMSg,2
H7P7Oj--cfw,UCCyocdgwZVcIfnWzwhVEdLA,2
Cp86UWqBtHQ,UCFZvDOxST9vb0nX-Z24YTaw,2
OcWPIdSI97o,UCZhUolzN9vMdkjWrnT9DQ2A,2
7L6dPOw-i6k,UCZhUolzN9vMdkjWrnT9DQ2A,2
fnEHX1zkcyM,UCZhUolzN9vMdkjWrnT9DQ2A,2
jjpeayGT0Hw,UCZhUolzN9vMdkjWrnT9DQ2A,2
jEMMgm9HGio,UCZhUolzN9vMdkjWrnT9DQ2A,2
S58lm_F5fiY,UCZhUolzN9vMdkjWrnT9DQ2A,2
4P-LD1DXOf4,UCZhUolzN9vMdkjWrnT9DQ2A,2
j9EH5lsurX8,UCsWwltHud8jAo7txdIOqMSg,2
ftpQKdqidyc,UCsWwltHud8jAo7txdIOqMSg,2
1SLmJP3hbhs,UCcca5ffHmgRrEwr-9IW-7Uw,2
QGggzsdP5Jg,UCVlOEP2q7meEoneD5qgeTxw,2
MKAHwwopH8Q,UCZhUolzN9vMdkjWrnT9DQ2A,2
f4OPHqcptMs,UCZhUolzN9vMdkjWrnT9DQ2A,2
rNEt2e1pSxU,UCsWwltHud8jAo7txdIOqMSg,2
t-jIgc0twDU,UCZhUolzN9vMdkjWrnT9DQ2A,2
ABaZLYe-I2U,UCZhUolzN9vMdkjWrnT9DQ2A,2
SEpHYUehkSY,UCZhUolzN9vMdkjWrnT9DQ2A,2
GkIGagjiags,UCZhUolzN9vMdkjWrnT9DQ2A,2
na2uCJoIM6Q,UCZhUolzN9vMdkjWrnT9DQ2A,2
2BPaZihVnEs,UCZhUolzN9vMdkjWrnT9DQ2A,2
Lw3epSC_l4o,UCZhUolzN9vMdkjWrnT9DQ2A,2
0MHeIxyTXdk,UCZhUolzN9vMdkjWrnT9DQ2A,2
y_D94ZIMoCI,UCsWwltHud8jAo7txdIOqMSg,2
5Ve_3wzMO2Q,UCFZvDOxST9vb0nX-Z24YTaw,2
gen4_wedpUo,UCZhUolzN9vMdkjWrnT9DQ2A,2
SiE-4-V023Q,UCZhUolzN9vMdkjWrnT9DQ2A,2
ybWDZXUiyBo,UCZhUolzN9vMdkjWrnT9DQ2A,2
m7UI2GKkpPY,UCZhUolzN9vMdkjWrnT9DQ2A,2
xHWDsgMvCHM,UCZhUolzN9vMdkjWrnT9DQ2A,2
pNvAwbkiOOI,UCsWwltHud8jAo7txdIOqMSg,2
dfPgj_r1qXM,UCRrZWZ8p_Jvhjc8w2KW3EBg,2
4ke3R2Qn_hY,UCsWwltHud8jAo7txdIOqMSg,2
sChF5ilNHaM,UCRrZWZ8p_Jvhjc8w2KW3EBg,2
_va9Xo_9Gdc,UCsWwltHud8jAo7txdIOqMSg,2
79iGIxpCH6w,UCZhUolzN9vMdkjWrnT9DQ2A,2
IAUHcHfuFfI,UCZhUolzN9vMdkjWrnT9DQ2A,2
k8RMj64qbzg,UCZhUolzN9vMdkjWrnT9DQ2A,2
yUcQg28Avko,UCsWwltHud8jAo7txdIOqMSg,2
V7IMxjGzcL0,UCcca5ffHmgRrEwr-9IW-7Uw,2
ynJBzQh3698,UCFZvDOxST9vb0nX-Z24YTaw,2
BV1LdeLXwHs,UCZhUolzN9vMdkjWrnT9DQ2A,2
iLjRi0fwdU0,UCsWwltHud8jAo7txdIOqMSg,2
BdU_0CrOn70,UCZhUolzN9vMdkjWrnT9DQ2A,2
lgsS8nIHZZI,UCZhUolzN9vMdkjWrnT9DQ2A,2
kBopwdf8n7k,UCZhUolzN9vMdkjWrnT9DQ2A,2
ahn7n0rMFXw,UCZhUolzN9vMdkjWrnT9DQ2A,2
9vOwnWtnU98,UCZhUolzN9vMdkjWrnT9DQ2A,2
jVTs4ig6lBk,UCZhUolzN9vMdkjWrnT9DQ2A,2
46QPH_jPdmM,UCsWwltHud8jAo7txdIOqMSg,2
MzoAOOFoNc4,UC9n3IgleIaFrJrp2hipGQpQ,2
PAeqFv0LMX0,UCZhUolzN9vMdkjWrnT9DQ2A,2
BIryvToq-xs,UCZhUolzN9vMdkjWrnT9DQ2A,2
sTBQNvImfeg,UCZhUolzN9vMdkjWrnT9DQ2A,2
0eCbCJM02LI,UCZhUolzN9vMdkjWrnT9DQ2A,2
W-kKWGjtbWg,UCZhUolzN9vMdkjWrnT9DQ2A,2
hTn-EVO8d40,UCZhUolzN9vMdkjWrnT9DQ2A,2
k1D0Mf8R6H0,UCZhUolzN9vMdkjWrnT9DQ2A,2
xqjZ43qHjgc,UCZhUolzN9vMdkjWrnT9DQ2A,2
GdfwHDCVuPo,UCsWwltHud8jAo7txdIOqMSg,2
Vii4nbIsSNc,UCZhUolzN9vMdkjWrnT9DQ2A,2
2SBAidlgTKQ,UCZhUolzN9vMdkjWrnT9DQ2A,2
Ot_3IdAAw6A,UCZhUolzN9vMdkjWrnT9DQ2A,2
93Umjh3mKtQ,UCsWwltHud8jAo7txdIOqMSg,2
I4jKy6-LSV4,UCsWwltHud8jAo7txdIOqMSg,2
GuyGKxrBwSk,UCFZvDOxST9vb0nX-Z24YTaw,2
XyYzcYrT214,UCTCdn0QxSosQGnaAPgFrBcQ,2
KhWyabWCf3I,UCRrZWZ8p_Jvhjc8w2KW3EBg,2
9cmxUjqPqnQ,UCsWwltHud8jAo7txdIOqMSg,2
scpHQXcum4Q,UCcca5ffHmgRrEwr-9IW-7Uw,2
pnsZniQ1k8s,UC9n3IgleIaFrJrp2hipGQpQ,2
G4G_1rLXtLI,UCZhUolzN9vMdkjWrnT9DQ2A,2
gQnbBf73T0w,UCRrZWZ8p_Jvhjc8w2KW3EBg,2
BUlQyFql4mQ,UCsWwltHud8jAo7txdIOqMSg,2
LFNPpoVXuW8,UCsWwltHud8jAo7txdIOqMSg,2
V38ob3vNxIA,UCZhUolzN9vMdkjWrnT9DQ2A,2
WH9UBkN1v1o,UCsWwltHud8jAo7txdIOqMSg,2
_5Q0b0Bxgcw,UCZhUolzN9vMdkjWrnT9DQ2A,2
94G2XQyMRUA,UCZhUolzN9vMdkjWrnT9DQ2A,2
IHwqrKsmwFc,UCZhUolzN9vMdkjWrnT9DQ2A,2
6kx4Q2SebZo,UCZhUolzN9vMdkjWrnT9DQ2A,2
kdBunTVAFrY,UCZhUolzN9vMdkjWrnT9DQ2A,2
OB676E6rl_U,UCZhUolzN9vMdkjWrnT9DQ2A,2
QeJRWa2ASwU,UCcca5ffHmgRrEwr-9IW-7Uw,2
v328-F9mfDU,UCFZvDOxST9vb0nX-Z24YTaw,2
2WevhQ7kQss,UCVlOEP2q7meEoneD5qgeTxw,2
dgQqgVjpJZs,UCZhUolzN9vMdkjWrnT9DQ2A,2
Fq34tVA3rXE,UCZhUolzN9vMdkjWrnT9DQ2A,2
eHBNxyNHSn0,UCZhUolzN9vMdkjWrnT9DQ2A,2
84udXxpPSdw,UCZhUolzN9vMdkjWrnT9DQ2A,2
r97Zb1qjuxw,UCZhUolzN9vMdkjWrnT9DQ2A,2
g2Wee1AwxU0,UCsWwltHud8jAo7txdIOqMSg,2
vq9aS50i1wE,UCsWwltHud8jAo7txdIOqMSg,2
h3EegqMNHX4,UCCyocdgwZVcIfnWzwhVEdLA,2
poYV_t13scw,UCZhUolzN9vMdkjWrnT9DQ2A,2
TeKoZATXvJ8,UCZhUolzN9vMdkjWrnT9DQ2A,2
sYI9JE1Sfpk,UCRrZWZ8p_Jvhjc8w2KW3EBg,2
eHQjb4PGMkg,UCsWwltHud8jAo7txdIOqMSg,2
8waOdswdhO8,UCFZvDOxST9vb0nX-Z24YTaw,2
2Lpj-eavbqA,UCRrZWZ8p_Jvhjc8w2KW3EBg,2
Md_ZZj6k5tI,UCsWwltHud8jAo7txdIOqMSg,2
t5fZCf1g0Z0,UCmsed0Kr1fPl-mvp6iM-_9g,2
_iRCInnMuKQ,UCZhUolzN9vMdkjWrnT9DQ2A,2
eNwgWEtwe1s,UCsWwltHud8jAo7txdIOqMSg,2
rewHLB6gSRo,UCmsed0Kr1fPl-mvp6iM-_9g,2
MLOJ3ERNtow,UCcca5ffHmgRrEwr-9IW-7Uw,2
r8V_0qWzeVg,UCZhUolzN9vMdkjWrnT9DQ2A,2
Y0Ry-uyoHuo,UCsWwltHud8jAo7txdIOqMSg,2
ioRk2iHR8LU,UCmsed0Kr1fPl-mvp6iM-_9g,2
ZbUZAhzXRKY,UCsWwltHud8jAo7txdIOqMSg,2
1k8SNnuLrBI,UCZhUolzN9vMdkjWrnT9DQ2A,2
e88mNFME-qk,UCFZvDOxST9vb0nX-Z24YTaw,2
LjKBb7aYh5Q,UCTCdn0QxSosQGnaAPgFrBcQ,2
AuRmWLe5lwU,UCZhUolzN9vMdkjWrnT9DQ2A,2
EJFzIZ-ZgxI,UCsWwltHud8jAo7txdIOqMSg,2
Q_nyazvGJTs,UCmsed0Kr1fPl-mvp6iM-_9g,2
ENmuccfMVQ8,UCsWwltHud8jAo7txdIOqMSg,2
OWOWHICHKCA,UCmsed0Kr1fPl-mvp6iM-_9g,2
6vWXApphr9c,UCZhUolzN9vMdkjWrnT9DQ2A,2
j5lmDIQ76BQ,UCRrZWZ8p_Jvhjc8w2KW3EBg,2
8DWThqN0o_Y,UCsWwltHud8jAo7txdIOqMSg,2
k0irfMBRZ1g,UCZhUolzN9vMdkjWrnT9DQ2A,2
t0MYNwyQAw0,UCZhUolzN9vMdkjWrnT9DQ2A,2
IMe_fEl_LAQ,UCRrZWZ8p_Jvhjc8w2KW3EBg,2
JGwQj8qD9Gw,UCsWwltHud8jAo7txdIOqMSg,2
_L5fyuzfPM0,UCVlOEP2q7meEoneD5qgeTxw,2
Kikx06-mydQ,UCZhUolzN9vMdkjWrnT9DQ2A,2
wZBJH6GhV9k,UCcca5ffHmgRrEwr-9IW-7Uw,2
WJebH343Lgo,UCFZvDOxST9vb0nX-Z24YTaw,2
cqcpcsPTWEE,UCTCdn0QxSosQGnaAPgFrBcQ,2
gE8LOJoHuRE,UCZhUolzN9vMdkjWrnT9DQ2A,2
T_2SMwFH84g,UCRrZWZ8p_Jvhjc8w2KW3EBg,2
jh-0f_i5BXQ,UCCyocdgwZVcIfnWzwhVEdLA,2
pPffTjOuiJg,UCcca5ffHmgRrEwr-9IW-7Uw,2
4y5v4PgcR9s,UCRrZWZ8p_Jvhjc8w2KW3EBg,2
KWQtuqVYBHE,UCFZvDOxST9vb0nX-Z24YTaw,2
RhncBa75YPg,UCZhUolzN9vMdkjWrnT9DQ2A,2
YHg3cD2zB_g,UCRrZWZ8p_Jvhjc8w2KW3EBg,2
7S3HCbyyS3g,UCZhUolzN9vMdkjWrnT9DQ2A,2
orR-YhvBrLo,UCZhUolzN9vMdkjWrnT9DQ2A,2
-qRO8tnb02Q,UCZhUolzN9vMdkjWrnT9DQ2A,2
L5uOUYGpsvg,UCZhUolzN9vMdkjWrnT9DQ2A,2
ZGKafZmwIDU,UCZhUolzN9vMdkjWrnT9DQ2A,2
ZbPMR8VRg9E,UCZhUolzN9vMdkjWrnT9DQ2A,2
QW9ZP6ZTiAU,UCRrZWZ8p_Jvhjc8w2KW3EBg,2
3VOo_VPAnjs,UCcca5ffHmgRrEwr-9IW-7Uw,2
ZvHnMusuJQQ,UCZhUolzN9vMdkjWrnT9DQ2A,2
KrRqnobQM6c,UCRrZWZ8p_Jvhjc8w2KW3EBg,2
cmMWWABtRa8,UCFZvDOxST9vb0nX-Z24YTaw,2
VSOcH_ScXWU,UCZhUolzN9vMdkjWrnT9DQ2A,2
TM7rucQjTQo,UCRrZWZ8p_Jvhjc8w2KW3EBg,2
eF2s6HYOUQw,UCZhUolzN9vMdkjWrnT9DQ2A,2
jO691SY-QlY,UCRrZWZ8p_Jvhjc8w2KW3EBg,2
tHvz-xefvLg,UC9n3IgleIaFrJrp2hipGQpQ,2
cztGTHxZ99k,UCRrZWZ8p_Jvhjc8w2KW3EBg,2
6d8S_mVv7aU,UCcca5ffHmgRrEwr-9IW-7Uw,2
EvHGiLW4U3E,UCFZvDOxST9vb0nX-Z24YTaw,2
EB_rq09OwB8,UCRrZWZ8p_Jvhjc8w2KW3EBg,2
UcywL6Y0XCM,UC9n3IgleIaFrJrp2hipGQpQ,2
xyPcCuS9kk0,UCZhUolzN9vMdkjWrnT9DQ2A,2
gYIC1X1zkQ0,UCcca5ffHmgRrEwr-9IW-7Uw,2
zGuVRFSP0nY,UCTCdn0QxSosQGnaAPgFrBcQ,2
UOWd2J-5LJ0,UCRrZWZ8p_Jvhjc8w2KW3EBg,2
QYJzP8yxZMs,UCZhUolzN9vMdkjWrnT9DQ2A,2
W4G2pXVvzQc,UCZhUolzN9vMdkjWrnT9DQ2A,2
Z3SSS7GWtSo,UCRrZWZ8p_Jvhjc8w2KW3EBg,2
44FiKlulrpo,UCFZvDOxST9vb0nX-Z24YTaw,2
-x-ug1kzMwI,UCRrZWZ8p_Jvhjc8w2KW3EBg,2
5r0EX1CP1LI,UCZhUolzN9vMdkjWrnT9DQ2A,2
eN_QlQmQwrQ,UCRrZWZ8p_Jvhjc8w2KW3EBg,2
ZOQb9jqZrQg,UCcca5ffHmgRrEwr-9IW-7Uw,2
Aw55NcxcpiE,UCRrZWZ8p_Jvhjc8w2KW3EBg,2
OdbyLgtpJik,UCRrZWZ8p_Jvhjc8w2KW3EBg,2
BjDdtPQfYF4,UCcca5ffHmgRrEwr-9IW-7Uw,2
Ir9v8vzD_A0,UCmsed0Kr1fPl-mvp6iM-_9g,2
L9FRNspNrYw,UCFZvDOxST9vb0nX-Z24YTaw,2
ELRdsoNnKG0,UCZhUolzN9vMdkjWrnT9DQ2A,2
d1Li42Bj5JA,UCcca5ffHmgRrEwr-9IW-7Uw,2
Gy--uvPt8M0,UCZhUolzN9vMdkjWrnT9DQ2A,2
YoWVCpn0WB4,UCcca5ffHmgRrEwr-9IW-7Uw,2
xX2YMPnhvBc,UCcca5ffHmgRrEwr-9IW-7Uw,2
1H4w7x0oLjo,UCFZvDOxST9vb0nX-Z24YTaw,2
DmnO2o-wIus,UCRrZWZ8p_Jvhjc8w2KW3EBg,2
rQ6M32Z7aio,UCRrZWZ8p_Jvhjc8w2KW3EBg,2
Hh_L96boW_I,UCZhUolzN9vMdkjWrnT9DQ2A,2
LRAXCTmmdKo,UCRrZWZ8p_Jvhjc8w2KW3EBg,2
bCNb_LhPaVw,UCFZvDOxST9vb0nX-Z24YTaw,2
bI_fhgF396E,UCRrZWZ8p_Jvhjc8w2KW3EBg,2
u3cZNHCSQro,UCRrZWZ8p_Jvhjc8w2KW3EBg,2
NBCGN1qouW0,UCcca5ffHmgRrEwr-9IW-7Uw,2
1SShkkjbKys,UCRnI8mSAO35rx7T4-BFLxtA,2
3QiIhyK-KW0,UCZhUolzN9vMdkjWrnT9DQ2A,2
CBC1VV7Adbg,UCZhUolzN9vMdkjWrnT9DQ2A,2
8s-6gHxsWrM,UCRrZWZ8p_Jvhjc8w2KW3EBg,2
PkIatxaEYtU,UCFZvDOxST9vb0nX-Z24YTaw,2
UQbvbXhkQkM,UCZhUolzN9vMdkjWrnT9DQ2A,2
dxoGmv35rEU,UCRrZWZ8p_Jvhjc8w2KW3EBg,2
jJGlT0Ma4-Q,UCRnI8mSAO35rx7T4-BFLxtA,2
d5i1G4x1R4I,UCFZvDOxST9vb0nX-Z24YTaw,2
Det1ylKguec,UCRrZWZ8p_Jvhjc8w2KW3EBg,2
siAag8qT_po,UCcca5ffHmgRrEwr-9IW-7Uw,2
OYWeYS4WEqU,UCRrZWZ8p_Jvhjc8w2KW3EBg,2
slS9rDiAYB4,UCFZvDOxST9vb0nX-Z24YTaw,2
T0oZs8tf_LQ,UCRrZWZ8p_Jvhjc8w2KW3EBg,2
qDtF_LXQ8tg,UC9n3IgleIaFrJrp2hipGQpQ,2
aCppaSYwD-I,UCTCdn0QxSosQGnaAPgFrBcQ,2
T6BA7gcUdLs,UCRrZWZ8p_Jvhjc8w2KW3EBg,2
y1St1e91_sM,UCcca5ffHmgRrEwr-9IW-7Uw,2
ltLkLoy1fIE,UCRrZWZ8p_Jvhjc8w2KW3EBg,2
BekzmCq00cQ,UCFZvDOxST9vb0nX-Z24YTaw,2
BPAleFkPR30,UCRrZWZ8p_Jvhjc8w2KW3EBg,2
MJAUIyo8HoI,UCVlOEP2q7meEoneD5qgeTxw,2
QW01ZnTghU4,UCRrZWZ8p_Jvhjc8w2KW3EBg,2
-VQdio13jek,UCFZvDOxST9vb0nX-Z24YTaw,2
M_aP8rGwhjQ,UCTCdn0QxSosQGnaAPgFrBcQ,2
2uveJzxpfFk,UCRrZWZ8p_Jvhjc8w2KW3EBg,2
HP8ejDVpfUw,UCRnI8mSAO35rx7T4-BFLxtA,2
UHz1QypxJRE,UCcca5ffHmgRrEwr-9IW-7Uw,2
Q5iLP17xjnc,UCRrZWZ8p_Jvhjc8w2KW3EBg,2
cLNBjrPhS-s,UCcca5ffHmgRrEwr-9IW-7Uw,2
Krr9okMxoew,UC9n3IgleIaFrJrp2hipGQpQ,2
gnBsS44Ck3o,UCmsed0Kr1fPl-mvp6iM-_9g,2
_kStaof667s,UCcca5ffHmgRrEwr-9IW-7Uw,2
UtZjKWj3z9c,UCmsed0Kr1fPl-mvp6iM-_9g,2
FoSeDdHG2FM,UCFZvDOxST9vb0nX-Z24YTaw,2
HtId8wMoBTU,UCRrZWZ8p_Jvhjc8w2KW3EBg,2
Al_vTWW6nhs,UCRnI8mSAO35rx7T4-BFLxtA,2
rkD6Qbhjcz0,UCRrZWZ8p_Jvhjc8w2KW3EBg,2
sxuChSRKNms,UCRnI8mSAO35rx7T4-BFLxtA,2
MBPXmjOmVFI,UCFZvDOxST9vb0nX-Z24YTaw,2
OVqr1TOmAvQ,UCTCdn0QxSosQGnaAPgFrBcQ,2
4zQvcCk17ps,UCRrZWZ8p_Jvhjc8w2KW3EBg,2
AXl3OSW1OXY,UCRrZWZ8p_Jvhjc8w2KW3EBg,2
A3C5d3qrYbo,UCcca5ffHmgRrEwr-9IW-7Uw,2
DhAeeJV4NG0,UCRrZWZ8p_Jvhjc8w2KW3EBg,2
e8klvsjYwaI,UCRrZWZ8p_Jvhjc8w2KW3EBg,2
h3_YBikDGfQ,UCFZvDOxST9vb0nX-Z24YTaw,2
gCoGwS80GP0,UCRrZWZ8p_Jvhjc8w2KW3EBg,2
tn-ZV_SQNzs,UCRnI8mSAO35rx7T4-BFLxtA,2
m7G2Onn97fY,UCRrZWZ8p_Jvhjc8w2KW3EBg,2
qnBaarWWKz8,UCcca5ffHmgRrEwr-9IW-7Uw,2
8FVuVptXLb8,UCcca5ffHmgRrEwr-9IW-7Uw,2
HYBWmMle5tM,UCcca5ffHmgRrEwr-9IW-7Uw,2
vStmJs3Vrog,UCcca5ffHmgRrEwr-9IW-7Uw,2
Pta6U8A6R8k,UCcca5ffHmgRrEwr-9IW-7Uw,2
zI3hriOm4QE,UCcca5ffHmgRrEwr-9IW-7Uw,2
A04jgyiA9w4,UCcca5ffHmgRrEwr-9IW-7Uw,2
9Em2xOm6Ycg,UCcca5ffHmgRrEwr-9IW-7Uw,2
9xGsIo7q48A,UCcca5ffHmgRrEwr-9IW-7Uw,2
r1foIdY0Mik,UCcca5ffHmgRrEwr-9IW-7Uw,2
QNcE280lFEU,UCcca5ffHmgRrEwr-9IW-7Uw,2
YtC-W4KDOX0,UCcca5ffHmgRrEwr-9IW-7Uw,2
Y3BwXX8lcIw,UCRrZWZ8p_Jvhjc8w2KW3EBg,2
cq1XPW9ODx8,UCFZvDOxST9vb0nX-Z24YTaw,2
iVUbnV2aOdI,UCRrZWZ8p_Jvhjc8w2KW3EBg,2
k8capr1_81Q,UCRrZWZ8p_Jvhjc8w2KW3EBg,2
iq0X8TDK_Eo,UC9n3IgleIaFrJrp2hipGQpQ,2
r2rPkijcQE8,UCRrZWZ8p_Jvhjc8w2KW3EBg,2
cApmWsAtI2A,UCFZvDOxST9vb0nX-Z24YTaw,2
Bi-pzX2Gq4Q,UCTCdn0QxSosQGnaAPgFrBcQ,2
O3CQ7MDsO_E,UCRrZWZ8p_Jvhjc8w2KW3EBg,2
hNPT_sXdN70,UCRrZWZ8p_Jvhjc8w2KW3EBg,2
JtBnxxwpsKI,UCRnI8mSAO35rx7T4-BFLxtA,2
fWayeANk0NM,UCRrZWZ8p_Jvhjc8w2KW3EBg,2
kmUZ84eKHTc,UCcca5ffHmgRrEwr-9IW-7Uw,2
Ybs2RGm8uok,UCRrZWZ8p_Jvhjc8w2KW3EBg,2
aMYOyxqaUVg,UCFZvDOxST9vb0nX-Z24YTaw,2
nvf0sS2Mamo,UCRrZWZ8p_Jvhjc8w2KW3EBg,2
CWm_FTc8Bv8,UCVlOEP2q7meEoneD5qgeTxw,2
SeUmaefcw1k,UC9n3IgleIaFrJrp2hipGQpQ,2
3DbavPgZLW4,UCRrZWZ8p_Jvhjc8w2KW3EBg,2
mVl8EpZn1kw,UCRrZWZ8p_Jvhjc8w2KW3EBg,2
R4XuIg1Z2FA,UCFZvDOxST9vb0nX-Z24YTaw,2
U7zEC8IBk5g,UCRrZWZ8p_Jvhjc8w2KW3EBg,2
jDcwHymhbzE,UCRrZWZ8p_Jvhjc8w2KW3EBg,2
gEKfhTDj7Ok,UCTCdn0QxSosQGnaAPgFrBcQ,2
8aKpUbIYuLo,UCFZvDOxST9vb0nX-Z24YTaw,2
DGQ_1FQqPNo,UCRrZWZ8p_Jvhjc8w2KW3EBg,2
h-ptyJoJjRo,UCRnI8mSAO35rx7T4-BFLxtA,2
A8NFu_fLKbc,UCcca5ffHmgRrEwr-9IW-7Uw,2
9Ii9HJB3o5s,UCVlOEP2q7meEoneD5qgeTxw,2
6P8oR4g2Yoo,UCRrZWZ8p_Jvhjc8w2KW3EBg,2
_AbJs3renwM,UCcca5ffHmgRrEwr-9IW-7Uw,2
5sY45V4lwU4,UCRrZWZ8p_Jvhjc8w2KW3EBg,2
R3NQDEJskig,UCRrZWZ8p_Jvhjc8w2KW3EBg,2
pjORBjvxuac,UCFZvDOxST9vb0nX-Z24YTaw,2
A6KPpu_IDQs,UCRrZWZ8p_Jvhjc8w2KW3EBg,2
aCdy-VKsU3Q,UCRrZWZ8p_Jvhjc8w2KW3EBg,2
iqDM7_IxMLg,UCRrZWZ8p_Jvhjc8w2KW3EBg,2
S8LJSXB2hM4,UCRrZWZ8p_Jvhjc8w2KW3EBg,2
OLPEElfm2aU,UCVlOEP2q7meEoneD5qgeTxw,2
KsqUTvb1Qj8,UCRnI8mSAO35rx7T4-BFLxtA,2
nXflDWgSFYg,UCRrZWZ8p_Jvhjc8w2KW3EBg,2
-wkQr8lzXY4,UCFZvDOxST9vb0nX-Z24YTaw,2
01Pc8Z8qDDo,UCTCdn0QxSosQGnaAPgFrBcQ,2
Xew3N8P4btI,UCRrZWZ8p_Jvhjc8w2KW3EBg,2
UmucvTeCc0A,UCcca5ffHmgRrEwr-9IW-7Uw,2
i14I5YFehgE,UC9n3IgleIaFrJrp2hipGQpQ,2
NfCndwswZHc,UCRrZWZ8p_Jvhjc8w2KW3EBg,2
mbwca5sho-c,UCRrZWZ8p_Jvhjc8w2KW3EBg,2
UEwlcL56a_Q,UCFZvDOxST9vb0nX-Z24YTaw,2
rN9CeuA-SKc,UCRrZWZ8p_Jvhjc8w2KW3EBg,2
U1Ju53MNLyw,UCRrZWZ8p_Jvhjc8w2KW3EBg,2
2Pumxy_IHoM,UCRrZWZ8p_Jvhjc8w2KW3EBg,2
MT6hTi_MrqE,UCRnI8mSAO35rx7T4-BFLxtA,2
uSlqICCfGMg,UCRrZWZ8p_Jvhjc8w2KW3EBg,2
6E5-JGN89UU,UCRrZWZ8p_Jvhjc8w2KW3EBg,2
CyIvojdbRDE,UCRrZWZ8p_Jvhjc8w2KW3EBg,2
ftJHj8oHh1A,UCRrZWZ8p_Jvhjc8w2KW3EBg,2
Kcy9iLfNJl4,UCRrZWZ8p_Jvhjc8w2KW3EBg,2
PUdZ1552Xqw,UCVlOEP2q7meEoneD5qgeTxw,2
NGJCHxtWC8A,UCFZvDOxST9vb0nX-Z24YTaw,2
IbjZMGPx8CU,UCRrZWZ8p_Jvhjc8w2KW3EBg,2
aDvo1f6d5dc,UCRrZWZ8p_Jvhjc8w2KW3EBg,2
PP5ac6stXgg,UCRrZWZ8p_Jvhjc8w2KW3EBg,2
THsno9xme1Y,UCRrZWZ8p_Jvhjc8w2KW3EBg,2
uggrDROlYgA,UCRrZWZ8p_Jvhjc8w2KW3EBg,2
YWOloE_UhNg,UCRrZWZ8p_Jvhjc8w2KW3EBg,2
s8AdTk6LgwI,UCRnI8mSAO35rx7T4-BFLxtA,2
IpuU-ECY7Zw,UCRrZWZ8p_Jvhjc8w2KW3EBg,2
L9-CY0hD3jU,UCRrZWZ8p_Jvhjc8w2KW3EBg,2
6nvHgOmPo1U,UCcca5ffHmgRrEwr-9IW-7Uw,2
n7hSrCezy8A,UCTCdn0QxSosQGnaAPgFrBcQ,2
Rek4ompwH2w,UCRrZWZ8p_Jvhjc8w2KW3EBg,2
_6l_NihHnoo,UCRrZWZ8p_Jvhjc8w2KW3EBg,2
2N2oyqICO-w,UCRrZWZ8p_Jvhjc8w2KW3EBg,2
vpOAS9YbXHI,UCRrZWZ8p_Jvhjc8w2KW3EBg,2
lh1fysCp8to,UCRrZWZ8p_Jvhjc8w2KW3EBg,2
o3j8UGm5P6o,UCcca5ffHmgRrEwr-9IW-7Uw,2
TEWzaCKFzyc,UC9n3IgleIaFrJrp2hipGQpQ,2
fiYWtC_F4CQ,UCcca5ffHmgRrEwr-9IW-7Uw,2
iFhGea2wv2E,UCcca5ffHmgRrEwr-9IW-7Uw,2
Gnk_62YyRQs,UCRrZWZ8p_Jvhjc8w2KW3EBg,2
ypKzs_PBnYg,UCcca5ffHmgRrEwr-9IW-7Uw,2
9jKrTBp7LyU,UCRrZWZ8p_Jvhjc8w2KW3EBg,2
vIL0u8NNrl8,UCcca5ffHmgRrEwr-9IW-7Uw,2
KbW9hyPZKQQ,UCRrZWZ8p_Jvhjc8w2KW3EBg,2
i6glVjcLa8Q,UCRrZWZ8p_Jvhjc8w2KW3EBg,2
MHJFAasUY3M,UCcca5ffHmgRrEwr-9IW-7Uw,2
nHwxYYAnkSg,UCRrZWZ8p_Jvhjc8w2KW3EBg,2
4YgccixM3IQ,UCcca5ffHmgRrEwr-9IW-7Uw,2
31-dKvVEfR4,UCFZvDOxST9vb0nX-Z24YTaw,2
eJRXa9f5Ejk,UCRrZWZ8p_Jvhjc8w2KW3EBg,2
Ciy4JPd5_Ls,UCcca5ffHmgRrEwr-9IW-7Uw,2
udpRGQLQc1E,UCcca5ffHmgRrEwr-9IW-7Uw,2
0euMmZQ40mU,UCRrZWZ8p_Jvhjc8w2KW3EBg,2
9EIm_Ee0x5o,UCRnI8mSAO35rx7T4-BFLxtA,2
xdhh7f1oeUY,UCTCdn0QxSosQGnaAPgFrBcQ,2
WTHYtqYYCEk,UCRrZWZ8p_Jvhjc8w2KW3EBg,2
x--ui6_mAxE,UCRrZWZ8p_Jvhjc8w2KW3EBg,2
IWJKX3tdIQg,UCVlOEP2q7meEoneD5qgeTxw,2
0quHM9FOpMQ,UCRrZWZ8p_Jvhjc8w2KW3EBg,2
vG_JModK_iY,UCRnI8mSAO35rx7T4-BFLxtA,2
gVY_Jp_Agn8,UCVlOEP2q7meEoneD5qgeTxw,2
NZBrLlFRMA4,UCFZvDOxST9vb0nX-Z24YTaw,2
uPyhBYVUHuI,UCRrZWZ8p_Jvhjc8w2KW3EBg,2
Qcnp9JvIXIA,UCRnI8mSAO35rx7T4-BFLxtA,2
BF62EHAeTcY,UCRrZWZ8p_Jvhjc8w2KW3EBg,2
j0RxBB8ZJ6I,UCRrZWZ8p_Jvhjc8w2KW3EBg,2
084bAJ5tpyA,UCRrZWZ8p_Jvhjc8w2KW3EBg,2
V1teEjPNeD0,UCRrZWZ8p_Jvhjc8w2KW3EBg,2
bQxP4F2XoHg,UCRrZWZ8p_Jvhjc8w2KW3EBg,2
OEl4XA_gTC0,UCRrZWZ8p_Jvhjc8w2KW3EBg,2
DsqawKq16Dw,UCRrZWZ8p_Jvhjc8w2KW3EBg,2
yXOrV_8z8d8,UCcca5ffHmgRrEwr-9IW-7Uw,2
Wsjewte-k9M,UCFZvDOxST9vb0nX-Z24YTaw,2
Ts_kRF9b_B0,UCVlOEP2q7meEoneD5qgeTxw,2
3NVU72Zl3b0,UC9n3IgleIaFrJrp2hipGQpQ,2
3JpcFsOPMSI,UCFZvDOxST9vb0nX-Z24YTaw,2
Bo79YiXgZBM,UCcca5ffHmgRrEwr-9IW-7Uw,2
tx4pWSyKWPQ,UCRnI8mSAO35rx7T4-BFLxtA,2
FmDacjqf38M,UCRnI8mSAO35rx7T4-BFLxtA,2
mED4TiuIpls,UCTCdn0QxSosQGnaAPgFrBcQ,2
VW1mq3n2JjE,UCcca5ffHmgRrEwr-9IW-7Uw,2
0NtSaiC2gd8,UCcca5ffHmgRrEwr-9IW-7Uw,2
ktqbTL0bYN0,UCcca5ffHmgRrEwr-9IW-7Uw,2
3qtef238CG0,UCcca5ffHmgRrEwr-9IW-7Uw,2
hdA8jHI7SRA,UCcca5ffHmgRrEwr-9IW-7Uw,2
CClaxUYB8VM,UCg55rJ27zjuqod4Cv0ENqPQ,2
J_vKkLevjW8,UCRnI8mSAO35rx7T4-BFLxtA,2
g9ZfgqV5FUk,UCcca5ffHmgRrEwr-9IW-7Uw,2
e8JiIt1Ux1c,UCg55rJ27zjuqod4Cv0ENqPQ,2
two5O-LZgHY,UCcca5ffHmgRrEwr-9IW-7Uw,2
nXPIaGEq7OU,UCFZvDOxST9vb0nX-Z24YTaw,2
l23cbSnY3V0,UCTCdn0QxSosQGnaAPgFrBcQ,2
mS58VL8AbJg,UCVlOEP2q7meEoneD5qgeTxw,2
xyM_WzbLcIo,UC9n3IgleIaFrJrp2hipGQpQ,2
wicEM16N3WE,UCg55rJ27zjuqod4Cv0ENqPQ,2
I0oV76dlTYw,UCg55rJ27zjuqod4Cv0ENqPQ,2
mm9yEOGFnSA,UCcca5ffHmgRrEwr-9IW-7Uw,2
yln3gwqQQ3Y,UCcca5ffHmgRrEwr-9IW-7Uw,2
t6Cbs_xzY_w,UCcca5ffHmgRrEwr-9IW-7Uw,2
ICR9jY9Pq_c,UCcca5ffHmgRrEwr-9IW-7Uw,2
P25CJmeoXB4,UCTCdn0QxSosQGnaAPgFrBcQ,2
6NzbQAWV3aY,UC9n3IgleIaFrJrp2hipGQpQ,2
93BXdXkp3N4,UCcca5ffHmgRrEwr-9IW-7Uw,2
ErKdFcyJa44,UCcca5ffHmgRrEwr-9IW-7Uw,2
8QSKpgBjeXc,UCcca5ffHmgRrEwr-9IW-7Uw,2
FuzYeODPy0w,UCcca5ffHmgRrEwr-9IW-7Uw,2
ZJNLHSEdMhE,UCcca5ffHmgRrEwr-9IW-7Uw,2
sgPfcZ0q1Hk,UCcca5ffHmgRrEwr-9IW-7Uw,2
NKII5zStPTI,UCcca5ffHmgRrEwr-9IW-7Uw,2
3z3rYxLv3mU,UCcca5ffHmgRrEwr-9IW-7Uw,2
L9VDdQCibZU,UCTCdn0QxSosQGnaAPgFrBcQ,2
kE5VtTHfC68,UCRnI8mSAO35rx7T4-BFLxtA,2
7x0mZnOIVSs,UCcca5ffHmgRrEwr-9IW-7Uw,2
gdcp4YlSULY,UCVlOEP2q7meEoneD5qgeTxw,2
HYCikTJo9fY,UC9n3IgleIaFrJrp2hipGQpQ,2
wBATH6F789A,UCcca5ffHmgRrEwr-9IW-7Uw,2
kECMasL4wQw,UCcca5ffHmgRrEwr-9IW-7Uw,2
e_QvTaG9tfo,UCcca5ffHmgRrEwr-9IW-7Uw,2
BvCBqxCIkiE,UCcca5ffHmgRrEwr-9IW-7Uw,2
9yfmLB5nr04,UCcca5ffHmgRrEwr-9IW-7Uw,2
Z6kLIRNvk9A,UCRnI8mSAO35rx7T4-BFLxtA,2
ROVQxmmaK6M,UCTCdn0QxSosQGnaAPgFrBcQ,2
MxNBjAvts0Q,UCcca5ffHmgRrEwr-9IW-7Uw,2
ZHv1o-QQ_zs,UCcca5ffHmgRrEwr-9IW-7Uw,2
VNCqsZLSfBc,UCRnI8mSAO35rx7T4-BFLxtA,2
AVG0IDEyINk,UCVlOEP2q7meEoneD5qgeTxw,2
vBciYzr8Y4Y,UCRnI8mSAO35rx7T4-BFLxtA,2
RznbLOcRMnk,UCcca5ffHmgRrEwr-9IW-7Uw,2
2sQh5Hq76KA,UCRnI8mSAO35rx7T4-BFLxtA,2
kfEnpQl8yrM,UC9n3IgleIaFrJrp2hipGQpQ,2
zG1WIN9LCto,UCRnI8mSAO35rx7T4-BFLxtA,2
oDSIf2c27VM,UCTCdn0QxSosQGnaAPgFrBcQ,2
d9S0uaCH52w,UCTCdn0QxSosQGnaAPgFrBcQ,2
A15M6RfDJag,UC9n3IgleIaFrJrp2hipGQpQ,2
lVFAhiv3zxk,UCVlOEP2q7meEoneD5qgeTxw,2
1ScaDAcGC_0,UCRnI8mSAO35rx7T4-BFLxtA,2
HGk-Zd0mNpo,UCTCdn0QxSosQGnaAPgFrBcQ,2
PpFFvvTxj_Q,UCcca5ffHmgRrEwr-9IW-7Uw,2
5sf_V-hHhvI,UCVlOEP2q7meEoneD5qgeTxw,2
ry0lvf02O8o,UCcca5ffHmgRrEwr-9IW-7Uw,2
MuQtraTq2CE,UCTCdn0QxSosQGnaAPgFrBcQ,2
M7RuEdgeLUM,UCcca5ffHmgRrEwr-9IW-7Uw,2
8gqSej2_DE4,UCcca5ffHmgRrEwr-9IW-7Uw,2
8HXo-Wgi_HE,UCcca5ffHmgRrEwr-9IW-7Uw,2
CjnOtGSKI7Q,UC9n3IgleIaFrJrp2hipGQpQ,2
kXiuOvGi3vA,UCTCdn0QxSosQGnaAPgFrBcQ,2
M_vO2J7_vM8,UCVlOEP2q7meEoneD5qgeTxw,2
4yN2NGmQzx4,UCcca5ffHmgRrEwr-9IW-7Uw,2
gdEwEczWhZg,UCcca5ffHmgRrEwr-9IW-7Uw,2
h-gzBdUhWfY,UCcca5ffHmgRrEwr-9IW-7Uw,2
h5prh0EcvdI,UCTCdn0QxSosQGnaAPgFrBcQ,2
S334RWtP1hU,UCcca5ffHmgRrEwr-9IW-7Uw,2
Ra_upWI2wUo,UCcca5ffHmgRrEwr-9IW-7Uw,2
clJKRo73cBA,UCcca5ffHmgRrEwr-9IW-7Uw,2
gyFtY4wCBxw,UCVlOEP2q7meEoneD5qgeTxw,2
HjJoeR8fY4c,UCcca5ffHmgRrEwr-9IW-7Uw,2
ojJC4dtpDy0,UCcca5ffHmgRrEwr-9IW-7Uw,2
VacBI20305E,UCcca5ffHmgRrEwr-9IW-7Uw,2
VkE4g2jgtks,UCcca5ffHmgRrEwr-9IW-7Uw,2
rVnCG1QHyaY,UCTCdn0QxSosQGnaAPgFrBcQ,2
yi9X9j8h938,UC9n3IgleIaFrJrp2hipGQpQ,2
skMVO9KlvOY,UCcca5ffHmgRrEwr-9IW-7Uw,2
b1WtG8HKY00,UCVlOEP2q7meEoneD5qgeTxw,2
0uaAqWugu_g,UCcca5ffHmgRrEwr-9IW-7Uw,2
vDtqW59Waxk,UCTCdn0QxSosQGnaAPgFrBcQ,2
rSm4sGs3rrk,UCcca5ffHmgRrEwr-9IW-7Uw,2
jhZcH4yeu3Y,UCcca5ffHmgRrEwr-9IW-7Uw,2
xm6tto6g3Vs,UCcca5ffHmgRrEwr-9IW-7Uw,2
BqtnZZs0Yj4,UCcca5ffHmgRrEwr-9IW-7Uw,2
8Q08dFW26TY,UCcca5ffHmgRrEwr-9IW-7Uw,2
wGkUn3lXUQ0,UCcca5ffHmgRrEwr-9IW-7Uw,2
pVb1NI69bX0,UCVlOEP2q7meEoneD5qgeTxw,2
Ox0nkY8Ixl8,UC9n3IgleIaFrJrp2hipGQpQ,2
eWYFNfyZqgM,UCcca5ffHmgRrEwr-9IW-7Uw,2
ptCVHMXiiEc,UCcca5ffHmgRrEwr-9IW-7Uw,2
QzsqusiiLbI,UCcca5ffHmgRrEwr-9IW-7Uw,2
RImwpausbuE,UCcca5ffHmgRrEwr-9IW-7Uw,2
DHysoggcryA,UCcca5ffHmgRrEwr-9IW-7Uw,2
RpsIhV9EYiw,UCcca5ffHmgRrEwr-9IW-7Uw,2
Crr4e2hZBsI,UCcca5ffHmgRrEwr-9IW-7Uw,2
3jeLC7UU2Hg,UCcca5ffHmgRrEwr-9IW-7Uw,2
xTKkvfKX8Xc,UCcca5ffHmgRrEwr-9IW-7Uw,2
nhB96svbJ1o,UCmsed0Kr1fPl-mvp6iM-_9g,2
CqAbMYn5iIM,UCVlOEP2q7meEoneD5qgeTxw,2
o0ju61gyxqY,UC9n3IgleIaFrJrp2hipGQpQ,2
HiueJsGpf-4,UCVlOEP2q7meEoneD5qgeTxw,2
CXpbIZjOB0o,UCVlOEP2q7meEoneD5qgeTxw,2
uLaMx2kApFg,UC9n3IgleIaFrJrp2hipGQpQ,2
ouI3UVHgbps,UC9n3IgleIaFrJrp2hipGQpQ,2
ia-O2JOjoH8,UCRnI8mSAO35rx7T4-BFLxtA,2
sVBuWLx3AvA,UCVlOEP2q7meEoneD5qgeTxw,2
xwXk7Z9Ykcw,UCRnI8mSAO35rx7T4-BFLxtA,2
FmVWtLEbJYg,UCRnI8mSAO35rx7T4-BFLxtA,2
5Y532SIFuBg,UCRnI8mSAO35rx7T4-BFLxtA,2
3dq7knZq5ZQ,UCRnI8mSAO35rx7T4-BFLxtA,2
7lXPPIuaHpc,UCRnI8mSAO35rx7T4-BFLxtA,2
PH36FV0oeOE,UCRnI8mSAO35rx7T4-BFLxtA,2
wkjpzDHd6JM,UCg55rJ27zjuqod4Cv0ENqPQ,2
7mtV_PCVhJg,UCg55rJ27zjuqod4Cv0ENqPQ,2
x9riRz-WMPE,UCRnI8mSAO35rx7T4-BFLxtA,2
Imjt0D2uJko,UCg55rJ27zjuqod4Cv0ENqPQ,2
XcELP8S5LiU,UCRnI8mSAO35rx7T4-BFLxtA,2
OFSIHyrCIvA,UCg55rJ27zjuqod4Cv0ENqPQ,2
fGdBJBtnDKU,UC9n3IgleIaFrJrp2hipGQpQ,2
PdpXKepaChw,UCTCdn0QxSosQGnaAPgFrBcQ,2
uiqcOZFxlJQ,UCg55rJ27zjuqod4Cv0ENqPQ,2
jFLFdaj9peQ,UCVlOEP2q7meEoneD5qgeTxw,2
CtgmLin-OgM,UCRnI8mSAO35rx7T4-BFLxtA,2
Q0bynkrn1pE,UCRnI8mSAO35rx7T4-BFLxtA,2
-WHGBTYhkhM,UCg55rJ27zjuqod4Cv0ENqPQ,2
uvyUDDS970Y,UCRnI8mSAO35rx7T4-BFLxtA,2
a3q_it4_7Y4,UCRnI8mSAO35rx7T4-BFLxtA,2
f7a4bHRCiUY,UCRnI8mSAO35rx7T4-BFLxtA,2
o0GL2Us4fIo,UCg55rJ27zjuqod4Cv0ENqPQ,2
E_XJ0DBH1Fc,UCRnI8mSAO35rx7T4-BFLxtA,2
Dj5Z2EykQd4,UCRnI8mSAO35rx7T4-BFLxtA,2
hKV2CdKxKRI,UCg55rJ27zjuqod4Cv0ENqPQ,2
UwqfP1w3_B4,UCRnI8mSAO35rx7T4-BFLxtA,2
UHeXxYcj03I,UCRnI8mSAO35rx7T4-BFLxtA,2
UfA-T-9Tl9Y,UCRnI8mSAO35rx7T4-BFLxtA,2
80L7_6S4oQY,UCRnI8mSAO35rx7T4-BFLxtA,2
lvB8Sdj6epM,UCRnI8mSAO35rx7T4-BFLxtA,2
W2u6PjptRG4,UCRnI8mSAO35rx7T4-BFLxtA,2
935lVOIIOOM,UCRnI8mSAO35rx7T4-BFLxtA,2
kHT9BJ-HCZY,UCg55rJ27zjuqod4Cv0ENqPQ,2
K38wSD88_Pk,UCRnI8mSAO35rx7T4-BFLxtA,2
Rgj__Zifv_A,UCRnI8mSAO35rx7T4-BFLxtA,2
WmakqSDIiHw,UCRnI8mSAO35rx7T4-BFLxtA,2
FaRXjUzM38k,UCRnI8mSAO35rx7T4-BFLxtA,2
THiKLSv1p5U,UCg55rJ27zjuqod4Cv0ENqPQ,2
hRbKJ8wrELc,UCRnI8mSAO35rx7T4-BFLxtA,2
v2K4sTufu8U,UCRnI8mSAO35rx7T4-BFLxtA,2
L6VyRonRteU,UCRnI8mSAO35rx7T4-BFLxtA,2
o9BMWa4olLI,UCRnI8mSAO35rx7T4-BFLxtA,2
oFvrKfbBIAU,UCg55rJ27zjuqod4Cv0ENqPQ,2
eluNpq56gqU,UCRnI8mSAO35rx7T4-BFLxtA,2
5lRU6NvBwWE,UC9n3IgleIaFrJrp2hipGQpQ,2
_weju8w6eg0,UCRnI8mSAO35rx7T4-BFLxtA,2
qcWM0WxlPuw,UCMy725vbeMFUdsFvxTO2zVA,2
G0YHN5AGFN8,UCVlOEP2q7meEoneD5qgeTxw,2
2_f4PzmWcjw,UCRnI8mSAO35rx7T4-BFLxtA,2
Ilv8c05Cgb0,UCMy725vbeMFUdsFvxTO2zVA,2
noN3F5BLniM,UCg55rJ27zjuqod4Cv0ENqPQ,2
LJAbJtVi3XY,UCRnI8mSAO35rx7T4-BFLxtA,2
MdqzcLjnmHo,UCTCdn0QxSosQGnaAPgFrBcQ,2
IQyYCVt7FIY,UCRnI8mSAO35rx7T4-BFLxtA,2
KFl4thcXcac,UCRnI8mSAO35rx7T4-BFLxtA,2
jnLAPp9t4XQ,UCRnI8mSAO35rx7T4-BFLxtA,2
HXNUkrkb_iQ,UCRnI8mSAO35rx7T4-BFLxtA,2
aAIyclyiKcQ,UCg55rJ27zjuqod4Cv0ENqPQ,2
BdczSS7Y7w8,UCmsed0Kr1fPl-mvp6iM-_9g,2
WhJFrEW8-Zs,UCRnI8mSAO35rx7T4-BFLxtA,2
ZHc55GDGi4o,UCmsed0Kr1fPl-mvp6iM-_9g,2
VfPVfbb4Q8Y,UCRnI8mSAO35rx7T4-BFLxtA,2
lR4FmalTGj0,UCg55rJ27zjuqod4Cv0ENqPQ,2
MTdd-k-UQyw,UCmsed0Kr1fPl-mvp6iM-_9g,2
yxzKmJ7BOk4,UC9n3IgleIaFrJrp2hipGQpQ,2
dx5BH4HFQeE,UCg55rJ27zjuqod4Cv0ENqPQ,2
TnMwJ9h7UTk,UCmsed0Kr1fPl-mvp6iM-_9g,2
7D1eoT3WWAQ,UCVlOEP2q7meEoneD5qgeTxw,2
kuMMB8hhFc4,UCg55rJ27zjuqod4Cv0ENqPQ,2
BpFgl_w8HoI,UCmsed0Kr1fPl-mvp6iM-_9g,2
Oy6pKnHJEJs,UCmsed0Kr1fPl-mvp6iM-_9g,2
rb1ch9uzeTs,UCg55rJ27zjuqod4Cv0ENqPQ,2
HW3ddBQmmFs,UCmsed0Kr1fPl-mvp6iM-_9g,2
_sx1v_7utaE,UCmsed0Kr1fPl-mvp6iM-_9g,2
9kOuxz-EPbw,UCmsed0Kr1fPl-mvp6iM-_9g,2
mTDPofIoiNI,UCg55rJ27zjuqod4Cv0ENqPQ,2
KQDJyThdoIM,UC9n3IgleIaFrJrp2hipGQpQ,2
tSd-VdRcVCM,UCg55rJ27zjuqod4Cv0ENqPQ,2
HO2SYHucIU4,UCg55rJ27zjuqod4Cv0ENqPQ,2
2NC1G-pYtHc,UCRnI8mSAO35rx7T4-BFLxtA,2
SitJMuaJQ3Q,UCg55rJ27zjuqod4Cv0ENqPQ,2
uod8fQ5KGgk,UCVlOEP2q7meEoneD5qgeTxw,2
AArt2k87yOE,UCmsed0Kr1fPl-mvp6iM-_9g,2
RlUZkr7FMyQ,UCg55rJ27zjuqod4Cv0ENqPQ,2
f96EEX2085Y,UCg55rJ27zjuqod4Cv0ENqPQ,2
AcnwiW2IHEM,UCg55rJ27zjuqod4Cv0ENqPQ,2
76F7056bn2o,UCg55rJ27zjuqod4Cv0ENqPQ,2
Q-fjz4XByNc,UC9n3IgleIaFrJrp2hipGQpQ,2
J_NMEMb8hSA,UCg55rJ27zjuqod4Cv0ENqPQ,2
rLfsGdbDOgc,UCg55rJ27zjuqod4Cv0ENqPQ,2
yu8F6qsNnvw,UCg55rJ27zjuqod4Cv0ENqPQ,2
Ky_QMVsesFY,UCg55rJ27zjuqod4Cv0ENqPQ,2
SVoY_I1XJ5M,UCVlOEP2q7meEoneD5qgeTxw,2
WfrWR_YEwZg,UCg55rJ27zjuqod4Cv0ENqPQ,2
m-6Drgm-C7s,UCg55rJ27zjuqod4Cv0ENqPQ,2
pbjhierO_M8,UCg55rJ27zjuqod4Cv0ENqPQ,2
LkPjwRdiYZE,UCg55rJ27zjuqod4Cv0ENqPQ,2
51t1kLVTgfw,UCg55rJ27zjuqod4Cv0ENqPQ,2
JvFUzg4R3zw,UC9n3IgleIaFrJrp2hipGQpQ,2
XPSqYP1laR0,UCRnI8mSAO35rx7T4-BFLxtA,2
szbhekO918c,UCg55rJ27zjuqod4Cv0ENqPQ,2
Ol7vK1W9Uuk,UCMy725vbeMFUdsFvxTO2zVA,2
U267JKG-NBo,UCRnI8mSAO35rx7T4-BFLxtA,2
QJVczn3h9KU,UCg55rJ27zjuqod4Cv0ENqPQ,2
FPeZXbOSHdc,UCRnI8mSAO35rx7T4-BFLxtA,2
V-bwxa0S8kg,UCRnI8mSAO35rx7T4-BFLxtA,2
311XIMwTqOA,UCg55rJ27zjuqod4Cv0ENqPQ,2
iSxHJdAOMT8,UCRnI8mSAO35rx7T4-BFLxtA,2
ULL7apISAI0,UCRnI8mSAO35rx7T4-BFLxtA,2
8gF40GgdVQQ,UCRnI8mSAO35rx7T4-BFLxtA,2
KiuyO5fml3U,UCVlOEP2q7meEoneD5qgeTxw,2
0UeAgLnqO9Q,UCRnI8mSAO35rx7T4-BFLxtA,2
BgreeJ7gEO0,UCg55rJ27zjuqod4Cv0ENqPQ,2
OPwvly-bY18,UCRnI8mSAO35rx7T4-BFLxtA,2
GQtERCxyH5Y,UCg55rJ27zjuqod4Cv0ENqPQ,2
9ZRH9EnPrDE,UCg55rJ27zjuqod4Cv0ENqPQ,2
kWeoXqhoOcI,UCg55rJ27zjuqod4Cv0ENqPQ,2
Iq2V0bn-Xxs,UCRnI8mSAO35rx7T4-BFLxtA,2
8SYxUJoX_lI,UCRnI8mSAO35rx7T4-BFLxtA,2
fjy7ED7U5eY,UCg55rJ27zjuqod4Cv0ENqPQ,2
gcBSAwLPzNk,UCRnI8mSAO35rx7T4-BFLxtA,2
01RsQUfhQZU,UC9n3IgleIaFrJrp2hipGQpQ,2
uem4Q11-jDw,UCRnI8mSAO35rx7T4-BFLxtA,2
6B3rhZVXkm8,UCVlOEP2q7meEoneD5qgeTxw,2
jE2FH4L4Z2I,UCRnI8mSAO35rx7T4-BFLxtA,2
ucl8sb3t9Tk,UCRnI8mSAO35rx7T4-BFLxtA,2
KCugJm7tsJQ,UCRnI8mSAO35rx7T4-BFLxtA,2
Ngpln74omsQ,UCRnI8mSAO35rx7T4-BFLxtA,2
wD_D2KiSwAA,UCRnI8mSAO35rx7T4-BFLxtA,2
yPyB7gk2uGY,UCVlOEP2q7meEoneD5qgeTxw,2
R9j4QGddSL4,UCRnI8mSAO35rx7T4-BFLxtA,2
aE6Yj6jS5DY,UCRnI8mSAO35rx7T4-BFLxtA,2
UDoe-PCvtDY,UCRnI8mSAO35rx7T4-BFLxtA,2
p7kEoioa1ZU,UCRnI8mSAO35rx7T4-BFLxtA,2
tqpYw9mKwgQ,UCRnI8mSAO35rx7T4-BFLxtA,2
oA9N2-6LoYM,UC9n3IgleIaFrJrp2hipGQpQ,2
C8ctbTxY0_E,UCRnI8mSAO35rx7T4-BFLxtA,2
O3Y3AO1gWbw,UCRnI8mSAO35rx7T4-BFLxtA,2
mw-3bnhkSu0,UCVlOEP2q7meEoneD5qgeTxw,2
ER0MUCM-WAI,UCTCdn0QxSosQGnaAPgFrBcQ,2
WXfwAlmFNhQ,UCRnI8mSAO35rx7T4-BFLxtA,2
Ec1ZJ10ImYI,UCRnI8mSAO35rx7T4-BFLxtA,2
_fJGpoK8Vik,UCRnI8mSAO35rx7T4-BFLxtA,2
NPMHhVxdd3A,UCg55rJ27zjuqod4Cv0ENqPQ,2
n7Zg-1G6Mho,UCg55rJ27zjuqod4Cv0ENqPQ,2
QkA6IGcQEqI,UCg55rJ27zjuqod4Cv0ENqPQ,2
lVIKwSEcZNI,UC9n3IgleIaFrJrp2hipGQpQ,2
d-bhYuoTTyY,UCRnI8mSAO35rx7T4-BFLxtA,2
sCBFwskzhYQ,UCg55rJ27zjuqod4Cv0ENqPQ,2
Id4TOpfIj7E,UCVlOEP2q7meEoneD5qgeTxw,2
DkjPeWMHfAc,UCRnI8mSAO35rx7T4-BFLxtA,2
GBNhSQ84NmA,UCRnI8mSAO35rx7T4-BFLxtA,2
Y2Lj3BRmmJ8,UCRnI8mSAO35rx7T4-BFLxtA,2
meGX8VfdKs8,UCRnI8mSAO35rx7T4-BFLxtA,2
_eDSpMzxm7g,UCVlOEP2q7meEoneD5qgeTxw,2
pJpjorBzKvo,UCRnI8mSAO35rx7T4-BFLxtA,2
YQpJaYJGbpo,UC9n3IgleIaFrJrp2hipGQpQ,2
fwhQmLjkUIE,UCg55rJ27zjuqod4Cv0ENqPQ,2
toSFqznVtQ8,UCRnI8mSAO35rx7T4-BFLxtA,2
ghUPO7vhn4A,UCTCdn0QxSosQGnaAPgFrBcQ,2
gADimpRcQhU,UCg55rJ27zjuqod4Cv0ENqPQ,2
YtsxAGVIVpE,UCRnI8mSAO35rx7T4-BFLxtA,2
B4sjtheu9KM,UCVlOEP2q7meEoneD5qgeTxw,2
ZC0yeyF5V4w,UCRnI8mSAO35rx7T4-BFLxtA,2
UnQKx7_F36Y,UCRnI8mSAO35rx7T4-BFLxtA,2
3uQmcvPdYNQ,UC9n3IgleIaFrJrp2hipGQpQ,2
bEAisE_2fyQ,UCRnI8mSAO35rx7T4-BFLxtA,2
XHDI-qkSj3s,UCVlOEP2q7meEoneD5qgeTxw,2
PX8NgmlPpdw,UCRnI8mSAO35rx7T4-BFLxtA,2
40q6bxcAVuE,UCg55rJ27zjuqod4Cv0ENqPQ,2
ymZwq85ugws,UCRnI8mSAO35rx7T4-BFLxtA,2
psUULWYflF0,UCg55rJ27zjuqod4Cv0ENqPQ,2
6b2XWJ1UhOE,UCg55rJ27zjuqod4Cv0ENqPQ,2
YGuEUpKry9c,UCRnI8mSAO35rx7T4-BFLxtA,2
KPwdeGI8pWw,UCg55rJ27zjuqod4Cv0ENqPQ,2
XKPqiCC90Gk,UCVlOEP2q7meEoneD5qgeTxw,2
T8Ro_afvAn4,UCTCdn0QxSosQGnaAPgFrBcQ,2
RFz1xOFHhqc,UC9n3IgleIaFrJrp2hipGQpQ,2
BOptCnAPYnE,UCg55rJ27zjuqod4Cv0ENqPQ,2
wwnYSLnzc8U,UCRnI8mSAO35rx7T4-BFLxtA,2
GwSKfO5Ny5w,UCg55rJ27zjuqod4Cv0ENqPQ,2
FaDYm2Pryis,UCRnI8mSAO35rx7T4-BFLxtA,2
BYGiQdjGENY,UCRnI8mSAO35rx7T4-BFLxtA,2
KiTgTe2iaZA,UCg55rJ27zjuqod4Cv0ENqPQ,2
elIsFOQCG8c,UCRnI8mSAO35rx7T4-BFLxtA,2
pOWyWE5dFGs,UCg55rJ27zjuqod4Cv0ENqPQ,2
2x2BdhHZwNU,UCg55rJ27zjuqod4Cv0ENqPQ,2
oilgbC-W7n8,UCRnI8mSAO35rx7T4-BFLxtA,2
TX2eDNwDiPU,UCVlOEP2q7meEoneD5qgeTxw,2
MLwAcGQiXPA,UCg55rJ27zjuqod4Cv0ENqPQ,2
VCYbquhQs7Q,UCRnI8mSAO35rx7T4-BFLxtA,2
n7QyebRai7k,UC9n3IgleIaFrJrp2hipGQpQ,2
Qmme8yXtmic,UCRnI8mSAO35rx7T4-BFLxtA,2
FLHQ2N5gz4A,UCg55rJ27zjuqod4Cv0ENqPQ,2
AQ3qOH23eY8,UCRnI8mSAO35rx7T4-BFLxtA,2
8ZkHNT33wco,UCg55rJ27zjuqod4Cv0ENqPQ,2
8UdslFNueQY,UCg55rJ27zjuqod4Cv0ENqPQ,2
BJ0q9AQB34g,UCRnI8mSAO35rx7T4-BFLxtA,2
IljOVNL6CIA,UCg55rJ27zjuqod4Cv0ENqPQ,2
_6UgKiA1Xc0,UCRnI8mSAO35rx7T4-BFLxtA,2
ZzOa5RrDI0Y,UCTCdn0QxSosQGnaAPgFrBcQ,2
y7bjir6bRAQ,UCRnI8mSAO35rx7T4-BFLxtA,2
AXPTi3xu1j8,UCRnI8mSAO35rx7T4-BFLxtA,2
wToy5LBNk0s,UCVlOEP2q7meEoneD5qgeTxw,2
kiYsR3A0lDE,UCg55rJ27zjuqod4Cv0ENqPQ,2
45DO5oCx5Mg,UCg55rJ27zjuqod4Cv0ENqPQ,2
X-woGzDR9zk,UCRnI8mSAO35rx7T4-BFLxtA,2
hD6xRJY-zoI,UCg55rJ27zjuqod4Cv0ENqPQ,2
uFHfX0e35EE,UCRnI8mSAO35rx7T4-BFLxtA,2
VaWrf0-APmQ,UCRnI8mSAO35rx7T4-BFLxtA,2
Ra8WN8IsJc4,UCg55rJ27zjuqod4Cv0ENqPQ,2
GRXk8MOpbYM,UC9n3IgleIaFrJrp2hipGQpQ,2
wWvAwuLFcw4,UCMy725vbeMFUdsFvxTO2zVA,2
fvKtY5AoIhI,UCVlOEP2q7meEoneD5qgeTxw,2
Uxd1wKj18Xo,UCRnI8mSAO35rx7T4-BFLxtA,2
pReQH6CWE0Q,UCg55rJ27zjuqod4Cv0ENqPQ,2
v57aAI80Qv0,UCRnI8mSAO35rx7T4-BFLxtA,2
QngKqkoePms,UCg55rJ27zjuqod4Cv0ENqPQ,2
NhV-lNk4G1Y,UCVlOEP2q7meEoneD5qgeTxw,2
-RRu6kh_X4I,UCRnI8mSAO35rx7T4-BFLxtA,2
y-z2NtLL_UI,UCRnI8mSAO35rx7T4-BFLxtA,2
tsdmookRQ9Y,UCg55rJ27zjuqod4Cv0ENqPQ,2
cFeD7CJ1hAA,UCRnI8mSAO35rx7T4-BFLxtA,2
MTJDAuZ0-W0,UCRnI8mSAO35rx7T4-BFLxtA,2
T8DMmETE_eY,UCg55rJ27zjuqod4Cv0ENqPQ,2
Otwg8mpLoYI,UCVlOEP2q7meEoneD5qgeTxw,2
ZHE2ySXO08U,UCg55rJ27zjuqod4Cv0ENqPQ,2
VzLVZJbKP88,UC9n3IgleIaFrJrp2hipGQpQ,2
iW7bR7uyJ3o,UCg55rJ27zjuqod4Cv0ENqPQ,2
NMFg7oDNV_8,UCRnI8mSAO35rx7T4-BFLxtA,2
GRF84SDphfE,UCg55rJ27zjuqod4Cv0ENqPQ,2
C6yIKFrdrdg,UCRnI8mSAO35rx7T4-BFLxtA,2
E6h2yT0smV8,UCg55rJ27zjuqod4Cv0ENqPQ,2
T9AnqnN18P0,UCVlOEP2q7meEoneD5qgeTxw,2
MG0FLNnD_II,UCRnI8mSAO35rx7T4-BFLxtA,2
ETkhHoj1CjE,UCg55rJ27zjuqod4Cv0ENqPQ,2
csbnEqAA-iY,UCRnI8mSAO35rx7T4-BFLxtA,2
Dxi66RTd_J4,UCRnI8mSAO35rx7T4-BFLxtA,2
9KVnejwM85E,UCg55rJ27zjuqod4Cv0ENqPQ,2
DMl58eTsCpw,UCRnI8mSAO35rx7T4-BFLxtA,2
NIq0eoHiVKA,UCg55rJ27zjuqod4Cv0ENqPQ,2
pR4SeDCyrpQ,UCVlOEP2q7meEoneD5qgeTxw,2
sg0MDWjRlok,UCg55rJ27zjuqod4Cv0ENqPQ,2
HSGfL5IpYmg,UCg55rJ27zjuqod4Cv0ENqPQ,2
51f-c4iM3lk,UC9n3IgleIaFrJrp2hipGQpQ,2
0qV9YpcGpGI,UCg55rJ27zjuqod4Cv0ENqPQ,2
1kD3p1M4N3k,UCRnI8mSAO35rx7T4-BFLxtA,2
oVePdLLcLDc,UCRnI8mSAO35rx7T4-BFLxtA,2
b0v321ih6VE,UCg55rJ27zjuqod4Cv0ENqPQ,2
brN2hSIu9kU,UCRnI8mSAO35rx7T4-BFLxtA,2
DA70zAm8QgU,UCRnI8mSAO35rx7T4-BFLxtA,2
ixc-wFWo8tI,UCRnI8mSAO35rx7T4-BFLxtA,2
qa_-hJ2hj1I,UCMy725vbeMFUdsFvxTO2zVA,2
8lU3eAcrIZ8,UCg55rJ27zjuqod4Cv0ENqPQ,2
AkUvFuvEEHk,UCRnI8mSAO35rx7T4-BFLxtA,2
cnXnxp5jse0,UCg55rJ27zjuqod4Cv0ENqPQ,2
I_XPv0SBNUE,UCRnI8mSAO35rx7T4-BFLxtA,2
urW4BTUCi3M,UCg55rJ27zjuqod4Cv0ENqPQ,2
SpMx7RXjP8I,UCRnI8mSAO35rx7T4-BFLxtA,2
a05V7YEdVRI,UCRnI8mSAO35rx7T4-BFLxtA,2
Y9S-TIu0Qbg,UCg55rJ27zjuqod4Cv0ENqPQ,2
O-EUujDwKmI,UCg55rJ27zjuqod4Cv0ENqPQ,2
OnznQwbw2KU,UCTCdn0QxSosQGnaAPgFrBcQ,2
zoZ0-JrrYhs,UCg55rJ27zjuqod4Cv0ENqPQ,2
frejwcxzY58,UCRnI8mSAO35rx7T4-BFLxtA,2
5-siKFPFy1k,UC9n3IgleIaFrJrp2hipGQpQ,2
jxBJAWzKD2w,UCg55rJ27zjuqod4Cv0ENqPQ,2
gMQBfEjk57Y,UCg55rJ27zjuqod4Cv0ENqPQ,2
eE8F9PQgjuk,UCg55rJ27zjuqod4Cv0ENqPQ,2
stUhG9Cepc0,UCRnI8mSAO35rx7T4-BFLxtA,2
PXQj70FoiXs,UCg55rJ27zjuqod4Cv0ENqPQ,2
aGZdTXglVG8,UCRnI8mSAO35rx7T4-BFLxtA,2
5Se0TiELt9A,UCg55rJ27zjuqod4Cv0ENqPQ,2
5TlbVDCSSwg,UCRnI8mSAO35rx7T4-BFLxtA,2
5ee4wKYAgjc,UCg55rJ27zjuqod4Cv0ENqPQ,2
jkRF9T6xJPU,UCg55rJ27zjuqod4Cv0ENqPQ,2
7kJ8ZEeN_8M,UCVlOEP2q7meEoneD5qgeTxw,2
6XsKvspm30M,UCRnI8mSAO35rx7T4-BFLxtA,2
KnK0W_ZS6Gw,UCg55rJ27zjuqod4Cv0ENqPQ,2
Ia4DTz_gMO0,UCg55rJ27zjuqod4Cv0ENqPQ,2
lAfpQ3Nu3Yc,UCRnI8mSAO35rx7T4-BFLxtA,2
gO3_rBgM6J4,UCg55rJ27zjuqod4Cv0ENqPQ,2
rNAvSyQcbZM,UCRnI8mSAO35rx7T4-BFLxtA,2
Optb0_FbNoc,UCg55rJ27zjuqod4Cv0ENqPQ,2
4NTl1J5exqc,UC9n3IgleIaFrJrp2hipGQpQ,2
KJ-j0rDBA5A,UCg55rJ27zjuqod4Cv0ENqPQ,2
M3dpuLE-7Hk,UCRnI8mSAO35rx7T4-BFLxtA,2
3fCNWeQRbak,UCRnI8mSAO35rx7T4-BFLxtA,2
3_locRhiJX0,UCg55rJ27zjuqod4Cv0ENqPQ,2
Pwbx8zZaKRc,UCRnI8mSAO35rx7T4-BFLxtA,2
pu7zZ1hFJW8,UCg55rJ27zjuqod4Cv0ENqPQ,2
-oQ2D90Ykuc,UCg55rJ27zjuqod4Cv0ENqPQ,2
Tqu_JqHoE3U,UCRnI8mSAO35rx7T4-BFLxtA,2
ThjKWLujEvw,UCg55rJ27zjuqod4Cv0ENqPQ,2
_h6WLwTN_28,UCRnI8mSAO35rx7T4-BFLxtA,2
Y8zfztspZJ0,UCg55rJ27zjuqod4Cv0ENqPQ,2
MpLSPGOk0ds,UCg55rJ27zjuqod4Cv0ENqPQ,2
uFVyuR7IQtM,UCRnI8mSAO35rx7T4-BFLxtA,2
QGa3I7u52UI,UCg55rJ27zjuqod4Cv0ENqPQ,2
rM3DrilHaxM,UCg55rJ27zjuqod4Cv0ENqPQ,2
20lRicuRiGQ,UCRnI8mSAO35rx7T4-BFLxtA,2
Qbsx_aD7Eas,UCg55rJ27zjuqod4Cv0ENqPQ,2
aUeKYn-AHt4,UCRnI8mSAO35rx7T4-BFLxtA,2
886xVPQWob0,UCRnI8mSAO35rx7T4-BFLxtA,2
IEc676QGPP4,UCg55rJ27zjuqod4Cv0ENqPQ,2
CfTkMWgJHKA,UCRnI8mSAO35rx7T4-BFLxtA,2
ExckFfsP7qk,UC9n3IgleIaFrJrp2hipGQpQ,2
LztKQkQWdsA,UCg55rJ27zjuqod4Cv0ENqPQ,2
PpuYK-Sz3z0,UCRnI8mSAO35rx7T4-BFLxtA,2
Q1RrYj8GDrU,UCRnI8mSAO35rx7T4-BFLxtA,2
kF3Dn8xFYI8,UCg55rJ27zjuqod4Cv0ENqPQ,2
pIqLALqrNS8,UCVlOEP2q7meEoneD5qgeTxw,2
VSPJAVMqDCU,UCg55rJ27zjuqod4Cv0ENqPQ,2
maLvZUHhHNk,UCg55rJ27zjuqod4Cv0ENqPQ,2
t2IrZ5_WAXY,UCg55rJ27zjuqod4Cv0ENqPQ,2
wsxu4RdL4oU,UCRnI8mSAO35rx7T4-BFLxtA,2
xt00EDYQfcg,UCg55rJ27zjuqod4Cv0ENqPQ,2
MA0W8NN6t6o,UCRnI8mSAO35rx7T4-BFLxtA,2
Y6-7oW3aVBU,UCg55rJ27zjuqod4Cv0ENqPQ,2
t7rLOFubLQQ,UCRnI8mSAO35rx7T4-BFLxtA,2
vogu_sVfd-w,UCg55rJ27zjuqod4Cv0ENqPQ,2
IRKhJws6ylE,UCg55rJ27zjuqod4Cv0ENqPQ,2
SJ9n71iX7jQ,UC9n3IgleIaFrJrp2hipGQpQ,2
Nh48vkvUICE,UCg55rJ27zjuqod4Cv0ENqPQ,2
PBbiAFrqX1E,UCg55rJ27zjuqod4Cv0ENqPQ,2
x7Z4j7PlMcg,UCg55rJ27zjuqod4Cv0ENqPQ,2
TwKmohrU3Do,UCg55rJ27zjuqod4Cv0ENqPQ,2
tUCb9PYeXfA,UCg55rJ27zjuqod4Cv0ENqPQ,2
Qr3Nh2ferkQ,UCg55rJ27zjuqod4Cv0ENqPQ,2
EyPfouec3Kw,UCg55rJ27zjuqod4Cv0ENqPQ,2
HnaDu8EN7Tw,UCg55rJ27zjuqod4Cv0ENqPQ,2
rynpoV0q3qg,UC9n3IgleIaFrJrp2hipGQpQ,2
a3OMDOz93IU,UCg55rJ27zjuqod4Cv0ENqPQ,2
F2_ZEcS224o,UCg55rJ27zjuqod4Cv0ENqPQ,2
GKKQBpglwRs,UCg55rJ27zjuqod4Cv0ENqPQ,2
Yr652pK-LJo,UCg55rJ27zjuqod4Cv0ENqPQ,2
6GcKwIXGDt4,UCg55rJ27zjuqod4Cv0ENqPQ,2
3R2am84Ljbc,UC9n3IgleIaFrJrp2hipGQpQ,2
vuy-DwPR7xk,UCg55rJ27zjuqod4Cv0ENqPQ,2
3YnZeuFepYQ,UCg55rJ27zjuqod4Cv0ENqPQ,2
NCJIewSLKd0,UCg55rJ27zjuqod4Cv0ENqPQ,2
q6huyAwI0fE,UCg55rJ27zjuqod4Cv0ENqPQ,2
Hm4-LRVySEk,UCMy725vbeMFUdsFvxTO2zVA,2
2ERRvPglPPM,UCg55rJ27zjuqod4Cv0ENqPQ,2
smqIw_cymF0,UCg55rJ27zjuqod4Cv0ENqPQ,2
axYQiN-lK0I,UCRnI8mSAO35rx7T4-BFLxtA,2
EiAg6qqwp_M,UCg55rJ27zjuqod4Cv0ENqPQ,2
yK5OZs2OI-o,UC9n3IgleIaFrJrp2hipGQpQ,2
w19Cw6rjtx4,UCg55rJ27zjuqod4Cv0ENqPQ,2
eYr1Wjsd4ak,UCg55rJ27zjuqod4Cv0ENqPQ,2
eNpSa6mCYZU,UCg55rJ27zjuqod4Cv0ENqPQ,2
OnueeGgZ6kI,UCg55rJ27zjuqod4Cv0ENqPQ,2
eGJXsmQL0NA,UCg55rJ27zjuqod4Cv0ENqPQ,2
YGXvJRlZmGA,UCg55rJ27zjuqod4Cv0ENqPQ,2
EBbT292ZfDI,UCTCdn0QxSosQGnaAPgFrBcQ,2
ecnnJ4S-j4g,UCg55rJ27zjuqod4Cv0ENqPQ,2
GGTBhevxw3U,UC9n3IgleIaFrJrp2hipGQpQ,2
gH-L9IfuZJw,UCg55rJ27zjuqod4Cv0ENqPQ,2
FWcUpclm8bs,UCg55rJ27zjuqod4Cv0ENqPQ,2
MvUg7xgm3io,UCTCdn0QxSosQGnaAPgFrBcQ,2
IutBO6Hy5vc,UCg55rJ27zjuqod4Cv0ENqPQ,2
QhjcafjIjOw,UCg55rJ27zjuqod4Cv0ENqPQ,2
azpzaA0vdog,UCTCdn0QxSosQGnaAPgFrBcQ,2
IZmF_Tw42R8,UCg55rJ27zjuqod4Cv0ENqPQ,2
TPd8V2ZCJrs,UCg55rJ27zjuqod4Cv0ENqPQ,2
DJM4XEQvs4M,UC9n3IgleIaFrJrp2hipGQpQ,2
PCz4SXSVbQg,UCg55rJ27zjuqod4Cv0ENqPQ,2
C5Lh_PdGuc0,UCg55rJ27zjuqod4Cv0ENqPQ,2
gSQIEDRT8Mc,UCTCdn0QxSosQGnaAPgFrBcQ,2
uxGuWADhSFM,UCg55rJ27zjuqod4Cv0ENqPQ,2
ucyUnUFA3VM,UCg55rJ27zjuqod4Cv0ENqPQ,2
AHFOzKgh3w0,UCMy725vbeMFUdsFvxTO2zVA,2
2deZ9dMbzw8,UCRnI8mSAO35rx7T4-BFLxtA,2
dI-YuzmSmFo,UCRnI8mSAO35rx7T4-BFLxtA,2
t1HadwYUKeM,UCRnI8mSAO35rx7T4-BFLxtA,2
DpAV1ksi6gk,UCTCdn0QxSosQGnaAPgFrBcQ,2
dVv0sdn6xQs,UCg55rJ27zjuqod4Cv0ENqPQ,2
C2CNtwT0je8,UCg55rJ27zjuqod4Cv0ENqPQ,2
8p7RTADQwzg,UC9n3IgleIaFrJrp2hipGQpQ,2
ZQm_Ksr7AL0,UCg55rJ27zjuqod4Cv0ENqPQ,2
TOiztH9RFjE,UCMy725vbeMFUdsFvxTO2zVA,2
RZp_zaUlNdY,UC9n3IgleIaFrJrp2hipGQpQ,2
-HAcWHrDAxE,UCMy725vbeMFUdsFvxTO2zVA,2
CFxZOeki3js,UCMy725vbeMFUdsFvxTO2zVA,2
FBPcJpPjJlY,UCRnI8mSAO35rx7T4-BFLxtA,2
bwdxa25r3m8,UC9n3IgleIaFrJrp2hipGQpQ,2
GueFSRrql0A,UCRnI8mSAO35rx7T4-BFLxtA,2
V6wxKae-ERM,UCRnI8mSAO35rx7T4-BFLxtA,2
U74uetRRP0A,UCTCdn0QxSosQGnaAPgFrBcQ,2
EblRTiy57dE,UC9n3IgleIaFrJrp2hipGQpQ,2
WoJKQG28d7E,UCTCdn0QxSosQGnaAPgFrBcQ,2
JbKGcKRezYA,UCTCdn0QxSosQGnaAPgFrBcQ,2
J7Z_zwS0oHY,UCTCdn0QxSosQGnaAPgFrBcQ,2
-7XY9tDBAxI,UC9n3IgleIaFrJrp2hipGQpQ,2
NaUKYlbDwWA,UCTCdn0QxSosQGnaAPgFrBcQ,2
JeSAIG-BApg,UCMy725vbeMFUdsFvxTO2zVA,2
8ObO5VWYm0g,UCMy725vbeMFUdsFvxTO2zVA,2
GzCfmel-Pic,UC9n3IgleIaFrJrp2hipGQpQ,2
KVPjPUnt6bg,UCRnI8mSAO35rx7T4-BFLxtA,2
6uXre4dasto,UCRnI8mSAO35rx7T4-BFLxtA,2
VLc8OIEbzz4,UCTCdn0QxSosQGnaAPgFrBcQ,2
k-LqIJN5gRo,UCRnI8mSAO35rx7T4-BFLxtA,2
0NdSEovAZDc,UCRnI8mSAO35rx7T4-BFLxtA,2
HP8WaW00Q4c,UCTCdn0QxSosQGnaAPgFrBcQ,2
KJTH0aFr6Sg,UCRnI8mSAO35rx7T4-BFLxtA,2
fcyHC8zfEgw,UC9n3IgleIaFrJrp2hipGQpQ,2
LZsMIkT1OLY,UCRnI8mSAO35rx7T4-BFLxtA,2
gMwiBV6U320,UCMy725vbeMFUdsFvxTO2zVA,2
qQmtpkrbp_g,UC9n3IgleIaFrJrp2hipGQpQ,2
0zvzkgMcc5E,UCTCdn0QxSosQGnaAPgFrBcQ,2
GUGx-GOwtvw,UCRnI8mSAO35rx7T4-BFLxtA,2
6p_vYmRSxRg,UCRnI8mSAO35rx7T4-BFLxtA,2
KHww01yskHU,UCTCdn0QxSosQGnaAPgFrBcQ,2
S8jk9Zj7JRM,UCRnI8mSAO35rx7T4-BFLxtA,2
QlLnK2JvtFo,UCRnI8mSAO35rx7T4-BFLxtA,2
w-Pt66ERdJc,UC9n3IgleIaFrJrp2hipGQpQ,2
xK63XOUSTM8,UCRnI8mSAO35rx7T4-BFLxtA,2
X6ou9w6DoDg,UCRnI8mSAO35rx7T4-BFLxtA,2
YLbbg08sir8,UCg55rJ27zjuqod4Cv0ENqPQ,2
4JEImsUQMtc,UCTCdn0QxSosQGnaAPgFrBcQ,2
4SnU-rMoSIE,UC9n3IgleIaFrJrp2hipGQpQ,2
8FXz11H_tYE,UCg55rJ27zjuqod4Cv0ENqPQ,2
IBUDqrjH-_A,UCg55rJ27zjuqod4Cv0ENqPQ,2
J5rUFH0DNqc,UCg55rJ27zjuqod4Cv0ENqPQ,2
D1EGkbd5BJA,UCTCdn0QxSosQGnaAPgFrBcQ,2
MhD1JUH0e_A,UCg55rJ27zjuqod4Cv0ENqPQ,2
qjpzAl6Mb6Y,UCTCdn0QxSosQGnaAPgFrBcQ,2
leNZwU98qb4,UC9n3IgleIaFrJrp2hipGQpQ,2
MlxChCSee3I,UCg55rJ27zjuqod4Cv0ENqPQ,2
fCbtYpZ5cc4,UCg55rJ27zjuqod4Cv0ENqPQ,2
stn5mxzzHWc,UCg55rJ27zjuqod4Cv0ENqPQ,2
JgBfiq3Jap8,UCg55rJ27zjuqod4Cv0ENqPQ,2
INqTS6IcbUs,UCg55rJ27zjuqod4Cv0ENqPQ,2
aEjnQGcyp7c,UCg55rJ27zjuqod4Cv0ENqPQ,2
urNkbqag64A,UCg55rJ27zjuqod4Cv0ENqPQ,2
0xsgPOy0Jys,UCg55rJ27zjuqod4Cv0ENqPQ,2
S_0CiVKUYdo,UCg55rJ27zjuqod4Cv0ENqPQ,2
6w8uVEO7eTc,UC9n3IgleIaFrJrp2hipGQpQ,2
mGKhCBbDdQI,UCg55rJ27zjuqod4Cv0ENqPQ,2
vEo8o6GTNGs,UCg55rJ27zjuqod4Cv0ENqPQ,2
krDZ8zlDzuc,UCg55rJ27zjuqod4Cv0ENqPQ,2
bMg7NmdqgRU,UCg55rJ27zjuqod4Cv0ENqPQ,2
myGQwDopseA,UCMy725vbeMFUdsFvxTO2zVA,2
4SLymnlOdsE,UCg55rJ27zjuqod4Cv0ENqPQ,2
YcZKezu03QM,UCg55rJ27zjuqod4Cv0ENqPQ,2
CzgQD0akYI4,UCg55rJ27zjuqod4Cv0ENqPQ,2
3UPWLzjR8tM,UCg55rJ27zjuqod4Cv0ENqPQ,2
7N7bAhYzx7s,UCg55rJ27zjuqod4Cv0ENqPQ,2
uQtyDP4Dc-c,UCg55rJ27zjuqod4Cv0ENqPQ,2
WPk7_kkFjqc,UCg55rJ27zjuqod4Cv0ENqPQ,2
nXL0ZehzZhQ,UCg55rJ27zjuqod4Cv0ENqPQ,2
_leSdYEFszo,UCg55rJ27zjuqod4Cv0ENqPQ,2
ghkAn_IL9vw,UCg55rJ27zjuqod4Cv0ENqPQ,2
ibINmq1gnm0,UC9n3IgleIaFrJrp2hipGQpQ,2
6_2YaGVYUp4,UCg55rJ27zjuqod4Cv0ENqPQ,2
grlJMb0UgtA,UCMy725vbeMFUdsFvxTO2zVA,2
6-LfUbognqk,UCg55rJ27zjuqod4Cv0ENqPQ,2
ELikbf4BHE0,UCMy725vbeMFUdsFvxTO2zVA,2
s9mOeI0g2zk,UCg55rJ27zjuqod4Cv0ENqPQ,2
-5ARx7vxexY,UCg55rJ27zjuqod4Cv0ENqPQ,2
e2bfImOJns4,UCg55rJ27zjuqod4Cv0ENqPQ,2
X9-ZNMQ9kb4,UCMy725vbeMFUdsFvxTO2zVA,2
pHWp9rPLJ1w,UCg55rJ27zjuqod4Cv0ENqPQ,2
qlYKt0f2lKo,UCg55rJ27zjuqod4Cv0ENqPQ,2
9Ek-0pemESs,UCg55rJ27zjuqod4Cv0ENqPQ,2
zKPeUlJv6eQ,UCg55rJ27zjuqod4Cv0ENqPQ,2
5gR8Zq_Kdys,UCMy725vbeMFUdsFvxTO2zVA,2
uTlYUKRZUIU,UCg55rJ27zjuqod4Cv0ENqPQ,2
ajj2P1Us5P0,UCg55rJ27zjuqod4Cv0ENqPQ,2
_pcWaKnQvZI,UCg55rJ27zjuqod4Cv0ENqPQ,2
ISb3vaRiNTo,UCg55rJ27zjuqod4Cv0ENqPQ,2
w3r0NUOns5A,UCg55rJ27zjuqod4Cv0ENqPQ,2
JHnkFpqKGTk,UCg55rJ27zjuqod4Cv0ENqPQ,2
0q7t3ASCm0w,UCg55rJ27zjuqod4Cv0ENqPQ,2
PdRIZzRXYqM,UCg55rJ27zjuqod4Cv0ENqPQ,2
fH5QEd2FdRc,UC9n3IgleIaFrJrp2hipGQpQ,2
ZQ-LAeSTXVY,UCg55rJ27zjuqod4Cv0ENqPQ,2
eqomMPCkYNo,UCg55rJ27zjuqod4Cv0ENqPQ,2
SaHDoVcTmo8,UCg55rJ27zjuqod4Cv0ENqPQ,2
js-toHHYvBg,UCg55rJ27zjuqod4Cv0ENqPQ,2
CJPgidTi6Jg,UCg55rJ27zjuqod4Cv0ENqPQ,2
0XXpGoLRGwc,UCg55rJ27zjuqod4Cv0ENqPQ,2
xCa9eq0eriQ,UCg55rJ27zjuqod4Cv0ENqPQ,2
NhaTKHxOU9o,UCg55rJ27zjuqod4Cv0ENqPQ,2
xADBiBWrvVI,UCg55rJ27zjuqod4Cv0ENqPQ,2
iIehqgpG1vQ,UCg55rJ27zjuqod4Cv0ENqPQ,2
LuiPHxqs99M,UCMy725vbeMFUdsFvxTO2zVA,2
tHdyS2VgYo4,UCg55rJ27zjuqod4Cv0ENqPQ,2
IAJZQuVn5lI,UCg55rJ27zjuqod4Cv0ENqPQ,2
L0-1iQDcBbA,UCMy725vbeMFUdsFvxTO2zVA,2
ClSKlAvnbwc,UC9n3IgleIaFrJrp2hipGQpQ,2
yQhnKdpf2RE,UCg55rJ27zjuqod4Cv0ENqPQ,2
sEAv_BcEZgc,UCg55rJ27zjuqod4Cv0ENqPQ,2
YEME0THOvuk,UCg55rJ27zjuqod4Cv0ENqPQ,2
LXIF44arUyo,UCg55rJ27zjuqod4Cv0ENqPQ,2
645YpdCo16M,UCg55rJ27zjuqod4Cv0ENqPQ,2
vhnlk9pg904,UCg55rJ27zjuqod4Cv0ENqPQ,2
FEP0BQeQ6LQ,UCg55rJ27zjuqod4Cv0ENqPQ,2
Iuc-00hcteI,UC9n3IgleIaFrJrp2hipGQpQ,2
AAURQWLXmPE,UCg55rJ27zjuqod4Cv0ENqPQ,2
DWqxiEL27oE,UCMy725vbeMFUdsFvxTO2zVA,2
zjAB4aQNJ7w,UCMy725vbeMFUdsFvxTO2zVA,2
x6gHK41eIMI,UCg55rJ27zjuqod4Cv0ENqPQ,2
EdcqbmHIomk,UCMy725vbeMFUdsFvxTO2zVA,2
ToGFjcOhVus,UC9n3IgleIaFrJrp2hipGQpQ,2
TtvOWDIYdyo,UCMy725vbeMFUdsFvxTO2zVA,2
iXBcOKu_pG4,UCMy725vbeMFUdsFvxTO2zVA,2
-CRZcePky20,UCMy725vbeMFUdsFvxTO2zVA,2
I9i4iJaJJRk,UCMy725vbeMFUdsFvxTO2zVA,2
xvQJdsH9Mko,UC9n3IgleIaFrJrp2hipGQpQ,2
RZlsOuC1z5Y,UC9n3IgleIaFrJrp2hipGQpQ,2
RcsoqhU0TlQ,UC9n3IgleIaFrJrp2hipGQpQ,2
nYMraIBVXhs,UCg55rJ27zjuqod4Cv0ENqPQ,2
NYl8e1aEV0o,UCg55rJ27zjuqod4Cv0ENqPQ,2
KDa2ybUummA,UCg55rJ27zjuqod4Cv0ENqPQ,2
-gS7eAFjad0,UCg55rJ27zjuqod4Cv0ENqPQ,2
Af0UWDjED8I,UCg55rJ27zjuqod4Cv0ENqPQ,2
POOjGjkrXBo,UCg55rJ27zjuqod4Cv0ENqPQ,2
Al1cLJ3bWyI,UCg55rJ27zjuqod4Cv0ENqPQ,2
40ycTeCFdwA,UCg55rJ27zjuqod4Cv0ENqPQ,2
itKB6MSqrdk,UCg55rJ27zjuqod4Cv0ENqPQ,2
0tbkrOvZcbM,UCg55rJ27zjuqod4Cv0ENqPQ,2
68zoRemVWfI,UCg55rJ27zjuqod4Cv0ENqPQ,2
epV0CL1fiw4,UC9n3IgleIaFrJrp2hipGQpQ,2
ZtkzKsNlYGY,UCg55rJ27zjuqod4Cv0ENqPQ,2
z1Swhp0E3c8,UC9n3IgleIaFrJrp2hipGQpQ,2
F-WwKccmzEg,UCMy725vbeMFUdsFvxTO2zVA,2
DETYhMUKfKM,UCsCAWoG-SagS7aFuWT1IZPw,3
T8lAs5-trD0,UCHgTQpnZJY6nW3X61JbtP2Q,3
HnFQ1uGgLaQ,UCPNoCO-IKY1PIQZCUqf4OfA,3
R69_U2IBEsU,UCw9gSvWYARIPtYSlVv7b6fA,3
UVYFiaIzHmg,UC7GWXKxiy9_AU9TytEh00eg,3
2SaIqvuhof4,UCgklEUQ8_UR8UY510UFbkxQ,3
bxVVzZzYe3Q,UC72VA1LrWHlY86RBbMwGRxw,3
Vcg1VvfraUE,UCR3Mbbg6Ui3vRUAwGFFcqLQ,3
uTmglnsHd9w,UCFSqAZl3AxxMyaHouB2GKSg,3
jTQyUstN8S0,UCsCAWoG-SagS7aFuWT1IZPw,3
7gPWeoXHch0,UCHgTQpnZJY6nW3X61JbtP2Q,3
_i1vqLpFY1o,UCw9gSvWYARIPtYSlVv7b6fA,3
I4ieU-CrCsg,UC72VA1LrWHlY86RBbMwGRxw,3
daSSAjwtRkA,UCgklEUQ8_UR8UY510UFbkxQ,3
UIdQ2H2u538,UCFSqAZl3AxxMyaHouB2GKSg,3
PL2xKhq81pY,UCcwu2DFi0B9WbLSoqeVH9NQ,3
IXQyBthPIa0,UCR3Mbbg6Ui3vRUAwGFFcqLQ,3
2rwrwNPAEb0,UCS3Iac7JbyHzuXmYj34weRw,3
T45rNKoifOo,UCQtoYB7gpftk98WsshIG_fQ,3
qhy_kJXOLSE,UCsCAWoG-SagS7aFuWT1IZPw,3
T5PXDmJ5Q3M,UCRwUO6OIA2DvQA8L1VuzovQ,3
xH0byqCcXbQ,UCw9gSvWYARIPtYSlVv7b6fA,3
6Y_v4VRAloE,UCYD71_aakEU0VT6TwsvV1MA,3
54MKyMuB3Ps,UCVTKO1D_G19UlK03ezaADag,3
YrUnDr2feBc,UC72VA1LrWHlY86RBbMwGRxw,3
Opf2leOJrY4,UCFSqAZl3AxxMyaHouB2GKSg,3
fQzu2ZOW26w,UCgklEUQ8_UR8UY510UFbkxQ,3
B5IN6YbbTh4,UCR3Mbbg6Ui3vRUAwGFFcqLQ,3
IaPBjb6MhGY,UCsCAWoG-SagS7aFuWT1IZPw,3
xjwldhwnNZc,UCHgTQpnZJY6nW3X61JbtP2Q,3
uroV_PRfwLk,UCnv6jJ0cdl81j1oWQYbXcsw,3
Ir30effj14k,UCw9gSvWYARIPtYSlVv7b6fA,3
vRUw26FWKDU,UC7GWXKxiy9_AU9TytEh00eg,3
q3B69jH6tow,UC72VA1LrWHlY86RBbMwGRxw,3
eJtgvGk_XGg,UCFSqAZl3AxxMyaHouB2GKSg,3
0M-md_gVWgE,UCcwu2DFi0B9WbLSoqeVH9NQ,3
Oud3h9bacuI,UCR3Mbbg6Ui3vRUAwGFFcqLQ,3
-PnjEjRPsW8,UCHgTQpnZJY6nW3X61JbtP2Q,3
L4ZwMlEjlLM,UCS3Iac7JbyHzuXmYj34weRw,3
rKh7wenGQmg,UCHgTQpnZJY6nW3X61JbtP2Q,3
CYEENZ0V-Xk,UCw9gSvWYARIPtYSlVv7b6fA,3
3t61xAPr6DY,UCVTKO1D_G19UlK03ezaADag,3
VyxGXuT4yO8,UC7GWXKxiy9_AU9TytEh00eg,3
m_KcleKhPNk,UCgklEUQ8_UR8UY510UFbkxQ,3
qUyG_O6BPYw,UC72VA1LrWHlY86RBbMwGRxw,3
n59oJM_ppRI,UCFSqAZl3AxxMyaHouB2GKSg,3
jdZeDfcF1Z8,UCR3Mbbg6Ui3vRUAwGFFcqLQ,3
3sqhut1_C0w,UCHgTQpnZJY6nW3X61JbtP2Q,3
f4nYke8c38I,UCw9gSvWYARIPtYSlVv7b6fA,3
1TzpS1SCRGY,UCToxKVrkEuAONR4rFIJ_DyQ,3
JORsCaQv068,UC72VA1LrWHlY86RBbMwGRxw,3
hnTApljYz0o,UCgklEUQ8_UR8UY510UFbkxQ,3
jGegG0zbmWc,UCFSqAZl3AxxMyaHouB2GKSg,3
ypMin9Tm97g,UCcwu2DFi0B9WbLSoqeVH9NQ,3
xH9UkHz6Nww,UCRwUO6OIA2DvQA8L1VuzovQ,3
Nu6iEbeVdyU,UCQFWbPizb7e8IoM8kvs55cw,3
dnihbvZx9RI,UC7GWXKxiy9_AU9TytEh00eg,3
C5keYjxx9z0,UC72VA1LrWHlY86RBbMwGRxw,3
gyEccFN8dd8,UCFSqAZl3AxxMyaHouB2GKSg,3
87MA1q3-IJo,UCgklEUQ8_UR8UY510UFbkxQ,3
Z11qKuYSZeo,UCR3Mbbg6Ui3vRUAwGFFcqLQ,3
5Jb-ZA2N82M,UCS3Iac7JbyHzuXmYj34weRw,3
yJeAjZQ6alc,UCHgTQpnZJY6nW3X61JbtP2Q,3
ksyAa7Gb5Ds,UCToxKVrkEuAONR4rFIJ_DyQ,3
Ayo71654I5g,UC7GWXKxiy9_AU9TytEh00eg,3
gR-3rquVcAM,UC72VA1LrWHlY86RBbMwGRxw,3
NXlxt-PTgR0,UCw9gSvWYARIPtYSlVv7b6fA,3
50Jal-d7io4,UCFSqAZl3AxxMyaHouB2GKSg,3
W6Pn6HGObuk,UCgklEUQ8_UR8UY510UFbkxQ,3
x-NlN_aEZqA,UCcwu2DFi0B9WbLSoqeVH9NQ,3
3DpSfHEUJnY,UCR3Mbbg6Ui3vRUAwGFFcqLQ,3
CUOKAN-9Uao,UCVTKO1D_G19UlK03ezaADag,3
jcVqC_nOcaw,UCPNoCO-IKY1PIQZCUqf4OfA,3
bSfpc3FmBkw,UCHgTQpnZJY6nW3X61JbtP2Q,3
o2twPyxtZuk,UCVTKO1D_G19UlK03ezaADag,3
QFsf8noHuEY,UCnv6jJ0cdl81j1oWQYbXcsw,3
bILs9N-HBJA,UC72VA1LrWHlY86RBbMwGRxw,3
M0dqF_A503Y,UCgklEUQ8_UR8UY510UFbkxQ,3
1XCuOWqoWaU,UCFSqAZl3AxxMyaHouB2GKSg,3
1mFCmk1qKkI,UCQtoYB7gpftk98WsshIG_fQ,3
BQkswPiqRlo,UCR3Mbbg6Ui3vRUAwGFFcqLQ,3
9SPPt5aSipY,UCHgTQpnZJY6nW3X61JbtP2Q,3
Oo23fkcR_y4,UCToxKVrkEuAONR4rFIJ_DyQ,3
1iSEruaPv7w,UC72VA1LrWHlY86RBbMwGRxw,3
VYkyKEyyZdo,UCFSqAZl3AxxMyaHouB2GKSg,3
4sV19ocoVZE,UCw9gSvWYARIPtYSlVv7b6fA,3
0DJJ3KAAKWM,UCgklEUQ8_UR8UY510UFbkxQ,3
jTyimM8g50E,UC7GWXKxiy9_AU9TytEh00eg,3
Ltc1YAgLcU4,UCcwu2DFi0B9WbLSoqeVH9NQ,3
RD2sqbSlTiY,UCQtoYB7gpftk98WsshIG_fQ,3
KuJ5qMrg1Kk,UCsCAWoG-SagS7aFuWT1IZPw,3
YKkKykhxWEI,UCHgTQpnZJY6nW3X61JbtP2Q,3
saQcg6XIpqM,UCw9gSvWYARIPtYSlVv7b6fA,3
ItAqG51nado,UC7GWXKxiy9_AU9TytEh00eg,3
sIFjFi9x3gI,UCgklEUQ8_UR8UY510UFbkxQ,3
BvvAC_9byo8,UC72VA1LrWHlY86RBbMwGRxw,3
-QOwp3fLZhI,UCRwUO6OIA2DvQA8L1VuzovQ,3
FFeFduwAFk4,UCFSqAZl3AxxMyaHouB2GKSg,3
BUv1QZBdJdc,UCS3Iac7JbyHzuXmYj34weRw,3
zNaZjMus1Ok,UCHgTQpnZJY6nW3X61JbtP2Q,3
aDnasogPxJI,UCw9gSvWYARIPtYSlVv7b6fA,3
OXr3Ed0pJns,UCToxKVrkEuAONR4rFIJ_DyQ,3
S5TJ2aYtdMg,UC7GWXKxiy9_AU9TytEh00eg,3
stkz9xR7oM8,UC72VA1LrWHlY86RBbMwGRxw,3
8rPy-9eMG_4,UCgklEUQ8_UR8UY510UFbkxQ,3
YXAAldiePRc,UCFSqAZl3AxxMyaHouB2GKSg,3
GOzAcpaun1k,UCw9gSvWYARIPtYSlVv7b6fA,3
vujXd9xGMVw,UCcwu2DFi0B9WbLSoqeVH9NQ,3
4H7KWgnCAZQ,UCR3Mbbg6Ui3vRUAwGFFcqLQ,3
OBsfebbEfq8,UCQtoYB7gpftk98WsshIG_fQ,3
KkENLrqwPcA,UCQFWbPizb7e8IoM8kvs55cw,3
T2PWHKgeHJI,UC72VA1LrWHlY86RBbMwGRxw,3
A16j-JcvHLU,UCFSqAZl3AxxMyaHouB2GKSg,3
EjpWhpAfSyc,UCgklEUQ8_UR8UY510UFbkxQ,3
oBO77XxjaXI,UCR3Mbbg6Ui3vRUAwGFFcqLQ,3
K5JPxdc1IzA,UCToxKVrkEuAONR4rFIJ_DyQ,3
n_kRz8RZX-Y,UCQtoYB7gpftk98WsshIG_fQ,3
LQ__RsZ9zxQ,UC7GWXKxiy9_AU9TytEh00eg,3
pTd0RJiKqW8,UC72VA1LrWHlY86RBbMwGRxw,3
U5jCuBeJ3AE,UCFSqAZl3AxxMyaHouB2GKSg,3
i1FGbLs3I9w,UCcwu2DFi0B9WbLSoqeVH9NQ,3
t-JiO8jAPJA,UCQtoYB7gpftk98WsshIG_fQ,3
96pa4BOQXZ4,UCR3Mbbg6Ui3vRUAwGFFcqLQ,3
apqQfM9x1qg,UCHgTQpnZJY6nW3X61JbtP2Q,3
8cWA6Rlqsnw,UCS3Iac7JbyHzuXmYj34weRw,3
itHa04TTfMY,UCnv6jJ0cdl81j1oWQYbXcsw,3
pBg7IX5_ipM,UCRwUO6OIA2DvQA8L1VuzovQ,3
YpM3Ckgdha0,UCw9gSvWYARIPtYSlVv7b6fA,3
jrExpd0OK5w,UCgklEUQ8_UR8UY510UFbkxQ,3
crzbylVuIG4,UC7GWXKxiy9_AU9TytEh00eg,3
tpasVl47Ddc,UC72VA1LrWHlY86RBbMwGRxw,3
0bvPTzIRQT4,UCw9gSvWYARIPtYSlVv7b6fA,3
6Z1pa-F3wMo,UCToxKVrkEuAONR4rFIJ_DyQ,3
qjFoQT2D66c,UCVTKO1D_G19UlK03ezaADag,3
BOvSD3QPhsM,UCR3Mbbg6Ui3vRUAwGFFcqLQ,3
Zcgm_g3k-m8,UCPNoCO-IKY1PIQZCUqf4OfA,3
t7bwRvgqEOA,UCVTKO1D_G19UlK03ezaADag,3
XkvnpI6svMk,UC72VA1LrWHlY86RBbMwGRxw,3
WDmb9YDHvgM,UCFSqAZl3AxxMyaHouB2GKSg,3
SqUEo9XGiI0,UCw9gSvWYARIPtYSlVv7b6fA,3
siWbUUWAN7s,UCgklEUQ8_UR8UY510UFbkxQ,3
Ynripk1uskI,UCcwu2DFi0B9WbLSoqeVH9NQ,3
Skvlr2o_QDw,UCQtoYB7gpftk98WsshIG_fQ,3
nEx91NucIbM,UCS3Iac7JbyHzuXmYj34weRw,3
z60sTXZWSYw,UCVTKO1D_G19UlK03ezaADag,3
c6Y8IYsHbIQ,UC7GWXKxiy9_AU9TytEh00eg,3
4LejnzjLBEk,UCFSqAZl3AxxMyaHouB2GKSg,3
9riccC7SYDY,UCgklEUQ8_UR8UY510UFbkxQ,3
rpP0pXXSsUY,UC72VA1LrWHlY86RBbMwGRxw,3
aBLnbKYPz_U,UCR3Mbbg6Ui3vRUAwGFFcqLQ,3
yTvUfzV_QlM,UCsCAWoG-SagS7aFuWT1IZPw,3
21n5QNEBHVg,UCS3Iac7JbyHzuXmYj34weRw,3
T-kjroCjqi0,UCw9gSvWYARIPtYSlVv7b6fA,3
ajokfRWrCII,UC72VA1LrWHlY86RBbMwGRxw,3
UJI9sPKwlW4,UCFSqAZl3AxxMyaHouB2GKSg,3
Y3Rm4cmU2gE,UC7GWXKxiy9_AU9TytEh00eg,3
ZN8GpnSu2l0,UCcwu2DFi0B9WbLSoqeVH9NQ,3
KwfGDJ3vq9I,UCR3Mbbg6Ui3vRUAwGFFcqLQ,3
P03Ao0AtbEg,UCHgTQpnZJY6nW3X61JbtP2Q,3
xjmqBXQkneY,UCToxKVrkEuAONR4rFIJ_DyQ,3
RGZ1XpbI4cI,UCw9gSvWYARIPtYSlVv7b6fA,3
N5Vr9v4mmiM,UC72VA1LrWHlY86RBbMwGRxw,3
u05n8_p4pqY,UCgklEUQ8_UR8UY510UFbkxQ,3
BOoI5_J-fIA,UCFSqAZl3AxxMyaHouB2GKSg,3
9w2YcYwQKfs,UCR3Mbbg6Ui3vRUAwGFFcqLQ,3
CqpEmYKVSPs,UCPNoCO-IKY1PIQZCUqf4OfA,3
0CpopHIbo8s,UCHgTQpnZJY6nW3X61JbtP2Q,3
GHwmNRwoPT8,UCw9gSvWYARIPtYSlVv7b6fA,3
dDDoWn7hkWU,UC72VA1LrWHlY86RBbMwGRxw,3
N2zfXbuniw0,UCQFWbPizb7e8IoM8kvs55cw,3
s2JBwB8X9yw,UCS3Iac7JbyHzuXmYj34weRw,3
Z8ERaWE59iw,UCw9gSvWYARIPtYSlVv7b6fA,3
WtIJ7CT5Eho,UCgklEUQ8_UR8UY510UFbkxQ,3
CIC24gtXgFk,UCFSqAZl3AxxMyaHouB2GKSg,3
97gS71JRApc,UCS3Iac7JbyHzuXmYj34weRw,3
bIpSYTawqzA,UCcwu2DFi0B9WbLSoqeVH9NQ,3
ztELgHUhB_I,UCToxKVrkEuAONR4rFIJ_DyQ,3
XPaM-EyGYCs,UCHgTQpnZJY6nW3X61JbtP2Q,3
IB2RmM5n89Q,UCR3Mbbg6Ui3vRUAwGFFcqLQ,3
uRgwFXMC5pg,UCsCAWoG-SagS7aFuWT1IZPw,3
grGQBu0JrDg,UCw9gSvWYARIPtYSlVv7b6fA,3
SqSfjKcZ85w,UCnv6jJ0cdl81j1oWQYbXcsw,3
Y-7fqrZerc0,UCQtoYB7gpftk98WsshIG_fQ,3
_i20AEsJs-4,UCYD71_aakEU0VT6TwsvV1MA,3
MNkGTuHqL6w,UC7GWXKxiy9_AU9TytEh00eg,3
NLneX8lMz68,UCFSqAZl3AxxMyaHouB2GKSg,3
pH7p_M4Sw_o,UCgklEUQ8_UR8UY510UFbkxQ,3
8PHTnSY2E8c,UCw9gSvWYARIPtYSlVv7b6fA,3
unfICzqsQ5g,UCR3Mbbg6Ui3vRUAwGFFcqLQ,3
GBllehWTKQg,UCsCAWoG-SagS7aFuWT1IZPw,3
5DOR40g2YEo,UCHgTQpnZJY6nW3X61JbtP2Q,3
cr0CQvQiWDg,UCYD71_aakEU0VT6TwsvV1MA,3
0ibUiHCLSRg,UCw9gSvWYARIPtYSlVv7b6fA,3
QOhdQ4zpCDk,UCw9gSvWYARIPtYSlVv7b6fA,3
RNPiejtqgfo,UCFSqAZl3AxxMyaHouB2GKSg,3
gqRUZrQRRsE,UC72VA1LrWHlY86RBbMwGRxw,3
23eRx6SJp0U,UC7GWXKxiy9_AU9TytEh00eg,3
SurwCJNEjtY,UCgklEUQ8_UR8UY510UFbkxQ,3
p3-zG9aPVDU,UCcwu2DFi0B9WbLSoqeVH9NQ,3
PG2DRQ6Slq8,UCToxKVrkEuAONR4rFIJ_DyQ,3
EUDy_IMQVCs,UCR3Mbbg6Ui3vRUAwGFFcqLQ,3
btUiqSINRqI,UCVTKO1D_G19UlK03ezaADag,3
mQfK5RHDvOc,UCQtoYB7gpftk98WsshIG_fQ,3
38YSGg_diWE,UCVTKO1D_G19UlK03ezaADag,3
1d4DG9wz51s,UCw9gSvWYARIPtYSlVv7b6fA,3
78-ZyypUZqU,UCFSqAZl3AxxMyaHouB2GKSg,3
ooDJBf0hQLg,UCw9gSvWYARIPtYSlVv7b6fA,3
3KmH7OBW8MM,UC72VA1LrWHlY86RBbMwGRxw,3
qSlOHQbAF9A,UCgklEUQ8_UR8UY510UFbkxQ,3
e6Qe-oOvBbk,UCR3Mbbg6Ui3vRUAwGFFcqLQ,3
JZybPjARJYc,UCQtoYB7gpftk98WsshIG_fQ,3
JmJPrKK03ho,UCHgTQpnZJY6nW3X61JbtP2Q,3
46Mt1zRWoV8,UCsCAWoG-SagS7aFuWT1IZPw,3
hTQJ77Bqmys,UCQtoYB7gpftk98WsshIG_fQ,3
U5XfE3gnVzM,UCFSqAZl3AxxMyaHouB2GKSg,3
UtUtJpR6dVM,UC72VA1LrWHlY86RBbMwGRxw,3
V7OV6E_uo34,UCgklEUQ8_UR8UY510UFbkxQ,3
-4EJqQ0tAaU,UCcwu2DFi0B9WbLSoqeVH9NQ,3
jjliqz5c6v0,UCR3Mbbg6Ui3vRUAwGFFcqLQ,3
SlwJT4FWLqw,UCsCAWoG-SagS7aFuWT1IZPw,3
RgtaIK9APtg,UCHgTQpnZJY6nW3X61JbtP2Q,3
3dFLe6c14PI,UC7GWXKxiy9_AU9TytEh00eg,3
Tvh9ARc_uSE,UCS3Iac7JbyHzuXmYj34weRw,3
-ymGIo9BUCM,UC72VA1LrWHlY86RBbMwGRxw,3
w6FZ-rvzrzs,UCgklEUQ8_UR8UY510UFbkxQ,3
5t2zP_ICNIU,UCFSqAZl3AxxMyaHouB2GKSg,3
HeqtrWhn-0o,UCVTKO1D_G19UlK03ezaADag,3
tpt4eOuGB4M,UCHgTQpnZJY6nW3X61JbtP2Q,3
RYdfzG3FbEw,UCQtoYB7gpftk98WsshIG_fQ,3
WtNGMX0ltTE,UCR3Mbbg6Ui3vRUAwGFFcqLQ,3
F_nqAvtCQLk,UCsCAWoG-SagS7aFuWT1IZPw,3
DoJaNOIU5sc,UCPNoCO-IKY1PIQZCUqf4OfA,3
SX7d4KbXQek,UCToxKVrkEuAONR4rFIJ_DyQ,3
QYM4pfy8i0A,UCnv6jJ0cdl81j1oWQYbXcsw,3
Vzdr-Unvwl0,UC7GWXKxiy9_AU9TytEh00eg,3
8quo3h1-a5c,UCw9gSvWYARIPtYSlVv7b6fA,3
IgnEZtdyqdY,UC72VA1LrWHlY86RBbMwGRxw,3
dlRHpMBNdx4,UCgklEUQ8_UR8UY510UFbkxQ,3
woflJV2PlzM,UCFSqAZl3AxxMyaHouB2GKSg,3
cC6CGdNsKoQ,UCcwu2DFi0B9WbLSoqeVH9NQ,3
x_b0CrIqho8,UCsCAWoG-SagS7aFuWT1IZPw,3
NDhvswysaTw,UCR3Mbbg6Ui3vRUAwGFFcqLQ,3
hCSbzPnMt-g,UCHgTQpnZJY6nW3X61JbtP2Q,3
MzBeqGQJ1p8,UCQtoYB7gpftk98WsshIG_fQ,3
1yhtF9tbq3w,UCw9gSvWYARIPtYSlVv7b6fA,3
hwlZNl5sXU8,UCQFWbPizb7e8IoM8kvs55cw,3
dmaiDpBdwGM,UCFSqAZl3AxxMyaHouB2GKSg,3
hc4eal6AUbA,UC72VA1LrWHlY86RBbMwGRxw,3
Y0dTrr6yhxQ,UCgklEUQ8_UR8UY510UFbkxQ,3
CFsHNnmH1Qk,UCw9gSvWYARIPtYSlVv7b6fA,3
W3xRyzY2nW4,UCR3Mbbg6Ui3vRUAwGFFcqLQ,3
HgdvPm2D5HM,UCToxKVrkEuAONR4rFIJ_DyQ,3
tghM5LGc770,UCS3Iac7JbyHzuXmYj34weRw,3
SGDfTcllzIU,UC7GWXKxiy9_AU9TytEh00eg,3
TxNIwtGgS3U,UCw9gSvWYARIPtYSlVv7b6fA,3
NEQ3SIL3Wjk,UC72VA1LrWHlY86RBbMwGRxw,3
G762iLtCi0c,UCQtoYB7gpftk98WsshIG_fQ,3
R-_yUhD5TDQ,UCFSqAZl3AxxMyaHouB2GKSg,3
q69YW2pnpnA,UCgklEUQ8_UR8UY510UFbkxQ,3
lEJmqDX1Qic,UCcwu2DFi0B9WbLSoqeVH9NQ,3
QcAckwDPYHM,UCR3Mbbg6Ui3vRUAwGFFcqLQ,3
IDGL-wZrX8o,UCsCAWoG-SagS7aFuWT1IZPw,3
gX-tIIrEAaE,UCHgTQpnZJY6nW3X61JbtP2Q,3
nd4D-jXcqVo,UCnv6jJ0cdl81j1oWQYbXcsw,3
sq4RzArc9aY,UCw9gSvWYARIPtYSlVv7b6fA,3
tDSH8vlxtHU,UC7GWXKxiy9_AU9TytEh00eg,3
jVcFmNqxTrY,UCgklEUQ8_UR8UY510UFbkxQ,3
JHPaP8ymcPg,UCFSqAZl3AxxMyaHouB2GKSg,3
axtoiMLR39Q,UC72VA1LrWHlY86RBbMwGRxw,3
DCXQS3adHBc,UCR3Mbbg6Ui3vRUAwGFFcqLQ,3
tAvSMAcHtMs,UCToxKVrkEuAONR4rFIJ_DyQ,3
izI9hcP-Dxc,UCQtoYB7gpftk98WsshIG_fQ,3
W-0gSKY3zfY,UCS3Iac7JbyHzuXmYj34weRw,3
rgVvWDvQOHc,UCVTKO1D_G19UlK03ezaADag,3
qs7WvJwbbpw,UCVTKO1D_G19UlK03ezaADag,3
dNzg-QRA_io,UCQtoYB7gpftk98WsshIG_fQ,3
S1f1GdYsLXY,UCw9gSvWYARIPtYSlVv7b6fA,3
_tAr-qQOmNw,UCgklEUQ8_UR8UY510UFbkxQ,3
Mw0MUI8GKPU,UC72VA1LrWHlY86RBbMwGRxw,3
Bl4jRt54BxU,UCFSqAZl3AxxMyaHouB2GKSg,3
4D1yjBLrmwY,UCcwu2DFi0B9WbLSoqeVH9NQ,3
bf9XJBAoIcM,UCR3Mbbg6Ui3vRUAwGFFcqLQ,3
bY4In5M2Gvw,UCYD71_aakEU0VT6TwsvV1MA,3
L3Dg2XSDIJk,UC7GWXKxiy9_AU9TytEh00eg,3
EkLnFa0fejM,UCw9gSvWYARIPtYSlVv7b6fA,3
iGcD-Zfd8sQ,UC72VA1LrWHlY86RBbMwGRxw,3
NHmDlzEN1rY,UCgklEUQ8_UR8UY510UFbkxQ,3
LWPRGQqTd-I,UCFSqAZl3AxxMyaHouB2GKSg,3
lDJKMxGM7p4,UCR3Mbbg6Ui3vRUAwGFFcqLQ,3
ObK3oqZF3CY,UCQtoYB7gpftk98WsshIG_fQ,3
eeSuZcfwcyw,UCsCAWoG-SagS7aFuWT1IZPw,3
1xVtnrsxRzQ,UCHgTQpnZJY6nW3X61JbtP2Q,3
-eBNCVEcYpg,UCw9gSvWYARIPtYSlVv7b6fA,3
Jtngj6T-llY,UC7GWXKxiy9_AU9TytEh00eg,3
yDJC05l3CII,UCgklEUQ8_UR8UY510UFbkxQ,3
GFjaeesaknM,UCFSqAZl3AxxMyaHouB2GKSg,3
YmiYeVgqtuc,UCcwu2DFi0B9WbLSoqeVH9NQ,3
PWJEU3jrtyE,UCR3Mbbg6Ui3vRUAwGFFcqLQ,3
7YPovv1lJpg,UCQtoYB7gpftk98WsshIG_fQ,3
C7vZtEiR2ss,UCPNoCO-IKY1PIQZCUqf4OfA,3
bIGJ1m3u7RQ,UCHgTQpnZJY6nW3X61JbtP2Q,3
JmzRv-TomGA,UCToxKVrkEuAONR4rFIJ_DyQ,3
aff8Dmx9I2c,UCnv6jJ0cdl81j1oWQYbXcsw,3
YKsUavEtUPk,UCYD71_aakEU0VT6TwsvV1MA,3
GE5D97YIGs4,UCw9gSvWYARIPtYSlVv7b6fA,3
nJdu-cJqgLI,UC72VA1LrWHlY86RBbMwGRxw,3
4Wty7q2rzZk,UC72VA1LrWHlY86RBbMwGRxw,3
726ZtDeX2wI,UCFSqAZl3AxxMyaHouB2GKSg,3
TqICX-iAEV0,UCgklEUQ8_UR8UY510UFbkxQ,3
wDjyZWuXZds,UC_6HKUyjbWkU2iZpnvcJdXA,3
iRxBD6B6cjQ,UCw9gSvWYARIPtYSlVv7b6fA,3
SURuPUywNhI,UCsCAWoG-SagS7aFuWT1IZPw,3
Ra7uT4IZMiM,UCS3Iac7JbyHzuXmYj34weRw,3
v9Fix5IocNY,UCR3Mbbg6Ui3vRUAwGFFcqLQ,3
wRwfKvE25g4,UCQtoYB7gpftk98WsshIG_fQ,3
WRhT3mRC1pw,UCw9gSvWYARIPtYSlVv7b6fA,3
zqJxJ79D8cw,UCFSqAZl3AxxMyaHouB2GKSg,3
fY8HD0_5ZhE,UCcwu2DFi0B9WbLSoqeVH9NQ,3
qOjCaG20jPo,UCsCAWoG-SagS7aFuWT1IZPw,3
oqxwbMzkS5A,UCHgTQpnZJY6nW3X61JbtP2Q,3
X1VxbD53LXE,UCw9gSvWYARIPtYSlVv7b6fA,3
Wl7V0XRGmRc,UCToxKVrkEuAONR4rFIJ_DyQ,3
lZwL5yYWOcc,UCQFWbPizb7e8IoM8kvs55cw,3
7MWWr_S8bIM,UC7GWXKxiy9_AU9TytEh00eg,3
VBKKP9ad-uI,UCw9gSvWYARIPtYSlVv7b6fA,3
aFDWMf98Y4Y,UC72VA1LrWHlY86RBbMwGRxw,3
OWTIxw3wK7Y,UCFSqAZl3AxxMyaHouB2GKSg,3
pK3jqzGQcj8,UCgklEUQ8_UR8UY510UFbkxQ,3
DeS8FCTbWug,UCQtoYB7gpftk98WsshIG_fQ,3
AC6xdIccGAA,UCVTKO1D_G19UlK03ezaADag,3
bGvhIAODUJ8,UCHgTQpnZJY6nW3X61JbtP2Q,3
h5O9BWtm28g,UC72VA1LrWHlY86RBbMwGRxw,3
vSB6oJycxMA,UCgklEUQ8_UR8UY510UFbkxQ,3
d2A31g7d_dU,UC7GWXKxiy9_AU9TytEh00eg,3
D1Z0XZuAjDE,UCFSqAZl3AxxMyaHouB2GKSg,3
R-rb8TpD914,UCcwu2DFi0B9WbLSoqeVH9NQ,3
u_Ba0EA5o6E,UCw9gSvWYARIPtYSlVv7b6fA,3
v6Yw8obxIjI,UCToxKVrkEuAONR4rFIJ_DyQ,3
WuzM4StTFaE,UCR3Mbbg6Ui3vRUAwGFFcqLQ,3
Dw8re5R5lCs,UCHgTQpnZJY6nW3X61JbtP2Q,3
dPMDcFtiE4A,UCHgTQpnZJY6nW3X61JbtP2Q,3
_zMSYnGkPQY,UCQtoYB7gpftk98WsshIG_fQ,3
pYFOF5ebCzA,UCVTKO1D_G19UlK03ezaADag,3
9VOjdmszMTk,UCnv6jJ0cdl81j1oWQYbXcsw,3
nDnqkHXvsX8,UC72VA1LrWHlY86RBbMwGRxw,3
MmbHqBk3H94,UCFSqAZl3AxxMyaHouB2GKSg,3
ZtAzGfNfN9s,UCgklEUQ8_UR8UY510UFbkxQ,3
Ok8z8SYTCH8,UCQtoYB7gpftk98WsshIG_fQ,3
W-FVwJIJY74,UCR3Mbbg6Ui3vRUAwGFFcqLQ,3
bqRZatplnAk,UCHgTQpnZJY6nW3X61JbtP2Q,3
QwOsrRAq600,UCw9gSvWYARIPtYSlVv7b6fA,3
JadNn421VyQ,UCFSqAZl3AxxMyaHouB2GKSg,3
TaXklFf4MGQ,UC72VA1LrWHlY86RBbMwGRxw,3
4ILBtZhRm4w,UCgklEUQ8_UR8UY510UFbkxQ,3
K0z6zyEOrVs,UCcwu2DFi0B9WbLSoqeVH9NQ,3
b-3YhEcZrqE,UCQtoYB7gpftk98WsshIG_fQ,3
PX11Xjcx10w,UCR3Mbbg6Ui3vRUAwGFFcqLQ,3
iNPHwDhvWpk,UCsCAWoG-SagS7aFuWT1IZPw,3
lUwUKuDkaLY,UCHgTQpnZJY6nW3X61JbtP2Q,3
hBIv1wPLBog,UC7GWXKxiy9_AU9TytEh00eg,3
OAO26JYnbWc,UCgklEUQ8_UR8UY510UFbkxQ,3
j3gYeQAYHm8,UC72VA1LrWHlY86RBbMwGRxw,3
l8nnowRidUY,UCFSqAZl3AxxMyaHouB2GKSg,3
p6xdNhFxY30,UCQtoYB7gpftk98WsshIG_fQ,3
HYA78JSVakE,UCR3Mbbg6Ui3vRUAwGFFcqLQ,3
QEdz1ze0eFs,UCHgTQpnZJY6nW3X61JbtP2Q,3
Y2v9OCc2e5c,UCPNoCO-IKY1PIQZCUqf4OfA,3
YqxktwVp9l0,UCToxKVrkEuAONR4rFIJ_DyQ,3
34QIIP_ajJA,UCgklEUQ8_UR8UY510UFbkxQ,3
jJNblqWMv1o,UC72VA1LrWHlY86RBbMwGRxw,3
YpGstTYlPP4,UC7GWXKxiy9_AU9TytEh00eg,3
dZHKfIHyGvk,UCFSqAZl3AxxMyaHouB2GKSg,3
Sgue6r_NKtY,UCQtoYB7gpftk98WsshIG_fQ,3
YzbSMBpRMMs,UCR3Mbbg6Ui3vRUAwGFFcqLQ,3
vkMGDFZ9PAY,UCHgTQpnZJY6nW3X61JbtP2Q,3
_H8O98L2SJs,UCw9gSvWYARIPtYSlVv7b6fA,3
ae4aUAOg2T8,UCVTKO1D_G19UlK03ezaADag,3
9gO0BRBgLI4,UCgklEUQ8_UR8UY510UFbkxQ,3
_Ae31HCZ7IQ,UCFSqAZl3AxxMyaHouB2GKSg,3
-ihkqJk1-20,UC72VA1LrWHlY86RBbMwGRxw,3
Lk0msi5Up3c,UCcwu2DFi0B9WbLSoqeVH9NQ,3
hlZpDdXQv18,UCw9gSvWYARIPtYSlVv7b6fA,3
m6yAZ1-FKSg,UCToxKVrkEuAONR4rFIJ_DyQ,3
_a0QhePyz7c,UCR3Mbbg6Ui3vRUAwGFFcqLQ,3
SFDHGp5Lgog,UCsCAWoG-SagS7aFuWT1IZPw,3
iX2WZfXXcxk,UCS3Iac7JbyHzuXmYj34weRw,3
IPiJOd_aBu0,UCQtoYB7gpftk98WsshIG_fQ,3
-O69BkzmLtQ,UCHgTQpnZJY6nW3X61JbtP2Q,3
uvAEf3Gabyg,UCHgTQpnZJY6nW3X61JbtP2Q,3
2wxq6BYh8DQ,UCRwUO6OIA2DvQA8L1VuzovQ,3
sdHkaUCUioI,UCnv6jJ0cdl81j1oWQYbXcsw,3
pKpvMEwWEF8,UCYD71_aakEU0VT6TwsvV1MA,3
TzyHVFxMc44,UCw9gSvWYARIPtYSlVv7b6fA,3
0zNCDVr6r9E,UCQFWbPizb7e8IoM8kvs55cw,3
12VeqP-e-SU,UCgklEUQ8_UR8UY510UFbkxQ,3
NIqiK4lLHyI,UCw9gSvWYARIPtYSlVv7b6fA,3
l94V-Ie0T2w,UC72VA1LrWHlY86RBbMwGRxw,3
FEnofuOjqzw,UCQtoYB7gpftk98WsshIG_fQ,3
WwqFPVP8UxI,UCR3Mbbg6Ui3vRUAwGFFcqLQ,3
FCmp9iOQRGo,UCsCAWoG-SagS7aFuWT1IZPw,3
k1GjaK0VOns,UC7GWXKxiy9_AU9TytEh00eg,3
0lh7KzHFQnQ,UCw9gSvWYARIPtYSlVv7b6fA,3
JzBoSutBjGc,UC72VA1LrWHlY86RBbMwGRxw,3
0iJ9JwnpOpU,UCFSqAZl3AxxMyaHouB2GKSg,3
1fVBlOg_-E0,UCgklEUQ8_UR8UY510UFbkxQ,3
aBAX8kgmlqo,UCToxKVrkEuAONR4rFIJ_DyQ,3
ytvI9qrsH-8,UCR3Mbbg6Ui3vRUAwGFFcqLQ,3
23-_7n__tYI,UCQtoYB7gpftk98WsshIG_fQ,3
a3LrGPfCJEc,UCQtoYB7gpftk98WsshIG_fQ,3
G2SeHU2CP48,UCsCAWoG-SagS7aFuWT1IZPw,3
XhMxGsRBE2E,UCVTKO1D_G19UlK03ezaADag,3
7yrYyLTbWLM,UCQtoYB7gpftk98WsshIG_fQ,3
_OSZJm_C81k,UCFSqAZl3AxxMyaHouB2GKSg,3
T8Uxg-ntkGU,UC72VA1LrWHlY86RBbMwGRxw,3
z8ATuKmtUTI,UCgklEUQ8_UR8UY510UFbkxQ,3
6eR-_NP8B6s,UCw9gSvWYARIPtYSlVv7b6fA,3
GZuQ2UA9KPI,UCcwu2DFi0B9WbLSoqeVH9NQ,3
5VXKqJf720k,UCR3Mbbg6Ui3vRUAwGFFcqLQ,3
uNdgU8z1FUU,UCVTKO1D_G19UlK03ezaADag,3
4jBqoLbPtj0,UCRwUO6OIA2DvQA8L1VuzovQ,3
Y7DfJE19Btg,UCQtoYB7gpftk98WsshIG_fQ,3
lm0Z7L34imA,UCw9gSvWYARIPtYSlVv7b6fA,3
vFSStBIlzTE,UC72VA1LrWHlY86RBbMwGRxw,3
Yf21oWIvE-g,UCFSqAZl3AxxMyaHouB2GKSg,3
i3mj5P6CAHI,UCgklEUQ8_UR8UY510UFbkxQ,3
5TGIw_J5pC4,UCR3Mbbg6Ui3vRUAwGFFcqLQ,3
2jU-6dyOwRI,UCsCAWoG-SagS7aFuWT1IZPw,3
UFtfysG6mFU,UCw9gSvWYARIPtYSlVv7b6fA,3
5KILOcg3lH4,UCnv6jJ0cdl81j1oWQYbXcsw,3
Btv33qfZsuk,UC7GWXKxiy9_AU9TytEh00eg,3
4SxxeuSacX4,UC72VA1LrWHlY86RBbMwGRxw,3
4gFjkZLg7Ic,UCw9gSvWYARIPtYSlVv7b6fA,3
sEy3hbIdcgo,UCgklEUQ8_UR8UY510UFbkxQ,3
68mbB19vDE0,UCFSqAZl3AxxMyaHouB2GKSg,3
ZnoHge3beJ8,UCQtoYB7gpftk98WsshIG_fQ,3
ppjUchmAHzo,UCR3Mbbg6Ui3vRUAwGFFcqLQ,3
jRm3-R5OCtg,UCsCAWoG-SagS7aFuWT1IZPw,3
kbbQSBq6urk,UCRwUO6OIA2DvQA8L1VuzovQ,3
wXxTzvVvpHU,UCToxKVrkEuAONR4rFIJ_DyQ,3
Rmk56hknwn4,UCw9gSvWYARIPtYSlVv7b6fA,3
J5sCtFlvK6w,UC72VA1LrWHlY86RBbMwGRxw,3
IqgGpOEIWl0,UCS3Iac7JbyHzuXmYj34weRw,3
nAoPGRAtWyo,UCgklEUQ8_UR8UY510UFbkxQ,3
6Z8Vkmh_nEM,UCFSqAZl3AxxMyaHouB2GKSg,3
kQEQDNvVa2M,UCw9gSvWYARIPtYSlVv7b6fA,3
i0wFRHWCHQE,UC7GWXKxiy9_AU9TytEh00eg,3
5M8NPR-xMXw,UCcwu2DFi0B9WbLSoqeVH9NQ,3
QOJkTKqKtOM,UCQtoYB7gpftk98WsshIG_fQ,3
qS9445nN9bY,UCsCAWoG-SagS7aFuWT1IZPw,3
nFp7sXaRiew,UCR3Mbbg6Ui3vRUAwGFFcqLQ,3
wxIUTsRuKuA,UCPNoCO-IKY1PIQZCUqf4OfA,3
y1n7xhnR8Pw,UCw9gSvWYARIPtYSlVv7b6fA,3
EaYuDduXkEU,UCw9gSvWYARIPtYSlVv7b6fA,3
AeQfsP2t4oY,UCVTKO1D_G19UlK03ezaADag,3
-0lUEMR8J8c,UCVTKO1D_G19UlK03ezaADag,3
dOEXM5DIe_s,UCFSqAZl3AxxMyaHouB2GKSg,3
ZTdVNJhnlYE,UC72VA1LrWHlY86RBbMwGRxw,3
rQz5v3U_1Ss,UCgklEUQ8_UR8UY510UFbkxQ,3
AFixQj3fjUc,UCQtoYB7gpftk98WsshIG_fQ,3
g_WVu26cV7Y,UCToxKVrkEuAONR4rFIJ_DyQ,3
Ei3BubcpPd4,UCsCAWoG-SagS7aFuWT1IZPw,3
QbpJsqedStI,UCR3Mbbg6Ui3vRUAwGFFcqLQ,3
rTVBtb7veRs,UCVTKO1D_G19UlK03ezaADag,3
uHMUdhyA1do,UCw9gSvWYARIPtYSlVv7b6fA,3
Wr90hc39Ulc,UCw9gSvWYARIPtYSlVv7b6fA,3
Ep9Yf0G5p7c,UCQFWbPizb7e8IoM8kvs55cw,3
5wk0ZF_O4gY,UC7GWXKxiy9_AU9TytEh00eg,3
JuEmnknYHng,UC72VA1LrWHlY86RBbMwGRxw,3
wAi2ygUTzps,UCFSqAZl3AxxMyaHouB2GKSg,3
wAnMYWTr3gw,UCR3Mbbg6Ui3vRUAwGFFcqLQ,3
k76PEBraXNw,UCsCAWoG-SagS7aFuWT1IZPw,3
M2hKKjDKtBI,UCQtoYB7gpftk98WsshIG_fQ,3
zEZqjY8GrmA,UCnv6jJ0cdl81j1oWQYbXcsw,3
7io6CQyZhAo,UCFSqAZl3AxxMyaHouB2GKSg,3
8yDNrqs9SNw,UCw9gSvWYARIPtYSlVv7b6fA,3
27RJH4_nagM,UC72VA1LrWHlY86RBbMwGRxw,3
QS_t4ckUuXw,UCgklEUQ8_UR8UY510UFbkxQ,3
CjIFjx6BDyo,UCcwu2DFi0B9WbLSoqeVH9NQ,3
38gCwu9B1z0,UCVTKO1D_G19UlK03ezaADag,3
G8O1QWHne7I,UCToxKVrkEuAONR4rFIJ_DyQ,3
QcP5QIxbZ_U,UCR3Mbbg6Ui3vRUAwGFFcqLQ,3
qH8EcNF-sBM,UCS3Iac7JbyHzuXmYj34weRw,3
57EgEwh_wTQ,UCVTKO1D_G19UlK03ezaADag,3
7p9UfW97I64,UCw9gSvWYARIPtYSlVv7b6fA,3
k7t3fCSISOY,UCw9gSvWYARIPtYSlVv7b6fA,3
wNJnwimXYiw,UC72VA1LrWHlY86RBbMwGRxw,3
n7V2Ilu-Ywk,UCgklEUQ8_UR8UY510UFbkxQ,3
imnhzgLXX-s,UC7GWXKxiy9_AU9TytEh00eg,3
--LP8Y2xwfs,UCHgTQpnZJY6nW3X61JbtP2Q,3
PG7i0mBefr8,UCQtoYB7gpftk98WsshIG_fQ,3
RK456FRl5mo,UCFSqAZl3AxxMyaHouB2GKSg,3
bCHwSA4ea4w,UCw9gSvWYARIPtYSlVv7b6fA,3
HyCWxMenwDs,UCVTKO1D_G19UlK03ezaADag,3
07QeMUOORHk,UC72VA1LrWHlY86RBbMwGRxw,3
shgccWljjzY,UCgklEUQ8_UR8UY510UFbkxQ,3
QQM7T-Kxco4,UCQtoYB7gpftk98WsshIG_fQ,3
sh3KW-4xKj8,UCHgTQpnZJY6nW3X61JbtP2Q,3
G2NlnH0sZrg,UCHgTQpnZJY6nW3X61JbtP2Q,3
6XsONdHGAR4,UCRwUO6OIA2DvQA8L1VuzovQ,3
szVUY9PK1ZA,UCnv6jJ0cdl81j1oWQYbXcsw,3
oJGuuGhusuY,UCw9gSvWYARIPtYSlVv7b6fA,3
0iBQHhzHOfw,UC7GWXKxiy9_AU9TytEh00eg,3
i7ydV4dubZM,UC72VA1LrWHlY86RBbMwGRxw,3
DX6AoQWsb-4,UCw9gSvWYARIPtYSlVv7b6fA,3
9_MjiMcfx7c,UCFSqAZl3AxxMyaHouB2GKSg,3
a09PLlmbN30,UCcwu2DFi0B9WbLSoqeVH9NQ,3
TptuCWYFRI8,UCS3Iac7JbyHzuXmYj34weRw,3
QIzaqrLJB2Y,UCQtoYB7gpftk98WsshIG_fQ,3
hQF9UINZ81U,UCsCAWoG-SagS7aFuWT1IZPw,3
iL8htq-XuD0,UCHgTQpnZJY6nW3X61JbtP2Q,3
lwyJkiuO61k,UCw9gSvWYARIPtYSlVv7b6fA,3
SM5HLu-N1wk,UCToxKVrkEuAONR4rFIJ_DyQ,3
5Q5IGiam73E,UC7GWXKxiy9_AU9TytEh00eg,3
c7GpHsDwB3s,UC72VA1LrWHlY86RBbMwGRxw,3
NAp2aqURQYk,UCgklEUQ8_UR8UY510UFbkxQ,3
svp1sA2usjo,UCw9gSvWYARIPtYSlVv7b6fA,3
d5vAEf0P8aY,UCFSqAZl3AxxMyaHouB2GKSg,3
HBnWMr2jhsw,UCQtoYB7gpftk98WsshIG_fQ,3
1cxGAlTKrEM,UCHgTQpnZJY6nW3X61JbtP2Q,3
j-31wUQJtqE,UCw9gSvWYARIPtYSlVv7b6fA,3
WpZFLOlVs7Q,UCHgTQpnZJY6nW3X61JbtP2Q,3
P6Ogy3xe_CQ,UCHgTQpnZJY6nW3X61JbtP2Q,3
yel5KojWknE,UCnv6jJ0cdl81j1oWQYbXcsw,3
nlKjC8pg3P4,UCw9gSvWYARIPtYSlVv7b6fA,3
pDgjKOIDCKg,UC72VA1LrWHlY86RBbMwGRxw,3
rFGJCBgvnRE,UCFSqAZl3AxxMyaHouB2GKSg,3
Zgky8DDm3NY,UCgklEUQ8_UR8UY510UFbkxQ,3
LnnRi4YQwRo,UCToxKVrkEuAONR4rFIJ_DyQ,3
12adtaVxKOI,UCQtoYB7gpftk98WsshIG_fQ,3
rcSv9DDbs1I,UCHgTQpnZJY6nW3X61JbtP2Q,3
hWHLfE-Et70,UCRwUO6OIA2DvQA8L1VuzovQ,3
caZJP-SJM_I,UCPNoCO-IKY1PIQZCUqf4OfA,3
PNLe_4dQ4kM,UCQFWbPizb7e8IoM8kvs55cw,3
ZUikZGRDXV8,UCFSqAZl3AxxMyaHouB2GKSg,3
78kfhzA8dFQ,UCw9gSvWYARIPtYSlVv7b6fA,3
VfL3NWnuTTU,UC72VA1LrWHlY86RBbMwGRxw,3
AmslmJKRXE8,UCgklEUQ8_UR8UY510UFbkxQ,3
U-9QsqLMdio,UCcwu2DFi0B9WbLSoqeVH9NQ,3
UI2D_EoqdgQ,UCHgTQpnZJY6nW3X61JbtP2Q,3
nN4HulmJLI8,UCHgTQpnZJY6nW3X61JbtP2Q,3
r45e9W9iGP0,UCQtoYB7gpftk98WsshIG_fQ,3
3S9XvAGbnLs,UCsCAWoG-SagS7aFuWT1IZPw,3
Qw301sRhvMY,UCw9gSvWYARIPtYSlVv7b6fA,3
U_wx_SeapDE,UC72VA1LrWHlY86RBbMwGRxw,3
EBxk8jKdNg8,UCgklEUQ8_UR8UY510UFbkxQ,3
r3rmFQpFj5I,UCFSqAZl3AxxMyaHouB2GKSg,3
othf58BV8N0,UC_6HKUyjbWkU2iZpnvcJdXA,3
So4lIN_mweM,UCToxKVrkEuAONR4rFIJ_DyQ,3
Cu9zzTpU8dM,UCsCAWoG-SagS7aFuWT1IZPw,3
8CpoeConmMY,UCVTKO1D_G19UlK03ezaADag,3
WzFd3UnJP64,UCRwUO6OIA2DvQA8L1VuzovQ,3
-n3ZLvNGuu0,UCVTKO1D_G19UlK03ezaADag,3
qnjWZ3o9ius,UCnv6jJ0cdl81j1oWQYbXcsw,3
LyUUFd8hafk,UCQtoYB7gpftk98WsshIG_fQ,3
Ok9fEJFYi3M,UCw9gSvWYARIPtYSlVv7b6fA,3
Vep1lSLFc8g,UCgklEUQ8_UR8UY510UFbkxQ,3
e3k6KqukXEs,UCFSqAZl3AxxMyaHouB2GKSg,3
mOkYnTi3njY,UCsCAWoG-SagS7aFuWT1IZPw,3
Mx5A-0eCZC8,UCw9gSvWYARIPtYSlVv7b6fA,3
sFDiwuxkl7k,UCw9gSvWYARIPtYSlVv7b6fA,3
f4a19gBv-3E,UCw9gSvWYARIPtYSlVv7b6fA,3
HVOJFv9dYcY,UC7GWXKxiy9_AU9TytEh00eg,3
gdhwnESZMXM,UC72VA1LrWHlY86RBbMwGRxw,3
g-cDdYqH7ms,UCgklEUQ8_UR8UY510UFbkxQ,3
GuVlu1rrl7A,UCFSqAZl3AxxMyaHouB2GKSg,3
tN4xqjs8j48,UCcwu2DFi0B9WbLSoqeVH9NQ,3
utwb5lYTMwQ,UCQtoYB7gpftk98WsshIG_fQ,3
iEhmc5OUMZs,UC72VA1LrWHlY86RBbMwGRxw,3
AI9a1sTGNkk,UCgklEUQ8_UR8UY510UFbkxQ,3
jZffYKoO33w,UCRwUO6OIA2DvQA8L1VuzovQ,3
stTQqBsyH0M,UCToxKVrkEuAONR4rFIJ_DyQ,3
8v3F-5LJz4E,UCw9gSvWYARIPtYSlVv7b6fA,3
UCoNNb360A0,UC7GWXKxiy9_AU9TytEh00eg,3
MCstIs21jHw,UCQtoYB7gpftk98WsshIG_fQ,3
AyxQzoHQkDk,UCsCAWoG-SagS7aFuWT1IZPw,3
gQJyCMjKzoo,UCsCAWoG-SagS7aFuWT1IZPw,3
TxpjRlNX2oY,UCsCAWoG-SagS7aFuWT1IZPw,3
2MjvudxiE18,UCnv6jJ0cdl81j1oWQYbXcsw,3
uxmZnW3rmqQ,UCw9gSvWYARIPtYSlVv7b6fA,3
ryeB6NiQs3Q,UC72VA1LrWHlY86RBbMwGRxw,3
jeGoXttebP4,UCFSqAZl3AxxMyaHouB2GKSg,3
sk6egIlgj-w,UCgklEUQ8_UR8UY510UFbkxQ,3
cTmkuX_A53o,UCcwu2DFi0B9WbLSoqeVH9NQ,3
iwPiQSnZoa8,UCQtoYB7gpftk98WsshIG_fQ,3
weYY3b-q0Po,UCS3Iac7JbyHzuXmYj34weRw,3
vrnG7-gexN4,UCToxKVrkEuAONR4rFIJ_DyQ,3
MKEt0e0GRC4,UCVTKO1D_G19UlK03ezaADag,3
K_t9ysXPlR4,UCsCAWoG-SagS7aFuWT1IZPw,3
49D9ngNGelo,UCRwUO6OIA2DvQA8L1VuzovQ,3
3X1fDlhIVCA,UCQFWbPizb7e8IoM8kvs55cw,3
Qt9IM_6xIqA,UC72VA1LrWHlY86RBbMwGRxw,3
YYoQwHx1QZY,UCw9gSvWYARIPtYSlVv7b6fA,3
PioM6xdTib8,UCgklEUQ8_UR8UY510UFbkxQ,3
EGnUixl5crI,UCFSqAZl3AxxMyaHouB2GKSg,3
zQxefMlUjko,UCS3Iac7JbyHzuXmYj34weRw,3
Q34dMx-71z4,UCQtoYB7gpftk98WsshIG_fQ,3
n2-oU_ETcsM,UCsCAWoG-SagS7aFuWT1IZPw,3
CEmF9A71KZk,UCYD71_aakEU0VT6TwsvV1MA,3
SkaEjeSQOjI,UC7GWXKxiy9_AU9TytEh00eg,3
XI5iqN3Inds,UC72VA1LrWHlY86RBbMwGRxw,3
s1XamoVr4E0,UCFSqAZl3AxxMyaHouB2GKSg,3
mwKP5ISKoaY,UCgklEUQ8_UR8UY510UFbkxQ,3
vbWp_NH0PZc,UCQtoYB7gpftk98WsshIG_fQ,3
thFO_9ieaKg,UCToxKVrkEuAONR4rFIJ_DyQ,3
kyvTfwg68Kg,UCw9gSvWYARIPtYSlVv7b6fA,3
JVwh-Rqr2ss,UCsCAWoG-SagS7aFuWT1IZPw,3
BZul6kMElhs,UCVTKO1D_G19UlK03ezaADag,3
1buwEbvGuZM,UCVTKO1D_G19UlK03ezaADag,3
QUTod3R3vos,UCYD71_aakEU0VT6TwsvV1MA,3
UMZfWmk_0b0,UCnv6jJ0cdl81j1oWQYbXcsw,3
vz_dlxnyb04,UCQtoYB7gpftk98WsshIG_fQ,3
-t_OMpnsHcg,UC72VA1LrWHlY86RBbMwGRxw,3
zKun7M02TDg,UCw9gSvWYARIPtYSlVv7b6fA,3
T36QNRlMphQ,UCw9gSvWYARIPtYSlVv7b6fA,3
MM_zsURg1lk,UCgklEUQ8_UR8UY510UFbkxQ,3
Ho3QC1gGO9U,UCFSqAZl3AxxMyaHouB2GKSg,3
gkLo0IKVU_o,UCcwu2DFi0B9WbLSoqeVH9NQ,3
JgfMSk9CSCM,UCQtoYB7gpftk98WsshIG_fQ,3
1PiUGNUcbDU,UCsCAWoG-SagS7aFuWT1IZPw,3
hRp6xO6sCBA,UCPNoCO-IKY1PIQZCUqf4OfA,3
e07nz_mGzjA,UCw9gSvWYARIPtYSlVv7b6fA,3
1DG6PfaDxGE,UCQtoYB7gpftk98WsshIG_fQ,3
t7QsS8qS4Kw,UC72VA1LrWHlY86RBbMwGRxw,3
piIEH5DSKag,UCFSqAZl3AxxMyaHouB2GKSg,3
5-8FoEm8yZA,UCgklEUQ8_UR8UY510UFbkxQ,3
gQULoRNgPwM,UCw9gSvWYARIPtYSlVv7b6fA,3
BuF1NqVe-jE,UCsCAWoG-SagS7aFuWT1IZPw,3
MOU_fu3OcDQ,UCS3Iac7JbyHzuXmYj34weRw,3
IImdmeKulFY,UCw9gSvWYARIPtYSlVv7b6fA,3
vRgbufGJy4k,UC7GWXKxiy9_AU9TytEh00eg,3
clHtJM4y2Oc,UC72VA1LrWHlY86RBbMwGRxw,3
TcUxauOZvlw,UCFSqAZl3AxxMyaHouB2GKSg,3
vUecshgRphs,UCw9gSvWYARIPtYSlVv7b6fA,3
mhIM4dDyofE,UCsCAWoG-SagS7aFuWT1IZPw,3
SWwQAKGyz7w,UCRwUO6OIA2DvQA8L1VuzovQ,3
STNvMNYAuUo,UCToxKVrkEuAONR4rFIJ_DyQ,3
lL4FYEzVVCk,UC7GWXKxiy9_AU9TytEh00eg,3
RLwViH9I4yA,UC72VA1LrWHlY86RBbMwGRxw,3
kbivGYxQtKc,UCgklEUQ8_UR8UY510UFbkxQ,3
0vMEgCTuEAE,UCcwu2DFi0B9WbLSoqeVH9NQ,3
sjhfVkkn3b4,UCS3Iac7JbyHzuXmYj34weRw,3
oQKtA_PvxcA,UCQtoYB7gpftk98WsshIG_fQ,3
lAbrGP_1k0o,UCnv6jJ0cdl81j1oWQYbXcsw,3
Sl9yzRhziio,UCw9gSvWYARIPtYSlVv7b6fA,3
6Oi_MitwOmM,UCVTKO1D_G19UlK03ezaADag,3
5GvHKGLlggA,UCFSqAZl3AxxMyaHouB2GKSg,3
vhLjfZ8N6iE,UC72VA1LrWHlY86RBbMwGRxw,3
x_NyjgM7OBo,UCgklEUQ8_UR8UY510UFbkxQ,3
7GW8UymENbE,UCw9gSvWYARIPtYSlVv7b6fA,3
iSKpf6g_45U,UCToxKVrkEuAONR4rFIJ_DyQ,3
DuzTA5Mda6A,UCsCAWoG-SagS7aFuWT1IZPw,3
2yxzkXyJDfY,UCQFWbPizb7e8IoM8kvs55cw,3
30XWKEFDSGY,UCw9gSvWYARIPtYSlVv7b6fA,3
ptDj2YAj8Wo,UCFSqAZl3AxxMyaHouB2GKSg,3
7x_GrxYPfTc,UCgklEUQ8_UR8UY510UFbkxQ,3
GLUJXpqmVoE,UC72VA1LrWHlY86RBbMwGRxw,3
yRapAQYa8R0,UCRwUO6OIA2DvQA8L1VuzovQ,3
5LynIlX9DuU,UC72VA1LrWHlY86RBbMwGRxw,3
K8WevsyyeDU,UCFSqAZl3AxxMyaHouB2GKSg,3
O0U_onXTaa4,UCgklEUQ8_UR8UY510UFbkxQ,3
xqyPP2decrA,UC7GWXKxiy9_AU9TytEh00eg,3
388AZ1L_6KI,UCcwu2DFi0B9WbLSoqeVH9NQ,3
SEgW_MDLnyA,UCToxKVrkEuAONR4rFIJ_DyQ,3
PVfobgePB-s,UCsCAWoG-SagS7aFuWT1IZPw,3
se3ONxFUn0w,UCVTKO1D_G19UlK03ezaADag,3
77O0tp9m_yU,UCnv6jJ0cdl81j1oWQYbXcsw,3
hFE-W-fIwrQ,UC72VA1LrWHlY86RBbMwGRxw,3
eVhzrZFr7_I,UCFSqAZl3AxxMyaHouB2GKSg,3
Tz5peXKvTRI,UCgklEUQ8_UR8UY510UFbkxQ,3
vWwrSmoVvQw,UCQtoYB7gpftk98WsshIG_fQ,3
ZjhnBNfgkE8,UCPNoCO-IKY1PIQZCUqf4OfA,3
jK33oRnSTUA,UCYD71_aakEU0VT6TwsvV1MA,3
rR0xdojtIiQ,UC7GWXKxiy9_AU9TytEh00eg,3
tarV8tDAC1Q,UCw9gSvWYARIPtYSlVv7b6fA,3
-INKcvSPKwE,UC72VA1LrWHlY86RBbMwGRxw,3
kaO4OSfM7oE,UCFSqAZl3AxxMyaHouB2GKSg,3
FqgSYAJFQWw,UCgklEUQ8_UR8UY510UFbkxQ,3
HMM_q5a8czk,UCS3Iac7JbyHzuXmYj34weRw,3
l6iEWkJKBlk,UCsCAWoG-SagS7aFuWT1IZPw,3
MDOIfKtsKBo,UCnv6jJ0cdl81j1oWQYbXcsw,3
ZZqb1dnkBDI,UCw9gSvWYARIPtYSlVv7b6fA,3
rZCzVTz8jVQ,UCgklEUQ8_UR8UY510UFbkxQ,3
8WUOIJMcF2g,UC72VA1LrWHlY86RBbMwGRxw,3
LjaRRDnHbCA,UC7GWXKxiy9_AU9TytEh00eg,3
Orw8hZ702pg,UCFSqAZl3AxxMyaHouB2GKSg,3
cp_l82nnu7g,UCcwu2DFi0B9WbLSoqeVH9NQ,3
5_40OEyL05I,UCQtoYB7gpftk98WsshIG_fQ,3
9poqOT_Njjc,UCS3Iac7JbyHzuXmYj34weRw,3
Z2pdmcjI6_w,UCgklEUQ8_UR8UY510UFbkxQ,3
fGDWiesHCw8,UC72VA1LrWHlY86RBbMwGRxw,3
vP0CjEusZ04,UCw9gSvWYARIPtYSlVv7b6fA,3
ppz1RkqpmcM,UCFSqAZl3AxxMyaHouB2GKSg,3
Q-0SgOwBKzI,UC72VA1LrWHlY86RBbMwGRxw,3
DdfjrXmzHvw,UCgklEUQ8_UR8UY510UFbkxQ,3
45T1MMVPRMo,UCFSqAZl3AxxMyaHouB2GKSg,3
CHG6YT1k01E,UCsCAWoG-SagS7aFuWT1IZPw,3
2y1_bmSMyHg,UCQFWbPizb7e8IoM8kvs55cw,3
TQ1vo-cugtI,UC72VA1LrWHlY86RBbMwGRxw,3
9Fgf8MytOUM,UCgklEUQ8_UR8UY510UFbkxQ,3
tardbpyqblU,UCcwu2DFi0B9WbLSoqeVH9NQ,3
zgGUXLO2jQo,UCToxKVrkEuAONR4rFIJ_DyQ,3
gJ4CxgQvDec,UCnv6jJ0cdl81j1oWQYbXcsw,3
mjcWF4-GEJY,UCYD71_aakEU0VT6TwsvV1MA,3
UMkLAHVkUGM,UCw9gSvWYARIPtYSlVv7b6fA,3
uMbJCiprvq4,UCFSqAZl3AxxMyaHouB2GKSg,3
6C9fIMkKeK8,UC72VA1LrWHlY86RBbMwGRxw,3
PuD_Jy_fTjU,UCgklEUQ8_UR8UY510UFbkxQ,3
v5L4DQDLYw0,UC7GWXKxiy9_AU9TytEh00eg,3
_8e6M59D_Rs,UC7GWXKxiy9_AU9TytEh00eg,3
yYNrPvots5A,UCS3Iac7JbyHzuXmYj34weRw,3
4Qi5oVAmJWw,UCQtoYB7gpftk98WsshIG_fQ,3
_lFRRd2jlE0,UCVTKO1D_G19UlK03ezaADag,3
h5ElTLz5b1Y,UC72VA1LrWHlY86RBbMwGRxw,3
6Wys9ttko0Y,UCgklEUQ8_UR8UY510UFbkxQ,3
13APDeuKrhE,UCFSqAZl3AxxMyaHouB2GKSg,3
-5xT5CaHA7s,UCcwu2DFi0B9WbLSoqeVH9NQ,3
xUw4VL6bNBg,UCw9gSvWYARIPtYSlVv7b6fA,3
Vu3z3nNuAeo,UCQtoYB7gpftk98WsshIG_fQ,3
RkOFp-ppp_w,UCPNoCO-IKY1PIQZCUqf4OfA,3
GXoULmHuxwg,UCRwUO6OIA2DvQA8L1VuzovQ,3
v0wFU-oroLw,UCw9gSvWYARIPtYSlVv7b6fA,3
JwSwnM6Sh5s,UCgklEUQ8_UR8UY510UFbkxQ,3
akYjwpwmP2k,UC72VA1LrWHlY86RBbMwGRxw,3
cp_senmlyF8,UCFSqAZl3AxxMyaHouB2GKSg,3
lIbnJaymGek,UCQtoYB7gpftk98WsshIG_fQ,3
IIt5vSBg6TU,UCQtoYB7gpftk98WsshIG_fQ,3
1B0KK-fd-Fo,UCsCAWoG-SagS7aFuWT1IZPw,3
dCFoEasiIHI,UC7GWXKxiy9_AU9TytEh00eg,3
YPXSpS1yu_M,UC72VA1LrWHlY86RBbMwGRxw,3
nLFtzPkpvtU,UCFSqAZl3AxxMyaHouB2GKSg,3
Zvi2CW21Cxc,UCgklEUQ8_UR8UY510UFbkxQ,3
topGEHVn1Yw,UCRwUO6OIA2DvQA8L1VuzovQ,3
tdo0m8wdzhE,UCQtoYB7gpftk98WsshIG_fQ,3
ooldtSwdo70,UCnv6jJ0cdl81j1oWQYbXcsw,3
dcEaxssuKRc,UCToxKVrkEuAONR4rFIJ_DyQ,3
IiOTfiTYkrw,UC7GWXKxiy9_AU9TytEh00eg,3
YtDVuUPXM5s,UCw9gSvWYARIPtYSlVv7b6fA,3
2xqIZQ546pI,UCFSqAZl3AxxMyaHouB2GKSg,3
O532IpyJjaE,UC72VA1LrWHlY86RBbMwGRxw,3
oGbWQRzMbVY,UCgklEUQ8_UR8UY510UFbkxQ,3
JtcpnAVnD3s,UCcwu2DFi0B9WbLSoqeVH9NQ,3
LzlvomP-7D8,UCS3Iac7JbyHzuXmYj34weRw,3
EZnNih7XF84,UCw9gSvWYARIPtYSlVv7b6fA,3
m5vZU3OsWl0,UC72VA1LrWHlY86RBbMwGRxw,3
Wv1yNR_FhDk,UCgklEUQ8_UR8UY510UFbkxQ,3
KcJGTvrKnZg,UCFSqAZl3AxxMyaHouB2GKSg,3
DsQ-r5OssRE,UCw9gSvWYARIPtYSlVv7b6fA,3
b0_XL7og3Sc,UCToxKVrkEuAONR4rFIJ_DyQ,3
soNb3Gn47sM,UCw9gSvWYARIPtYSlVv7b6fA,3
jBPHcHP9RR0,UCQFWbPizb7e8IoM8kvs55cw,3
DnonY1CCVRw,UC72VA1LrWHlY86RBbMwGRxw,3
LW-DT-PMv08,UCw9gSvWYARIPtYSlVv7b6fA,3
K3iu4_G4uK8,UCgklEUQ8_UR8UY510UFbkxQ,3
yV2uLOuDVQM,UC7GWXKxiy9_AU9TytEh00eg,3
aXbnaHipSos,UC7GWXKxiy9_AU9TytEh00eg,3
n9HTrjeMR9k,UCFSqAZl3AxxMyaHouB2GKSg,3
SAVW7qMNyl4,UCw9gSvWYARIPtYSlVv7b6fA,3
6wLAHZB1I1U,UC72VA1LrWHlY86RBbMwGRxw,3
0hqAYmEsF0k,UCgklEUQ8_UR8UY510UFbkxQ,3
ie_c1j0T3Lw,UCVTKO1D_G19UlK03ezaADag,3
neKP739JSLY,UCcwu2DFi0B9WbLSoqeVH9NQ,3
yHzH_DZcWh0,UCToxKVrkEuAONR4rFIJ_DyQ,3
fZx4MlcJvJc,UCnv6jJ0cdl81j1oWQYbXcsw,3
6HnF6pXZ7tw,UCVTKO1D_G19UlK03ezaADag,3
S1dmGsHb3zk,UCw9gSvWYARIPtYSlVv7b6fA,3
OJLDbDMC6vM,UCgklEUQ8_UR8UY510UFbkxQ,3
S6XlFYtlafA,UC72VA1LrWHlY86RBbMwGRxw,3
YIkaumMrZgc,UCFSqAZl3AxxMyaHouB2GKSg,3
AjW-iIMs-Qo,UCQtoYB7gpftk98WsshIG_fQ,3
-WSx407p4eo,UCw9gSvWYARIPtYSlVv7b6fA,3
NWO-SYGals0,UCgklEUQ8_UR8UY510UFbkxQ,3
6-dvdXcbweM,UC72VA1LrWHlY86RBbMwGRxw,3
titXsxva9QA,UCFSqAZl3AxxMyaHouB2GKSg,3
qgwPcBemJHY,UC7GWXKxiy9_AU9TytEh00eg,3
XvBiI9zKiU0,UCw9gSvWYARIPtYSlVv7b6fA,3
gwc__FszWxw,UCsCAWoG-SagS7aFuWT1IZPw,3
ItVpXW_ufew,UC72VA1LrWHlY86RBbMwGRxw,3
NZXsxE7Bh5U,UCFSqAZl3AxxMyaHouB2GKSg,3
P2K0DyFSLxU,UCw9gSvWYARIPtYSlVv7b6fA,3
6oFvF4frmpU,UCgklEUQ8_UR8UY510UFbkxQ,3
miSQdDa65g0,UCcwu2DFi0B9WbLSoqeVH9NQ,3
OpPPq8edCSg,UCw9gSvWYARIPtYSlVv7b6fA,3
ENZQyeZ1qGg,UCS3Iac7JbyHzuXmYj34weRw,3
XASqfPob-gc,UCToxKVrkEuAONR4rFIJ_DyQ,3
iBmc4-kxbW8,UCw9gSvWYARIPtYSlVv7b6fA,3
gFd315toMzw,UC7GWXKxiy9_AU9TytEh00eg,3
dTpKabBPHLM,UC72VA1LrWHlY86RBbMwGRxw,3
LdYFEaI0vmg,UCgklEUQ8_UR8UY510UFbkxQ,3
Y7svvQT-0XM,UCFSqAZl3AxxMyaHouB2GKSg,3
yXtIBND6m6U,UCPNoCO-IKY1PIQZCUqf4OfA,3
Pyy5XWoN068,UCQtoYB7gpftk98WsshIG_fQ,3
NH0BuJzL86I,UCnv6jJ0cdl81j1oWQYbXcsw,3
Q23Ng1jiDkA,UCw9gSvWYARIPtYSlVv7b6fA,3
WvxrwN_Vc8s,UCgklEUQ8_UR8UY510UFbkxQ,3
DqE33F2XWj8,UC72VA1LrWHlY86RBbMwGRxw,3
Zk51IT1azUE,UCFSqAZl3AxxMyaHouB2GKSg,3
UB_y2SjKrJM,UCToxKVrkEuAONR4rFIJ_DyQ,3
R1hmd4J88_g,UCw9gSvWYARIPtYSlVv7b6fA,3
MMt9t5SN_LE,UCQtoYB7gpftk98WsshIG_fQ,3
zqbkweurhxM,UC_6HKUyjbWkU2iZpnvcJdXA,3
VnMqWXNcm5M,UCQFWbPizb7e8IoM8kvs55cw,3
Zk4ztc-EorM,UC7GWXKxiy9_AU9TytEh00eg,3
0LOJXOTx600,UC72VA1LrWHlY86RBbMwGRxw,3
vNO6COfFPWM,UCFSqAZl3AxxMyaHouB2GKSg,3
RvQgKhwJzFI,UCgklEUQ8_UR8UY510UFbkxQ,3
IGFQMM0ABlY,UCw9gSvWYARIPtYSlVv7b6fA,3
tg-mjfmMlqU,UCcwu2DFi0B9WbLSoqeVH9NQ,3
sVov55Q-MP8,UCVTKO1D_G19UlK03ezaADag,3
_JDUPA57tDw,UCw9gSvWYARIPtYSlVv7b6fA,3
XmeWPRO9DLI,UC7GWXKxiy9_AU9TytEh00eg,3
W026fKHveq8,UC72VA1LrWHlY86RBbMwGRxw,3
a2Pdt3SBXZQ,UCFSqAZl3AxxMyaHouB2GKSg,3
zXE8RM5gyhg,UCgklEUQ8_UR8UY510UFbkxQ,3
te8WrNFace4,UCw9gSvWYARIPtYSlVv7b6fA,3
zt0MgAej0ss,UCToxKVrkEuAONR4rFIJ_DyQ,3
FUtpYdR-pwU,UCS3Iac7JbyHzuXmYj34weRw,3
86-Y_mHYrcw,UCsCAWoG-SagS7aFuWT1IZPw,3
t9O2nrG1H8Q,UCVTKO1D_G19UlK03ezaADag,3
NHLnop4haV8,UCw9gSvWYARIPtYSlVv7b6fA,3
z819oC5zOQY,UC72VA1LrWHlY86RBbMwGRxw,3
Hh-kOz0TrRY,UCFSqAZl3AxxMyaHouB2GKSg,3
IULUqOnCHFY,UCgklEUQ8_UR8UY510UFbkxQ,3
l2GBlXOpw6k,UCQtoYB7gpftk98WsshIG_fQ,3
sgmCSPzSqtU,UCnv6jJ0cdl81j1oWQYbXcsw,3
DofLjqxJalo,UCFSqAZl3AxxMyaHouB2GKSg,3
BcSr3ZNU7q8,UCYD71_aakEU0VT6TwsvV1MA,3
xm65qkW2aE8,UCw9gSvWYARIPtYSlVv7b6fA,3
82DB-HEr9ss,UCgklEUQ8_UR8UY510UFbkxQ,3
tYhT8_6KcwI,UC72VA1LrWHlY86RBbMwGRxw,3
X_7bphC91uE,UCcwu2DFi0B9WbLSoqeVH9NQ,3
1_vd4wCZ9lk,UCsCAWoG-SagS7aFuWT1IZPw,3
bhjlSZJlw74,UC7GWXKxiy9_AU9TytEh00eg,3
ggplP7YJH94,UCFSqAZl3AxxMyaHouB2GKSg,3
CGplJNBFPC8,UC72VA1LrWHlY86RBbMwGRxw,3
nQrEp_4t3D8,UCgklEUQ8_UR8UY510UFbkxQ,3
cFWYKUXZB4k,UCS3Iac7JbyHzuXmYj34weRw,3
r2bJZlL9xXk,UCQtoYB7gpftk98WsshIG_fQ,3
bXLoU5OTCQU,UCw9gSvWYARIPtYSlVv7b6fA,3
mYvwCeIlx_4,UCToxKVrkEuAONR4rFIJ_DyQ,3
fmKWBeMxBYc,UC7GWXKxiy9_AU9TytEh00eg,3
6Pp8NLpb9yo,UCFSqAZl3AxxMyaHouB2GKSg,3
xbFHVcZF8GU,UC72VA1LrWHlY86RBbMwGRxw,3
NGe_wGt0n_c,UCgklEUQ8_UR8UY510UFbkxQ,3
I2hR3ilQOaw,UCS3Iac7JbyHzuXmYj34weRw,3
l8LDyC3Zrsg,UC7GWXKxiy9_AU9TytEh00eg,3
bbZS8fi0hIM,UC72VA1LrWHlY86RBbMwGRxw,3
Yt36xnLTPuk,UCFSqAZl3AxxMyaHouB2GKSg,3
XKbtLAALE6w,UCgklEUQ8_UR8UY510UFbkxQ,3
sZCIm84ynes,UCcwu2DFi0B9WbLSoqeVH9NQ,3
lQvNfxIAVV0,UCToxKVrkEuAONR4rFIJ_DyQ,3
FcD-Wk-Bb2Y,UCsCAWoG-SagS7aFuWT1IZPw,3
GbXIw5lqT5c,UCPNoCO-IKY1PIQZCUqf4OfA,3
RGTEx-EB5es,UCnv6jJ0cdl81j1oWQYbXcsw,3
qLh5lJWV6yg,UCQFWbPizb7e8IoM8kvs55cw,3
oKqQkhI6oB4,UCgklEUQ8_UR8UY510UFbkxQ,3
ITc87Fd8kUw,UC72VA1LrWHlY86RBbMwGRxw,3
orKady0Kqm0,UCFSqAZl3AxxMyaHouB2GKSg,3
AAt9xyNO0f0,UC72VA1LrWHlY86RBbMwGRxw,3
A5lDMxNzKMM,UCToxKVrkEuAONR4rFIJ_DyQ,3
BxQzK4flBZU,UC7GWXKxiy9_AU9TytEh00eg,3
rNOYrmXaHC4,UCFSqAZl3AxxMyaHouB2GKSg,3
l-k_Dn36z-o,UCgklEUQ8_UR8UY510UFbkxQ,3
KRn4fES4gSY,UCRwUO6OIA2DvQA8L1VuzovQ,3
LhX_RmZ2ar4,UCToxKVrkEuAONR4rFIJ_DyQ,3
xco1D6h4Cqk,UCQtoYB7gpftk98WsshIG_fQ,3
WSekJdEQ8RM,UCVTKO1D_G19UlK03ezaADag,3
ow5jfyjj1T4,UCnv6jJ0cdl81j1oWQYbXcsw,3
QhWNGMMxsOo,UC72VA1LrWHlY86RBbMwGRxw,3
IgCdzjFlxP8,UCgklEUQ8_UR8UY510UFbkxQ,3
m2YPhWxZzw4,UCcwu2DFi0B9WbLSoqeVH9NQ,3
JQliymPD-LA,UCsCAWoG-SagS7aFuWT1IZPw,3
SPC1hAQYrqs,UCRwUO6OIA2DvQA8L1VuzovQ,3
-K5JrWCkelI,UCS3Iac7JbyHzuXmYj34weRw,3
Z2ZdrG0PFBA,UC72VA1LrWHlY86RBbMwGRxw,3
Q2mxk4XIFbU,UCsCAWoG-SagS7aFuWT1IZPw,3
SfOCh7-VfQo,UCQtoYB7gpftk98WsshIG_fQ,3
emiUt9qwNMM,UCnv6jJ0cdl81j1oWQYbXcsw,3
sVdXraEXb04,UC72VA1LrWHlY86RBbMwGRxw,3
xBT2bHEO1-U,UCgklEUQ8_UR8UY510UFbkxQ,3
oqcIJtPX1tc,UCFSqAZl3AxxMyaHouB2GKSg,3
OpsvILo7te0,UCToxKVrkEuAONR4rFIJ_DyQ,3
2mRWTT4MmVA,UCQFWbPizb7e8IoM8kvs55cw,3
zU2tvapePhA,UC72VA1LrWHlY86RBbMwGRxw,3
nDgEZiKJGpc,UCgklEUQ8_UR8UY510UFbkxQ,3
useL_BcdDjw,UCFSqAZl3AxxMyaHouB2GKSg,3
i51w-d3oe_k,UCVTKO1D_G19UlK03ezaADag,3
Wq4aS6oGX5c,UCcwu2DFi0B9WbLSoqeVH9NQ,3
Jsg9S5hYjS0,UCS3Iac7JbyHzuXmYj34weRw,3
oR5uZoPwMlc,UCsCAWoG-SagS7aFuWT1IZPw,3
GDCEwnOtPoA,UC72VA1LrWHlY86RBbMwGRxw,3
k79Y0MOw_q0,UCFSqAZl3AxxMyaHouB2GKSg,3
-1R5eVNXYVk,UCgklEUQ8_UR8UY510UFbkxQ,3
n8XAzL6F2UI,UCToxKVrkEuAONR4rFIJ_DyQ,3
Vrw1DJQbfjA,UCnv6jJ0cdl81j1oWQYbXcsw,3
nVQZunbM_PE,UCgklEUQ8_UR8UY510UFbkxQ,3
AsNKUHg0czE,UC72VA1LrWHlY86RBbMwGRxw,3
HHRQVPP9234,UCQtoYB7gpftk98WsshIG_fQ,3
zIFlV8eMnso,UCFSqAZl3AxxMyaHouB2GKSg,3
dk1z7bdmOh8,UCsCAWoG-SagS7aFuWT1IZPw,3
VBvr2JP0XlA,UCPNoCO-IKY1PIQZCUqf4OfA,3
2HVFBz5uY8k,UCYD71_aakEU0VT6TwsvV1MA,3
Kiv_3AEKZ_g,UCQFWbPizb7e8IoM8kvs55cw,3
GYKt-PyV0ak,UCFSqAZl3AxxMyaHouB2GKSg,3
QMJNzo6AhTM,UC72VA1LrWHlY86RBbMwGRxw,3
_vpYTynEM78,UCgklEUQ8_UR8UY510UFbkxQ,3
_O3Z0HKyqs8,UCcwu2DFi0B9WbLSoqeVH9NQ,3
GBu_QjixnIE,UCToxKVrkEuAONR4rFIJ_DyQ,3
jnHlVKbI0m4,UCsCAWoG-SagS7aFuWT1IZPw,3
F46liO2bG9U,UCQtoYB7gpftk98WsshIG_fQ,3
FY-JAjHovEw,UCVTKO1D_G19UlK03ezaADag,3
uq-OP4bAMJo,UCVTKO1D_G19UlK03ezaADag,3
ORMsXZ9KwfY,UC72VA1LrWHlY86RBbMwGRxw,3
FF7YrNLNWus,UCgklEUQ8_UR8UY510UFbkxQ,3
N_ilFjEv-z8,UCFSqAZl3AxxMyaHouB2GKSg,3
1BoJ7mVTtBw,UCnv6jJ0cdl81j1oWQYbXcsw,3
10ZtzzXounU,UCQtoYB7gpftk98WsshIG_fQ,3
m4v87o28KaQ,UC7GWXKxiy9_AU9TytEh00eg,3
wkL5skDgK90,UCFSqAZl3AxxMyaHouB2GKSg,3
-fjvXv4opp0,UC72VA1LrWHlY86RBbMwGRxw,3
VM4QkmqP6t8,UCgklEUQ8_UR8UY510UFbkxQ,3
5LxEh4Ojtss,UC7GWXKxiy9_AU9TytEh00eg,3
LxcR10zA_UM,UCgklEUQ8_UR8UY510UFbkxQ,3
puGkHo2J_zQ,UC72VA1LrWHlY86RBbMwGRxw,3
_QY2NJcjeXM,UCcwu2DFi0B9WbLSoqeVH9NQ,3
JJqJ2n-WbdI,UCQtoYB7gpftk98WsshIG_fQ,3
04GskDA1w7g,UCToxKVrkEuAONR4rFIJ_DyQ,3
EdVHc7NDRsM,UC72VA1LrWHlY86RBbMwGRxw,3
SeJGFjzutt4,UCFSqAZl3AxxMyaHouB2GKSg,3
5TEw5MsWksU,UCgklEUQ8_UR8UY510UFbkxQ,3
nSalIPLiCiw,UCRwUO6OIA2DvQA8L1VuzovQ,3
_tzdnOY9tUw,UCQtoYB7gpftk98WsshIG_fQ,3
-pe08CNKxfo,UCYD71_aakEU0VT6TwsvV1MA,3
Q2pJQ4l1zig,UC72VA1LrWHlY86RBbMwGRxw,3
oi_zQb2yP0Y,UCFSqAZl3AxxMyaHouB2GKSg,3
5I2ePOos_pw,UCgklEUQ8_UR8UY510UFbkxQ,3
oebbVcGvSm0,UCToxKVrkEuAONR4rFIJ_DyQ,3
A4MGSpt0sjM,UCQtoYB7gpftk98WsshIG_fQ,3
j5aThd_7DCM,UCQFWbPizb7e8IoM8kvs55cw,3
_HX8rxyYVlc,UC7GWXKxiy9_AU9TytEh00eg,3
6XeVNac61ww,UC72VA1LrWHlY86RBbMwGRxw,3
haqafUSFBGk,UCFSqAZl3AxxMyaHouB2GKSg,3
5H6G9ZbRfVU,UCgklEUQ8_UR8UY510UFbkxQ,3
DAJPW7E49xc,UCcwu2DFi0B9WbLSoqeVH9NQ,3
mrJgIiwxz9g,UCsCAWoG-SagS7aFuWT1IZPw,3
-Nn88iyLKkQ,UCQtoYB7gpftk98WsshIG_fQ,3
0Y9ofStocFc,UC72VA1LrWHlY86RBbMwGRxw,3
-oEObjQFDpw,UC7GWXKxiy9_AU9TytEh00eg,3
ChVqvvhHfAI,UCFSqAZl3AxxMyaHouB2GKSg,3
j2KE0WBrJWk,UCgklEUQ8_UR8UY510UFbkxQ,3
SayL2tUXmdY,UC_6HKUyjbWkU2iZpnvcJdXA,3
9b0DHoELm-k,UCToxKVrkEuAONR4rFIJ_DyQ,3
ogi-MS5I4-E,UCRwUO6OIA2DvQA8L1VuzovQ,3
Vfg9oUSSv-k,UCsCAWoG-SagS7aFuWT1IZPw,3
XaAZkEMkCSk,UCVTKO1D_G19UlK03ezaADag,3
42toreyOYX0,UCVTKO1D_G19UlK03ezaADag,3
I778ENE0xBA,UCVTKO1D_G19UlK03ezaADag,3
p27EnyxeJi8,UC_6HKUyjbWkU2iZpnvcJdXA,3
O_ZOxQGc9UY,UC72VA1LrWHlY86RBbMwGRxw,3
e5R-IRi6ODw,UCFSqAZl3AxxMyaHouB2GKSg,3
TduV3gbA58M,UCgklEUQ8_UR8UY510UFbkxQ,3
8VPUh75aovI,UCS3Iac7JbyHzuXmYj34weRw,3
XGH3z2Co5og,UCPNoCO-IKY1PIQZCUqf4OfA,3
V8yTSgnTItQ,UC7GWXKxiy9_AU9TytEh00eg,3
osUkoIxJuJY,UCFSqAZl3AxxMyaHouB2GKSg,3
2gtYOjzwd2E,UC72VA1LrWHlY86RBbMwGRxw,3
h00aqTTAvhU,UCgklEUQ8_UR8UY510UFbkxQ,3
lksixJA05-w,UCcwu2DFi0B9WbLSoqeVH9NQ,3
jhbQTW7OOr8,UCsCAWoG-SagS7aFuWT1IZPw,3
60W1JWxR7Yg,UCnv6jJ0cdl81j1oWQYbXcsw,3
rAdT9ei0L04,UC72VA1LrWHlY86RBbMwGRxw,3
R9MSUVUL1Cg,UCgklEUQ8_UR8UY510UFbkxQ,3
XpNZb2HhitA,UCFSqAZl3AxxMyaHouB2GKSg,3
Yvqhw4NDZhk,UCS3Iac7JbyHzuXmYj34weRw,3
ekTfMwhkksM,UCToxKVrkEuAONR4rFIJ_DyQ,3
0Fj293Tc-ik,UC7GWXKxiy9_AU9TytEh00eg,3
M0AQbhgvKUw,UC72VA1LrWHlY86RBbMwGRxw,3
2VJ4-rNj-GY,UCgklEUQ8_UR8UY510UFbkxQ,3
kurKSJLhuiQ,UCVTKO1D_G19UlK03ezaADag,3
RnGPuGqhI3Y,UCFSqAZl3AxxMyaHouB2GKSg,3
tEFs-izM64I,UCgklEUQ8_UR8UY510UFbkxQ,3
U_VaG3_H4Q0,UC72VA1LrWHlY86RBbMwGRxw,3
H9xIzCKb9m0,UCcwu2DFi0B9WbLSoqeVH9NQ,3
PuSTRGvoRtc,UCToxKVrkEuAONR4rFIJ_DyQ,3
9SVMp5W9Ohc,UCsCAWoG-SagS7aFuWT1IZPw,3
aefF4iwrhbs,UCQtoYB7gpftk98WsshIG_fQ,3
y6XZHEW57NY,UCnv6jJ0cdl81j1oWQYbXcsw,3
Yp9HwVJ3_xo,UC7GWXKxiy9_AU9TytEh00eg,3
qTiZpq28x0U,UCFSqAZl3AxxMyaHouB2GKSg,3
t2xcuvEDv4w,UC72VA1LrWHlY86RBbMwGRxw,3
mEwsPBthtcA,UCgklEUQ8_UR8UY510UFbkxQ,3
84uP64sOkPI,UCS3Iac7JbyHzuXmYj34weRw,3
wmFyl9UJkuM,UCQFWbPizb7e8IoM8kvs55cw,3
Y66wq_kru3E,UC7GWXKxiy9_AU9TytEh00eg,3
ud7nUNKloEc,UCgklEUQ8_UR8UY510UFbkxQ,3
u34zA5CCxhM,UC72VA1LrWHlY86RBbMwGRxw,3
YvHV2JPyiP4,UCFSqAZl3AxxMyaHouB2GKSg,3
7qkvP325Xj8,UCQtoYB7gpftk98WsshIG_fQ,3
IVMZCIhuV0s,UCRwUO6OIA2DvQA8L1VuzovQ,3
3CADkPQZCHY,UCVTKO1D_G19UlK03ezaADag,3
mkgcmlCBgBs,UC72VA1LrWHlY86RBbMwGRxw,3
gf7S-A718tA,UCFSqAZl3AxxMyaHouB2GKSg,3
hEVHB7GAtzc,UCgklEUQ8_UR8UY510UFbkxQ,3
ZkeLtj7iZH8,UCcwu2DFi0B9WbLSoqeVH9NQ,3
nEwwupuzmSM,UCPNoCO-IKY1PIQZCUqf4OfA,3
zF9nkdexwpY,UCnv6jJ0cdl81j1oWQYbXcsw,3
sxLpgvTk3no,UC7GWXKxiy9_AU9TytEh00eg,3
AkszDJ8FalY,UCFSqAZl3AxxMyaHouB2GKSg,3
Ntq7cKDURng,UC72VA1LrWHlY86RBbMwGRxw,3
kkhmHbWk7zI,UCsCAWoG-SagS7aFuWT1IZPw,3
ahvOdku-Xs8,UCS3Iac7JbyHzuXmYj34weRw,3
jjQPUWebbCI,UCToxKVrkEuAONR4rFIJ_DyQ,3
92Heakrpdyg,UCYD71_aakEU0VT6TwsvV1MA,3
JmjIRqRMIUs,UC7GWXKxiy9_AU9TytEh00eg,3
Z0mx1UJy_3g,UC72VA1LrWHlY86RBbMwGRxw,3
QnpESMnN96c,UCgklEUQ8_UR8UY510UFbkxQ,3
r5h7o0Q5Y6c,UCFSqAZl3AxxMyaHouB2GKSg,3
Ig7E559HQEQ,UCS3Iac7JbyHzuXmYj34weRw,3
eIpoIueLF6E,UCQFWbPizb7e8IoM8kvs55cw,3
kcST4Afz9go,UCgklEUQ8_UR8UY510UFbkxQ,3
9sPNFmUPaIU,UC7GWXKxiy9_AU9TytEh00eg,3
y0IFhkhw7f4,UCFSqAZl3AxxMyaHouB2GKSg,3
mYbdA8ZSN-8,UCcwu2DFi0B9WbLSoqeVH9NQ,3
s-RlHy6Ir5w,UCnv6jJ0cdl81j1oWQYbXcsw,3
ZcMQhvTc1gc,UCFSqAZl3AxxMyaHouB2GKSg,3
bWiU9JaH8Ms,UC72VA1LrWHlY86RBbMwGRxw,3
kvaXgR3NLx8,UCgklEUQ8_UR8UY510UFbkxQ,3
FkcNw1V41oo,UCToxKVrkEuAONR4rFIJ_DyQ,3
hKA_ylTqYh8,UCsCAWoG-SagS7aFuWT1IZPw,3
_rCBTQtO8VA,UCQtoYB7gpftk98WsshIG_fQ,3
1N56npO4s0Q,UCFSqAZl3AxxMyaHouB2GKSg,3
-wGNM7ssByM,UC72VA1LrWHlY86RBbMwGRxw,3
Armbz_nwYIQ,UCgklEUQ8_UR8UY510UFbkxQ,3
HDh2LeZQxso,UCsCAWoG-SagS7aFuWT1IZPw,3
jEMZQ14F0Po,UCQtoYB7gpftk98WsshIG_fQ,3
yHTV8VolfkY,UC72VA1LrWHlY86RBbMwGRxw,3
eKJLaprYgFk,UC7GWXKxiy9_AU9TytEh00eg,3
BDEOS1VKWpU,UCFSqAZl3AxxMyaHouB2GKSg,3
Pd3mHS4yoRM,UCgklEUQ8_UR8UY510UFbkxQ,3
FOJ9aigFxPc,UCcwu2DFi0B9WbLSoqeVH9NQ,3
2ObQkzht4GA,UCS3Iac7JbyHzuXmYj34weRw,3
s-u5_d1u7O4,UCVTKO1D_G19UlK03ezaADag,3
vnkuE4jftYI,UCVTKO1D_G19UlK03ezaADag,3
QDDNvgeTYuU,UCnv6jJ0cdl81j1oWQYbXcsw,3
Ar1b_Ens2Ww,UCFSqAZl3AxxMyaHouB2GKSg,3
7cTcZnU1j3M,UC72VA1LrWHlY86RBbMwGRxw,3
LufYuL0xe9s,UCgklEUQ8_UR8UY510UFbkxQ,3
iAnl66CGPYo,UC72VA1LrWHlY86RBbMwGRxw,3
Bfr_nRukqic,UCgklEUQ8_UR8UY510UFbkxQ,3
flpPGpbkB58,UCFSqAZl3AxxMyaHouB2GKSg,3
2UaXUyH9BDA,UCsCAWoG-SagS7aFuWT1IZPw,3
98V0wkZ6TPU,UCS3Iac7JbyHzuXmYj34weRw,3
RsYF_RybEKA,UCToxKVrkEuAONR4rFIJ_DyQ,3
j3RXqQxl8dU,UCQFWbPizb7e8IoM8kvs55cw,3
SjSELE_-IUY,UC7GWXKxiy9_AU9TytEh00eg,3
FvF4WlcMiBY,UCgklEUQ8_UR8UY510UFbkxQ,3
AhY-cdRzfzI,UC72VA1LrWHlY86RBbMwGRxw,3
bthIcGMbsnE,UCcwu2DFi0B9WbLSoqeVH9NQ,3
hD8AqZi4jf4,UCPNoCO-IKY1PIQZCUqf4OfA,3
AAnk3buuYog,UC72VA1LrWHlY86RBbMwGRxw,3
X65KrdAZ0_s,UC7GWXKxiy9_AU9TytEh00eg,3
N7x9CKcvIMQ,UCgklEUQ8_UR8UY510UFbkxQ,3
7zMog3p73qw,UCFSqAZl3AxxMyaHouB2GKSg,3
a_UAzceUuXk,UCQtoYB7gpftk98WsshIG_fQ,3
9PEfcTUw9R0,UCnv6jJ0cdl81j1oWQYbXcsw,3
VsvLYJ8613g,UCFSqAZl3AxxMyaHouB2GKSg,3
9JURNQp0HvE,UC72VA1LrWHlY86RBbMwGRxw,3
7OAnhjkjqkE,UCgklEUQ8_UR8UY510UFbkxQ,3
jHlA2vEcExo,UCS3Iac7JbyHzuXmYj34weRw,3
T0amH6Vvwik,UCToxKVrkEuAONR4rFIJ_DyQ,3
CQskZmw7P-M,UCsCAWoG-SagS7aFuWT1IZPw,3
0ldZcDl1Pk0,UCQtoYB7gpftk98WsshIG_fQ,3
UVD2ljiXe7U,UC7GWXKxiy9_AU9TytEh00eg,3
GhuwDVHtOt4,UC72VA1LrWHlY86RBbMwGRxw,3
qKPe52BPHa8,UCgklEUQ8_UR8UY510UFbkxQ,3
JtWLzSQiSvw,UC_6HKUyjbWkU2iZpnvcJdXA,3
yDafg0RTA4k,UCFSqAZl3AxxMyaHouB2GKSg,3
X8j905MdMD8,UCcwu2DFi0B9WbLSoqeVH9NQ,3
_48ceLLQEjM,UCQtoYB7gpftk98WsshIG_fQ,3
wjhFrCuceFk,UCnv6jJ0cdl81j1oWQYbXcsw,3
STp9XVmom7U,UCFSqAZl3AxxMyaHouB2GKSg,3
O1GlPMdatcI,UC72VA1LrWHlY86RBbMwGRxw,3
LP0nEqiEagM,UCgklEUQ8_UR8UY510UFbkxQ,3
P31dBs3pSaw,UC7GWXKxiy9_AU9TytEh00eg,3
rZoO5kLmvkA,UCRwUO6OIA2DvQA8L1VuzovQ,3
psdEEN1AdJA,UCVTKO1D_G19UlK03ezaADag,3
GdKU2Xdsjro,UC72VA1LrWHlY86RBbMwGRxw,3
95oKt6jyEKA,UCYD71_aakEU0VT6TwsvV1MA,3
dPyjZZRlwAk,UCFSqAZl3AxxMyaHouB2GKSg,3
R-Q2g9W25M0,UCgklEUQ8_UR8UY510UFbkxQ,3
qQCa7L-RpSU,UCsCAWoG-SagS7aFuWT1IZPw,3
ixFeIV5hCtI,UCQtoYB7gpftk98WsshIG_fQ,3
tc1iv5URPGA,UCS3Iac7JbyHzuXmYj34weRw,3
CKu3YBy4TQA,UCYD71_aakEU0VT6TwsvV1MA,3
sWfPhg8k9fs,UC7GWXKxiy9_AU9TytEh00eg,3
cPrjJosYzxg,UCgklEUQ8_UR8UY510UFbkxQ,3
Sjbio-IKRr0,UC72VA1LrWHlY86RBbMwGRxw,3
99vsShg1Xz4,UCFSqAZl3AxxMyaHouB2GKSg,3
Amj6zAlnUJk,UCcwu2DFi0B9WbLSoqeVH9NQ,3
yiXOi9cm8g0,UCsCAWoG-SagS7aFuWT1IZPw,3
-XUhia0srm4,UCQtoYB7gpftk98WsshIG_fQ,3
0uGlouQlCiA,UCnv6jJ0cdl81j1oWQYbXcsw,3
DJtZlmySMSQ,UCToxKVrkEuAONR4rFIJ_DyQ,3
4jelRTfCEAk,UCQFWbPizb7e8IoM8kvs55cw,3
jQrwibITWxo,UC7GWXKxiy9_AU9TytEh00eg,3
-dMP79xxPfY,UCgklEUQ8_UR8UY510UFbkxQ,3
3dSqOrhfZIE,UC72VA1LrWHlY86RBbMwGRxw,3
79Ox2Pnh5qw,UCFSqAZl3AxxMyaHouB2GKSg,3
4mCE5WCrfKQ,UC72VA1LrWHlY86RBbMwGRxw,3
dBwO_uoe4q4,UCgklEUQ8_UR8UY510UFbkxQ,3
8SUC0y2Z3Uw,UCFSqAZl3AxxMyaHouB2GKSg,3
IV7tQNhfBuI,UCPNoCO-IKY1PIQZCUqf4OfA,3
PRvxsKYKOZ0,UCQtoYB7gpftk98WsshIG_fQ,3
LKOpWxqw3TM,UC72VA1LrWHlY86RBbMwGRxw,3
YeyCLHjusno,UCFSqAZl3AxxMyaHouB2GKSg,3
IMaKgQb-MtQ,UCgklEUQ8_UR8UY510UFbkxQ,3
Mzo_501dEk8,UCcwu2DFi0B9WbLSoqeVH9NQ,3
M_HqWwWF_6g,UCToxKVrkEuAONR4rFIJ_DyQ,3
9v1Z02ztV4A,UCsCAWoG-SagS7aFuWT1IZPw,3
FZJG4561hac,UCQtoYB7gpftk98WsshIG_fQ,3
tSB1aLngJF8,UC7GWXKxiy9_AU9TytEh00eg,3
Eq99Ahgnh4U,UCFSqAZl3AxxMyaHouB2GKSg,3
eNDVeAPb6W4,UCgklEUQ8_UR8UY510UFbkxQ,3
1Rh5IwmCffk,UCsCAWoG-SagS7aFuWT1IZPw,3
Tzp_AQFuyUM,UCS3Iac7JbyHzuXmYj34weRw,3
tqfykgD-fU8,UCnv6jJ0cdl81j1oWQYbXcsw,3
xiPsmF0fmOs,UCYD71_aakEU0VT6TwsvV1MA,3
1tjaMO3dWKA,UCQFWbPizb7e8IoM8kvs55cw,3
FPm6GXtC4R0,UC7GWXKxiy9_AU9TytEh00eg,3
v9QSfy1oBU4,UCgklEUQ8_UR8UY510UFbkxQ,3
DabUzNWo7e0,UCFSqAZl3AxxMyaHouB2GKSg,3
lkEbRiSqOI8,UCQtoYB7gpftk98WsshIG_fQ,3
hOyKT1wWoLA,UCVTKO1D_G19UlK03ezaADag,3
SLsTVeGFYUk,UCVTKO1D_G19UlK03ezaADag,3
XI8iMjSvuL0,UCFSqAZl3AxxMyaHouB2GKSg,3
s_qB_9O9qxg,UC72VA1LrWHlY86RBbMwGRxw,3
kBK9xTlKZR0,UCRwUO6OIA2DvQA8L1VuzovQ,3
Tw-d0LkBpqM,UCgklEUQ8_UR8UY510UFbkxQ,3
hOqJRuqaeLU,UCcwu2DFi0B9WbLSoqeVH9NQ,3
K5-hGinbpk4,UCQtoYB7gpftk98WsshIG_fQ,3
I2bP5__36iQ,UCsCAWoG-SagS7aFuWT1IZPw,3
7nmbnMofHwY,UCQtoYB7gpftk98WsshIG_fQ,3
xZde4KJySWc,UCnv6jJ0cdl81j1oWQYbXcsw,3
cPent5UyJCw,UC72VA1LrWHlY86RBbMwGRxw,3
F14RHj_CVoU,UCgklEUQ8_UR8UY510UFbkxQ,3
Ve5e2tNPF-w,UCVTKO1D_G19UlK03ezaADag,3
ANPJ4k3hvcs,UC7GWXKxiy9_AU9TytEh00eg,3
838NbqXbHB0,UC72VA1LrWHlY86RBbMwGRxw,3
82IkiTFTCa4,UCFSqAZl3AxxMyaHouB2GKSg,3
eYBQCb0_L7U,UCgklEUQ8_UR8UY510UFbkxQ,3
3O5DboOwkzQ,UCS3Iac7JbyHzuXmYj34weRw,3
lTforX5bleg,UCnv6jJ0cdl81j1oWQYbXcsw,3
epamqsZFx8U,UC7GWXKxiy9_AU9TytEh00eg,3
csjobYf6UyI,UCQtoYB7gpftk98WsshIG_fQ,3
XEhcR3_UGxQ,UCgklEUQ8_UR8UY510UFbkxQ,3
s94Es3PDk9A,UCQFWbPizb7e8IoM8kvs55cw,3
FZnSolrJh8M,UC72VA1LrWHlY86RBbMwGRxw,3
sXClpJ0sBk8,UCFSqAZl3AxxMyaHouB2GKSg,3
QTKXSjMbuXU,UCcwu2DFi0B9WbLSoqeVH9NQ,3
f82oKGAnZfM,UCQtoYB7gpftk98WsshIG_fQ,3
knzdNSZ5jTQ,UCPNoCO-IKY1PIQZCUqf4OfA,3
79Wqmxhpr9M,UCFSqAZl3AxxMyaHouB2GKSg,3
nibt1eFoorA,UC72VA1LrWHlY86RBbMwGRxw,3
9pTE4Hltp6Q,UCgklEUQ8_UR8UY510UFbkxQ,3
m8lvUO7QDxU,UCToxKVrkEuAONR4rFIJ_DyQ,3
uFluY_p-QIA,UCRwUO6OIA2DvQA8L1VuzovQ,3
uFU7SF-WSkw,UCsCAWoG-SagS7aFuWT1IZPw,3
PvE5YwR7ORA,UCFSqAZl3AxxMyaHouB2GKSg,3
h3XxlO6sdvg,UCgklEUQ8_UR8UY510UFbkxQ,3
EswP_MaD8L0,UC72VA1LrWHlY86RBbMwGRxw,3
cMgdxSALQ0I,UCQtoYB7gpftk98WsshIG_fQ,3
HsnuXMVCYSI,UCS3Iac7JbyHzuXmYj34weRw,3
GBsYRJRxqaA,UCQtoYB7gpftk98WsshIG_fQ,3
DxowGxS1B5s,UCgklEUQ8_UR8UY510UFbkxQ,3
Aeb9n2ErEIM,UC72VA1LrWHlY86RBbMwGRxw,3
e6znjAQo6PA,UCFSqAZl3AxxMyaHouB2GKSg,3
mPbdkUAfqEc,UCcwu2DFi0B9WbLSoqeVH9NQ,3
a84UoAEGEA8,UCVTKO1D_G19UlK03ezaADag,3
DMl6oNCOzC0,UCPNoCO-IKY1PIQZCUqf4OfA,3
zw3cGFe6_0o,UCVTKO1D_G19UlK03ezaADag,3
RhdlecM8TcM,UCnv6jJ0cdl81j1oWQYbXcsw,3
jBTy69hy6X4,UC72VA1LrWHlY86RBbMwGRxw,3
H_LUOo7Wr2g,UCgklEUQ8_UR8UY510UFbkxQ,3
aSix-H4jKbM,UCFSqAZl3AxxMyaHouB2GKSg,3
CWvl2r44MIw,UCRwUO6OIA2DvQA8L1VuzovQ,3
iJZqy4aPKLk,UCS3Iac7JbyHzuXmYj34weRw,3
cShFVQUjDIc,UCQtoYB7gpftk98WsshIG_fQ,3
RjxxhIUSWS0,UCFSqAZl3AxxMyaHouB2GKSg,3
TUNXzftVHmw,UCgklEUQ8_UR8UY510UFbkxQ,3
OYevkcJMMRs,UCToxKVrkEuAONR4rFIJ_DyQ,3
jov6T_IeukM,UCQFWbPizb7e8IoM8kvs55cw,3
OSfcb4Wuu1Q,UC72VA1LrWHlY86RBbMwGRxw,3
zvRPABt3aFo,UCFSqAZl3AxxMyaHouB2GKSg,3
5MgfHI0gss8,UCcwu2DFi0B9WbLSoqeVH9NQ,3
n3e9eAkd04k,UCQtoYB7gpftk98WsshIG_fQ,3
Y4807lt7cO0,UCgklEUQ8_UR8UY510UFbkxQ,3
eflQdefKOhE,UC72VA1LrWHlY86RBbMwGRxw,3
EhQdTT-E17E,UC7GWXKxiy9_AU9TytEh00eg,3
Ov4Ewh6DtzE,UCFSqAZl3AxxMyaHouB2GKSg,3
5GwzetHhEKM,UCRwUO6OIA2DvQA8L1VuzovQ,3
Vxt0VM3gumo,UCgklEUQ8_UR8UY510UFbkxQ,3
V3gnGVxd5hM,UC72VA1LrWHlY86RBbMwGRxw,3
pOx5nqymqCA,UCFSqAZl3AxxMyaHouB2GKSg,3
ksh7nh-mmZc,UCToxKVrkEuAONR4rFIJ_DyQ,3
pFKidiEPcEo,UCsCAWoG-SagS7aFuWT1IZPw,3
1pmmDKsOgkg,UCQtoYB7gpftk98WsshIG_fQ,3
01ZejysgcZY,UCnv6jJ0cdl81j1oWQYbXcsw,3
MVvSxiUHuhc,UCgklEUQ8_UR8UY510UFbkxQ,3
HU3d10jCiS8,UC7GWXKxiy9_AU9TytEh00eg,3
zl6n_KT-ndQ,UCQtoYB7gpftk98WsshIG_fQ,3
BBSnC-1vw6w,UC72VA1LrWHlY86RBbMwGRxw,3
hqNXM3ovz0U,UCFSqAZl3AxxMyaHouB2GKSg,3
c4nKQOAEukM,UCcwu2DFi0B9WbLSoqeVH9NQ,3
iCbwdJlnnPs,UCsCAWoG-SagS7aFuWT1IZPw,3
2dzTLgzI_fA,UCQtoYB7gpftk98WsshIG_fQ,3
G6n9r5ppTWw,UCYD71_aakEU0VT6TwsvV1MA,3
SJGryVJ7mhc,UC7GWXKxiy9_AU9TytEh00eg,3
KDEavQD29Mo,UC72VA1LrWHlY86RBbMwGRxw,3
smq7lN3OPxs,UCFSqAZl3AxxMyaHouB2GKSg,3
K_qaHv6eBts,UCgklEUQ8_UR8UY510UFbkxQ,3
5iY8XqgYvQo,UCQtoYB7gpftk98WsshIG_fQ,3
bpPZuEf0zEQ,UCgklEUQ8_UR8UY510UFbkxQ,3
ocSdYYWPo50,UC72VA1LrWHlY86RBbMwGRxw,3
DPie6FuXDHo,UCFSqAZl3AxxMyaHouB2GKSg,3
e-pzG9UnOL4,UCsCAWoG-SagS7aFuWT1IZPw,3
5hwygsSceCI,UCQtoYB7gpftk98WsshIG_fQ,3
8EU_e2A5kcw,UCPNoCO-IKY1PIQZCUqf4OfA,3
X5-WYfNkJmM,UC72VA1LrWHlY86RBbMwGRxw,3
k_FnUWH4vfo,UCFSqAZl3AxxMyaHouB2GKSg,3
2qSDWnHVZYY,UCgklEUQ8_UR8UY510UFbkxQ,3
lhWcKGijo8A,UCS3Iac7JbyHzuXmYj34weRw,3
HQEkT6lyydY,UCcwu2DFi0B9WbLSoqeVH9NQ,3
16BUMts2azc,UCsCAWoG-SagS7aFuWT1IZPw,3
lGqXBYOHz00,UCYD71_aakEU0VT6TwsvV1MA,3
efbR_7hGiuY,UCQtoYB7gpftk98WsshIG_fQ,3
6RtFX9ABppU,UC72VA1LrWHlY86RBbMwGRxw,3
wVYOtfwVOWE,UCgklEUQ8_UR8UY510UFbkxQ,3
KE7C_iEa0wU,UCFSqAZl3AxxMyaHouB2GKSg,3
i1n43NjLNm4,UCQtoYB7gpftk98WsshIG_fQ,3
oB3UAFuJdmE,UCQFWbPizb7e8IoM8kvs55cw,3
-OGnpd3Y_jY,UC7GWXKxiy9_AU9TytEh00eg,3
ZoM4SHQGKeY,UCS3Iac7JbyHzuXmYj34weRw,3
_nNHKbu8Cqs,UC72VA1LrWHlY86RBbMwGRxw,3
kr2VSU2_4vw,UCgklEUQ8_UR8UY510UFbkxQ,3
b1MyyYsYVtE,UCFSqAZl3AxxMyaHouB2GKSg,3
MwWbLK5g3IA,UCFSqAZl3AxxMyaHouB2GKSg,3
hWA04Xcp04U,UCnv6jJ0cdl81j1oWQYbXcsw,3
WktWIcfWZ2w,UCYD71_aakEU0VT6TwsvV1MA,3
eGel4jrNP6Y,UCQtoYB7gpftk98WsshIG_fQ,3
C0TLAf-Xsjk,UC72VA1LrWHlY86RBbMwGRxw,3
LTud09LFXyc,UCFSqAZl3AxxMyaHouB2GKSg,3
_lJrtKiRUwE,UCgklEUQ8_UR8UY510UFbkxQ,3
hw0y0xx8RQ0,UCcwu2DFi0B9WbLSoqeVH9NQ,3
bcgcGA9c2Y4,UCToxKVrkEuAONR4rFIJ_DyQ,3
Nu9auXxWmGU,UCsCAWoG-SagS7aFuWT1IZPw,3
ekEBAVuEsEw,UC7GWXKxiy9_AU9TytEh00eg,3
PqTQslHnpTo,UCgklEUQ8_UR8UY510UFbkxQ,3
6jH24It8aco,UCFSqAZl3AxxMyaHouB2GKSg,3
PJ_aGCeQlqI,UCQtoYB7gpftk98WsshIG_fQ,3
yBPq-L_fSfs,UC7GWXKxiy9_AU9TytEh00eg,3
im8zAZX86xY,UCFSqAZl3AxxMyaHouB2GKSg,3
frG6TNrqrms,UC72VA1LrWHlY86RBbMwGRxw,3
7GngiWf02s4,UCgklEUQ8_UR8UY510UFbkxQ,3
TxQ8Q9EzVNc,UCQtoYB7gpftk98WsshIG_fQ,3
sE7Rd-SW3oU,UCS3Iac7JbyHzuXmYj34weRw,3
P-40bhA8hWY,UCVTKO1D_G19UlK03ezaADag,3
hTTp-gtFspM,UCVTKO1D_G19UlK03ezaADag,3
pfbYmuKgtLg,UCVTKO1D_G19UlK03ezaADag,3
3aaiJiPzEg4,UC72VA1LrWHlY86RBbMwGRxw,3
MpL4I5oaF3E,UCgklEUQ8_UR8UY510UFbkxQ,3
JI_h23U1omk,UCFSqAZl3AxxMyaHouB2GKSg,3
8SoeYQxrMZ8,UCcwu2DFi0B9WbLSoqeVH9NQ,3
m2MOwsLZeFk,UCsCAWoG-SagS7aFuWT1IZPw,3
r_06cgjl-34,UCPNoCO-IKY1PIQZCUqf4OfA,3
OqkT7BmswJM,UCnv6jJ0cdl81j1oWQYbXcsw,3
ZETZuYcBlW8,UCQtoYB7gpftk98WsshIG_fQ,3
RsuQc6oCQf0,UCYD71_aakEU0VT6TwsvV1MA,3
UOL5fe51lsA,UC7GWXKxiy9_AU9TytEh00eg,3
jcOL2tEjsRw,UC72VA1LrWHlY86RBbMwGRxw,3
WFkxGViU5K8,UCFSqAZl3AxxMyaHouB2GKSg,3
hYuNjPIMYRM,UCsCAWoG-SagS7aFuWT1IZPw,3
m6B_9ImhyYs,UCFSqAZl3AxxMyaHouB2GKSg,3
nWIEW27IF-U,UCQtoYB7gpftk98WsshIG_fQ,3
GNLlnobedYQ,UC72VA1LrWHlY86RBbMwGRxw,3
q4FKKFIeW2I,UCFSqAZl3AxxMyaHouB2GKSg,3
AQaFB3yT1Ao,UCS3Iac7JbyHzuXmYj34weRw,3
wNfn4Z18DoQ,UCToxKVrkEuAONR4rFIJ_DyQ,3
5WxBjcvgNdc,UCQtoYB7gpftk98WsshIG_fQ,3
Ysh4rim06FU,UC7GWXKxiy9_AU9TytEh00eg,3
vqwxVHH7_CE,UC72VA1LrWHlY86RBbMwGRxw,3
iYJRaWM386I,UCFSqAZl3AxxMyaHouB2GKSg,3
pexUf6T4gEg,UCcwu2DFi0B9WbLSoqeVH9NQ,3
8kxriNsNyYw,UCQtoYB7gpftk98WsshIG_fQ,3
MkQuz2i3mHM,UCQFWbPizb7e8IoM8kvs55cw,3
12A_51UPzgg,UC72VA1LrWHlY86RBbMwGRxw,3
c7MxmR_ITvw,UCFSqAZl3AxxMyaHouB2GKSg,3
RpbcTKGDAjc,UCToxKVrkEuAONR4rFIJ_DyQ,3
P7BWV2JWBmY,UCsCAWoG-SagS7aFuWT1IZPw,3
y_20PKZZ4SI,UCnv6jJ0cdl81j1oWQYbXcsw,3
2R_70y02uvk,UCYD71_aakEU0VT6TwsvV1MA,3
zLsqkmXslfY,UC72VA1LrWHlY86RBbMwGRxw,3
8V0-EhCBGY0,UCFSqAZl3AxxMyaHouB2GKSg,3
8zkhKuWQ_is,UCsCAWoG-SagS7aFuWT1IZPw,3
Oru2GgKf_TU,UCQtoYB7gpftk98WsshIG_fQ,3
nkH9hGWrY-o,UCFSqAZl3AxxMyaHouB2GKSg,3
bQCUfdKvglE,UC7GWXKxiy9_AU9TytEh00eg,3
l0-UAT43a0c,UC72VA1LrWHlY86RBbMwGRxw,3
UsXrOe4Jdok,UCS3Iac7JbyHzuXmYj34weRw,3
ziA1qmxZ2lE,UCFSqAZl3AxxMyaHouB2GKSg,3
HY1rvk9znRg,UCcwu2DFi0B9WbLSoqeVH9NQ,3
JNRTvMTt6jo,UCQtoYB7gpftk98WsshIG_fQ,3
GAqKLpaDRpA,UCFSqAZl3AxxMyaHouB2GKSg,3
cAO7eoawvC0,UCVTKO1D_G19UlK03ezaADag,3
7W6RoHQsyHo,UCFSqAZl3AxxMyaHouB2GKSg,3
iG2OnyRjhwI,UCsCAWoG-SagS7aFuWT1IZPw,3
0A-1rDUBeMU,UCPNoCO-IKY1PIQZCUqf4OfA,3
OXozK7T0B80,UCQtoYB7gpftk98WsshIG_fQ,3
1nx2FyfqjJk,UCnv6jJ0cdl81j1oWQYbXcsw,3
6Ts50WTyMP4,UCYD71_aakEU0VT6TwsvV1MA,3
uI2IocRL0kI,UC72VA1LrWHlY86RBbMwGRxw,3
G9a5r3z3OFo,UCFSqAZl3AxxMyaHouB2GKSg,3
jmOwOKecOYw,UC7GWXKxiy9_AU9TytEh00eg,3
u1M_ooQVUEc,UC72VA1LrWHlY86RBbMwGRxw,3
KfffBQKFrso,UCFSqAZl3AxxMyaHouB2GKSg,3
DfyzeqYCgi0,UCRwUO6OIA2DvQA8L1VuzovQ,3
qulcU2lylv0,UCToxKVrkEuAONR4rFIJ_DyQ,3
JK4C_3VHE6Y,UCQtoYB7gpftk98WsshIG_fQ,3
E-uyZOKRx38,UCFSqAZl3AxxMyaHouB2GKSg,3
DqC6ZCqA384,UC7GWXKxiy9_AU9TytEh00eg,3
ogAly9zAj38,UC72VA1LrWHlY86RBbMwGRxw,3
GHvjGllYQ-Y,UCFSqAZl3AxxMyaHouB2GKSg,3
27HBLMrJbmk,UCcwu2DFi0B9WbLSoqeVH9NQ,3
zzR_5FXgJZ0,UCFSqAZl3AxxMyaHouB2GKSg,3
pJr80p8zDGY,UC72VA1LrWHlY86RBbMwGRxw,3
fahgtsR--nA,UCFSqAZl3AxxMyaHouB2GKSg,3
dxW9hKnJi2E,UCToxKVrkEuAONR4rFIJ_DyQ,3
LCtkWQ4WM80,UCsCAWoG-SagS7aFuWT1IZPw,3
l_Y5gwCCRhE,UCnv6jJ0cdl81j1oWQYbXcsw,3
_EQ8Xd2NfqU,UCQtoYB7gpftk98WsshIG_fQ,3
5WAdrs3b_1Y,UC7GWXKxiy9_AU9TytEh00eg,3
kDT-xm7L0w0,UCQFWbPizb7e8IoM8kvs55cw,3
d1gBOEy1TNo,UCFSqAZl3AxxMyaHouB2GKSg,3
9my1jxQ6nY0,UCRwUO6OIA2DvQA8L1VuzovQ,3
j__t-JVoiZo,UCS3Iac7JbyHzuXmYj34weRw,3
7CvOlvK1wAo,UCQtoYB7gpftk98WsshIG_fQ,3
OWvrUh6Rwn0,UC7GWXKxiy9_AU9TytEh00eg,3
8-x06i9jbtg,UCFSqAZl3AxxMyaHouB2GKSg,3
apQzw4UVnzg,UCcwu2DFi0B9WbLSoqeVH9NQ,3
sQ0UZ2Y3sB8,UCVTKO1D_G19UlK03ezaADag,3
kZT2lORTMjE,UCFSqAZl3AxxMyaHouB2GKSg,3
zgvG6V8sGVM,UCFSqAZl3AxxMyaHouB2GKSg,3
C_FUXGb3-Ug,UCsCAWoG-SagS7aFuWT1IZPw,3
H4Kel373k7Q,UCsCAWoG-SagS7aFuWT1IZPw,3
kv0xWHErh8M,UCS3Iac7JbyHzuXmYj34weRw,3
tnIxtOr9bLs,UCnv6jJ0cdl81j1oWQYbXcsw,3
FT6l377O99s,UCFSqAZl3AxxMyaHouB2GKSg,3
AhEGp-2IWJo,UCsCAWoG-SagS7aFuWT1IZPw,3
frJZRiPO_gk,UC7GWXKxiy9_AU9TytEh00eg,3
vHiSykXsRE4,UCFSqAZl3AxxMyaHouB2GKSg,3
P7h_vOiQp-s,UCcwu2DFi0B9WbLSoqeVH9NQ,3
-ODtLKM_Fxs,UCQtoYB7gpftk98WsshIG_fQ,3
GFackaxkm5E,UCS3Iac7JbyHzuXmYj34weRw,3
HwA7WcPSO3c,UCYD71_aakEU0VT6TwsvV1MA,3
qAqd6AM_gpg,UCFSqAZl3AxxMyaHouB2GKSg,3
P24LL4GUzZQ,UC7GWXKxiy9_AU9TytEh00eg,3
vjYItJxruts,UCPNoCO-IKY1PIQZCUqf4OfA,3
HjwfHw44vvo,UCQtoYB7gpftk98WsshIG_fQ,3
NC96ZQPc9MY,UCFSqAZl3AxxMyaHouB2GKSg,3
jfXNuMgx7pE,UC7GWXKxiy9_AU9TytEh00eg,3
JsHPHjSYYlw,UCToxKVrkEuAONR4rFIJ_DyQ,3
jnZDZTMF-Dc,UCRwUO6OIA2DvQA8L1VuzovQ,3
PEnWEIb22FQ,UCsCAWoG-SagS7aFuWT1IZPw,3
cbmf4SWuNdc,UCnv6jJ0cdl81j1oWQYbXcsw,3
lRUo3JR71Bk,UCS3Iac7JbyHzuXmYj34weRw,3
3JTtT0WfuEc,UCVTKO1D_G19UlK03ezaADag,3
4e3D22eg5Ik,UCQFWbPizb7e8IoM8kvs55cw,3
hOcUwwV7tPA,UCcwu2DFi0B9WbLSoqeVH9NQ,3
5xU9Z0EvB28,UCFSqAZl3AxxMyaHouB2GKSg,3
J1hpXXIJVQw,UCQtoYB7gpftk98WsshIG_fQ,3
LiX2wFjX6Q0,UCsCAWoG-SagS7aFuWT1IZPw,3
28oqD7HB0Pc,UC7GWXKxiy9_AU9TytEh00eg,3
Q70cGRNbcrA,UCFSqAZl3AxxMyaHouB2GKSg,3
R_F4yWfj_wM,UCS3Iac7JbyHzuXmYj34weRw,3
UCmhVzhTLtk,UCsCAWoG-SagS7aFuWT1IZPw,3
TIyzxDSad18,UCVTKO1D_G19UlK03ezaADag,3
se9ZKGB6pGA,UCFSqAZl3AxxMyaHouB2GKSg,3
tVXwCAkXfRw,UCFSqAZl3AxxMyaHouB2GKSg,3
dQbBZhJVWUw,UCS3Iac7JbyHzuXmYj34weRw,3
8XSyWfkdoWw,UCnv6jJ0cdl81j1oWQYbXcsw,3
-otY5Iq5qlk,UCYD71_aakEU0VT6TwsvV1MA,3
QwqRuKNFXR0,UCQtoYB7gpftk98WsshIG_fQ,3
Rwr0DuHutxU,UCFSqAZl3AxxMyaHouB2GKSg,3
ihTMGI7jeT4,UCcwu2DFi0B9WbLSoqeVH9NQ,3
G81dP4o3M1U,UCPNoCO-IKY1PIQZCUqf4OfA,3
3Z9qmxxP43s,UCsCAWoG-SagS7aFuWT1IZPw,3
qkOMSObkuSY,UCS3Iac7JbyHzuXmYj34weRw,3
wg4yFg0pvJI,UCFSqAZl3AxxMyaHouB2GKSg,3
K_BkOa0Lpqw,UCsCAWoG-SagS7aFuWT1IZPw,3
cC5dweQ50Kk,UCQtoYB7gpftk98WsshIG_fQ,3
ZP6qsy3TDZA,UCQFWbPizb7e8IoM8kvs55cw,3
gQesqYiWh6Q,UC_6HKUyjbWkU2iZpnvcJdXA,3
5myK9ODjr28,UC7GWXKxiy9_AU9TytEh00eg,3
peR4hN-XCRQ,UCFSqAZl3AxxMyaHouB2GKSg,3
-l6VXzlUzzM,UCFSqAZl3AxxMyaHouB2GKSg,3
nLFJ_ipo-3w,UCcwu2DFi0B9WbLSoqeVH9NQ,3
VFw-RP2QKbo,UCToxKVrkEuAONR4rFIJ_DyQ,3
GmHN-dUUajc,UCsCAWoG-SagS7aFuWT1IZPw,3
rE9u4E2KaYI,UCnv6jJ0cdl81j1oWQYbXcsw,3
2-QlVpE8aUA,UCFSqAZl3AxxMyaHouB2GKSg,3
xb2_h0kGWQ0,UCQtoYB7gpftk98WsshIG_fQ,3
iDzb1ylcRpY,UCS3Iac7JbyHzuXmYj34weRw,3
etUWC9JR814,UCFSqAZl3AxxMyaHouB2GKSg,3
pTwYofcJ-9Y,UC7GWXKxiy9_AU9TytEh00eg,3
U3Od2cxdOfw,UCRwUO6OIA2DvQA8L1VuzovQ,3
W8eT-Vbz7Ww,UCsCAWoG-SagS7aFuWT1IZPw,3
qL3gmlKGMdQ,UCVTKO1D_G19UlK03ezaADag,3
bTY8aPBdMok,UCVTKO1D_G19UlK03ezaADag,3
N65i9acZtIs,UCFSqAZl3AxxMyaHouB2GKSg,3
9vf4knSf0cU,UCcwu2DFi0B9WbLSoqeVH9NQ,3
1JSVEUIhiOk,UCS3Iac7JbyHzuXmYj34weRw,3
ii0VXp8DtlM,UCsCAWoG-SagS7aFuWT1IZPw,3
q3PADWNuy-g,UCQtoYB7gpftk98WsshIG_fQ,3
AjkYqxwkoKg,UCFSqAZl3AxxMyaHouB2GKSg,3
MMPfC_CX9mQ,UCnv6jJ0cdl81j1oWQYbXcsw,3
1XpeGt-DsPY,UCsCAWoG-SagS7aFuWT1IZPw,3
FP67IkygqyA,UCQtoYB7gpftk98WsshIG_fQ,3
Bou74uHCxhw,UCnv6jJ0cdl81j1oWQYbXcsw,3
SprwubZaCYE,UC7GWXKxiy9_AU9TytEh00eg,3
bddqj1-Y_g0,UCFSqAZl3AxxMyaHouB2GKSg,3
u_n_Vw0m4fg,UCQtoYB7gpftk98WsshIG_fQ,3
b9fvRhl5PVk,UC7GWXKxiy9_AU9TytEh00eg,3
kfK6yzvM8MM,UCQFWbPizb7e8IoM8kvs55cw,3
4mHnxpRlX_E,UCcwu2DFi0B9WbLSoqeVH9NQ,3
vnnDB-zRASo,UCsCAWoG-SagS7aFuWT1IZPw,3
qe1cmkUYhPw,UCPNoCO-IKY1PIQZCUqf4OfA,3
Kgg8KJ3KQHI,UCYD71_aakEU0VT6TwsvV1MA,3
MYBLhPOFXAk,UC7GWXKxiy9_AU9TytEh00eg,3
_OvxYUMP9AA,UCFSqAZl3AxxMyaHouB2GKSg,3
n7lgK1K2OK8,UCToxKVrkEuAONR4rFIJ_DyQ,3
TCPiyPot_Bc,UCsCAWoG-SagS7aFuWT1IZPw,3
qQ3vUyjykVA,UCS3Iac7JbyHzuXmYj34weRw,3
iYfoInFAruw,UCQtoYB7gpftk98WsshIG_fQ,3
WGOfOYNd9e4,UCsCAWoG-SagS7aFuWT1IZPw,3
9GHFLR_X8fg,UCnv6jJ0cdl81j1oWQYbXcsw,3
kqXK0kPLOeE,UC7GWXKxiy9_AU9TytEh00eg,3
cl8dG5EPH9k,UCFSqAZl3AxxMyaHouB2GKSg,3
rjVp9EoxXKM,UCcwu2DFi0B9WbLSoqeVH9NQ,3
QpaI7eROk-g,UC7GWXKxiy9_AU9TytEh00eg,3
yoV-VQqxHv8,UCQtoYB7gpftk98WsshIG_fQ,3
IOjUGdaEvbo,UCVTKO1D_G19UlK03ezaADag,3
uaMb63jpLaE,UCQFWbPizb7e8IoM8kvs55cw,3
AL-Px2xOuRE,UCS3Iac7JbyHzuXmYj34weRw,3
ODgcnqIaERI,UCFSqAZl3AxxMyaHouB2GKSg,3
YWMgEPgmoUg,UCRwUO6OIA2DvQA8L1VuzovQ,3
YWspgozbRd0,UCsCAWoG-SagS7aFuWT1IZPw,3
B4s_TW-EoCs,UCsCAWoG-SagS7aFuWT1IZPw,3
LnmA1eCJY08,UC7GWXKxiy9_AU9TytEh00eg,3
_D2S6IpLPGY,UCQtoYB7gpftk98WsshIG_fQ,3
nCl4nenJYDc,UCFSqAZl3AxxMyaHouB2GKSg,3
P1p9M2LAasE,UCcwu2DFi0B9WbLSoqeVH9NQ,3
DNExhhz3NiI,UCRwUO6OIA2DvQA8L1VuzovQ,3
9kuCl909VTk,UCnv6jJ0cdl81j1oWQYbXcsw,3
NPR4I9zKZr8,UC7GWXKxiy9_AU9TytEh00eg,3
zIfmhk0Y89g,UCsCAWoG-SagS7aFuWT1IZPw,3
k7OTQxHYtaA,UCYD71_aakEU0VT6TwsvV1MA,3
BNh21HZC_iw,UCFSqAZl3AxxMyaHouB2GKSg,3
js39wc_rfEw,UCS3Iac7JbyHzuXmYj34weRw,3
dYcA2LlXKWI,UCToxKVrkEuAONR4rFIJ_DyQ,3
CICO-VEfwuY,UCQFWbPizb7e8IoM8kvs55cw,3
FlzwSH46yw8,UCcwu2DFi0B9WbLSoqeVH9NQ,3
aZslKiixS0U,UCsCAWoG-SagS7aFuWT1IZPw,3
r4qhijTeV_k,UCRwUO6OIA2DvQA8L1VuzovQ,3
P0RvbCd1MLk,UCFSqAZl3AxxMyaHouB2GKSg,3
YvmSK9zmi5E,UCsCAWoG-SagS7aFuWT1IZPw,3
yZJwpgwFh00,UCS3Iac7JbyHzuXmYj34weRw,3
kKyfilPBYNU,UCVTKO1D_G19UlK03ezaADag,3
RSnDZmaxznU,UCnv6jJ0cdl81j1oWQYbXcsw,3
TaOdyeNjmak,UCnv6jJ0cdl81j1oWQYbXcsw,3
Y8byCNAJ5WM,UC7GWXKxiy9_AU9TytEh00eg,3
3AzgrZOq4jY,UCFSqAZl3AxxMyaHouB2GKSg,3
o7F5HUENjOo,UCPNoCO-IKY1PIQZCUqf4OfA,3
5tkhm8iu0SA,UCcwu2DFi0B9WbLSoqeVH9NQ,3
-V0zskmAZkA,UCVTKO1D_G19UlK03ezaADag,3
htiUOA4aWPk,UCnv6jJ0cdl81j1oWQYbXcsw,3
I42Jtg4JKhk,UCFSqAZl3AxxMyaHouB2GKSg,3
M9BV7rjTuLA,UCS3Iac7JbyHzuXmYj34weRw,3
9etTF-05ZTs,UCRwUO6OIA2DvQA8L1VuzovQ,3
PiiSvMjFgQU,UCToxKVrkEuAONR4rFIJ_DyQ,3
rq82DGFafqc,UCQtoYB7gpftk98WsshIG_fQ,3
-HucaMNezsI,UC7GWXKxiy9_AU9TytEh00eg,3
rlBkFykiT5o,UCFSqAZl3AxxMyaHouB2GKSg,3
H7NZ7S54Sis,UCS3Iac7JbyHzuXmYj34weRw,3
I56S3ag9oHk,UCVTKO1D_G19UlK03ezaADag,3
etzwIxSI3OA,UCQFWbPizb7e8IoM8kvs55cw,3
pt_qwB2yOuM,UC7GWXKxiy9_AU9TytEh00eg,3
I-P4DsPAS_4,UCFSqAZl3AxxMyaHouB2GKSg,3
SWHmpTR7QW0,UCcwu2DFi0B9WbLSoqeVH9NQ,3
uHzb5xIcGoI,UCQtoYB7gpftk98WsshIG_fQ,3
5M_sSham9Ng,UCToxKVrkEuAONR4rFIJ_DyQ,3
2Vt8nxl5rbI,UCsCAWoG-SagS7aFuWT1IZPw,3
mJVDTLVOIFY,UC7GWXKxiy9_AU9TytEh00eg,3
jPXkdPs2tBY,UCVTKO1D_G19UlK03ezaADag,3
LbizFKRqyC8,UCnv6jJ0cdl81j1oWQYbXcsw,3
DSd5OpB8Ibw,UCQtoYB7gpftk98WsshIG_fQ,3
RL02L7jMLHY,UC7GWXKxiy9_AU9TytEh00eg,3
xvJ5Lb2Y6pM,UCFSqAZl3AxxMyaHouB2GKSg,3
IMzZLdsws78,UCToxKVrkEuAONR4rFIJ_DyQ,3
c0K9BAPXdi8,UCVTKO1D_G19UlK03ezaADag,3
tQVu4aZVIE4,UCFSqAZl3AxxMyaHouB2GKSg,3
Khzrb2NrNOg,UCRwUO6OIA2DvQA8L1VuzovQ,3
nRmJ2w6QlGQ,UCVTKO1D_G19UlK03ezaADag,3
qrv83xJlm7M,UCPNoCO-IKY1PIQZCUqf4OfA,3
IVpNUobfemw,UCQtoYB7gpftk98WsshIG_fQ,3
ZzSBZq9kgv4,UCVTKO1D_G19UlK03ezaADag,3
TjjGSCRatxI,UCQtoYB7gpftk98WsshIG_fQ,3
Mor_fGyRx5Y,UC7GWXKxiy9_AU9TytEh00eg,3
uS-IxHh23AI,UCcwu2DFi0B9WbLSoqeVH9NQ,3
0B9qLuXN0JI,UCnv6jJ0cdl81j1oWQYbXcsw,3
XnN4NgpNqMY,UC7GWXKxiy9_AU9TytEh00eg,3
tn8fDHAP9DI,UCQFWbPizb7e8IoM8kvs55cw,3
js2lfxZJKL4,UCFSqAZl3AxxMyaHouB2GKSg,3
QroXoWMLckQ,UCQtoYB7gpftk98WsshIG_fQ,3
HSBeXcIj8qA,UCS3Iac7JbyHzuXmYj34weRw,3
W_URcttN_Y4,UCVTKO1D_G19UlK03ezaADag,3
hgKt07gv_do,UCToxKVrkEuAONR4rFIJ_DyQ,3
urznqQvdnNo,UCsCAWoG-SagS7aFuWT1IZPw,3
E6EHHqpSrAU,UCVTKO1D_G19UlK03ezaADag,3
XXme3ggvK1o,UCFSqAZl3AxxMyaHouB2GKSg,3
IUtvMAOEIVw,UCcwu2DFi0B9WbLSoqeVH9NQ,3
0YnUQ_4XomY,UCRwUO6OIA2DvQA8L1VuzovQ,3
zkccxB54XpI,UCVTKO1D_G19UlK03ezaADag,3
Bvu93k-CHfw,UC7GWXKxiy9_AU9TytEh00eg,3
yKrgAak9950,UCToxKVrkEuAONR4rFIJ_DyQ,3
1v0l118Ivn0,UCVTKO1D_G19UlK03ezaADag,3
UM0krVwCc6E,UCsCAWoG-SagS7aFuWT1IZPw,3
y7ISDaZU_rA,UCVTKO1D_G19UlK03ezaADag,3
z30SXAjTvCA,UCnv6jJ0cdl81j1oWQYbXcsw,3
9AXBRMNzHTI,UCQFWbPizb7e8IoM8kvs55cw,3
BGJ2NfqTcag,UCFSqAZl3AxxMyaHouB2GKSg,3
kDAanJALhHY,UCVTKO1D_G19UlK03ezaADag,3
MjKvkrOwKxA,UC7GWXKxiy9_AU9TytEh00eg,3
8sFyb_GBURo,UCsCAWoG-SagS7aFuWT1IZPw,3
Qjf9H2xEYT8,UCVTKO1D_G19UlK03ezaADag,3
F0i1VyrLxKs,UC7GWXKxiy9_AU9TytEh00eg,3
YmNJHhRDkrg,UCcwu2DFi0B9WbLSoqeVH9NQ,3
1qSVZLmWwG8,UCsCAWoG-SagS7aFuWT1IZPw,3
8swTQRK8Bog,UCPNoCO-IKY1PIQZCUqf4OfA,3
D6GaLCZxPoY,UCYD71_aakEU0VT6TwsvV1MA,3
KNs_al2frfE,UC7GWXKxiy9_AU9TytEh00eg,3
qhPUl3IvLEQ,UCQtoYB7gpftk98WsshIG_fQ,3
clu_kzD7bio,UCS3Iac7JbyHzuXmYj34weRw,3
w7aOPjd7BI0,UCVTKO1D_G19UlK03ezaADag,3
cStrOHNHS0Y,UCFSqAZl3AxxMyaHouB2GKSg,3
E3T9vrC-k_Y,UCToxKVrkEuAONR4rFIJ_DyQ,3
SPo9LFRUbts,UCsCAWoG-SagS7aFuWT1IZPw,3
u96XIDKbSCY,UCnv6jJ0cdl81j1oWQYbXcsw,3
3uENdoTZYzA,UCQtoYB7gpftk98WsshIG_fQ,3
Uzk16Ospk-E,UCQFWbPizb7e8IoM8kvs55cw,3
dy7J8txFX3Q,UC7GWXKxiy9_AU9TytEh00eg,3
5JtH1ifAraM,UCcwu2DFi0B9WbLSoqeVH9NQ,3
V0iHnDORplE,UCVTKO1D_G19UlK03ezaADag,3
PmZyVFONQDg,UCFSqAZl3AxxMyaHouB2GKSg,3
ekRLHu6Tv68,UCToxKVrkEuAONR4rFIJ_DyQ,3
6Qrs32WnPNE,UCsCAWoG-SagS7aFuWT1IZPw,3
FGYgimu1uoc,UCVTKO1D_G19UlK03ezaADag,3
igxOepVEG3M,UCVTKO1D_G19UlK03ezaADag,3
GyuLctKnY0U,UCnv6jJ0cdl81j1oWQYbXcsw,3
k0kAIOa6vbk,UCFSqAZl3AxxMyaHouB2GKSg,3
y-dmWnc-_o4,UCVTKO1D_G19UlK03ezaADag,3
-VUXWQkuR3o,UC7GWXKxiy9_AU9TytEh00eg,3
6i8d-8PhySU,UCFSqAZl3AxxMyaHouB2GKSg,3
A9Ak8pZQjTM,UC_6HKUyjbWkU2iZpnvcJdXA,3
hGxd-4RS2sE,UCToxKVrkEuAONR4rFIJ_DyQ,3
5YhhvY2vJPg,UCQtoYB7gpftk98WsshIG_fQ,3
XrMX3ze0p6o,UC7GWXKxiy9_AU9TytEh00eg,3
UPkGUVNMeTU,UCcwu2DFi0B9WbLSoqeVH9NQ,3
NJWdG0SY75c,UCVTKO1D_G19UlK03ezaADag,3
HdzsCybWXqs,UCYD71_aakEU0VT6TwsvV1MA,3
POw8KtH0N8A,UCFSqAZl3AxxMyaHouB2GKSg,3
z9WYxtT7Gg8,UCS3Iac7JbyHzuXmYj34weRw,3
ldESTTM4ZW4,UCToxKVrkEuAONR4rFIJ_DyQ,3
KeQcfY-b8wE,UCsCAWoG-SagS7aFuWT1IZPw,3
hlLKj9uL0r4,UCVTKO1D_G19UlK03ezaADag,3
rIvHlIKS6Vg,UCFSqAZl3AxxMyaHouB2GKSg,3
v88kNWf8hvM,UCQFWbPizb7e8IoM8kvs55cw,3
JEigxyivN3c,UC7GWXKxiy9_AU9TytEh00eg,3
Q8-oKn3QHcY,UCsCAWoG-SagS7aFuWT1IZPw,3
cjIl3tHe4Cc,UCPNoCO-IKY1PIQZCUqf4OfA,3
Hk4MrFkwXV4,UCRwUO6OIA2DvQA8L1VuzovQ,3
JwwiQhyEYms,UCRwUO6OIA2DvQA8L1VuzovQ,3
A5lHjsXgejs,UCVTKO1D_G19UlK03ezaADag,3
OuPu24ulakk,UCnv6jJ0cdl81j1oWQYbXcsw,3
o7pIrPeabTM,UC7GWXKxiy9_AU9TytEh00eg,3
LALx5qchFEc,UCFSqAZl3AxxMyaHouB2GKSg,3
a3s6GsIKLsM,UCcwu2DFi0B9WbLSoqeVH9NQ,3
Ci5lcXq9Kd4,UCToxKVrkEuAONR4rFIJ_DyQ,3
GTsqamyKOjE,UCS3Iac7JbyHzuXmYj34weRw,3
oR5fI2V63iI,UCRwUO6OIA2DvQA8L1VuzovQ,3
_Zh4WiBf9m4,UCRwUO6OIA2DvQA8L1VuzovQ,3
AMW-GeCJ_bs,UCVTKO1D_G19UlK03ezaADag,3
VtiMq6keNc4,UCVTKO1D_G19UlK03ezaADag,3
c8UFvp-nkeM,UCQtoYB7gpftk98WsshIG_fQ,3
YAQqSWEtUYY,UC7GWXKxiy9_AU9TytEh00eg,3
CgUENuquqQY,UCsCAWoG-SagS7aFuWT1IZPw,3
AV8o7N5wXB0,UCVTKO1D_G19UlK03ezaADag,3
wyDwaCrVG9I,UC7GWXKxiy9_AU9TytEh00eg,3
cg5-7uUyTeQ,UCcwu2DFi0B9WbLSoqeVH9NQ,3
pJKiQ5iirhw,UCRwUO6OIA2DvQA8L1VuzovQ,3
EVrmjOkspDU,UCRwUO6OIA2DvQA8L1VuzovQ,3
v2sE-ZRM1fU,UCToxKVrkEuAONR4rFIJ_DyQ,3
8Sxp5lqVwNA,UCnv6jJ0cdl81j1oWQYbXcsw,3
HXSA6xYhf9k,UCS3Iac7JbyHzuXmYj34weRw,3
W034m_7TfWw,UCVTKO1D_G19UlK03ezaADag,3
6Q7xESM0A1E,UCToxKVrkEuAONR4rFIJ_DyQ,3
E-oRSWlmM4M,UC7GWXKxiy9_AU9TytEh00eg,3
AfcFThv5dp8,UCQtoYB7gpftk98WsshIG_fQ,3
5Khw1v9fNO8,UCQFWbPizb7e8IoM8kvs55cw,3
hKmcT4Xox_g,UCcwu2DFi0B9WbLSoqeVH9NQ,3
yBspEi7PAAM,UCsCAWoG-SagS7aFuWT1IZPw,3
mZ7uRaXGc40,UCS3Iac7JbyHzuXmYj34weRw,3
eL6daAyl8UI,UCPNoCO-IKY1PIQZCUqf4OfA,3
jVYHkisgd-o,UCVTKO1D_G19UlK03ezaADag,3
Z8utwn4jYHo,UCYD71_aakEU0VT6TwsvV1MA,3
9Fu1-Ae4Ga8,UCnv6jJ0cdl81j1oWQYbXcsw,3
TDMCxei7P98,UC7GWXKxiy9_AU9TytEh00eg,3
_XLQrAV2XPk,UCVTKO1D_G19UlK03ezaADag,3
5H_6UBRInpY,UCsCAWoG-SagS7aFuWT1IZPw,3
PHZvTin_FYA,UCVTKO1D_G19UlK03ezaADag,3
GMlQrKQX9fU,UCnv6jJ0cdl81j1oWQYbXcsw,3
HhO1I1tWg9w,UCcwu2DFi0B9WbLSoqeVH9NQ,3
2wb60pe6njE,UCVTKO1D_G19UlK03ezaADag,3
eJe32O_9R8E,UC7GWXKxiy9_AU9TytEh00eg,3
uj9Q40bKQlU,UCRwUO6OIA2DvQA8L1VuzovQ,3
ZU3fvzKcHhE,UCToxKVrkEuAONR4rFIJ_DyQ,3
JNkD8oF7LpA,UCnv6jJ0cdl81j1oWQYbXcsw,3
XLq0AUu1T8o,UC7GWXKxiy9_AU9TytEh00eg,3
J-lfPY-gzXM,UCQtoYB7gpftk98WsshIG_fQ,3
pRrYkzfxAtI,UCS3Iac7JbyHzuXmYj34weRw,3
5K4CMRJYLks,UCVTKO1D_G19UlK03ezaADag,3
v0vowHYUizQ,UCPNoCO-IKY1PIQZCUqf4OfA,3
s8Xg01Ltdqs,UCcwu2DFi0B9WbLSoqeVH9NQ,3
DnVZbiEsFtk,UCToxKVrkEuAONR4rFIJ_DyQ,3
z9_FRXXsbs0,UCS3Iac7JbyHzuXmYj34weRw,3
e3I8aSjwN50,UCVTKO1D_G19UlK03ezaADag,3
AOtuhmhUVLY,UC7GWXKxiy9_AU9TytEh00eg,3
nCy6bSfJ2hU,UCQFWbPizb7e8IoM8kvs55cw,3
2uAtf9tHcmY,UCsCAWoG-SagS7aFuWT1IZPw,3
U8lUL5nidC4,UCRwUO6OIA2DvQA8L1VuzovQ,3
OwXXH6XrdME,UCVTKO1D_G19UlK03ezaADag,3
640LISDklB4,UC7GWXKxiy9_AU9TytEh00eg,3
wAXK_-lmNoU,UCToxKVrkEuAONR4rFIJ_DyQ,3
ZldlAdKVOME,UCPNoCO-IKY1PIQZCUqf4OfA,3
is8cOffo_eE,UCnv6jJ0cdl81j1oWQYbXcsw,3
AaZWyHBgjYo,UCVTKO1D_G19UlK03ezaADag,3
UJCqcOdOG-4,UCYD71_aakEU0VT6TwsvV1MA,3
TRRMEVUIkn8,UCcwu2DFi0B9WbLSoqeVH9NQ,3
Ga6GxxGPEJg,UCVTKO1D_G19UlK03ezaADag,3
nwOs2J8BN_0,UCQtoYB7gpftk98WsshIG_fQ,3
p8IQ2dtsv1M,UCsCAWoG-SagS7aFuWT1IZPw,3
n7rPUao6OcU,UCS3Iac7JbyHzuXmYj34weRw,3
XBlqyeUvAHM,UCVTKO1D_G19UlK03ezaADag,3
tQWGY6WMDtk,UCRwUO6OIA2DvQA8L1VuzovQ,3
HtjQDowkL2w,UCToxKVrkEuAONR4rFIJ_DyQ,3
mHLnZgR14J0,UCQFWbPizb7e8IoM8kvs55cw,3
vcqnqM_njCs,UC7GWXKxiy9_AU9TytEh00eg,3
95xe5GZcozE,UCcwu2DFi0B9WbLSoqeVH9NQ,3
gd27XR8GlZM,UCRwUO6OIA2DvQA8L1VuzovQ,3
mT6ZkZqDIus,UCS3Iac7JbyHzuXmYj34weRw,3
7my5tts5MTI,UCVTKO1D_G19UlK03ezaADag,3
o-Gq5zJE5gU,UCToxKVrkEuAONR4rFIJ_DyQ,3
g9V0vEMAcn8,UCnv6jJ0cdl81j1oWQYbXcsw,3
LkRW62u1Pog,UC7GWXKxiy9_AU9TytEh00eg,3
4gtB3E-6Rac,UCRwUO6OIA2DvQA8L1VuzovQ,3
IswrGrmqfWo,UCVTKO1D_G19UlK03ezaADag,3
1PpP8OCyS1U,UC7GWXKxiy9_AU9TytEh00eg,3
-vWvFEa5ffk,UCcwu2DFi0B9WbLSoqeVH9NQ,3
P8aShrn6wI4,UCS3Iac7JbyHzuXmYj34weRw,3
PW5oV6YjJ80,UCToxKVrkEuAONR4rFIJ_DyQ,3
lI4FV7kB3eM,UCRwUO6OIA2DvQA8L1VuzovQ,3
rLXM4XvCIfM,UCVTKO1D_G19UlK03ezaADag,3
CFeqnLgXa3k,UCVTKO1D_G19UlK03ezaADag,3
tvkcZR-gZyU,UCQtoYB7gpftk98WsshIG_fQ,3
V6F0oZHSQM4,UCQFWbPizb7e8IoM8kvs55cw,3
UACWk5ArT98,UCToxKVrkEuAONR4rFIJ_DyQ,3
EleQ6NhZfPw,UCPNoCO-IKY1PIQZCUqf4OfA,3
uYrOmY_8giw,UCVTKO1D_G19UlK03ezaADag,3
ako8rn60CEE,UCnv6jJ0cdl81j1oWQYbXcsw,3
NFNn91d_sZg,UCRwUO6OIA2DvQA8L1VuzovQ,3
ozil7253qng,UCsCAWoG-SagS7aFuWT1IZPw,3
0Jw5ugrKOmM,UCVTKO1D_G19UlK03ezaADag,3
F248baiqEes,UC7GWXKxiy9_AU9TytEh00eg,3
zmHxU4EC8cw,UCcwu2DFi0B9WbLSoqeVH9NQ,3
gisN-Ohb7_A,UCToxKVrkEuAONR4rFIJ_DyQ,3
KaYMhxeXcos,UC7GWXKxiy9_AU9TytEh00eg,3
9CDZvc038ZY,UCToxKVrkEuAONR4rFIJ_DyQ,3
vpTdBdSuSZM,UCS3Iac7JbyHzuXmYj34weRw,3
Kcdcxx8W62s,UCVTKO1D_G19UlK03ezaADag,3
YkHLaF3GffE,UCnv6jJ0cdl81j1oWQYbXcsw,3
yqcIt5rYI5k,UCToxKVrkEuAONR4rFIJ_DyQ,3
KZR6RVmAD5M,UCVTKO1D_G19UlK03ezaADag,3
4WgemQhRbY0,UCQFWbPizb7e8IoM8kvs55cw,3
P1X8r4c3lCA,UCcwu2DFi0B9WbLSoqeVH9NQ,3
syKUiU5dl4w,UCToxKVrkEuAONR4rFIJ_DyQ,3
SRt5HM6XLR4,UCVTKO1D_G19UlK03ezaADag,3
72gG-bcco8M,UCQtoYB7gpftk98WsshIG_fQ,3
_jJQa6cZYPw,UCToxKVrkEuAONR4rFIJ_DyQ,3
PJ0KTtIWK1g,UCS3Iac7JbyHzuXmYj34weRw,3
JWoRZekCthw,UCVTKO1D_G19UlK03ezaADag,3
xL1pkaMzGy0,UCnv6jJ0cdl81j1oWQYbXcsw,3
cKrorYZVa8s,UCVTKO1D_G19UlK03ezaADag,3
f2KQgfvuM5g,UCToxKVrkEuAONR4rFIJ_DyQ,3
zuGOoKrvtTc,UCVTKO1D_G19UlK03ezaADag,3
D9h2uaCODIM,UCcwu2DFi0B9WbLSoqeVH9NQ,3
VMJkS3Vx9IQ,UCPNoCO-IKY1PIQZCUqf4OfA,3
Mre8sKJC8VU,UCsCAWoG-SagS7aFuWT1IZPw,3
mWpiYLRS1cU,UCVTKO1D_G19UlK03ezaADag,3
1cDcoUaU6lo,UCS3Iac7JbyHzuXmYj34weRw,3
k1IFL2Hzq-8,UCnv6jJ0cdl81j1oWQYbXcsw,3
RMZ85y1NdwQ,UC7GWXKxiy9_AU9TytEh00eg,3
7wXm-hz7-xE,UCRwUO6OIA2DvQA8L1VuzovQ,3
dl7qmQJ-D6E,UCToxKVrkEuAONR4rFIJ_DyQ,3
eJBULyVfA_k,UCnv6jJ0cdl81j1oWQYbXcsw,3
qyDbzn8qNDs,UCQFWbPizb7e8IoM8kvs55cw,3
wpgqi6GtmgA,UC7GWXKxiy9_AU9TytEh00eg,3
lWzxUIWHlu4,UCVTKO1D_G19UlK03ezaADag,3
2gxBOn1IWBg,UCnv6jJ0cdl81j1oWQYbXcsw,3
zAMECMKXPR4,UCnv6jJ0cdl81j1oWQYbXcsw,3
evrIWrgdKmY,UCS3Iac7JbyHzuXmYj34weRw,3
6bUVM4zNSx4,UCVTKO1D_G19UlK03ezaADag,3
W74ULoaDb0U,UC7GWXKxiy9_AU9TytEh00eg,3
vBuZ-M3FM2c,UCcwu2DFi0B9WbLSoqeVH9NQ,3
-at_6uIwygQ,UCVTKO1D_G19UlK03ezaADag,3
hPr6eP-oKrI,UCQtoYB7gpftk98WsshIG_fQ,3
cBP9Q9IYJT8,UCRwUO6OIA2DvQA8L1VuzovQ,3
FDW2oajW1xc,UCVTKO1D_G19UlK03ezaADag,3
GWNMCAlP_3A,UCnv6jJ0cdl81j1oWQYbXcsw,3
YATBq8PmM3g,UC7GWXKxiy9_AU9TytEh00eg,3
8B5oewcdrLs,UCsCAWoG-SagS7aFuWT1IZPw,3
gb_gbycciPU,UCVTKO1D_G19UlK03ezaADag,3
NENpBmh_gXA,UC7GWXKxiy9_AU9TytEh00eg,3
7_xGKb5sBIw,UCcwu2DFi0B9WbLSoqeVH9NQ,3
BnLOIORqleg,UC_6HKUyjbWkU2iZpnvcJdXA,3
hQc4LOFU0-c,UCQtoYB7gpftk98WsshIG_fQ,3
SSd3v2EiLIA,UCToxKVrkEuAONR4rFIJ_DyQ,3
keYINGZwock,UCVTKO1D_G19UlK03ezaADag,3
QZet3ucOzs4,UCQFWbPizb7e8IoM8kvs55cw,3
wk-I6k-gm_8,UC7GWXKxiy9_AU9TytEh00eg,3
Qb4PhOgM6Cg,UCToxKVrkEuAONR4rFIJ_DyQ,3
yFUAv7LPzm0,UCVTKO1D_G19UlK03ezaADag,3
53X2j72yt0c,UC7GWXKxiy9_AU9TytEh00eg,3
-F69SSp23EQ,UCcwu2DFi0B9WbLSoqeVH9NQ,3
Doe_JQh4KLE,UCS3Iac7JbyHzuXmYj34weRw,3
r37-NLyUycA,UCRwUO6OIA2DvQA8L1VuzovQ,3
M4EDf9i8aB0,UCVTKO1D_G19UlK03ezaADag,3
BxLUgS3WahA,UC7GWXKxiy9_AU9TytEh00eg,3
OzUBC46GfTU,UCRwUO6OIA2DvQA8L1VuzovQ,3
stRzvnXFuME,UCToxKVrkEuAONR4rFIJ_DyQ,3
goYGEWeqGY0,UCPNoCO-IKY1PIQZCUqf4OfA,3
sNSGJOJWaQ0,UC7GWXKxiy9_AU9TytEh00eg,3
TYHnNi7qvqg,UCVTKO1D_G19UlK03ezaADag,3
5GOgOot4pCo,UCcwu2DFi0B9WbLSoqeVH9NQ,3
eDybmOggpP0,UCsCAWoG-SagS7aFuWT1IZPw,3
Js71nY9TvWY,UCVTKO1D_G19UlK03ezaADag,3
2ce02QC_XmI,UCnv6jJ0cdl81j1oWQYbXcsw,3
4PQmvu3b1sA,UC7GWXKxiy9_AU9TytEh00eg,3
u71IidakZew,UCnv6jJ0cdl81j1oWQYbXcsw,3
o5m-MgdFs6k,UCToxKVrkEuAONR4rFIJ_DyQ,3
cz-jlBrd2c0,UCRwUO6OIA2DvQA8L1VuzovQ,3
Wp4Jg0kOzpA,UCS3Iac7JbyHzuXmYj34weRw,3
mWIYS640yDY,UCnv6jJ0cdl81j1oWQYbXcsw,3
9p7VmHGGJsM,UCVTKO1D_G19UlK03ezaADag,3
ipcB_fYzv34,UCQFWbPizb7e8IoM8kvs55cw,3
gaKf2SfDvwQ,UCcwu2DFi0B9WbLSoqeVH9NQ,3
JQtuZq-I8vk,UCsCAWoG-SagS7aFuWT1IZPw,3
F1bs9dXZ55Q,UCToxKVrkEuAONR4rFIJ_DyQ,3
GLAQp8nNGSI,UC7GWXKxiy9_AU9TytEh00eg,3
PTirKlBkz6A,UCVTKO1D_G19UlK03ezaADag,3
ya-pcYCgK6k,UC7GWXKxiy9_AU9TytEh00eg,3
JxJiCXsW1GI,UCToxKVrkEuAONR4rFIJ_DyQ,3
zD_A6k1-woM,UCRwUO6OIA2DvQA8L1VuzovQ,3
7JUwH7sa1ZQ,UCS3Iac7JbyHzuXmYj34weRw,3
02bDrzhQglY,UCPNoCO-IKY1PIQZCUqf4OfA,3
8_L9Y-5gqXM,UCVTKO1D_G19UlK03ezaADag,3
I697yLN5SiA,UCcwu2DFi0B9WbLSoqeVH9NQ,3
T2M0U06g0cg,UCnv6jJ0cdl81j1oWQYbXcsw,3
5oa_s5w6RlI,UCVTKO1D_G19UlK03ezaADag,3
YefPXNo85e0,UCQtoYB7gpftk98WsshIG_fQ,3
6D3tbVhweSE,UC7GWXKxiy9_AU9TytEh00eg,3
xO3y0pQyPCk,UCS3Iac7JbyHzuXmYj34weRw,3
O-xugNS6ZcY,UCsCAWoG-SagS7aFuWT1IZPw,3
Lng3fmU0sIk,UCVTKO1D_G19UlK03ezaADag,3
NEO8kJXwM3A,UC7GWXKxiy9_AU9TytEh00eg,3
g15I_3SUmAQ,UCS3Iac7JbyHzuXmYj34weRw,3
zd2zFmzaGo0,UCQtoYB7gpftk98WsshIG_fQ,3
U-VUQkVuKE8,UCQtoYB7gpftk98WsshIG_fQ,3
MeUZrOoelu0,UCQFWbPizb7e8IoM8kvs55cw,3
_QKETCANX4c,UCcwu2DFi0B9WbLSoqeVH9NQ,3
gN07nZsNmwA,UCRwUO6OIA2DvQA8L1VuzovQ,3
JVwv3w6HPOI,UCVTKO1D_G19UlK03ezaADag,3
Y27F0-IlbeU,UCToxKVrkEuAONR4rFIJ_DyQ,3
B2BE7uAk5Q0,UCS3Iac7JbyHzuXmYj34weRw,3
N73WJWEyIh4,UCRwUO6OIA2DvQA8L1VuzovQ,3
6RNOAPOewgQ,UCVTKO1D_G19UlK03ezaADag,3
GQ6Y9hiixpY,UCnv6jJ0cdl81j1oWQYbXcsw,3
WA6FR2O2H7U,UC7GWXKxiy9_AU9TytEh00eg,3
x8eZ7dczCvQ,UCsCAWoG-SagS7aFuWT1IZPw,3
y3vdzhfELoY,UCQtoYB7gpftk98WsshIG_fQ,3
5eIm-X8eZFc,UCVTKO1D_G19UlK03ezaADag,3
EgRUOjsHrPk,UC7GWXKxiy9_AU9TytEh00eg,3
xZyKRL9JmyY,UCcwu2DFi0B9WbLSoqeVH9NQ,3
RjMa2eEcbh0,UCToxKVrkEuAONR4rFIJ_DyQ,3
Px0Jcmw_Ky0,UCVTKO1D_G19UlK03ezaADag,3
Vmyrfaa8-1o,UCPNoCO-IKY1PIQZCUqf4OfA,3
s0i5XXvAtWI,UCVTKO1D_G19UlK03ezaADag,3
AzjjbB789E0,UCQFWbPizb7e8IoM8kvs55cw,3
tKXH3PEeuNw,UCS3Iac7JbyHzuXmYj34weRw,3
4o3RNUhftDU,UCQtoYB7gpftk98WsshIG_fQ,3
JMumB3y27Uo,UCVTKO1D_G19UlK03ezaADag,3
LaPP0yHEGbA,UCQtoYB7gpftk98WsshIG_fQ,3
GtXUVHK2A2o,UCYD71_aakEU0VT6TwsvV1MA,3
Tvbi7xv4DPw,UC7GWXKxiy9_AU9TytEh00eg,3
tow_jGQOk6I,UCQtoYB7gpftk98WsshIG_fQ,3
tST9ozz2vBs,UCsCAWoG-SagS7aFuWT1IZPw,3
f843jjIMNvg,UCVTKO1D_G19UlK03ezaADag,3
9PznsIJd-4A,UCnv6jJ0cdl81j1oWQYbXcsw,3
YpHEJxYyEm4,UC7GWXKxiy9_AU9TytEh00eg,3
_5SB8hSDJc4,UCS3Iac7JbyHzuXmYj34weRw,3
b4dWzVOmLWk,UCcwu2DFi0B9WbLSoqeVH9NQ,3
aaVNkraRkik,UC7GWXKxiy9_AU9TytEh00eg,3
bQF0GntcquQ,UCsCAWoG-SagS7aFuWT1IZPw,3
6mWQL-gl_xI,UCVTKO1D_G19UlK03ezaADag,3
rSW8kmNy-KA,UCnv6jJ0cdl81j1oWQYbXcsw,3
RvG3lRKBm7k,UCToxKVrkEuAONR4rFIJ_DyQ,3
sWv42sQrEWI,UCnv6jJ0cdl81j1oWQYbXcsw,3
ZR3fBtUGKZ0,UC_6HKUyjbWkU2iZpnvcJdXA,3
p28T-azrReE,UC7GWXKxiy9_AU9TytEh00eg,3
_HaLHVKC3rc,UCcwu2DFi0B9WbLSoqeVH9NQ,3
42FNKvbTZdc,UCsCAWoG-SagS7aFuWT1IZPw,3
DJbJOw7HgMo,UCnv6jJ0cdl81j1oWQYbXcsw,3
AMSWdZbYNSc,UCVTKO1D_G19UlK03ezaADag,3
mPkC8zBuMq0,UCQFWbPizb7e8IoM8kvs55cw,3
AnVjE6mz4sI,UC7GWXKxiy9_AU9TytEh00eg,3
Sezjg_nFVrI,UCQtoYB7gpftk98WsshIG_fQ,3
9himcHWqPQk,UCToxKVrkEuAONR4rFIJ_DyQ,3
bGglUWh4UGg,UCsCAWoG-SagS7aFuWT1IZPw,3
RyKLgcfLFzY,UCVTKO1D_G19UlK03ezaADag,3
Bt89lHQJQ5k,UCPNoCO-IKY1PIQZCUqf4OfA,3
9Z-_i67r7uE,UCS3Iac7JbyHzuXmYj34weRw,3
jTqIZiHV7Zk,UCVTKO1D_G19UlK03ezaADag,3
p_2BDOW1aFo,UCQtoYB7gpftk98WsshIG_fQ,3
gVufzI81My4,UCQtoYB7gpftk98WsshIG_fQ,3
CIQ5doYHo-A,UCVTKO1D_G19UlK03ezaADag,3
kZ3X_Tnevig,UC7GWXKxiy9_AU9TytEh00eg,3
oexvIxBzkIQ,UCcwu2DFi0B9WbLSoqeVH9NQ,3
e2PL1NRMUhE,UCsCAWoG-SagS7aFuWT1IZPw,3
HBLsyrKOwlI,UCVTKO1D_G19UlK03ezaADag,3
ehHr1wtthvk,UCQtoYB7gpftk98WsshIG_fQ,3
2aJgW_FuX1Q,UCToxKVrkEuAONR4rFIJ_DyQ,3
NqnJ5IOak1g,UC7GWXKxiy9_AU9TytEh00eg,3
ZQuxrmi6WCY,UCRwUO6OIA2DvQA8L1VuzovQ,3
7tKLOH6QH0w,UCQtoYB7gpftk98WsshIG_fQ,3
M_p-D0UhMHk,UCVTKO1D_G19UlK03ezaADag,3
7DDo04hRvfk,UCnv6jJ0cdl81j1oWQYbXcsw,3
RwWdVsKZG-Q,UCcwu2DFi0B9WbLSoqeVH9NQ,3
JidLPiQ9MVU,UCToxKVrkEuAONR4rFIJ_DyQ,3
ntDKXXmZvU0,UCsCAWoG-SagS7aFuWT1IZPw,3
DtQDpyXAWdk,UCVTKO1D_G19UlK03ezaADag,3
osVk0gE7BDk,UCQtoYB7gpftk98WsshIG_fQ,3
ws3KWHM_CMk,UCYD71_aakEU0VT6TwsvV1MA,3
qVJRw4LyXc8,UC7GWXKxiy9_AU9TytEh00eg,3
ARU_d7PGg78,UCQFWbPizb7e8IoM8kvs55cw,3
cNVV0jRZrGk,UCRwUO6OIA2DvQA8L1VuzovQ,3
GnlByHkMM_0,UCQtoYB7gpftk98WsshIG_fQ,3
T40uCOSjIdo,UCsCAWoG-SagS7aFuWT1IZPw,3
mhVH4Oka7gc,UCVTKO1D_G19UlK03ezaADag,3
WMBx3Kuf21g,UC7GWXKxiy9_AU9TytEh00eg,3
MutiQUN4VoY,UCS3Iac7JbyHzuXmYj34weRw,3
g6gKUhR3sgM,UCToxKVrkEuAONR4rFIJ_DyQ,3
zJRzTXTCP4I,UCVTKO1D_G19UlK03ezaADag,3
TaANaWoLB8Y,UCVTKO1D_G19UlK03ezaADag,3
KD2xmeWGBFA,UCPNoCO-IKY1PIQZCUqf4OfA,3
SdrK5xFGEqQ,UCnv6jJ0cdl81j1oWQYbXcsw,3
Pws9o6IN2CQ,UCcwu2DFi0B9WbLSoqeVH9NQ,3
Ysrurbshmb0,UCsCAWoG-SagS7aFuWT1IZPw,3
GAYBmV0iQJs,UCVTKO1D_G19UlK03ezaADag,3
XlmbYbm2t-A,UCQtoYB7gpftk98WsshIG_fQ,3
OFBpg4JVtoY,UC7GWXKxiy9_AU9TytEh00eg,3
23XiuAWPrjs,UCsCAWoG-SagS7aFuWT1IZPw,3
deNtgLZt6R0,UCVTKO1D_G19UlK03ezaADag,3
IQtVCLLdIrs,UC7GWXKxiy9_AU9TytEh00eg,3
w7LMeoPxSq8,UCQtoYB7gpftk98WsshIG_fQ,3
tF73hKtsH84,UCRwUO6OIA2DvQA8L1VuzovQ,3
djQ3yGEvCag,UCToxKVrkEuAONR4rFIJ_DyQ,3
SICZmvGpkL4,UCcwu2DFi0B9WbLSoqeVH9NQ,3
vEb0QyToOq4,UCsCAWoG-SagS7aFuWT1IZPw,3
gxnMGAczw0Q,UCQtoYB7gpftk98WsshIG_fQ,3
6Sep4sw-Qk0,UCVTKO1D_G19UlK03ezaADag,3
ImtxOv9orqs,UCnv6jJ0cdl81j1oWQYbXcsw,3
0d_tn1c5xG8,UCQFWbPizb7e8IoM8kvs55cw,3
Qr1WAf_6OUg,UCToxKVrkEuAONR4rFIJ_DyQ,3
5Ip60dUVqYU,UCQtoYB7gpftk98WsshIG_fQ,3
EzlPD-O-OVM,UC7GWXKxiy9_AU9TytEh00eg,3
zV9Q5TPrSr8,UCsCAWoG-SagS7aFuWT1IZPw,3
QmS4adXxLNw,UCVTKO1D_G19UlK03ezaADag,3
6eUEacEH6OY,UCcwu2DFi0B9WbLSoqeVH9NQ,3
4hi4Cl0KQiE,UC7GWXKxiy9_AU9TytEh00eg,3
cMGDtTjc6Rw,UCToxKVrkEuAONR4rFIJ_DyQ,3
ygP6UNHVZ6c,UCQtoYB7gpftk98WsshIG_fQ,3
Qte-MgtSRvI,UCVTKO1D_G19UlK03ezaADag,3
W6D97-edl5E,UCPNoCO-IKY1PIQZCUqf4OfA,3
6mf3ape3GfE,UCVTKO1D_G19UlK03ezaADag,3
S5mvWtiQt6Y,UCnv6jJ0cdl81j1oWQYbXcsw,3
pqhP4grmB38,UCQtoYB7gpftk98WsshIG_fQ,3
mppf7LThRcI,UCsCAWoG-SagS7aFuWT1IZPw,3
StY87NfX2I8,UCRwUO6OIA2DvQA8L1VuzovQ,3
bvOM_7f5U_U,UCVTKO1D_G19UlK03ezaADag,3
uw5YnXUeLVk,UCnv6jJ0cdl81j1oWQYbXcsw,3
vNdMHQ8ifmc,UCQtoYB7gpftk98WsshIG_fQ,3
xWSCdHXyzO8,UCRwUO6OIA2DvQA8L1VuzovQ,3
HHbUNytsSMc,UCsCAWoG-SagS7aFuWT1IZPw,3
5leqMRKWhRU,UCQtoYB7gpftk98WsshIG_fQ,3
3XcAL-6unRE,UCS3Iac7JbyHzuXmYj34weRw,3
eLFl1QUlXO0,UCcwu2DFi0B9WbLSoqeVH9NQ,3
ufvItgVhnwg,UC7GWXKxiy9_AU9TytEh00eg,3
3d1iW7-uXd4,UCVTKO1D_G19UlK03ezaADag,3
p-EnaottqwQ,UCToxKVrkEuAONR4rFIJ_DyQ,3
9Q5i0jPKJco,UCS3Iac7JbyHzuXmYj34weRw,3
VKYDXTHhmzc,UCnv6jJ0cdl81j1oWQYbXcsw,3
9qpUjZceerM,UCQtoYB7gpftk98WsshIG_fQ,3
K3vL0fHRkfU,UC7GWXKxiy9_AU9TytEh00eg,3
nYjv07XMGHo,UCsCAWoG-SagS7aFuWT1IZPw,3
u7cvKw4qBCY,UCVTKO1D_G19UlK03ezaADag,3
YUJF5D2CD4E,UCToxKVrkEuAONR4rFIJ_DyQ,3
RnANDJtF1bw,UCsCAWoG-SagS7aFuWT1IZPw,3
L6sktgM3Ilw,UCRwUO6OIA2DvQA8L1VuzovQ,3
4evz00zypWc,UCVTKO1D_G19UlK03ezaADag,3
wkXlA3ZegMM,UCQtoYB7gpftk98WsshIG_fQ,3
8nIg21Jzprs,UCQFWbPizb7e8IoM8kvs55cw,3
ezhC8pu-sEs,UC7GWXKxiy9_AU9TytEh00eg,3
NlUbTr8LnSM,UCcwu2DFi0B9WbLSoqeVH9NQ,3
GVNAK6IxVbE,UCS3Iac7JbyHzuXmYj34weRw,3
NRve2lO0700,UCVTKO1D_G19UlK03ezaADag,3
u8Yoe1s8NOY,UCQtoYB7gpftk98WsshIG_fQ,3
17Tfbykpw2o,UC7GWXKxiy9_AU9TytEh00eg,3
zyJ87IIZkm0,UCToxKVrkEuAONR4rFIJ_DyQ,3
6HKmzgURpgM,UCsCAWoG-SagS7aFuWT1IZPw,3
-Z-n8OWeTwM,UCRwUO6OIA2DvQA8L1VuzovQ,3
LcjNL2URuSs,UCVTKO1D_G19UlK03ezaADag,3
8ccUHg1W76E,UCQtoYB7gpftk98WsshIG_fQ,3
-Ptv9_IQ6iQ,UCPNoCO-IKY1PIQZCUqf4OfA,3
zSDySnzu2m0,UCVTKO1D_G19UlK03ezaADag,3
m2MHEXn-OwY,UCnv6jJ0cdl81j1oWQYbXcsw,3
irm6DqAlWU4,UCVTKO1D_G19UlK03ezaADag,3
eOB1F-rU_e8,UCQtoYB7gpftk98WsshIG_fQ,3
ydh7B0C11Dc,UCcwu2DFi0B9WbLSoqeVH9NQ,3
Q-dmx3dRuFY,UCsCAWoG-SagS7aFuWT1IZPw,3
a_qvtzNO4z4,UCRwUO6OIA2DvQA8L1VuzovQ,3
2AmnBFzW07I,UCQtoYB7gpftk98WsshIG_fQ,3
2uybXO3IEXI,UCS3Iac7JbyHzuXmYj34weRw,3
ixjzU7Rdkcs,UC7GWXKxiy9_AU9TytEh00eg,3
e8mYBjmUkoQ,UCToxKVrkEuAONR4rFIJ_DyQ,3
IgMHxqzsB6k,UCQtoYB7gpftk98WsshIG_fQ,3
zfP9M6iAj-k,UC7GWXKxiy9_AU9TytEh00eg,3
dSOw5EWrpRQ,UCS3Iac7JbyHzuXmYj34weRw,3
Hgw1QHUR_8w,UCQtoYB7gpftk98WsshIG_fQ,3
bBVDeeZAosQ,UCnv6jJ0cdl81j1oWQYbXcsw,3
IxWFi-E5lQs,UCcwu2DFi0B9WbLSoqeVH9NQ,3
TkOkAuz2_N8,UCToxKVrkEuAONR4rFIJ_DyQ,3
NiS9GaR1jVI,UCsCAWoG-SagS7aFuWT1IZPw,3
2tCk87nc7H4,UCYD71_aakEU0VT6TwsvV1MA,3
gTigxhpo7Ik,UC_6HKUyjbWkU2iZpnvcJdXA,3
EXKebX6nUjQ,UCQtoYB7gpftk98WsshIG_fQ,3
ZgMVwyq11xg,UCQFWbPizb7e8IoM8kvs55cw,3
FGjoHPsemg4,UCsCAWoG-SagS7aFuWT1IZPw,3
hECPhKOMGn0,UCRwUO6OIA2DvQA8L1VuzovQ,3
OGsyWIy143E,UC7GWXKxiy9_AU9TytEh00eg,3
lSDVCQjLOBA,UCToxKVrkEuAONR4rFIJ_DyQ,3
_XQk0Y7XGp0,UCVTKO1D_G19UlK03ezaADag,3
qJ4-0D8RBfA,UCVTKO1D_G19UlK03ezaADag,3
4MaQ5H649eM,UCPNoCO-IKY1PIQZCUqf4OfA,3
y4USY_hHntM,UCnv6jJ0cdl81j1oWQYbXcsw,3
ffWQDeJJxHI,UCQtoYB7gpftk98WsshIG_fQ,3
YGu-WsUFjQc,UCcwu2DFi0B9WbLSoqeVH9NQ,3
dCW5sdmNneA,UCsCAWoG-SagS7aFuWT1IZPw,3
dghiyqGw648,UCS3Iac7JbyHzuXmYj34weRw,3
RfEQ1hvjzCA,UCRwUO6OIA2DvQA8L1VuzovQ,3
PtJBtcP_m5E,UC7GWXKxiy9_AU9TytEh00eg,3
ZeQ0wjw1uek,UCToxKVrkEuAONR4rFIJ_DyQ,3
K3nXbKKqXoc,UCnv6jJ0cdl81j1oWQYbXcsw,3
Cs1D0sa_v0I,UC7GWXKxiy9_AU9TytEh00eg,3
6TGc8PHhjhE,UCcwu2DFi0B9WbLSoqeVH9NQ,3
GwUQNJdAJTo,UCRwUO6OIA2DvQA8L1VuzovQ,3
UwXM_0KpNJQ,UCToxKVrkEuAONR4rFIJ_DyQ,3
_OI7yGpFQ-A,UCsCAWoG-SagS7aFuWT1IZPw,3
jUo9gD6-DxI,UCQFWbPizb7e8IoM8kvs55cw,3
hEwxTFrC8bg,UCsCAWoG-SagS7aFuWT1IZPw,3
dg90jmsUipI,UCcwu2DFi0B9WbLSoqeVH9NQ,3
OEgoqJCm5fk,UCS3Iac7JbyHzuXmYj34weRw,3
zd2rGDwPYPo,UCVTKO1D_G19UlK03ezaADag,3
zFZ3Y_BqQY0,UCVTKO1D_G19UlK03ezaADag,3
OuS-EwW__4g,UCPNoCO-IKY1PIQZCUqf4OfA,3
1UNnERbrFXw,UCnv6jJ0cdl81j1oWQYbXcsw,3
yyTLVJbuEFQ,UCToxKVrkEuAONR4rFIJ_DyQ,3
lknAPZTZiXE,UCRwUO6OIA2DvQA8L1VuzovQ,3
96pyT6DbOfQ,UCsCAWoG-SagS7aFuWT1IZPw,3
rKsRGP8dJHU,UCnv6jJ0cdl81j1oWQYbXcsw,3
ZjrWRL1V7ys,UCS3Iac7JbyHzuXmYj34weRw,3
qd8Ca-77J88,UC7GWXKxiy9_AU9TytEh00eg,3
5N8mLPU20uw,UCcwu2DFi0B9WbLSoqeVH9NQ,3
Zpn-A5cqbMM,UCToxKVrkEuAONR4rFIJ_DyQ,3
qas1xSf-dWU,UC7GWXKxiy9_AU9TytEh00eg,3
NeOKPzlzC8E,UCRwUO6OIA2DvQA8L1VuzovQ,3
EmzZC0S5QbI,UCToxKVrkEuAONR4rFIJ_DyQ,3
0yxdJ8ZmsXg,UCsCAWoG-SagS7aFuWT1IZPw,3
auHNYyZBqhE,UCQFWbPizb7e8IoM8kvs55cw,3
9ng64LYhisc,UC7GWXKxiy9_AU9TytEh00eg,3
NEbpK-ppRiM,UCcwu2DFi0B9WbLSoqeVH9NQ,3
TNpT3qLC-LM,UCRwUO6OIA2DvQA8L1VuzovQ,3
uP_yW0NAoDY,UCsCAWoG-SagS7aFuWT1IZPw,3
w20NnvkWMVo,UCYD71_aakEU0VT6TwsvV1MA,3
UlJFMkhXSlw,UC7GWXKxiy9_AU9TytEh00eg,3
n9N_D2c001A,UCToxKVrkEuAONR4rFIJ_DyQ,3
zI8_YoBl9Do,UCS3Iac7JbyHzuXmYj34weRw,3
U9i2QlEjdC4,UCVTKO1D_G19UlK03ezaADag,3
2p2wmIB8In0,UCVTKO1D_G19UlK03ezaADag,3
4hQI2RKbX34,UCPNoCO-IKY1PIQZCUqf4OfA,3
u8QeuPCS1rA,UCVTKO1D_G19UlK03ezaADag,3
3CiaTubbDT4,UCnv6jJ0cdl81j1oWQYbXcsw,3
Xx1wHGAwO1c,UCVTKO1D_G19UlK03ezaADag,3
w_I8kVUaCP4,UC7GWXKxiy9_AU9TytEh00eg,3
OWSa1CR9H0A,UCRwUO6OIA2DvQA8L1VuzovQ,3
oeiGu2GH2q8,UCsCAWoG-SagS7aFuWT1IZPw,3
7-rrQKQzIOA,UCVTKO1D_G19UlK03ezaADag,3
h8Z8VwQH9Tg,UC7GWXKxiy9_AU9TytEh00eg,3
jf0X111ghfI,UCcwu2DFi0B9WbLSoqeVH9NQ,3
8NS5RF_Sk_0,UCsCAWoG-SagS7aFuWT1IZPw,3
SWj1lXNdw_I,UCVTKO1D_G19UlK03ezaADag,3
F3ucbPrJSRU,UCToxKVrkEuAONR4rFIJ_DyQ,3
29txm9bpcqA,UCnv6jJ0cdl81j1oWQYbXcsw,3
uLtAqQdk1xw,UC7GWXKxiy9_AU9TytEh00eg,3
HpzfpauoCZk,UCVTKO1D_G19UlK03ezaADag,3
BJz9Fvy_pfM,UCToxKVrkEuAONR4rFIJ_DyQ,3
7cp-s4gG-ks,UCQFWbPizb7e8IoM8kvs55cw,3
ASsXWUohaFM,UC7GWXKxiy9_AU9TytEh00eg,3
hwyyFLPszz4,UCcwu2DFi0B9WbLSoqeVH9NQ,3
KLTOboF4ddU,UCS3Iac7JbyHzuXmYj34weRw,3
27lMaaYmqVA,UCsCAWoG-SagS7aFuWT1IZPw,3
Yhxm7EJyD9A,UCRwUO6OIA2DvQA8L1VuzovQ,3
T9zJ7AlwDvs,UCnv6jJ0cdl81j1oWQYbXcsw,3
3unDD5nQAeM,UC_6HKUyjbWkU2iZpnvcJdXA,3
T0Do9-yRAzM,UC7GWXKxiy9_AU9TytEh00eg,3
dr1yeRbHyoM,UCsCAWoG-SagS7aFuWT1IZPw,3
etXrbbK40Gc,UCVTKO1D_G19UlK03ezaADag,3
bm8sr9IiI9k,UCVTKO1D_G19UlK03ezaADag,3
cArx8w17bk4,UCPNoCO-IKY1PIQZCUqf4OfA,3
3Hlp7j8MCyQ,UCsCAWoG-SagS7aFuWT1IZPw,3
-DvvQ-7cWbs,UCYD71_aakEU0VT6TwsvV1MA,3
1Z50VKR0La0,UCcwu2DFi0B9WbLSoqeVH9NQ,3
vnaZYpEwt6o,UCVTKO1D_G19UlK03ezaADag,3
oI90AYgYF0s,UCsCAWoG-SagS7aFuWT1IZPw,3
5f3h8UuBuWE,UCYD71_aakEU0VT6TwsvV1MA,3
5bjK-OhFQpA,UCVTKO1D_G19UlK03ezaADag,3
amZppQW3mV8,UCToxKVrkEuAONR4rFIJ_DyQ,3
Y9d7qMY8hE0,UCnv6jJ0cdl81j1oWQYbXcsw,3
TmnAFGZOqko,UCQFWbPizb7e8IoM8kvs55cw,3
RBop1DxO_2k,UCnv6jJ0cdl81j1oWQYbXcsw,3
_hPPC0ZFJhk,UCVTKO1D_G19UlK03ezaADag,3
byjam7K1u8U,UC7GWXKxiy9_AU9TytEh00eg,3
gsA6xyG5eeY,UCsCAWoG-SagS7aFuWT1IZPw,3
O5mCulxN3hM,UCcwu2DFi0B9WbLSoqeVH9NQ,3
MzD0rDApBHk,UCsCAWoG-SagS7aFuWT1IZPw,3
8FINIInWDiw,UCRwUO6OIA2DvQA8L1VuzovQ,3
YXbeM6NibAc,UCPNoCO-IKY1PIQZCUqf4OfA,3
_KhGHF3EGeQ,UCnv6jJ0cdl81j1oWQYbXcsw,3
Oyw9nQpvZlU,UCVTKO1D_G19UlK03ezaADag,3
Q48halz70-g,UC7GWXKxiy9_AU9TytEh00eg,3
rM-JV8kDJ3A,UCVTKO1D_G19UlK03ezaADag,3
HfgDtuEcxhI,UCToxKVrkEuAONR4rFIJ_DyQ,3
IjZqUrwCFBI,UCYD71_aakEU0VT6TwsvV1MA,3
AIJTFB9tvFU,UCQFWbPizb7e8IoM8kvs55cw,3
TCu9a4POu6A,UCVTKO1D_G19UlK03ezaADag,3
_HYCI3ov0fw,UCsCAWoG-SagS7aFuWT1IZPw,3
wrBrEMPyRck,UCVTKO1D_G19UlK03ezaADag,3
H26LxKEJNqE,UCVTKO1D_G19UlK03ezaADag,3
nkj7u0g5zAo,UCnv6jJ0cdl81j1oWQYbXcsw,3
ReSDaojjEXM,UCcwu2DFi0B9WbLSoqeVH9NQ,3
hq98HYTLPTg,UCRwUO6OIA2DvQA8L1VuzovQ,3
MaU0qOgJzKY,UCYD71_aakEU0VT6TwsvV1MA,3
nPiTuRCzlRI,UCsCAWoG-SagS7aFuWT1IZPw,3
RVQpzk8NGPo,UCnv6jJ0cdl81j1oWQYbXcsw,3
078nTRBt2zg,UC7GWXKxiy9_AU9TytEh00eg,3
_zpr8lo1XCQ,UCToxKVrkEuAONR4rFIJ_DyQ,3
9sY74GGe1O4,UCQFWbPizb7e8IoM8kvs55cw,3
xv9bfKmFc6E,UC7GWXKxiy9_AU9TytEh00eg,3
QpqVpMNKLek,UCcwu2DFi0B9WbLSoqeVH9NQ,3
iuLDuo8rbyY,UCPNoCO-IKY1PIQZCUqf4OfA,3
vfcDpFjj1r8,UCnv6jJ0cdl81j1oWQYbXcsw,3
LqbgfvzII60,UCToxKVrkEuAONR4rFIJ_DyQ,3
GW0kZGvc6SQ,UCRwUO6OIA2DvQA8L1VuzovQ,3
XDsETWrO_wg,UC7GWXKxiy9_AU9TytEh00eg,3
_qyJJ-pTRXU,UCsCAWoG-SagS7aFuWT1IZPw,3
DV4-l3yyetw,UCnv6jJ0cdl81j1oWQYbXcsw,3
iGmzOsEkK1g,UCnv6jJ0cdl81j1oWQYbXcsw,3
Euv6hE21vlQ,UCnv6jJ0cdl81j1oWQYbXcsw,3
pPteEAqPNpg,UCQFWbPizb7e8IoM8kvs55cw,3
0WeQiZzLX2w,UC_6HKUyjbWkU2iZpnvcJdXA,3
zRdanlyQiPk,UC7GWXKxiy9_AU9TytEh00eg,3
82lL8jBzTLs,UCcwu2DFi0B9WbLSoqeVH9NQ,3
6jcMqhnUrDI,UCsCAWoG-SagS7aFuWT1IZPw,3
zXjIkSFOgJs,UCVTKO1D_G19UlK03ezaADag,3
QITqfW89R3M,UCPNoCO-IKY1PIQZCUqf4OfA,3
yz-L0utJIR8,UCPNoCO-IKY1PIQZCUqf4OfA,3
_0jvdgF3oI8,UCVTKO1D_G19UlK03ezaADag,3
B_3vN12YJ5Y,UCnv6jJ0cdl81j1oWQYbXcsw,3
gR1bBdMbnSc,UCudi3Og-hkRW0HRkiWj2LVw,3
wU9HnzbQAEM,UCsCAWoG-SagS7aFuWT1IZPw,3
tA7Xoi920Yw,UCRwUO6OIA2DvQA8L1VuzovQ,3
udHH6we7DmA,UCnv6jJ0cdl81j1oWQYbXcsw,3
N2a7dttrrAY,UCS3Iac7JbyHzuXmYj34weRw,3
bAobpmf84HE,UCsCAWoG-SagS7aFuWT1IZPw,3
lriEIptRaR8,UC7GWXKxiy9_AU9TytEh00eg,3
aIZhTVSDVfU,UCcwu2DFi0B9WbLSoqeVH9NQ,3
zofiNxYZ2D4,UCToxKVrkEuAONR4rFIJ_DyQ,3
GDnClz8pV0I,UC7GWXKxiy9_AU9TytEh00eg,3
yOYM-1tTKNU,UCsCAWoG-SagS7aFuWT1IZPw,3
nCPKRva5KM4,UCudi3Og-hkRW0HRkiWj2LVw,3
g3U6AfueRMY,UCRwUO6OIA2DvQA8L1VuzovQ,3
Ncx4DkTb4ig,UCnv6jJ0cdl81j1oWQYbXcsw,3
cEvQDzJtnUo,UCz_yrc3BO9ve7UgDGZn4dig,3
lE9bkZ4fYnQ,UCS3Iac7JbyHzuXmYj34weRw,3
lBdJ3w4U-jc,UCnv6jJ0cdl81j1oWQYbXcsw,3
etxUZBH3PpY,UCS3Iac7JbyHzuXmYj34weRw,3
sHbxJvqYlhQ,UCS3Iac7JbyHzuXmYj34weRw,3
Wr-0yLU7G00,UCsCAWoG-SagS7aFuWT1IZPw,3
sgBC4cnN2wc,UCQFWbPizb7e8IoM8kvs55cw,3
xOZusslvyHE,UCcwu2DFi0B9WbLSoqeVH9NQ,3
M92AVCYbyUk,UCS3Iac7JbyHzuXmYj34weRw,3
RfZ6gdW6EXQ,UCnv6jJ0cdl81j1oWQYbXcsw,3
MzHuFwXUgBY,UC7GWXKxiy9_AU9TytEh00eg,3
eQWMQXONJPg,UCw-WWK1U5Nlds-ydZNCrkcg,3
Mmqcv1BXvPY,UCudi3Og-hkRW0HRkiWj2LVw,3
v3YV-66Qx6U,UCRwUO6OIA2DvQA8L1VuzovQ,3
qMvmmBuq1g8,UCPNoCO-IKY1PIQZCUqf4OfA,3
3LIUWbB2Czc,UCnv6jJ0cdl81j1oWQYbXcsw,3
ez8p6iNbZy0,UCVTKO1D_G19UlK03ezaADag,3
b7Pcg6oL9BI,UCudi3Og-hkRW0HRkiWj2LVw,3
vAMXJr_IwHs,UCcwu2DFi0B9WbLSoqeVH9NQ,3
60t-tiGroJ8,UC7GWXKxiy9_AU9TytEh00eg,3
9vGnzTdGR58,UCsCAWoG-SagS7aFuWT1IZPw,3
pQ5WeYFiyOI,UCRwUO6OIA2DvQA8L1VuzovQ,3
6YtErUbyD5s,UCS3Iac7JbyHzuXmYj34weRw,3
qAo0Zvw-8qY,UCsCAWoG-SagS7aFuWT1IZPw,3
8Vq3kG4dHdo,UCudi3Og-hkRW0HRkiWj2LVw,3
mBV0VdKNOUs,UCToxKVrkEuAONR4rFIJ_DyQ,3
xsafSnikUIU,UCnv6jJ0cdl81j1oWQYbXcsw,3
mPN0ls6PziI,UC7GWXKxiy9_AU9TytEh00eg,3
6ooEEe21z8U,UCsCAWoG-SagS7aFuWT1IZPw,3
4rENBmggXVM,UCRwUO6OIA2DvQA8L1VuzovQ,3
Y4LGUteMpT8,UCcwu2DFi0B9WbLSoqeVH9NQ,3
qslmqWY5GuM,UCsCAWoG-SagS7aFuWT1IZPw,3
M6BTSepcklg,UCnv6jJ0cdl81j1oWQYbXcsw,3
VzbQr297fbA,UCRwUO6OIA2DvQA8L1VuzovQ,3
Q3d7Vt7b9HY,UCQFWbPizb7e8IoM8kvs55cw,3
aEhWuv_hHiQ,UCToxKVrkEuAONR4rFIJ_DyQ,3
BhnoU_3BHZg,UC7GWXKxiy9_AU9TytEh00eg,3
k0OnaXQXnjY,UCS3Iac7JbyHzuXmYj34weRw,3
aOmThdHuFlY,UCudi3Og-hkRW0HRkiWj2LVw,3
ouAdu_E3tBg,UC7GWXKxiy9_AU9TytEh00eg,3
guPRqVi3cuI,UCPNoCO-IKY1PIQZCUqf4OfA,3
zyUxjP34CyQ,UCudi3Og-hkRW0HRkiWj2LVw,3
K9CzAr-Q3zo,UCVTKO1D_G19UlK03ezaADag,3
Z3v2KhfI6Jo,UCPNoCO-IKY1PIQZCUqf4OfA,3
3BmeVvRP2aM,UCRwUO6OIA2DvQA8L1VuzovQ,3
ENMOZB7U3sc,UCVTKO1D_G19UlK03ezaADag,3
wTEvTxsPJ8M,UCcwu2DFi0B9WbLSoqeVH9NQ,3
T6NESPrLXcA,UCudi3Og-hkRW0HRkiWj2LVw,3
ChPePius7M8,UCsCAWoG-SagS7aFuWT1IZPw,3
SvzBuZe_u-0,UCnv6jJ0cdl81j1oWQYbXcsw,3
L8XqzfbFqnU,UCToxKVrkEuAONR4rFIJ_DyQ,3
d37s1N84zew,UCnv6jJ0cdl81j1oWQYbXcsw,3
Of1jFz_vsCQ,UC7GWXKxiy9_AU9TytEh00eg,3
ibU8ZQGt83U,UCsCAWoG-SagS7aFuWT1IZPw,3
c_klAgBG2eE,UCRwUO6OIA2DvQA8L1VuzovQ,3
JXYU_eZwhSI,UCnv6jJ0cdl81j1oWQYbXcsw,3
qEZ88aSIyEE,UC7GWXKxiy9_AU9TytEh00eg,3
LQfB9-2C37o,UCToxKVrkEuAONR4rFIJ_DyQ,3
kawSqDh1jps,UC7GWXKxiy9_AU9TytEh00eg,3
N4nvl7lOuEc,UCcwu2DFi0B9WbLSoqeVH9NQ,3
j_gFKvFhWjc,UCudi3Og-hkRW0HRkiWj2LVw,3
CMjaAzQI5g8,UCudi3Og-hkRW0HRkiWj2LVw,3
POCkSNBLRao,UCRwUO6OIA2DvQA8L1VuzovQ,3
Ey6aAd8kGTA,UCQFWbPizb7e8IoM8kvs55cw,3
vycS-YXWJjE,UCnv6jJ0cdl81j1oWQYbXcsw,3
9Y1di-zR78E,UCToxKVrkEuAONR4rFIJ_DyQ,3
8Doq9u1A7ko,UCsCAWoG-SagS7aFuWT1IZPw,3
-8rN5J8Ih9w,UCnv6jJ0cdl81j1oWQYbXcsw,3
tYKzTi_ZnC0,UCudi3Og-hkRW0HRkiWj2LVw,3
56mV2jsYn2c,UCRwUO6OIA2DvQA8L1VuzovQ,3
usgIQqPz_nY,UCYD71_aakEU0VT6TwsvV1MA,3
Ptobrr5IR3s,UCnv6jJ0cdl81j1oWQYbXcsw,3
kdBlclgugwQ,UC7GWXKxiy9_AU9TytEh00eg,3
-FcYeN0BLfg,UC_6HKUyjbWkU2iZpnvcJdXA,3
uZcu_SstIu0,UCcwu2DFi0B9WbLSoqeVH9NQ,3
jp9Jp4HU5cY,UCVTKO1D_G19UlK03ezaADag,3
NQjpawzKf-I,UCToxKVrkEuAONR4rFIJ_DyQ,3
cB9mry0nyqQ,UCsCAWoG-SagS7aFuWT1IZPw,3
kG1CUPdeqyQ,UCVTKO1D_G19UlK03ezaADag,3
G1cTmguHLj0,UCVTKO1D_G19UlK03ezaADag,3
Cz9WgJvK6r0,UCPNoCO-IKY1PIQZCUqf4OfA,3
C2WLxZL9r3M,UCVTKO1D_G19UlK03ezaADag,3
lczbhrYUWVs,UCnv6jJ0cdl81j1oWQYbXcsw,3
Q4AOd-JydIk,UCnv6jJ0cdl81j1oWQYbXcsw,3
s--cQsTzSj4,UCudi3Og-hkRW0HRkiWj2LVw,3
RXeaKepkLWI,UCRwUO6OIA2DvQA8L1VuzovQ,3
bJ2-thRhh6c,UCnv6jJ0cdl81j1oWQYbXcsw,3
52xdO1wZaKA,UCnv6jJ0cdl81j1oWQYbXcsw,3
gW_xz4oBYF8,UCnv6jJ0cdl81j1oWQYbXcsw,3
CaLAMSU6RYQ,UCsCAWoG-SagS7aFuWT1IZPw,3
3JiTnO2nskY,UCnv6jJ0cdl81j1oWQYbXcsw,3
RfJEbJZnuP8,UC7GWXKxiy9_AU9TytEh00eg,3
xPwLUusnxyc,UCcwu2DFi0B9WbLSoqeVH9NQ,3
ho9cWAokqsQ,UC_6HKUyjbWkU2iZpnvcJdXA,3
kLyp8dlHcps,UCVTKO1D_G19UlK03ezaADag,3
IZeODedb9kU,UCsCAWoG-SagS7aFuWT1IZPw,3
AERmKKvyxmY,UCudi3Og-hkRW0HRkiWj2LVw,3
V0qsVaZWk7w,UCToxKVrkEuAONR4rFIJ_DyQ,3
81oV90YfKoI,UCnv6jJ0cdl81j1oWQYbXcsw,3
Kohw5C2gfpM,UC7GWXKxiy9_AU9TytEh00eg,3
iSbEzSIVtxI,UCVTKO1D_G19UlK03ezaADag,3
IzE53TUMsVE,UCS3Iac7JbyHzuXmYj34weRw,3
isDmxYG5jH0,UCRwUO6OIA2DvQA8L1VuzovQ,3
6X04hMjyRDI,UCnv6jJ0cdl81j1oWQYbXcsw,3
1e_IF_j3wRM,UCnv6jJ0cdl81j1oWQYbXcsw,3
jSr8SIq2zfY,UCudi3Og-hkRW0HRkiWj2LVw,3
pLB4i_Q0LA0,UCsCAWoG-SagS7aFuWT1IZPw,3
0WWpo6yZoA0,UCToxKVrkEuAONR4rFIJ_DyQ,3
DG8T2WJ3z0g,UCnv6jJ0cdl81j1oWQYbXcsw,3
jFNFWmnbXvo,UCQFWbPizb7e8IoM8kvs55cw,3
_XiGxqhtcWA,UC7GWXKxiy9_AU9TytEh00eg,3
l0QNQY2RtKY,UCcwu2DFi0B9WbLSoqeVH9NQ,3
pJfy26N8IEo,UCsCAWoG-SagS7aFuWT1IZPw,3
pIhCs0KaTV0,UC7GWXKxiy9_AU9TytEh00eg,3
JjIbIYlLu5A,UCnv6jJ0cdl81j1oWQYbXcsw,3
yRXWGYl7LqI,UCVTKO1D_G19UlK03ezaADag,3
rwb6UMgnl10,UCToxKVrkEuAONR4rFIJ_DyQ,3
dqirKB4PFNQ,UCsCAWoG-SagS7aFuWT1IZPw,3
Q4NFvuW5po8,UCudi3Og-hkRW0HRkiWj2LVw,3
s1_73hXcA2c,UCVTKO1D_G19UlK03ezaADag,3
xdV0wDUv0GE,UCPNoCO-IKY1PIQZCUqf4OfA,3
QfzQXHPypws,UCVTKO1D_G19UlK03ezaADag,3
--qUpVL9YJA,UCnv6jJ0cdl81j1oWQYbXcsw,3
IWAqyOe0ZBY,UCnv6jJ0cdl81j1oWQYbXcsw,3
2BRdSPvWKMI,UCRwUO6OIA2DvQA8L1VuzovQ,3
1cLTf8OUNDE,UCcwu2DFi0B9WbLSoqeVH9NQ,3
M36BNELUdSg,UCsCAWoG-SagS7aFuWT1IZPw,3
XnPeyz8rPeU,UCYD71_aakEU0VT6TwsvV1MA,3
DIG1ACdhv7c,UCnv6jJ0cdl81j1oWQYbXcsw,3
_OWkZ0SYjJI,UCRwUO6OIA2DvQA8L1VuzovQ,3
B4rm4wrVLNc,UCudi3Og-hkRW0HRkiWj2LVw,3
IONkeacbhJ0,UCToxKVrkEuAONR4rFIJ_DyQ,3
NCs9OyN70TU,UCnv6jJ0cdl81j1oWQYbXcsw,3
iXOVCHYkwsE,UCudi3Og-hkRW0HRkiWj2LVw,3
gUkILRqPswk,UCPNoCO-IKY1PIQZCUqf4OfA,3
5RwcbEUtbcI,UCcwu2DFi0B9WbLSoqeVH9NQ,3
dr9fK2Z6VeY,UCToxKVrkEuAONR4rFIJ_DyQ,3
8WVJrf8TF7o,UCsCAWoG-SagS7aFuWT1IZPw,3
pW5odyBNa7Y,UCRwUO6OIA2DvQA8L1VuzovQ,3
Lv8_XtDbtxY,UCnv6jJ0cdl81j1oWQYbXcsw,3
osooHLKhtx0,UCQFWbPizb7e8IoM8kvs55cw,3
m7rWfgQ6sXI,UCsCAWoG-SagS7aFuWT1IZPw,3
XQUgvOMb7N0,UCVTKO1D_G19UlK03ezaADag,3
C64jai3mF1A,UCToxKVrkEuAONR4rFIJ_DyQ,3
J7L_NA9CLp4,UCVTKO1D_G19UlK03ezaADag,3
RLcIilC2C2c,UCPNoCO-IKY1PIQZCUqf4OfA,3
reZ2COlTaFg,UCVTKO1D_G19UlK03ezaADag,3
_zhKkUkj22E,UCnv6jJ0cdl81j1oWQYbXcsw,3
bEvqID7I5J8,UCcwu2DFi0B9WbLSoqeVH9NQ,3
woK_9t83qYI,UCS3Iac7JbyHzuXmYj34weRw,3
WJddkhOiTiQ,UCRwUO6OIA2DvQA8L1VuzovQ,3
aO6HpN87zDs,UCudi3Og-hkRW0HRkiWj2LVw,3
DhgEDc83vRY,UCsCAWoG-SagS7aFuWT1IZPw,3
ILXQncUvWhw,UCToxKVrkEuAONR4rFIJ_DyQ,3
qpv_S1EZ548,UCnv6jJ0cdl81j1oWQYbXcsw,3
FZtBPJo6cpc,UCz_yrc3BO9ve7UgDGZn4dig,3
fAiaytQRzJ8,UCcwu2DFi0B9WbLSoqeVH9NQ,3
6lynM4fLrtg,UC_6HKUyjbWkU2iZpnvcJdXA,3
DlO_WZR9_2c,UCsCAWoG-SagS7aFuWT1IZPw,3
wdOU_znozCI,UCYD71_aakEU0VT6TwsvV1MA,3
-KTeSggoYcw,UCRwUO6OIA2DvQA8L1VuzovQ,3
BeP9xXEzB0c,UCudi3Og-hkRW0HRkiWj2LVw,3
z0caPPpnqMg,UCsCAWoG-SagS7aFuWT1IZPw,3
l0wzzVcLwPc,UCToxKVrkEuAONR4rFIJ_DyQ,3
kJ8JMhIx7PI,UCz_yrc3BO9ve7UgDGZn4dig,3
y8gIMVkwvzo,UCQFWbPizb7e8IoM8kvs55cw,3
z4oNYXp6lQg,UCRwUO6OIA2DvQA8L1VuzovQ,3
g9vkNVVFTBU,UCsCAWoG-SagS7aFuWT1IZPw,3
B6LfcSFoalA,UCnv6jJ0cdl81j1oWQYbXcsw,3
R0qo_eqcfcg,UCcwu2DFi0B9WbLSoqeVH9NQ,3
N7habMq_PRY,UCToxKVrkEuAONR4rFIJ_DyQ,3
eBW7MGhnA5Q,UCsCAWoG-SagS7aFuWT1IZPw,3
6zpO7ktwhd4,UCVTKO1D_G19UlK03ezaADag,3
ttpC0SqmYJ0,UCVTKO1D_G19UlK03ezaADag,3
eRV7fzySR7s,UCVTKO1D_G19UlK03ezaADag,3
TTc8SODCtj0,UCPNoCO-IKY1PIQZCUqf4OfA,3
3d0guRU7n54,UCVTKO1D_G19UlK03ezaADag,3
o1BZFxPAOxQ,UCudi3Og-hkRW0HRkiWj2LVw,3
dLl6RQfVUQ8,UCRwUO6OIA2DvQA8L1VuzovQ,3
ym6fkYHkVUU,UCz_yrc3BO9ve7UgDGZn4dig,3
LbDl7ckx-rQ,UCnv6jJ0cdl81j1oWQYbXcsw,3
RwCbKEKuz9U,UCsCAWoG-SagS7aFuWT1IZPw,3
uYfOBbX2P0I,UCcwu2DFi0B9WbLSoqeVH9NQ,3
JnPf1jSmARY,UCRwUO6OIA2DvQA8L1VuzovQ,3
s2bsspVgVdk,UCToxKVrkEuAONR4rFIJ_DyQ,3
1XMRGfsFly8,UCz_yrc3BO9ve7UgDGZn4dig,3
2obzCDDCqmE,UCS3Iac7JbyHzuXmYj34weRw,3
nxdmg8vZkYs,UCudi3Og-hkRW0HRkiWj2LVw,3
ujbbf93HhN8,UCRwUO6OIA2DvQA8L1VuzovQ,3
lL3Qyq0ogyc,UCnv6jJ0cdl81j1oWQYbXcsw,3
Cx83ARDN9og,UCToxKVrkEuAONR4rFIJ_DyQ,3
ktGAIguV51g,UCPNoCO-IKY1PIQZCUqf4OfA,3
tW4An_daaJQ,UCz_yrc3BO9ve7UgDGZn4dig,3
MpiLqwvRuZI,UCQFWbPizb7e8IoM8kvs55cw,3
d1gdsgk-4bo,UCcwu2DFi0B9WbLSoqeVH9NQ,3
oTjI3Bw6tII,UCRwUO6OIA2DvQA8L1VuzovQ,3
I7hM1dWiUI8,UCz_yrc3BO9ve7UgDGZn4dig,3
GmhzQhMRCiU,UCnv6jJ0cdl81j1oWQYbXcsw,3
fIA4BXmstD0,UCToxKVrkEuAONR4rFIJ_DyQ,3
7SovhSRx9JU,UCVTKO1D_G19UlK03ezaADag,3
SwuZe7BM60o,UCVTKO1D_G19UlK03ezaADag,3
fjRMxYjWltw,UCudi3Og-hkRW0HRkiWj2LVw,3
aEuGGirYNgg,UCsCAWoG-SagS7aFuWT1IZPw,3
0Ned7vs1HQE,UCVTKO1D_G19UlK03ezaADag,3
2vtTgoeJ0Yg,UCRwUO6OIA2DvQA8L1VuzovQ,3
HcCWHWqluJs,UCPNoCO-IKY1PIQZCUqf4OfA,3
BpyGQPXdYm0,UCVTKO1D_G19UlK03ezaADag,3
cp6r2LIjZls,UCVTKO1D_G19UlK03ezaADag,3
MPC_6waOs2w,UCnv6jJ0cdl81j1oWQYbXcsw,3
gmmhFx05_1U,UCz_yrc3BO9ve7UgDGZn4dig,3
CG8ayXR3bYc,UCcwu2DFi0B9WbLSoqeVH9NQ,3
ZSfM_yrBiKE,UCsCAWoG-SagS7aFuWT1IZPw,3
R5KQ9QFcDqE,UCnv6jJ0cdl81j1oWQYbXcsw,3
1pkxQNCRNIs,UCRwUO6OIA2DvQA8L1VuzovQ,3
0u-E9M-7ZwE,UCToxKVrkEuAONR4rFIJ_DyQ,3
RC3sNF22QrY,UCudi3Og-hkRW0HRkiWj2LVw,3
k1ybtgO3JBk,UCPNoCO-IKY1PIQZCUqf4OfA,3
gMMTj7YqMak,UCcwu2DFi0B9WbLSoqeVH9NQ,3
20EeBajGf2M,UCToxKVrkEuAONR4rFIJ_DyQ,3
pLLLEm9TonE,UCnv6jJ0cdl81j1oWQYbXcsw,3
HnE1UJjpBBA,UCz_yrc3BO9ve7UgDGZn4dig,3
gTw4nlknMQo,UCQFWbPizb7e8IoM8kvs55cw,3
d8Fdyx8j0zY,UCudi3Og-hkRW0HRkiWj2LVw,3
rYaXIQ1oC5g,UCRwUO6OIA2DvQA8L1VuzovQ,3
NSr-Gc7tDHo,UCsCAWoG-SagS7aFuWT1IZPw,3
2S5_zVG5I_M,UCVTKO1D_G19UlK03ezaADag,3
v0Q2YuEGXQw,UCVTKO1D_G19UlK03ezaADag,3
5Q5jJOx5dEE,UCVTKO1D_G19UlK03ezaADag,3
k_ZxvEje-9A,UCRwUO6OIA2DvQA8L1VuzovQ,3
Vn_iEAFUqZ0,UCS3Iac7JbyHzuXmYj34weRw,3
8LMYzEQMH3E,UCToxKVrkEuAONR4rFIJ_DyQ,3
3qbl9LEKu9Y,UCVTKO1D_G19UlK03ezaADag,3
4qjMNj3F6mE,UCVTKO1D_G19UlK03ezaADag,3
0SyOaROsZ00,UCVTKO1D_G19UlK03ezaADag,3
eIkEqGci_FA,UCz_yrc3BO9ve7UgDGZn4dig,3
0QyVvAg3dHo,UCcwu2DFi0B9WbLSoqeVH9NQ,3
m6yE9iUkBCs,UCudi3Og-hkRW0HRkiWj2LVw,3
VGNC89v1ORo,UCz_yrc3BO9ve7UgDGZn4dig,3
GjQybXkPrsY,UCRwUO6OIA2DvQA8L1VuzovQ,3
TSWbrLJtIPs,UCsCAWoG-SagS7aFuWT1IZPw,3
BK1pENtXmco,UCudi3Og-hkRW0HRkiWj2LVw,3
CKnUOuS_EHM,UCz_yrc3BO9ve7UgDGZn4dig,3
AFAaAsoIQYc,UCsCAWoG-SagS7aFuWT1IZPw,3
xap2mPKl0ik,UCz_yrc3BO9ve7UgDGZn4dig,3
Zar5c7mt6t8,UCcwu2DFi0B9WbLSoqeVH9NQ,3
A6nTySAZCGk,UCsCAWoG-SagS7aFuWT1IZPw,3
G57qDCLo5h8,UCudi3Og-hkRW0HRkiWj2LVw,3
BNsjMIXB9d8,UCPNoCO-IKY1PIQZCUqf4OfA,3
w6f_S02tGfo,UCnv6jJ0cdl81j1oWQYbXcsw,3
wwe35EyXgmo,UCToxKVrkEuAONR4rFIJ_DyQ,3
cD1k2DC6ETw,UCRwUO6OIA2DvQA8L1VuzovQ,3
vzdNZCl4ALk,UCz_yrc3BO9ve7UgDGZn4dig,3
QwrTVFBO2HM,UC_6HKUyjbWkU2iZpnvcJdXA,3
0UA-MNKhNFc,UCQFWbPizb7e8IoM8kvs55cw,3
n1JmBEgkPBQ,UCudi3Og-hkRW0HRkiWj2LVw,3
IOdTnwd3jII,UCsCAWoG-SagS7aFuWT1IZPw,3
Hcc95_4yYFk,UCcwu2DFi0B9WbLSoqeVH9NQ,3
aL0wHakkL2c,UCToxKVrkEuAONR4rFIJ_DyQ,3
1R2Jiosc31s,UCRwUO6OIA2DvQA8L1VuzovQ,3
6P5KGf5S2T4,UCVTKO1D_G19UlK03ezaADag,3
eSUkicHzxVE,UCS3Iac7JbyHzuXmYj34weRw,3
G2fnaPOlJS8,UCsCAWoG-SagS7aFuWT1IZPw,3
gDZXnCNYkWo,UCVTKO1D_G19UlK03ezaADag,3
3zedxJP4-n8,UCPNoCO-IKY1PIQZCUqf4OfA,3
3lBryR9NL7c,UCVTKO1D_G19UlK03ezaADag,3
jQaDZjiIlYY,UCudi3Og-hkRW0HRkiWj2LVw,3
zZMHnUkW-m4,UCz_yrc3BO9ve7UgDGZn4dig,3
cE_mpPI3SE0,UCnv6jJ0cdl81j1oWQYbXcsw,3
_UKJyl4qPLU,UCsCAWoG-SagS7aFuWT1IZPw,3
bmvFFjliOSg,UCRwUO6OIA2DvQA8L1VuzovQ,3
A7m6LIeVIIw,UCYD71_aakEU0VT6TwsvV1MA,3
ydMVeLPCFgM,UCcwu2DFi0B9WbLSoqeVH9NQ,3
5fNEZfoYxN0,UCsCAWoG-SagS7aFuWT1IZPw,3
bqg1NwkQ8ys,UCudi3Og-hkRW0HRkiWj2LVw,3
Esy0nZH73LA,UCudi3Og-hkRW0HRkiWj2LVw,3
tHRH68Ws7-c,UCRwUO6OIA2DvQA8L1VuzovQ,3
dwiLb28s5Sc,UCToxKVrkEuAONR4rFIJ_DyQ,3
7WFlxhHm-S0,UCudi3Og-hkRW0HRkiWj2LVw,3
yDVklyoqJqw,UCsCAWoG-SagS7aFuWT1IZPw,3
RFbeAAVup2E,UCnv6jJ0cdl81j1oWQYbXcsw,3
XBfCFVL5JSk,UCz_yrc3BO9ve7UgDGZn4dig,3
v38s8rSh7HM,UCQFWbPizb7e8IoM8kvs55cw,3
05XW-v_ocxc,UCcwu2DFi0B9WbLSoqeVH9NQ,3
xU5XjcV8JfQ,UCz_yrc3BO9ve7UgDGZn4dig,3
8ge8Bry10Kc,UCVTKO1D_G19UlK03ezaADag,3
9OQOPeaXaGw,UCVTKO1D_G19UlK03ezaADag,3
QbkNnlDVC1k,UCToxKVrkEuAONR4rFIJ_DyQ,3
WwelNxyrJ_I,UCsCAWoG-SagS7aFuWT1IZPw,3
07vWGVsjOfI,UCVTKO1D_G19UlK03ezaADag,3
peUxN-LuIr0,UCVTKO1D_G19UlK03ezaADag,3
WNB_DbIUR-A,UCVTKO1D_G19UlK03ezaADag,3
TRCvdvJ8gzQ,UCRwUO6OIA2DvQA8L1VuzovQ,3
PIxfwKEwG_k,UCPNoCO-IKY1PIQZCUqf4OfA,3
_C1QMum3UR8,UCVTKO1D_G19UlK03ezaADag,3
DYVU-nnGm44,UCz_yrc3BO9ve7UgDGZn4dig,3
Uqt79DaA7S4,UCVTKO1D_G19UlK03ezaADag,3
ARGN58Yq1Rk,UCudi3Og-hkRW0HRkiWj2LVw,3
U_ec20P1hI0,UCnv6jJ0cdl81j1oWQYbXcsw,3
cCq9EG3iAWQ,UCz_yrc3BO9ve7UgDGZn4dig,3
xBfyxlDNYGk,UCcwu2DFi0B9WbLSoqeVH9NQ,3
y7eCC-8tASw,UCsCAWoG-SagS7aFuWT1IZPw,3
Zkj01h5y91U,UCudi3Og-hkRW0HRkiWj2LVw,3
mq8WTkH8fdg,UCz_yrc3BO9ve7UgDGZn4dig,3
o1y32mRmKc0,UCsCAWoG-SagS7aFuWT1IZPw,3
GlG1X7Rh-Pg,UCRwUO6OIA2DvQA8L1VuzovQ,3
o_W4W0WttxU,UCS3Iac7JbyHzuXmYj34weRw,3
0mz0B9po1CQ,UCudi3Og-hkRW0HRkiWj2LVw,3
iS8zFrx0Ybg,UCPNoCO-IKY1PIQZCUqf4OfA,3
Bney53o1NCY,UCnv6jJ0cdl81j1oWQYbXcsw,3
hnVWD4JpT0c,UCcwu2DFi0B9WbLSoqeVH9NQ,3
dxAgsNycv1w,UCToxKVrkEuAONR4rFIJ_DyQ,3
TwO5aIgC5Wo,UCsCAWoG-SagS7aFuWT1IZPw,3
Sz-TOipXZ8s,UCz_yrc3BO9ve7UgDGZn4dig,3
rNZK4nVaQk8,UCQFWbPizb7e8IoM8kvs55cw,3
JTDLjJBtoj0,UCRwUO6OIA2DvQA8L1VuzovQ,3
VLGIwNYsFoc,UCsCAWoG-SagS7aFuWT1IZPw,3
slV3jt2k29o,UCPNoCO-IKY1PIQZCUqf4OfA,3
QaqCVCYA-v0,UCnv6jJ0cdl81j1oWQYbXcsw,3
g6cCDhQm2rk,UCcwu2DFi0B9WbLSoqeVH9NQ,3
bkV_L2QWWHs,UCsCAWoG-SagS7aFuWT1IZPw,3
1WZU3rS6PK8,UCRwUO6OIA2DvQA8L1VuzovQ,3
4whSlCUjifk,UCz_yrc3BO9ve7UgDGZn4dig,3
IZtoVkQY2VQ,UCS3Iac7JbyHzuXmYj34weRw,3
kzTodRZsVRI,UCsCAWoG-SagS7aFuWT1IZPw,3
p4j_wi2TXmU,UCudi3Og-hkRW0HRkiWj2LVw,3
H1RHKxRSBEE,UCz_yrc3BO9ve7UgDGZn4dig,3
c5xtafR1FdM,UCudi3Og-hkRW0HRkiWj2LVw,3
-L0pd_l4wqY,UCRwUO6OIA2DvQA8L1VuzovQ,3
ICVqCiFiT_o,UCcwu2DFi0B9WbLSoqeVH9NQ,3
-gBqgMAGfgw,UCudi3Og-hkRW0HRkiWj2LVw,3
zAdXQA9oLb4,UCPNoCO-IKY1PIQZCUqf4OfA,3
aO7ZabCs3B0,UCnv6jJ0cdl81j1oWQYbXcsw,3
ROLDOCi8ipU,UCz_yrc3BO9ve7UgDGZn4dig,3
vi71qeaNaNo,UCudi3Og-hkRW0HRkiWj2LVw,3
KkahFa4lO3U,UCsCAWoG-SagS7aFuWT1IZPw,3
CVzn0h0CqLM,UCS3Iac7JbyHzuXmYj34weRw,3
zU4AV87CZVA,UCRwUO6OIA2DvQA8L1VuzovQ,3
BvZXSNf0_D0,UCz_yrc3BO9ve7UgDGZn4dig,3
FvS0UqaZgLQ,UCQFWbPizb7e8IoM8kvs55cw,3
6eBrzISjKNo,UCsCAWoG-SagS7aFuWT1IZPw,3
mAtlLdW4qTk,UCcwu2DFi0B9WbLSoqeVH9NQ,3
iWjhoW2Sxr4,UCToxKVrkEuAONR4rFIJ_DyQ,3
w0JA8QwPNAw,UCPNoCO-IKY1PIQZCUqf4OfA,3
XaazxWeMMPw,UCnv6jJ0cdl81j1oWQYbXcsw,3
fvmpRoDx_XM,UCsCAWoG-SagS7aFuWT1IZPw,3
C0Xw-Al_Lp4,UCRwUO6OIA2DvQA8L1VuzovQ,3
_x2iq4hJTHI,UCz_yrc3BO9ve7UgDGZn4dig,3
I2Ha_q6VM4s,UCYD71_aakEU0VT6TwsvV1MA,3
wk9C22iypzY,UC_6HKUyjbWkU2iZpnvcJdXA,3
sZbNB3QiRls,UCsCAWoG-SagS7aFuWT1IZPw,3
CxOXdWwmFug,UCudi3Og-hkRW0HRkiWj2LVw,3
V0_ywgI7LKg,UCz_yrc3BO9ve7UgDGZn4dig,3
KjBDqxNDQZ4,UCcwu2DFi0B9WbLSoqeVH9NQ,3
rlk2vXckRg4,UCPNoCO-IKY1PIQZCUqf4OfA,3
lLl70SAbRnc,UCsCAWoG-SagS7aFuWT1IZPw,3
49gvySJiX-w,UCS3Iac7JbyHzuXmYj34weRw,3
IceFlUhhbUg,UCz_yrc3BO9ve7UgDGZn4dig,3
PrIUd-dZai8,UCudi3Og-hkRW0HRkiWj2LVw,3
I_e9NO_xKbg,UCRwUO6OIA2DvQA8L1VuzovQ,3
OfNXvuA5uI0,UCsCAWoG-SagS7aFuWT1IZPw,3
QqIDNr7Q010,UCToxKVrkEuAONR4rFIJ_DyQ,3
puOmR3UDVZY,UCPNoCO-IKY1PIQZCUqf4OfA,3
azcCic2mJMY,UCnv6jJ0cdl81j1oWQYbXcsw,3
6NAcRIsRXK4,UCsCAWoG-SagS7aFuWT1IZPw,3
lbGUS_DubFA,UCRwUO6OIA2DvQA8L1VuzovQ,3
tKst6GKOOgc,UCz_yrc3BO9ve7UgDGZn4dig,3
y8YJ9cPdaXk,UCQFWbPizb7e8IoM8kvs55cw,3
ZSwAMXhf4do,UCcwu2DFi0B9WbLSoqeVH9NQ,3
AConMPmBZ9g,UCudi3Og-hkRW0HRkiWj2LVw,3
AAahQCiudxc,UCsCAWoG-SagS7aFuWT1IZPw,3
zyzhozLfsSU,UCudi3Og-hkRW0HRkiWj2LVw,3
MZdgm_o5tkE,UCsCAWoG-SagS7aFuWT1IZPw,3
ELaYYIM5Q84,UCPNoCO-IKY1PIQZCUqf4OfA,3
DXm2_sAGmZs,UCnv6jJ0cdl81j1oWQYbXcsw,3
ufpM9EKxa8U,UCRwUO6OIA2DvQA8L1VuzovQ,3
5BKKVcFVkD0,UCz_yrc3BO9ve7UgDGZn4dig,3
eE5nXwovCEE,UCcwu2DFi0B9WbLSoqeVH9NQ,3
pI76aDn4PY4,UCsCAWoG-SagS7aFuWT1IZPw,3
dD6H09-WUlw,UCudi3Og-hkRW0HRkiWj2LVw,3
NDrA9Os3tbw,UCS3Iac7JbyHzuXmYj34weRw,3
hglKvmTVJNA,UCz_yrc3BO9ve7UgDGZn4dig,3
p9IE9IaIOTQ,UCsCAWoG-SagS7aFuWT1IZPw,3
yRJHNpCc35s,UCudi3Og-hkRW0HRkiWj2LVw,3
RYTzOUysumE,UCToxKVrkEuAONR4rFIJ_DyQ,3
nnMmgW0HnVA,UCsCAWoG-SagS7aFuWT1IZPw,3
jOiFZMtcNVk,UCPNoCO-IKY1PIQZCUqf4OfA,3
2pFLmpLBAcM,UCnv6jJ0cdl81j1oWQYbXcsw,3
SNwdFIGB1BQ,UCz_yrc3BO9ve7UgDGZn4dig,3
ytcztyzdfAI,UCcwu2DFi0B9WbLSoqeVH9NQ,3
MFBRT97ROAI,UCsCAWoG-SagS7aFuWT1IZPw,3
yArZ_q1myX8,UCsCAWoG-SagS7aFuWT1IZPw,3
3mAWzw3bX7g,UCudi3Og-hkRW0HRkiWj2LVw,3
gIxHDRuuGRI,UCPNoCO-IKY1PIQZCUqf4OfA,3
Xwsus9gbV1w,UCnv6jJ0cdl81j1oWQYbXcsw,3
2yUAW1U-H6M,UCz_yrc3BO9ve7UgDGZn4dig,3
e-07FwfzaeE,UCQFWbPizb7e8IoM8kvs55cw,3
yUvHCDbszbY,UCS3Iac7JbyHzuXmYj34weRw,3
Kj_ebePoEew,UCudi3Og-hkRW0HRkiWj2LVw,3
aOeCUKD9ySE,UCPNoCO-IKY1PIQZCUqf4OfA,3
3-DE8Cm6Uyk,UCcwu2DFi0B9WbLSoqeVH9NQ,3
5fqVPNf475M,UCsCAWoG-SagS7aFuWT1IZPw,3
zOwTuRD1IW4,UCnv6jJ0cdl81j1oWQYbXcsw,3
VLMLczarb_k,UCz_yrc3BO9ve7UgDGZn4dig,3
jrwyTFsxQnE,UC_6HKUyjbWkU2iZpnvcJdXA,3
MqqtzlsGFHo,UCudi3Og-hkRW0HRkiWj2LVw,3
E02HtmoTcVo,UCsCAWoG-SagS7aFuWT1IZPw,3
jiNrb6vbJ5w,UCS3Iac7JbyHzuXmYj34weRw,3
jWz4MaMQYak,UCRwUO6OIA2DvQA8L1VuzovQ,3
nDdSAp7qB0g,UCToxKVrkEuAONR4rFIJ_DyQ,3
NtzHN4Sy2OI,UCYD71_aakEU0VT6TwsvV1MA,3
ib_n6mjXR7o,UCcwu2DFi0B9WbLSoqeVH9NQ,3
pN1jPsPaudA,UCudi3Og-hkRW0HRkiWj2LVw,3
nF7xO7VdVCU,UCsCAWoG-SagS7aFuWT1IZPw,3
miwu7HKbWp8,UCPNoCO-IKY1PIQZCUqf4OfA,3
VIy7g2RUvR4,UCnv6jJ0cdl81j1oWQYbXcsw,3
WZGaivM5o8Q,UCz_yrc3BO9ve7UgDGZn4dig,3
-wf4K7g1X68,UCToxKVrkEuAONR4rFIJ_DyQ,3
BG2AIEWXW7s,UCz_yrc3BO9ve7UgDGZn4dig,3
8ciHpmGSNfc,UCQFWbPizb7e8IoM8kvs55cw,3
xhlAvN527Tw,UCudi3Og-hkRW0HRkiWj2LVw,3
b5_h174Pq3w,UCToxKVrkEuAONR4rFIJ_DyQ,3
7B-o0c9v_DY,UCz_yrc3BO9ve7UgDGZn4dig,3
3_GaxWl_-tc,UCcwu2DFi0B9WbLSoqeVH9NQ,3
SWxGncpEyqI,UCudi3Og-hkRW0HRkiWj2LVw,3
BaX0UztCnF0,UCToxKVrkEuAONR4rFIJ_DyQ,3
UhH8fPA3sIE,UCPNoCO-IKY1PIQZCUqf4OfA,3
5W9UgySH4Z0,UCnv6jJ0cdl81j1oWQYbXcsw,3
b3BmbBo8BM8,UCz_yrc3BO9ve7UgDGZn4dig,3
nbxBmcv05EY,UCsCAWoG-SagS7aFuWT1IZPw,3
NQ6oUdSfkB8,UCudi3Og-hkRW0HRkiWj2LVw,3
UESOlM_r34I,UCz_yrc3BO9ve7UgDGZn4dig,3
iqFuvbvEOvM,UC_6HKUyjbWkU2iZpnvcJdXA,3
Mco42_58utM,UC_6HKUyjbWkU2iZpnvcJdXA,3
f6m_zpO6bNg,UCPNoCO-IKY1PIQZCUqf4OfA,3
1mq-6DFu3jw,UCsCAWoG-SagS7aFuWT1IZPw,3
3_cAt4VobaE,UCS3Iac7JbyHzuXmYj34weRw,3
gKRxO08C18U,UCRwUO6OIA2DvQA8L1VuzovQ,3
QygK5rglNjo,UCcwu2DFi0B9WbLSoqeVH9NQ,3
nsZ9shi-uyw,UCRwUO6OIA2DvQA8L1VuzovQ,3
QX7s70Ato78,UCudi3Og-hkRW0HRkiWj2LVw,3
ju8Kc65Xb_g,UCToxKVrkEuAONR4rFIJ_DyQ,3
lgXrPq2P1t4,UCsCAWoG-SagS7aFuWT1IZPw,3
fuhBQ69wC5g,UCPNoCO-IKY1PIQZCUqf4OfA,3
xvSTiSxzY1A,UCnv6jJ0cdl81j1oWQYbXcsw,3
dIO03aiDTTA,UCudi3Og-hkRW0HRkiWj2LVw,3
DIv6gv2IkyU,UCudi3Og-hkRW0HRkiWj2LVw,3
OeUx5NZGZg8,UCsCAWoG-SagS7aFuWT1IZPw,3
SPJzfZUSeLc,UCToxKVrkEuAONR4rFIJ_DyQ,3
Xz82pbCeTNQ,UCRwUO6OIA2DvQA8L1VuzovQ,3
s1qL_8FC8GA,UCz_yrc3BO9ve7UgDGZn4dig,3
x_IvYE-k6BQ,UCcwu2DFi0B9WbLSoqeVH9NQ,3
D4WSVWHvfq0,UCQFWbPizb7e8IoM8kvs55cw,3
ho20EQLgfEA,UCudi3Og-hkRW0HRkiWj2LVw,3
fb7qd11TnNs,UCnv6jJ0cdl81j1oWQYbXcsw,3
dnmyoC_NlPQ,UCsCAWoG-SagS7aFuWT1IZPw,3
PKbyS5uwVwQ,UCRwUO6OIA2DvQA8L1VuzovQ,3
gA_iY18TAFc,UCz_yrc3BO9ve7UgDGZn4dig,3
CoodnmDxrvQ,UCcwu2DFi0B9WbLSoqeVH9NQ,3
ecHngafsb0o,UCsCAWoG-SagS7aFuWT1IZPw,3
M6w5gE1bmDE,UCudi3Og-hkRW0HRkiWj2LVw,3
Df12LIdYX_Y,UCPNoCO-IKY1PIQZCUqf4OfA,3
T1XgprOLeRE,UCS3Iac7JbyHzuXmYj34weRw,3
G0kJFMXnBZ8,UCudi3Og-hkRW0HRkiWj2LVw,3
_XOazQM8ovM,UCToxKVrkEuAONR4rFIJ_DyQ,3
oWA0z8xdg6o,UCudi3Og-hkRW0HRkiWj2LVw,3
E8l1vVfqAkM,UCPNoCO-IKY1PIQZCUqf4OfA,3
0Q7p-i-uzL8,UCnv6jJ0cdl81j1oWQYbXcsw,3
slzN8y124rg,UCcwu2DFi0B9WbLSoqeVH9NQ,3
SGHcG0gA8os,UCS3Iac7JbyHzuXmYj34weRw,3
rufpRSPVAo4,UCRwUO6OIA2DvQA8L1VuzovQ,3
VFi1crnkPLU,UCsCAWoG-SagS7aFuWT1IZPw,3
DD5CXgAW1do,UCQFWbPizb7e8IoM8kvs55cw,3
SAsywlJowCY,UCudi3Og-hkRW0HRkiWj2LVw,3
-SY9UB8vj_8,UCcwu2DFi0B9WbLSoqeVH9NQ,3
KyRHydThoYc,UCudi3Og-hkRW0HRkiWj2LVw,3
pqNpFqiwpAg,UCRwUO6OIA2DvQA8L1VuzovQ,3
sWPU93bUIwk,UCnv6jJ0cdl81j1oWQYbXcsw,3
2O8DvIKCJ0w,UCS3Iac7JbyHzuXmYj34weRw,3
UziuP8aQh04,UCsCAWoG-SagS7aFuWT1IZPw,3
Hw58h_yEyjU,UCudi3Og-hkRW0HRkiWj2LVw,3
ul0E7p7UemE,UCToxKVrkEuAONR4rFIJ_DyQ,3
d6cePAwrKSA,UCPNoCO-IKY1PIQZCUqf4OfA,3
ChU1HLi9p_k,UCRwUO6OIA2DvQA8L1VuzovQ,3
KmsKUq9nQNk,UCsCAWoG-SagS7aFuWT1IZPw,3
3_xlwbfhvpo,UCudi3Og-hkRW0HRkiWj2LVw,3
cWOAMpgnCxc,UCS3Iac7JbyHzuXmYj34weRw,3
8vgDSock22I,UCcwu2DFi0B9WbLSoqeVH9NQ,3
7pC5-N11xm0,UCudi3Og-hkRW0HRkiWj2LVw,3
YROlKfCpK0g,UCPNoCO-IKY1PIQZCUqf4OfA,3
qdSXgcVRGb4,UCQFWbPizb7e8IoM8kvs55cw,3
54Nf9JqYLZE,UCToxKVrkEuAONR4rFIJ_DyQ,3
tIfIjl4gKYo,UCsCAWoG-SagS7aFuWT1IZPw,3
YbMzMK4cjyk,UCRwUO6OIA2DvQA8L1VuzovQ,3
UkPFOnoyzwY,UCnv6jJ0cdl81j1oWQYbXcsw,3
7mPNCEd-uEI,UCudi3Og-hkRW0HRkiWj2LVw,3
xEQWphMmLHM,UCPNoCO-IKY1PIQZCUqf4OfA,3
2W_OqO50Kqw,UCcwu2DFi0B9WbLSoqeVH9NQ,3
_BWeUd-ARmE,UCRwUO6OIA2DvQA8L1VuzovQ,3
XkJFQjY787A,UCToxKVrkEuAONR4rFIJ_DyQ,3
sF5XYHta_jA,UCQFWbPizb7e8IoM8kvs55cw,3
wAuKx-95RFs,UCudi3Og-hkRW0HRkiWj2LVw,3
XdV65zGdRKY,UCRwUO6OIA2DvQA8L1VuzovQ,3
3FSfKp4ba_A,UCsCAWoG-SagS7aFuWT1IZPw,3
xi0wl1J0qmc,UCudi3Og-hkRW0HRkiWj2LVw,3
Ta7uOQCRkm0,UCnv6jJ0cdl81j1oWQYbXcsw,3
Ssrf7Nj7Jwk,UCcwu2DFi0B9WbLSoqeVH9NQ,3
IhrBrtLNlNk,UCsCAWoG-SagS7aFuWT1IZPw,3
MkzUzPpfCes,UCudi3Og-hkRW0HRkiWj2LVw,3
nd0MgksEZGE,UCnv6jJ0cdl81j1oWQYbXcsw,3
9zJoqlyD-xA,UCYD71_aakEU0VT6TwsvV1MA,3
-HERYx64a1s,UCQFWbPizb7e8IoM8kvs55cw,3
XiBggup8JPU,UC_6HKUyjbWkU2iZpnvcJdXA,3
q_1zsySwqJg,UCRwUO6OIA2DvQA8L1VuzovQ,3
bzLlTsYqdwg,UCS3Iac7JbyHzuXmYj34weRw,3
zo-RQLaEpKs,UCToxKVrkEuAONR4rFIJ_DyQ,3
fDxyof4rlC0,UCudi3Og-hkRW0HRkiWj2LVw,3
y8ItNrZd3QY,UCPNoCO-IKY1PIQZCUqf4OfA,3
A-tDa8DPPWc,UCsCAWoG-SagS7aFuWT1IZPw,3
gQoGaejAMQg,UCudi3Og-hkRW0HRkiWj2LVw,3
JiNVAB2G_IQ,UCcwu2DFi0B9WbLSoqeVH9NQ,3
uc_UrdtJ6Tg,UCudi3Og-hkRW0HRkiWj2LVw,3
z6zrJwasbEc,UCsCAWoG-SagS7aFuWT1IZPw,3
3rA0yZJVBMI,UCRwUO6OIA2DvQA8L1VuzovQ,3
m8SOXKL0uWw,UCnv6jJ0cdl81j1oWQYbXcsw,3
Lz3e--K3VME,UCQFWbPizb7e8IoM8kvs55cw,3
MPFA_iCmAkQ,UCPNoCO-IKY1PIQZCUqf4OfA,3
QxbIksyv_aU,UCudi3Og-hkRW0HRkiWj2LVw,3
aPLYOOX2yIE,UCRwUO6OIA2DvQA8L1VuzovQ,3
X4YNbd2ogXA,UCcwu2DFi0B9WbLSoqeVH9NQ,3
8KIDhEOScdE,UCsCAWoG-SagS7aFuWT1IZPw,3
kFjBNuuL9aw,UCudi3Og-hkRW0HRkiWj2LVw,3
lmb7mFbgkQc,UCRwUO6OIA2DvQA8L1VuzovQ,3
Clm58uvb78E,UCRwUO6OIA2DvQA8L1VuzovQ,3
TLRzeSmKIoA,UCudi3Og-hkRW0HRkiWj2LVw,3
7nrmd-5jZR8,UCS3Iac7JbyHzuXmYj34weRw,3
pHAO31X0pRk,UCToxKVrkEuAONR4rFIJ_DyQ,3
Ccl2GKX5bkg,UCudi3Og-hkRW0HRkiWj2LVw,3
fqGj3G7OObk,UCPNoCO-IKY1PIQZCUqf4OfA,3
vCSa6phmRss,UCnv6jJ0cdl81j1oWQYbXcsw,3
cE8Fa8gTJvU,UCQFWbPizb7e8IoM8kvs55cw,3
zyvc5J2lE-U,UCudi3Og-hkRW0HRkiWj2LVw,3
ljCPxxxIApc,UCcwu2DFi0B9WbLSoqeVH9NQ,3
rrg8D_mQQbM,UCudi3Og-hkRW0HRkiWj2LVw,3
2S1UkKL_z2c,UCRwUO6OIA2DvQA8L1VuzovQ,3
55UF4pckCFQ,UCudi3Og-hkRW0HRkiWj2LVw,3
MSL0bkQYbC4,UCQFWbPizb7e8IoM8kvs55cw,3
NGBQ1O9Op7k,UCudi3Og-hkRW0HRkiWj2LVw,3
0rVoQUdYSfA,UCRwUO6OIA2DvQA8L1VuzovQ,3
whEr98hkJXk,UCudi3Og-hkRW0HRkiWj2LVw,3
1t6DGML3Bc0,UCnv6jJ0cdl81j1oWQYbXcsw,3
A1d2OZboaSE,UCudi3Og-hkRW0HRkiWj2LVw,3
2ItwDcKYjIc,UCcwu2DFi0B9WbLSoqeVH9NQ,3
B00r5Ae5bOE,UCRwUO6OIA2DvQA8L1VuzovQ,3
jJQUNDsWQY4,UCudi3Og-hkRW0HRkiWj2LVw,3
GdSPojp_2HA,UCToxKVrkEuAONR4rFIJ_DyQ,3
tU_MILD4x9g,UCudi3Og-hkRW0HRkiWj2LVw,3
jbfzzmtM-GQ,UCudi3Og-hkRW0HRkiWj2LVw,3
-SF-0FAr0js,UCRwUO6OIA2DvQA8L1VuzovQ,3
RIuKmk4qZDw,UCPNoCO-IKY1PIQZCUqf4OfA,3
CRcPVOZMeCo,UCS3Iac7JbyHzuXmYj34weRw,3
9rTtxx24ZhY,UCQFWbPizb7e8IoM8kvs55cw,3
cZmwdCQmL5E,UCcwu2DFi0B9WbLSoqeVH9NQ,3
QLgfxIYTBEs,UCsCAWoG-SagS7aFuWT1IZPw,3
Cb5uSLpDhnQ,UCnv6jJ0cdl81j1oWQYbXcsw,3
fVVq7cxSyRc,UCudi3Og-hkRW0HRkiWj2LVw,3
AXOlYgQOIR0,UCRwUO6OIA2DvQA8L1VuzovQ,3
k0IVJ0Xt0Dw,UCudi3Og-hkRW0HRkiWj2LVw,3
qES5n-gQYs0,UCToxKVrkEuAONR4rFIJ_DyQ,3
ICOpbA0hG9A,UCPNoCO-IKY1PIQZCUqf4OfA,3
R-H2v-vGRVs,UCQFWbPizb7e8IoM8kvs55cw,3
PNsWV_cZfBs,UCS3Iac7JbyHzuXmYj34weRw,3
IDz4DZtTX3E,UCudi3Og-hkRW0HRkiWj2LVw,3
KKHTI_8jBas,UCcwu2DFi0B9WbLSoqeVH9NQ,3
l0kZov2ZZIg,UCnv6jJ0cdl81j1oWQYbXcsw,3
yKP_bKz4EJs,UCudi3Og-hkRW0HRkiWj2LVw,3
ajKHf9QrFwc,UCsCAWoG-SagS7aFuWT1IZPw,3
jvdsDWqj9pg,UCudi3Og-hkRW0HRkiWj2LVw,3
pEgoIoWsL1M,UCRwUO6OIA2DvQA8L1VuzovQ,3
Zcx1a9asKLk,UCToxKVrkEuAONR4rFIJ_DyQ,3
EvT12Evjyoc,UC_6HKUyjbWkU2iZpnvcJdXA,3
bxOJ1CzWNdA,UCRwUO6OIA2DvQA8L1VuzovQ,3
OgCxB0TWekM,UCudi3Og-hkRW0HRkiWj2LVw,3
YUmaR7z7OvY,UCcwu2DFi0B9WbLSoqeVH9NQ,3
Y8ALf4XVt4w,UCRwUO6OIA2DvQA8L1VuzovQ,3
dRmMcjncvDc,UCudi3Og-hkRW0HRkiWj2LVw,3
X6_aALjczVY,UCPNoCO-IKY1PIQZCUqf4OfA,3
S3j3vpRN84w,UCnv6jJ0cdl81j1oWQYbXcsw,3
5iGEYh5F3Hs,UCudi3Og-hkRW0HRkiWj2LVw,3
VtBlwYXSlfo,UCRwUO6OIA2DvQA8L1VuzovQ,3
pLksfSX2LhU,UCYD71_aakEU0VT6TwsvV1MA,3
GRbsrRTuDdc,UCudi3Og-hkRW0HRkiWj2LVw,3
WVES6ki4LbE,UCToxKVrkEuAONR4rFIJ_DyQ,3
beuwedoFEJI,UCRwUO6OIA2DvQA8L1VuzovQ,3
trAKjlChtJo,UCQFWbPizb7e8IoM8kvs55cw,3
tzZW3gQgaD8,UCcwu2DFi0B9WbLSoqeVH9NQ,3
iSEY8efkuq4,UCudi3Og-hkRW0HRkiWj2LVw,3
ZRXxYMboUmQ,UCRwUO6OIA2DvQA8L1VuzovQ,3
x3pIJDzXpOY,UCPNoCO-IKY1PIQZCUqf4OfA,3
PZzAkusbKC8,UCudi3Og-hkRW0HRkiWj2LVw,3
lQo0NTJ5LXg,UCRwUO6OIA2DvQA8L1VuzovQ,3
3SbR2GX7NV4,UCS3Iac7JbyHzuXmYj34weRw,3
gvlMzYvlQyE,UCS3Iac7JbyHzuXmYj34weRw,3
kI4iVvJXpVI,UCudi3Og-hkRW0HRkiWj2LVw,3
oGh_C08QLuY,UCudi3Og-hkRW0HRkiWj2LVw,3
51vv4fuUAnc,UCToxKVrkEuAONR4rFIJ_DyQ,3
TfMndp50ykY,UCRwUO6OIA2DvQA8L1VuzovQ,3
WKJEvrCHPwk,UCcwu2DFi0B9WbLSoqeVH9NQ,3
sEEK3byNgT4,UCudi3Og-hkRW0HRkiWj2LVw,3
1IMJ1oqgiHw,UCudi3Og-hkRW0HRkiWj2LVw,3
G8s9q1diu2w,UCS3Iac7JbyHzuXmYj34weRw,3
chT7UuElnzE,UCnv6jJ0cdl81j1oWQYbXcsw,3
msz6vJSd0b8,UCQFWbPizb7e8IoM8kvs55cw,3
TMFyf4_5enI,UCudi3Og-hkRW0HRkiWj2LVw,3
MlMBMnbdT28,UCudi3Og-hkRW0HRkiWj2LVw,3
xFUcbCJAvUw,UCToxKVrkEuAONR4rFIJ_DyQ,3
FJnR51qSlEY,UCPNoCO-IKY1PIQZCUqf4OfA,3
Z2eFzSGp1RY,UCRwUO6OIA2DvQA8L1VuzovQ,3
XFVRRohjEkg,UCudi3Og-hkRW0HRkiWj2LVw,3
-I5LFM04Tcw,UCcwu2DFi0B9WbLSoqeVH9NQ,3
4xoUSDte7CA,UCudi3Og-hkRW0HRkiWj2LVw,3
0FPBkTKJJeE,UCToxKVrkEuAONR4rFIJ_DyQ,3
9cRxwub8ovk,UCsCAWoG-SagS7aFuWT1IZPw,3
_qt50Vk2_cw,UCudi3Og-hkRW0HRkiWj2LVw,3
9lOONqUgqps,UCz_yrc3BO9ve7UgDGZn4dig,3
84vukj2I8hQ,UCnv6jJ0cdl81j1oWQYbXcsw,3
C9sYleL6JPo,UCudi3Og-hkRW0HRkiWj2LVw,3
t9ruT64Yd0w,UCRwUO6OIA2DvQA8L1VuzovQ,3
oKLVrKaHJnM,UCnv6jJ0cdl81j1oWQYbXcsw,3
zUPZixXXhPQ,UCz_yrc3BO9ve7UgDGZn4dig,3
41i9Xjxrh2Y,UCQFWbPizb7e8IoM8kvs55cw,3
-utPnJdG8ic,UCudi3Og-hkRW0HRkiWj2LVw,3
L301gJGd9ow,UCRwUO6OIA2DvQA8L1VuzovQ,3
eQQDpJrD3MY,UCz_yrc3BO9ve7UgDGZn4dig,3
FpfiWL7f0Uo,UCS3Iac7JbyHzuXmYj34weRw,3
hKoYDrDW4nw,UCcwu2DFi0B9WbLSoqeVH9NQ,3
j05TYG-96gQ,UCudi3Og-hkRW0HRkiWj2LVw,3
RRR67K01fGg,UC_6HKUyjbWkU2iZpnvcJdXA,3
KLa8e3AtLBY,UCudi3Og-hkRW0HRkiWj2LVw,3
K0oiLzy7byo,UCudi3Og-hkRW0HRkiWj2LVw,3
_Sa2Sz2cF7g,UCToxKVrkEuAONR4rFIJ_DyQ,3
A4fA1DvaotY,UCz_yrc3BO9ve7UgDGZn4dig,3
bIHqzrX8R8g,UCQFWbPizb7e8IoM8kvs55cw,3
F70r0F8XLoA,UCToxKVrkEuAONR4rFIJ_DyQ,3
Uikxm93KNDE,UCudi3Og-hkRW0HRkiWj2LVw,3
GaUxKNOUbeg,UCudi3Og-hkRW0HRkiWj2LVw,3
wE5N-QvP1I8,UCPNoCO-IKY1PIQZCUqf4OfA,3
Sw80FS957mk,UCnv6jJ0cdl81j1oWQYbXcsw,3
EZZroHZR9ZM,UCYD71_aakEU0VT6TwsvV1MA,3
oitvB5nrpqo,UCRwUO6OIA2DvQA8L1VuzovQ,3
cUFrw0VLEiI,UCcwu2DFi0B9WbLSoqeVH9NQ,3
ZV3u9onJS-I,UCS3Iac7JbyHzuXmYj34weRw,3
XiB-qQNVhyo,UCudi3Og-hkRW0HRkiWj2LVw,3
iwEUrdpbqlc,UCToxKVrkEuAONR4rFIJ_DyQ,3
PKX1H9IdlZY,UCsCAWoG-SagS7aFuWT1IZPw,3
Zi7esAMI6vs,UCudi3Og-hkRW0HRkiWj2LVw,3
iOURNnRaBl8,UCudi3Og-hkRW0HRkiWj2LVw,3
AQcDqGh-tNk,UCudi3Og-hkRW0HRkiWj2LVw,3
Xt1h37FqlQw,UCz_yrc3BO9ve7UgDGZn4dig,3
iDOSrfOgwpI,UCQFWbPizb7e8IoM8kvs55cw,3
bo6pZGbVDj4,UCudi3Og-hkRW0HRkiWj2LVw,3
lCzbHfLeBBs,UCToxKVrkEuAONR4rFIJ_DyQ,3
DNj3uyus5b4,UCRwUO6OIA2DvQA8L1VuzovQ,3
uNN17O7DSP4,UCPNoCO-IKY1PIQZCUqf4OfA,3
agfqql_8S8o,UCz_yrc3BO9ve7UgDGZn4dig,3
ng8a1XLgyIw,UCudi3Og-hkRW0HRkiWj2LVw,3
JA1LQ9xMDXI,UCcwu2DFi0B9WbLSoqeVH9NQ,3
hdc9C5-aZh0,UCudi3Og-hkRW0HRkiWj2LVw,3
5yThrBSSp7o,UCnv6jJ0cdl81j1oWQYbXcsw,3
4_22xU9BXEA,UCYD71_aakEU0VT6TwsvV1MA,3
PttNrSrLbX4,UCS3Iac7JbyHzuXmYj34weRw,3
EnwGICZtElA,UCsCAWoG-SagS7aFuWT1IZPw,3
s2uFmKkKjbE,UCudi3Og-hkRW0HRkiWj2LVw,3
HTvBc45DiUo,UCudi3Og-hkRW0HRkiWj2LVw,3
3xSQwoffi-0,UCRwUO6OIA2DvQA8L1VuzovQ,3
3WqF_uWLvdg,UCudi3Og-hkRW0HRkiWj2LVw,3
YI1zTbcU8sk,UCudi3Og-hkRW0HRkiWj2LVw,3
2U7fWYvHGvw,UCToxKVrkEuAONR4rFIJ_DyQ,3
68ulJ0TWwJU,UCz_yrc3BO9ve7UgDGZn4dig,3
4FLQ0bRbiQk,UCQFWbPizb7e8IoM8kvs55cw,3
i-d5I0lKIo4,UCRwUO6OIA2DvQA8L1VuzovQ,3
o40cZkr9SQY,UCcwu2DFi0B9WbLSoqeVH9NQ,3
ehGP71y-7DU,UCudi3Og-hkRW0HRkiWj2LVw,3
F3QCRorYQZo,UCudi3Og-hkRW0HRkiWj2LVw,3
-zCsVdk1qC0,UCPNoCO-IKY1PIQZCUqf4OfA,3
yxw801uzcXM,UCz_yrc3BO9ve7UgDGZn4dig,3
cg7f7sW-LT4,UCudi3Og-hkRW0HRkiWj2LVw,3
xKWWFBRMkv4,UCToxKVrkEuAONR4rFIJ_DyQ,3
40I8PSORKv0,UCS3Iac7JbyHzuXmYj34weRw,3
ktOKahS7ZAU,UCYD71_aakEU0VT6TwsvV1MA,3
I1hbSVmETkA,UCudi3Og-hkRW0HRkiWj2LVw,3
2HwVdiXoGrM,UCudi3Og-hkRW0HRkiWj2LVw,3
DLytbCKwJ9c,UCnv6jJ0cdl81j1oWQYbXcsw,3
ePXgxpsEyIU,UCS3Iac7JbyHzuXmYj34weRw,3
6ImeEQs5BIU,UCudi3Og-hkRW0HRkiWj2LVw,3
6nmkqMOphVY,UCcwu2DFi0B9WbLSoqeVH9NQ,3
d3nkV4SXDXg,UCToxKVrkEuAONR4rFIJ_DyQ,3
OKXtxQL-T7s,UCRwUO6OIA2DvQA8L1VuzovQ,3
U-7F1BNax1k,UCPNoCO-IKY1PIQZCUqf4OfA,3
Vwg22ZdaNYs,UCz_yrc3BO9ve7UgDGZn4dig,3
5Ji0s0eOEA0,UCQFWbPizb7e8IoM8kvs55cw,3
yPQQMDkZwu4,UCudi3Og-hkRW0HRkiWj2LVw,3
Yyh_4WbL6gE,UCudi3Og-hkRW0HRkiWj2LVw,3
lvUkCUnCIFw,UC_6HKUyjbWkU2iZpnvcJdXA,3
TbLVQWkqI8A,UCRwUO6OIA2DvQA8L1VuzovQ,3
crnMZaVX5eI,UCudi3Og-hkRW0HRkiWj2LVw,3
WikKl_f13a4,UCudi3Og-hkRW0HRkiWj2LVw,3
rXh1GJaAxWg,UCYD71_aakEU0VT6TwsvV1MA,3
P65uw_jm8ZM,UCcwu2DFi0B9WbLSoqeVH9NQ,3
szkTiyB4Bhk,UCudi3Og-hkRW0HRkiWj2LVw,3
vlmET7GfZBU,UCudi3Og-hkRW0HRkiWj2LVw,3
CGh9HPBSFEk,UCToxKVrkEuAONR4rFIJ_DyQ,3
3j8_QB5CnBo,UCz_yrc3BO9ve7UgDGZn4dig,3
0ubvqOxG660,UCudi3Og-hkRW0HRkiWj2LVw,3
HUoaXSIy5Bw,UCRwUO6OIA2DvQA8L1VuzovQ,3
7X55zRVd78Y,UCudi3Og-hkRW0HRkiWj2LVw,3
U-_9ypaY_vY,UCPNoCO-IKY1PIQZCUqf4OfA,3
UIUoU-EjrEQ,UCnv6jJ0cdl81j1oWQYbXcsw,3
ibUu6xEhh-0,UCz_yrc3BO9ve7UgDGZn4dig,3
nUoRhLtfnv8,UCYD71_aakEU0VT6TwsvV1MA,3
QGr8-8TJW9E,UCS3Iac7JbyHzuXmYj34weRw,3
y8jr5D2GNgY,UCudi3Og-hkRW0HRkiWj2LVw,3
2oXne97NePE,UCRwUO6OIA2DvQA8L1VuzovQ,3
Te9SM2EMAi0,UCToxKVrkEuAONR4rFIJ_DyQ,3
1pHzjgt4Idg,UCcwu2DFi0B9WbLSoqeVH9NQ,3
CWyFEZro3HI,UCudi3Og-hkRW0HRkiWj2LVw,3
PjKMxkXR6Pw,UCudi3Og-hkRW0HRkiWj2LVw,3
2JIrHUzUzBY,UCQFWbPizb7e8IoM8kvs55cw,3
__S6Fr7Xi0k,UCudi3Og-hkRW0HRkiWj2LVw,3
1RCrq2tnMqU,UCToxKVrkEuAONR4rFIJ_DyQ,3
gqd0zjsfQEU,UCPNoCO-IKY1PIQZCUqf4OfA,3
u-GMvcErBh4,UCudi3Og-hkRW0HRkiWj2LVw,3
UpyuShN4ee8,UCudi3Og-hkRW0HRkiWj2LVw,3
Pro6CWgDFqo,UCRwUO6OIA2DvQA8L1VuzovQ,3
NMcr4HB3xBs,UCToxKVrkEuAONR4rFIJ_DyQ,3
MU6HtxN_iNo,UCz_yrc3BO9ve7UgDGZn4dig,3
HzMB5itrW7M,UCcwu2DFi0B9WbLSoqeVH9NQ,3
h98PWPbD5n0,UCsCAWoG-SagS7aFuWT1IZPw,3
mMOJzWAKdeQ,UCudi3Og-hkRW0HRkiWj2LVw,3
d3g3oDeGLQc,UCudi3Og-hkRW0HRkiWj2LVw,3
gpPyU__XT1M,UCnv6jJ0cdl81j1oWQYbXcsw,3
ppbywXoHTO0,UCudi3Og-hkRW0HRkiWj2LVw,3
JuOoEPM5k3U,UCudi3Og-hkRW0HRkiWj2LVw,3
gsNTPY30P80,UCToxKVrkEuAONR4rFIJ_DyQ,3
YldouNQ_QC0,UCYD71_aakEU0VT6TwsvV1MA,3
2AuWZEaTlqo,UC_6HKUyjbWkU2iZpnvcJdXA,3
zfRvvro92Ko,UCudi3Og-hkRW0HRkiWj2LVw,3
vB_EtvcYjBc,UCudi3Og-hkRW0HRkiWj2LVw,3
k-g_5ufAUUU,UCRwUO6OIA2DvQA8L1VuzovQ,3
OFR6G5WPMUU,UCPNoCO-IKY1PIQZCUqf4OfA,3
Yg5zReMeqUQ,UCz_yrc3BO9ve7UgDGZn4dig,3
9fucsUWNJqQ,UCcwu2DFi0B9WbLSoqeVH9NQ,3
xdGo5Z_Pxtk,UCudi3Og-hkRW0HRkiWj2LVw,3
y71gPbjxlXw,UCToxKVrkEuAONR4rFIJ_DyQ,3
tjGfBHVej1w,UCsCAWoG-SagS7aFuWT1IZPw,3
VyH_8TaaaMw,UCz_yrc3BO9ve7UgDGZn4dig,3
PzcHV_d9xN8,UCQFWbPizb7e8IoM8kvs55cw,3
5yWj3-9GPNs,UCudi3Og-hkRW0HRkiWj2LVw,3
AZ1ng1ueBRc,UCudi3Og-hkRW0HRkiWj2LVw,3
5Hm30KRE9h4,UCudi3Og-hkRW0HRkiWj2LVw,3
ITiPO5qNKPI,UCToxKVrkEuAONR4rFIJ_DyQ,3
CRj3KngnTZM,UCPNoCO-IKY1PIQZCUqf4OfA,3
cOrV3KWCdhM,UCz_yrc3BO9ve7UgDGZn4dig,3
EiJjMqEZtGk,UCcwu2DFi0B9WbLSoqeVH9NQ,3
LVx0oRLQe_g,UCudi3Og-hkRW0HRkiWj2LVw,3
r0saaTZOowo,UCudi3Og-hkRW0HRkiWj2LVw,3
fzEakHjLaio,UCYD71_aakEU0VT6TwsvV1MA,3
RCoPURJr_zQ,UCz_yrc3BO9ve7UgDGZn4dig,3
XGFV7KMZ9Yg,UCRwUO6OIA2DvQA8L1VuzovQ,3
JNK6R3BcILY,UCudi3Og-hkRW0HRkiWj2LVw,3
7_tI_JFirGA,UCudi3Og-hkRW0HRkiWj2LVw,3
rNc3QZ08Ymk,UCnv6jJ0cdl81j1oWQYbXcsw,3
b3kE0_FPj20,UCS3Iac7JbyHzuXmYj34weRw,3
P6yz60YLbOw,UCudi3Og-hkRW0HRkiWj2LVw,3
R0ullOtLE9k,UCudi3Og-hkRW0HRkiWj2LVw,3
y0QGtdKyZbI,UCToxKVrkEuAONR4rFIJ_DyQ,3
6l73cgOjIws,UC_6HKUyjbWkU2iZpnvcJdXA,3
qAQuUvrdD8o,UCS3Iac7JbyHzuXmYj34weRw,3
m5zsxMVHSUU,UCcwu2DFi0B9WbLSoqeVH9NQ,3
XI_2a7Xq4y8,UCRwUO6OIA2DvQA8L1VuzovQ,3
KUZMz1LwpX4,UCudi3Og-hkRW0HRkiWj2LVw,3
6IOzFDWMZz0,UCudi3Og-hkRW0HRkiWj2LVw,3
uo56V9pwj4k,UCPNoCO-IKY1PIQZCUqf4OfA,3
nPsEE55T1iY,UCnv6jJ0cdl81j1oWQYbXcsw,3
POsygHLsyIY,UCudi3Og-hkRW0HRkiWj2LVw,3
VlMjX-1Q4s0,UCz_yrc3BO9ve7UgDGZn4dig,3
_M32ioMg84E,UCQFWbPizb7e8IoM8kvs55cw,3
pDyJLRh0DiE,UCudi3Og-hkRW0HRkiWj2LVw,3
1VtFJu9SPeM,UCudi3Og-hkRW0HRkiWj2LVw,3
fz-RITpLTOs,UCRwUO6OIA2DvQA8L1VuzovQ,3
5qsvcIc0LSI,UCz_yrc3BO9ve7UgDGZn4dig,3
YrvmrXcYVnc,UCS3Iac7JbyHzuXmYj34weRw,3
KaVmGhy4Ugg,UCnv6jJ0cdl81j1oWQYbXcsw,3
I6JYvw_xST0,UCcwu2DFi0B9WbLSoqeVH9NQ,3
Fy9fDLjdI-I,UCudi3Og-hkRW0HRkiWj2LVw,3
C5r96h-Zkt4,UCToxKVrkEuAONR4rFIJ_DyQ,3
Yx6opsGKoSQ,UCPNoCO-IKY1PIQZCUqf4OfA,3
LU3nhYk7nkk,UCudi3Og-hkRW0HRkiWj2LVw,3
FGIFptZWcvg,UCudi3Og-hkRW0HRkiWj2LVw,3
YDoMS6mdDBM,UCRwUO6OIA2DvQA8L1VuzovQ,3
XKONUrdvlHM,UCudi3Og-hkRW0HRkiWj2LVw,3
z15Todl22yw,UCsCAWoG-SagS7aFuWT1IZPw,3
oJ6R1fVCW3g,UCudi3Og-hkRW0HRkiWj2LVw,3
c7BTn3iRgzc,UCYD71_aakEU0VT6TwsvV1MA,3
xOnBa5WdPWk,UCnv6jJ0cdl81j1oWQYbXcsw,3
yDLhMHi0czA,UCcwu2DFi0B9WbLSoqeVH9NQ,3
cl3w7VCi_PU,UCToxKVrkEuAONR4rFIJ_DyQ,3
hdk1XmPh5Ec,UCudi3Og-hkRW0HRkiWj2LVw,3
F86J3ttCmXc,UCudi3Og-hkRW0HRkiWj2LVw,3
dlFvRGN1-Dw,UCz_yrc3BO9ve7UgDGZn4dig,3
mLujohsUC-A,UCudi3Og-hkRW0HRkiWj2LVw,3
vHtRtJIpWSI,UCudi3Og-hkRW0HRkiWj2LVw,3
fCB9DTy2ez8,UCRwUO6OIA2DvQA8L1VuzovQ,3
Zo89opqiAKw,UCPNoCO-IKY1PIQZCUqf4OfA,3
qjFuFYmzRxs,UCz_yrc3BO9ve7UgDGZn4dig,3
7LtzJ--s1pM,UCS3Iac7JbyHzuXmYj34weRw,3
wtCI2ORwOiw,UCToxKVrkEuAONR4rFIJ_DyQ,3
8tZyYAWDePY,UCudi3Og-hkRW0HRkiWj2LVw,3
aZEhItIl-VQ,UCnv6jJ0cdl81j1oWQYbXcsw,3
jCDyhOFCG2I,UCz_yrc3BO9ve7UgDGZn4dig,3
gSpw-t7CjBc,UCQFWbPizb7e8IoM8kvs55cw,3
w3S29WIctIo,UCcwu2DFi0B9WbLSoqeVH9NQ,3
B4IGsNE5soM,UCudi3Og-hkRW0HRkiWj2LVw,3
aH3Z7XckWyY,UCudi3Og-hkRW0HRkiWj2LVw,3
n11arp06qWA,UCudi3Og-hkRW0HRkiWj2LVw,3
dSRkD_gyXI0,UCToxKVrkEuAONR4rFIJ_DyQ,3
fwHK0xoOcI0,UCRwUO6OIA2DvQA8L1VuzovQ,3
70NjOSiWJBQ,UCPNoCO-IKY1PIQZCUqf4OfA,3
zAYIXxopBIo,UCz_yrc3BO9ve7UgDGZn4dig,3
Q7-1hw9n6-o,UCudi3Og-hkRW0HRkiWj2LVw,3
REqH2xq19MY,UCudi3Og-hkRW0HRkiWj2LVw,3
85FtX23Tz24,UCRwUO6OIA2DvQA8L1VuzovQ,3
tCliqgfouy0,UCz_yrc3BO9ve7UgDGZn4dig,3
gDbQr3Zp3Bk,UC_6HKUyjbWkU2iZpnvcJdXA,3
Wf89xlJEsHg,UCS3Iac7JbyHzuXmYj34weRw,3
LZhu8tZ-8mQ,UCcwu2DFi0B9WbLSoqeVH9NQ,3
7wKYQFQYe9Q,UCRwUO6OIA2DvQA8L1VuzovQ,3
4mEPQQIuMDA,UCsCAWoG-SagS7aFuWT1IZPw,3
bvgX9kXU4nk,UCudi3Og-hkRW0HRkiWj2LVw,3
b5gC0ZyYAM8,UCudi3Og-hkRW0HRkiWj2LVw,3
9bc6U5XnCuA,UCnv6jJ0cdl81j1oWQYbXcsw,3
uqogSoVOU-Q,UCz_yrc3BO9ve7UgDGZn4dig,3
QUltTrU1px0,UCQFWbPizb7e8IoM8kvs55cw,3
kQbXI94rKKM,UC_6HKUyjbWkU2iZpnvcJdXA,3
6wIgPeFd8Sg,UCudi3Og-hkRW0HRkiWj2LVw,3
HG3ecOlX5_U,UCudi3Og-hkRW0HRkiWj2LVw,3
LagWKNf99zQ,UCToxKVrkEuAONR4rFIJ_DyQ,3
2yCfk11C5-k,UCPNoCO-IKY1PIQZCUqf4OfA,3
y0rk3jfwv9E,UCz_yrc3BO9ve7UgDGZn4dig,3
2xioI7mDTt0,UCYD71_aakEU0VT6TwsvV1MA,3
5WMpUX0ANoA,UCcwu2DFi0B9WbLSoqeVH9NQ,3
PNXTbuJfE04,UCS3Iac7JbyHzuXmYj34weRw,3
OeUmlwR-ySI,UCudi3Og-hkRW0HRkiWj2LVw,3
DQvHf-LVVD8,UCudi3Og-hkRW0HRkiWj2LVw,3
n4yvAZUe7h8,UCRwUO6OIA2DvQA8L1VuzovQ,3
jXEttBpqBOI,UCz_yrc3BO9ve7UgDGZn4dig,3
YUmdyBcGky0,UCudi3Og-hkRW0HRkiWj2LVw,3
VK8vpjAw2M8,UCRwUO6OIA2DvQA8L1VuzovQ,3
powd5ZjvLdA,UCcwu2DFi0B9WbLSoqeVH9NQ,3
wzNZCwV3bU4,UCudi3Og-hkRW0HRkiWj2LVw,3
xMhWpOALn_0,UCudi3Og-hkRW0HRkiWj2LVw,3
Y745TuHmDak,UCnv6jJ0cdl81j1oWQYbXcsw,3
aeR9rQD0jHw,UCQFWbPizb7e8IoM8kvs55cw,3
puCZ2KVB0Cw,UCudi3Og-hkRW0HRkiWj2LVw,3
WAA6wk-uDQQ,UCToxKVrkEuAONR4rFIJ_DyQ,3
4wIyCjx9nCY,UCPNoCO-IKY1PIQZCUqf4OfA,3
bqhW2DGfLi8,UCudi3Og-hkRW0HRkiWj2LVw,3
ICH-wY-5L98,UCudi3Og-hkRW0HRkiWj2LVw,3
amQi4qsg5Ac,UCnv6jJ0cdl81j1oWQYbXcsw,3
zajuGRUVGRg,UCz_yrc3BO9ve7UgDGZn4dig,3
k74gIoFa3k0,UCcwu2DFi0B9WbLSoqeVH9NQ,3
nnp_C2aQQpw,UCS3Iac7JbyHzuXmYj34weRw,3
RNsTHEIo9P0,UCudi3Og-hkRW0HRkiWj2LVw,3
EI_Pkkxu_bs,UCsCAWoG-SagS7aFuWT1IZPw,3
0TJs0IuNNqc,UCRwUO6OIA2DvQA8L1VuzovQ,3
MYUh4VOvrf4,UCudi3Og-hkRW0HRkiWj2LVw,3
QLReLqRNreQ,UCz_yrc3BO9ve7UgDGZn4dig,3
WuFgaUm_o8k,UCudi3Og-hkRW0HRkiWj2LVw,3
wuLPymJwSRU,UCudi3Og-hkRW0HRkiWj2LVw,3
AsSVQtL9wqE,UCToxKVrkEuAONR4rFIJ_DyQ,3
Hup_XA_mztA,UCz_yrc3BO9ve7UgDGZn4dig,3
TODvQY9_UPk,UCudi3Og-hkRW0HRkiWj2LVw,3
AvxJiAb56As,UCudi3Og-hkRW0HRkiWj2LVw,3
Tpm-LnkZNro,UCPNoCO-IKY1PIQZCUqf4OfA,3
CN7atyx2700,UCnv6jJ0cdl81j1oWQYbXcsw,3
BGegI2SHcPQ,UCz_yrc3BO9ve7UgDGZn4dig,3
qF0RpZfPguc,UCYD71_aakEU0VT6TwsvV1MA,3
zRQZr2lGyYw,UC_6HKUyjbWkU2iZpnvcJdXA,3
_KH_cScp1Rc,UCQFWbPizb7e8IoM8kvs55cw,3
RO2APaaZy4o,UCcwu2DFi0B9WbLSoqeVH9NQ,3
Ca7-KckSeQw,UCToxKVrkEuAONR4rFIJ_DyQ,3
j5zPZFqtfdk,UCudi3Og-hkRW0HRkiWj2LVw,3
GhRg_Elfkyw,UCz_yrc3BO9ve7UgDGZn4dig,3
Ay64MAtfEtM,UCS3Iac7JbyHzuXmYj34weRw,3
ZDuMAknN0Es,UCudi3Og-hkRW0HRkiWj2LVw,3
g4rPcarRrJg,UCRwUO6OIA2DvQA8L1VuzovQ,3
XBUUTna69qU,UCudi3Og-hkRW0HRkiWj2LVw,3
BQx8wce-_IM,UCToxKVrkEuAONR4rFIJ_DyQ,3
DHXtLTZy0as,UCz_yrc3BO9ve7UgDGZn4dig,3
KXrVzJM3N4A,UCcwu2DFi0B9WbLSoqeVH9NQ,3
66dFApLn8Bk,UCudi3Og-hkRW0HRkiWj2LVw,3
tEW2KUqxyFU,UCToxKVrkEuAONR4rFIJ_DyQ,3
1bkrtQXGO3c,UCRwUO6OIA2DvQA8L1VuzovQ,3
5eXa-yWrYLY,UCnv6jJ0cdl81j1oWQYbXcsw,3
DiXQD-5nQtQ,UCPNoCO-IKY1PIQZCUqf4OfA,3
Zslx6z6T_mE,UCz_yrc3BO9ve7UgDGZn4dig,3
FmljTRsoZdg,UCQFWbPizb7e8IoM8kvs55cw,3
AahBpI11mHQ,UCudi3Og-hkRW0HRkiWj2LVw,3
fE0UoZx4CIM,UCudi3Og-hkRW0HRkiWj2LVw,3
ymsY94NY94s,UCS3Iac7JbyHzuXmYj34weRw,3
UF9tf3E2v_I,UCz_yrc3BO9ve7UgDGZn4dig,3
NXo8E0x6HGk,UCRwUO6OIA2DvQA8L1VuzovQ,3
1z3WMTxuvdg,UCsCAWoG-SagS7aFuWT1IZPw,3
NWaell74kns,UCRwUO6OIA2DvQA8L1VuzovQ,3
mK4mUTkNj3o,UCudi3Og-hkRW0HRkiWj2LVw,3
_AwUmXKuCc0,UCToxKVrkEuAONR4rFIJ_DyQ,3
xI-EJop9swA,UCudi3Og-hkRW0HRkiWj2LVw,3
v5MQqIiTGbo,UCz_yrc3BO9ve7UgDGZn4dig,3
fVKOOpZJirM,UCcwu2DFi0B9WbLSoqeVH9NQ,3
m0sPvExhlEw,UCudi3Og-hkRW0HRkiWj2LVw,3
zWUgFBxc2a8,UCudi3Og-hkRW0HRkiWj2LVw,3
FOhrnmcaJqg,UCz_yrc3BO9ve7UgDGZn4dig,3
huBIW1eCq6Y,UCS3Iac7JbyHzuXmYj34weRw,3
arhJ64xy5MM,UCudi3Og-hkRW0HRkiWj2LVw,3
wexy2QGfi3c,UCudi3Og-hkRW0HRkiWj2LVw,3
AoJkVrMxNW0,UCToxKVrkEuAONR4rFIJ_DyQ,3
XHSS_9ucGoM,UCRwUO6OIA2DvQA8L1VuzovQ,3
L_SggjfD6GQ,UCRwUO6OIA2DvQA8L1VuzovQ,3
pbhav9Uf7qA,UCnv6jJ0cdl81j1oWQYbXcsw,3
hbOOTKdPL5g,UCz_yrc3BO9ve7UgDGZn4dig,3
yEi_ESHESdw,UCQFWbPizb7e8IoM8kvs55cw,3
pU9NN53XRgo,UCcwu2DFi0B9WbLSoqeVH9NQ,3
Qzs426Hi648,UCsCAWoG-SagS7aFuWT1IZPw,3
yn4BVhXd5hg,UCRwUO6OIA2DvQA8L1VuzovQ,3
4TnFYpNGCpw,UCudi3Og-hkRW0HRkiWj2LVw,3
tRpunqoKdcc,UCz_yrc3BO9ve7UgDGZn4dig,3
60uXtEghsiY,UCudi3Og-hkRW0HRkiWj2LVw,3
SJEXjuZkJPQ,UCudi3Og-hkRW0HRkiWj2LVw,3
FMLze1zCOWM,UCS3Iac7JbyHzuXmYj34weRw,3
PpQ5LxtIn00,UCToxKVrkEuAONR4rFIJ_DyQ,3
OtxPOjWRUTE,UCz_yrc3BO9ve7UgDGZn4dig,3
i4zFwZpSYc8,UCudi3Og-hkRW0HRkiWj2LVw,3
aUz5qfr5H1Y,UCS3Iac7JbyHzuXmYj34weRw,3
iykJ80q0Ces,UCRwUO6OIA2DvQA8L1VuzovQ,3
Hsd51zNanro,UCRwUO6OIA2DvQA8L1VuzovQ,3
gCXcIG90aPE,UCPNoCO-IKY1PIQZCUqf4OfA,3
qNz2ANAgcEk,UCnv6jJ0cdl81j1oWQYbXcsw,3
2_VqR3Ym00I,UCz_yrc3BO9ve7UgDGZn4dig,3
-cBnt8tZe50,UCYD71_aakEU0VT6TwsvV1MA,3
lVPqIbxDZwE,UCQFWbPizb7e8IoM8kvs55cw,3
bDZIBgI-a9k,UCcwu2DFi0B9WbLSoqeVH9NQ,3
aai_31GWWSA,UCudi3Og-hkRW0HRkiWj2LVw,3
XrXnrzTkn_M,UCudi3Og-hkRW0HRkiWj2LVw,3
Iw42oUiCVWA,UCRwUO6OIA2DvQA8L1VuzovQ,3
qDJCkT5USqs,UCRwUO6OIA2DvQA8L1VuzovQ,3
lWF_YhyV24w,UCz_yrc3BO9ve7UgDGZn4dig,3
nGLzsd8UOJA,UCudi3Og-hkRW0HRkiWj2LVw,3
7yJfluGeq44,UCudi3Og-hkRW0HRkiWj2LVw,3
KZmpa_wSTRU,UCsCAWoG-SagS7aFuWT1IZPw,3
-3X83yOjZYs,UCz_yrc3BO9ve7UgDGZn4dig,3
C4h1sZoYNg4,UCRwUO6OIA2DvQA8L1VuzovQ,3
298a0azCMak,UCcwu2DFi0B9WbLSoqeVH9NQ,3
rrka7UTbGdU,UC_6HKUyjbWkU2iZpnvcJdXA,3
4_m85-P0GhY,UCudi3Og-hkRW0HRkiWj2LVw,3
r0rGM8ZYS0k,UCToxKVrkEuAONR4rFIJ_DyQ,3
NnfieLRYZrM,UCS3Iac7JbyHzuXmYj34weRw,3
jyCsg5jfVL0,UC_6HKUyjbWkU2iZpnvcJdXA,3
9AsfOdQonq8,UCudi3Og-hkRW0HRkiWj2LVw,3
4fEdzVXelBw,UCudi3Og-hkRW0HRkiWj2LVw,3
ePIegsmlRrc,UCudi3Og-hkRW0HRkiWj2LVw,3
087NQ9aatS4,UCnv6jJ0cdl81j1oWQYbXcsw,3
6Zkxz7xE0x4,UCQFWbPizb7e8IoM8kvs55cw,3
E_NG7dY-E-o,UCudi3Og-hkRW0HRkiWj2LVw,3
eueh0qrpbVM,UCudi3Og-hkRW0HRkiWj2LVw,3
nX0_Rt38TTI,UCToxKVrkEuAONR4rFIJ_DyQ,3
kgZqVjU6VpI,UCPNoCO-IKY1PIQZCUqf4OfA,3
MvKjvI1I89s,UCz_yrc3BO9ve7UgDGZn4dig,3
KM_9jFF3Qgw,UCcwu2DFi0B9WbLSoqeVH9NQ,3
_GYXWRBZeX8,UCudi3Og-hkRW0HRkiWj2LVw,3
wlQRuu8bM4g,UCudi3Og-hkRW0HRkiWj2LVw,3
LbMYnEnBXuw,UCnv6jJ0cdl81j1oWQYbXcsw,3
HNNcVz9x8ng,UCYD71_aakEU0VT6TwsvV1MA,3
MDZlbG5GKOQ,UCudi3Og-hkRW0HRkiWj2LVw,3
qxiy2Y6EPsQ,UCToxKVrkEuAONR4rFIJ_DyQ,3
Us3y8lK4X9o,UCS3Iac7JbyHzuXmYj34weRw,3
F-3D5x1BMzc,UCPNoCO-IKY1PIQZCUqf4OfA,3
MmnRNP7kT_g,UCz_yrc3BO9ve7UgDGZn4dig,3
nW-126s3CFM,UC_6HKUyjbWkU2iZpnvcJdXA,3
ul5uu0BNk8o,UCQFWbPizb7e8IoM8kvs55cw,3
jFZ7pbVTAWU,UCudi3Og-hkRW0HRkiWj2LVw,3
1vtqWFMb-u0,UCudi3Og-hkRW0HRkiWj2LVw,3
zyIasVbe7Sg,UCRwUO6OIA2DvQA8L1VuzovQ,3
y_9dcAPwzuw,UCToxKVrkEuAONR4rFIJ_DyQ,3
70N557XBDsg,UCcwu2DFi0B9WbLSoqeVH9NQ,3
AGj2u16Bz5o,UCudi3Og-hkRW0HRkiWj2LVw,3
B5GSkFhYbW4,UCsCAWoG-SagS7aFuWT1IZPw,3
p_ghNn2sYRc,UCudi3Og-hkRW0HRkiWj2LVw,3
uMRBm0DD-EQ,UCRwUO6OIA2DvQA8L1VuzovQ,3
qQDtQQhux6E,UC_6HKUyjbWkU2iZpnvcJdXA,3
yGTUp06JbH8,UCcwu2DFi0B9WbLSoqeVH9NQ,3
q0lOQIj12mk,UCRwUO6OIA2DvQA8L1VuzovQ,3
cQailYhM_Hk,UCudi3Og-hkRW0HRkiWj2LVw,3
nPPsjRxRH70,UCToxKVrkEuAONR4rFIJ_DyQ,3
rZdx83rc4Ow,UCz_yrc3BO9ve7UgDGZn4dig,3
6s9VUiM7nuw,UCnv6jJ0cdl81j1oWQYbXcsw,3
f_gNE8oJHjo,UCS3Iac7JbyHzuXmYj34weRw,3
GUMK2S444O8,UCudi3Og-hkRW0HRkiWj2LVw,3
w2qXr5aPois,UCudi3Og-hkRW0HRkiWj2LVw,3
tvzP-163alc,UCRwUO6OIA2DvQA8L1VuzovQ,3
Kw0OK8-5ioo,UCPNoCO-IKY1PIQZCUqf4OfA,3
I1X_XGCxNBw,UCz_yrc3BO9ve7UgDGZn4dig,3
--5kTYKptJ4,UCQFWbPizb7e8IoM8kvs55cw,3
W-j4QruCw2E,UCcwu2DFi0B9WbLSoqeVH9NQ,3
VPPxjdGPwB4,UCToxKVrkEuAONR4rFIJ_DyQ,3
IPOVvvPv5SY,UCRwUO6OIA2DvQA8L1VuzovQ,3
cR4iml2xbyg,UCudi3Og-hkRW0HRkiWj2LVw,3
Yhddgc6qttU,UCz_yrc3BO9ve7UgDGZn4dig,3
kWe_Lfnq_cY,UCudi3Og-hkRW0HRkiWj2LVw,3
6g6-VL8s5gg,UCcwu2DFi0B9WbLSoqeVH9NQ,3
DQnDhLZjMbc,UCudi3Og-hkRW0HRkiWj2LVw,3
kpyn4yT4RDU,UCz_yrc3BO9ve7UgDGZn4dig,3
ga6e-264gdE,UCudi3Og-hkRW0HRkiWj2LVw,3
3k1ky8cOEQg,UCToxKVrkEuAONR4rFIJ_DyQ,3
JF7hYW4Kt4I,UCRwUO6OIA2DvQA8L1VuzovQ,3
l-_bQpqDU2g,UCnv6jJ0cdl81j1oWQYbXcsw,3
hKDcAKEtlto,UCPNoCO-IKY1PIQZCUqf4OfA,3
XSV7RpHs1uY,UCz_yrc3BO9ve7UgDGZn4dig,3
bX_X0E6CK3w,UCQFWbPizb7e8IoM8kvs55cw,3
LowpUw2ipL8,UCToxKVrkEuAONR4rFIJ_DyQ,3
jdiZurz45mw,UCS3Iac7JbyHzuXmYj34weRw,3
eJPeEcJOVlg,UCudi3Og-hkRW0HRkiWj2LVw,3
pmP7jsZL-_U,UCz_yrc3BO9ve7UgDGZn4dig,3
xo98l5ctar8,UCcwu2DFi0B9WbLSoqeVH9NQ,3
1kgsmcThYss,UCudi3Og-hkRW0HRkiWj2LVw,3
YlxDU_inIeY,UCsCAWoG-SagS7aFuWT1IZPw,3
saQchZJ7m2E,UCToxKVrkEuAONR4rFIJ_DyQ,3
id96ydN1AaI,UCudi3Og-hkRW0HRkiWj2LVw,3
-m5dvmhBFHs,UCz_yrc3BO9ve7UgDGZn4dig,3
SrhSYzHbk3k,UC_6HKUyjbWkU2iZpnvcJdXA,3
EB2yFkXAKJM,UCudi3Og-hkRW0HRkiWj2LVw,3
xvUS5Kk1mE0,UCudi3Og-hkRW0HRkiWj2LVw,3
IRnx_g9tFdo,UCz_yrc3BO9ve7UgDGZn4dig,3
yIXubQmrDdg,UCYD71_aakEU0VT6TwsvV1MA,3
x1FZOqZH6l4,UCQFWbPizb7e8IoM8kvs55cw,3
anecDeheQnc,UCS3Iac7JbyHzuXmYj34weRw,3
4qdBpkJsD7Y,UCToxKVrkEuAONR4rFIJ_DyQ,3
LWDMJtEjtPg,UCudi3Og-hkRW0HRkiWj2LVw,3
jW3Gja9zCOs,UCRwUO6OIA2DvQA8L1VuzovQ,3
RnzjNt1skSs,UCPNoCO-IKY1PIQZCUqf4OfA,3
O4jWOYfiX7A,UCnv6jJ0cdl81j1oWQYbXcsw,3
SYkYFdgj4Fs,UCz_yrc3BO9ve7UgDGZn4dig,3
98o-DGZJJAk,UCcwu2DFi0B9WbLSoqeVH9NQ,3
tkD9WdT8KqI,UCudi3Og-hkRW0HRkiWj2LVw,3
TSt8hbJzArU,UCRwUO6OIA2DvQA8L1VuzovQ,3
HfA8P7AQ0nE,UCQFWbPizb7e8IoM8kvs55cw,3
gbb-Zo6bJ1o,UCudi3Og-hkRW0HRkiWj2LVw,3
ph3wAloHcic,UCnv6jJ0cdl81j1oWQYbXcsw,3
8kC0ceM5L0Y,UCcwu2DFi0B9WbLSoqeVH9NQ,3
fy1od62H7ro,UCudi3Og-hkRW0HRkiWj2LVw,3
8MnNYU_Kg1Q,UCToxKVrkEuAONR4rFIJ_DyQ,3
TTA0xIwv880,UCz_yrc3BO9ve7UgDGZn4dig,3
f1NYMWHlyzk,UCPNoCO-IKY1PIQZCUqf4OfA,3
YqXNqnvsmAk,UCnv6jJ0cdl81j1oWQYbXcsw,3
kJspIpyaR38,UCQFWbPizb7e8IoM8kvs55cw,3
laoNNwDBAwg,UCRwUO6OIA2DvQA8L1VuzovQ,3
03SKyeda-EE,UCS3Iac7JbyHzuXmYj34weRw,3
Af3L5SGmFfs,UCudi3Og-hkRW0HRkiWj2LVw,3
aOgyslhoo_Q,UCnv6jJ0cdl81j1oWQYbXcsw,3
V-NjRy7K5UA,UCS3Iac7JbyHzuXmYj34weRw,3
wB-9schM4z4,UCudi3Og-hkRW0HRkiWj2LVw,3
S0s9zxCJqzo,UCsCAWoG-SagS7aFuWT1IZPw,3
9ciJGFWaEBg,UCToxKVrkEuAONR4rFIJ_DyQ,3
iOesNT7xNwA,UCRwUO6OIA2DvQA8L1VuzovQ,3
5FBDg7TfmPc,UCudi3Og-hkRW0HRkiWj2LVw,3
uhLx3yjJSsE,UCcwu2DFi0B9WbLSoqeVH9NQ,3
xhfUoDXh8v0,UC_6HKUyjbWkU2iZpnvcJdXA,3
Qa21gE44iUE,UCudi3Og-hkRW0HRkiWj2LVw,3
p6PgoAtdf8U,UCRwUO6OIA2DvQA8L1VuzovQ,3
W8oh7Lm2Es8,UCudi3Og-hkRW0HRkiWj2LVw,3
nGvwLkm6sWA,UCToxKVrkEuAONR4rFIJ_DyQ,3
VePoV37dSk8,UCudi3Og-hkRW0HRkiWj2LVw,3
RhW4_l29RrU,UCPNoCO-IKY1PIQZCUqf4OfA,3
cZ3UnK_4t8M,UCYD71_aakEU0VT6TwsvV1MA,3
KSgL0Yi4-UA,UC_6HKUyjbWkU2iZpnvcJdXA,3
efj81ZAPBlY,UCQFWbPizb7e8IoM8kvs55cw,3
uAyMFjUchvE,UCudi3Og-hkRW0HRkiWj2LVw,3
S9OU3y6LA5U,UCToxKVrkEuAONR4rFIJ_DyQ,3
CKsAUxzgeLY,UCudi3Og-hkRW0HRkiWj2LVw,3
gPtmXUgS4Mk,UCRwUO6OIA2DvQA8L1VuzovQ,3
TE274P71BzY,UCcwu2DFi0B9WbLSoqeVH9NQ,3
VqjBUQaAYLM,UCudi3Og-hkRW0HRkiWj2LVw,3
l5BWVFpTxVU,UCRwUO6OIA2DvQA8L1VuzovQ,3
oP9r8aQA8rw,UCudi3Og-hkRW0HRkiWj2LVw,3
I_Zit4ORDTM,UCnv6jJ0cdl81j1oWQYbXcsw,3
F3iyo7fm36Q,UCToxKVrkEuAONR4rFIJ_DyQ,3
FVoAR13Ygwc,UCudi3Og-hkRW0HRkiWj2LVw,3
Syy9QKFR0nE,UCRwUO6OIA2DvQA8L1VuzovQ,3
Qr84boleoLk,UCPNoCO-IKY1PIQZCUqf4OfA,3
bThEFa4pbC0,UCudi3Og-hkRW0HRkiWj2LVw,3
Qi42FAhtLzc,UCQFWbPizb7e8IoM8kvs55cw,3
4bJedDJcSFA,UCudi3Og-hkRW0HRkiWj2LVw,3
w_K_ryIn3I4,UCS3Iac7JbyHzuXmYj34weRw,3
a-dKUII5Glg,UCudi3Og-hkRW0HRkiWj2LVw,3
oibJJSPrao0,UCcwu2DFi0B9WbLSoqeVH9NQ,3
knTmfK0Gy_s,UCudi3Og-hkRW0HRkiWj2LVw,3
QcqJ6F2RxDo,UCsCAWoG-SagS7aFuWT1IZPw,3
oKoJMO8Zw4k,UCudi3Og-hkRW0HRkiWj2LVw,3
6I3hXKmGiUg,UCYD71_aakEU0VT6TwsvV1MA,3
JqXjNGOtUUs,UCudi3Og-hkRW0HRkiWj2LVw,3
3Yr2tn4YkOU,UCRwUO6OIA2DvQA8L1VuzovQ,3
kHBIvfQnWOc,UCToxKVrkEuAONR4rFIJ_DyQ,3
Lf8jimIsmQo,UCS3Iac7JbyHzuXmYj34weRw,3
vf_MbUE5EWY,UCudi3Og-hkRW0HRkiWj2LVw,3
NlTMUMwU5xQ,UCToxKVrkEuAONR4rFIJ_DyQ,3
v0zJcAuyHqQ,UCRwUO6OIA2DvQA8L1VuzovQ,3
0LVuKtVsfMQ,UCPNoCO-IKY1PIQZCUqf4OfA,3
wCZNa5bn4Pg,UCQFWbPizb7e8IoM8kvs55cw,3
ThbVSLZPtLM,UCToxKVrkEuAONR4rFIJ_DyQ,3
kaq3wq6Rbg4,UCudi3Og-hkRW0HRkiWj2LVw,3
M1eUwcqK0ys,UCYD71_aakEU0VT6TwsvV1MA,3
C_1Dy2EsPD0,UCcwu2DFi0B9WbLSoqeVH9NQ,3
SLt6iB51W9Q,UCudi3Og-hkRW0HRkiWj2LVw,3
7uP5u5lInSE,UCS3Iac7JbyHzuXmYj34weRw,3
MPv5-G5C0II,UCRwUO6OIA2DvQA8L1VuzovQ,3
DCdP_H-AcDQ,UC_6HKUyjbWkU2iZpnvcJdXA,3
Jjzx6JpU7u8,UCToxKVrkEuAONR4rFIJ_DyQ,3
ikfFSyiIk28,UCudi3Og-hkRW0HRkiWj2LVw,3
_wQTohp_X5M,UCRwUO6OIA2DvQA8L1VuzovQ,3
de4DOgcrm1Y,UCPNoCO-IKY1PIQZCUqf4OfA,3
ODg27tVGS_I,UCz_yrc3BO9ve7UgDGZn4dig,3
H0d4jBGk-aA,UCQFWbPizb7e8IoM8kvs55cw,3
5HX-2ntyaTM,UCudi3Og-hkRW0HRkiWj2LVw,3
NQGdQLJbU8A,UCS3Iac7JbyHzuXmYj34weRw,3
QTaaofkP77s,UCcwu2DFi0B9WbLSoqeVH9NQ,3
zUErhPPCZdw,UCRwUO6OIA2DvQA8L1VuzovQ,3
3Ohd872kL2I,UCsCAWoG-SagS7aFuWT1IZPw,3
Xv_59wCnQbY,UCToxKVrkEuAONR4rFIJ_DyQ,3
LdbeBADEFzo,UCS3Iac7JbyHzuXmYj34weRw,3
dvOm2B4t32w,UCToxKVrkEuAONR4rFIJ_DyQ,3
XF4Y5adFcek,UCudi3Og-hkRW0HRkiWj2LVw,3
7686GSgN8yk,UCz_yrc3BO9ve7UgDGZn4dig,3
lHKLVe9-rr0,UCRwUO6OIA2DvQA8L1VuzovQ,3
3wQna_rTlS4,UCPNoCO-IKY1PIQZCUqf4OfA,3
kBN6h0xBVXo,UCToxKVrkEuAONR4rFIJ_DyQ,3
ZdfpDXSslE0,UCRwUO6OIA2DvQA8L1VuzovQ,3
txhHnMjQ6DQ,UCudi3Og-hkRW0HRkiWj2LVw,3
xitIkE3QyFQ,UCS3Iac7JbyHzuXmYj34weRw,3
WiTp5MEmnqM,UCQFWbPizb7e8IoM8kvs55cw,3
679KgYvS6kk,UCcwu2DFi0B9WbLSoqeVH9NQ,3
TWx9SYgzzDE,UCudi3Og-hkRW0HRkiWj2LVw,3
7XaUKGWGlUQ,UCudi3Og-hkRW0HRkiWj2LVw,3
cJAspDc3OS0,UCudi3Og-hkRW0HRkiWj2LVw,3
lxQwsgOHz7E,UCToxKVrkEuAONR4rFIJ_DyQ,3
EKaDtW3MuVg,UCudi3Og-hkRW0HRkiWj2LVw,3
EnOh0zA_VDc,UCRwUO6OIA2DvQA8L1VuzovQ,3
1EHMD14lLpM,UCPNoCO-IKY1PIQZCUqf4OfA,3
QSLzDXOvYhU,UCudi3Og-hkRW0HRkiWj2LVw,3
YtAeVbWigbo,UCToxKVrkEuAONR4rFIJ_DyQ,3
YKPUFQH_iMA,UCudi3Og-hkRW0HRkiWj2LVw,3
3qx1IAPw4nY,UCYD71_aakEU0VT6TwsvV1MA,3
E3BFoW3rtew,UCS3Iac7JbyHzuXmYj34weRw,3
cnVvCn1_zDg,UCudi3Og-hkRW0HRkiWj2LVw,3
9FcgsSOaIsk,UCsCAWoG-SagS7aFuWT1IZPw,3
6IvdB5ZSK0s,UCudi3Og-hkRW0HRkiWj2LVw,3
KkvClhlZfPk,UCRwUO6OIA2DvQA8L1VuzovQ,3
r0xAikssUfw,UCz_yrc3BO9ve7UgDGZn4dig,3
vNr5r-eb43U,UCudi3Og-hkRW0HRkiWj2LVw,3
TJdamNGspvY,UCcwu2DFi0B9WbLSoqeVH9NQ,3
a3ipr1_eRoM,UCS3Iac7JbyHzuXmYj34weRw,3
cWeqXKF4VvE,UCudi3Og-hkRW0HRkiWj2LVw,3
weC4_qOxq8E,UCToxKVrkEuAONR4rFIJ_DyQ,3
9DIxSpe_AYs,UCudi3Og-hkRW0HRkiWj2LVw,3
Q1o21CeT0dI,UCudi3Og-hkRW0HRkiWj2LVw,3
v7WUJ6c5pec,UCPNoCO-IKY1PIQZCUqf4OfA,3
ncX9omHET4s,UCQFWbPizb7e8IoM8kvs55cw,3
cWh4fcWNSuE,UCS3Iac7JbyHzuXmYj34weRw,3
Ynxdpvulx_8,UCudi3Og-hkRW0HRkiWj2LVw,3
z4HuOzqqagA,UCudi3Og-hkRW0HRkiWj2LVw,3
jOx-atHnUxg,UCToxKVrkEuAONR4rFIJ_DyQ,3
AiewilnEvNI,UCRwUO6OIA2DvQA8L1VuzovQ,3
WJ8SZJH8D9k,UCS3Iac7JbyHzuXmYj34weRw,3
nKd6KfVKSWA,UCudi3Og-hkRW0HRkiWj2LVw,3
btcdl84NyQE,UCcwu2DFi0B9WbLSoqeVH9NQ,3
AfVF9fe_ljU,UCToxKVrkEuAONR4rFIJ_DyQ,3
fnd6SfApnG8,UCudi3Og-hkRW0HRkiWj2LVw,3
FAsyxa6F2OY,UCPNoCO-IKY1PIQZCUqf4OfA,3
re8djSp3BpM,UCz_yrc3BO9ve7UgDGZn4dig,3
X5R8LPid8EY,UCnv6jJ0cdl81j1oWQYbXcsw,3
pe_DcWg021o,UCQFWbPizb7e8IoM8kvs55cw,3
rCZuNY_xGPU,UCRwUO6OIA2DvQA8L1VuzovQ,3
5anVhKsjyww,UCudi3Og-hkRW0HRkiWj2LVw,3
DJ24GgZwi0M,UC_6HKUyjbWkU2iZpnvcJdXA,3
YoblnaRmezA,UCS3Iac7JbyHzuXmYj34weRw,3
YN7oCvV4Eck,UCRwUO6OIA2DvQA8L1VuzovQ,3
0ciX1tgyO6I,UCToxKVrkEuAONR4rFIJ_DyQ,3
1jnvAAeQZXg,UCudi3Og-hkRW0HRkiWj2LVw,3
1QXhQU2lUhs,UCToxKVrkEuAONR4rFIJ_DyQ,3
U10K-4wlfu0,UCcwu2DFi0B9WbLSoqeVH9NQ,3
AbDqD4M0mLA,UCudi3Og-hkRW0HRkiWj2LVw,3
ZmC1Mq7myqQ,UCRwUO6OIA2DvQA8L1VuzovQ,3
6A9d10FfT_k,UCPNoCO-IKY1PIQZCUqf4OfA,3
48ZfdeAts-w,UCQFWbPizb7e8IoM8kvs55cw,3
XTABaZmT0iQ,UCToxKVrkEuAONR4rFIJ_DyQ,3
kUXeU0H1uI4,UCnv6jJ0cdl81j1oWQYbXcsw,3
xSUN-dd6OJw,UCS3Iac7JbyHzuXmYj34weRw,3
D2qjHPuC8AQ,UC_6HKUyjbWkU2iZpnvcJdXA,3
bmSnm6-GhcY,UCToxKVrkEuAONR4rFIJ_DyQ,3
5zAFGKZDmE4,UCRwUO6OIA2DvQA8L1VuzovQ,3
cNgEIIFD9QY,UCPNoCO-IKY1PIQZCUqf4OfA,3
G6PhbegsUmA,UCQFWbPizb7e8IoM8kvs55cw,3
J2mCY7mDtS8,UCcwu2DFi0B9WbLSoqeVH9NQ,3
CavPjuLDrWo,UCRwUO6OIA2DvQA8L1VuzovQ,3
SeBnEVxTigg,UCnv6jJ0cdl81j1oWQYbXcsw,3
lVbd4rzFP_8,UCS3Iac7JbyHzuXmYj34weRw,3
HxPvJWuRS9w,UCToxKVrkEuAONR4rFIJ_DyQ,3
Fv3Qa71xwDo,UCQFWbPizb7e8IoM8kvs55cw,3
Y7HFTOvulNY,UCS3Iac7JbyHzuXmYj34weRw,3
wIZjw6-7u4Y,UCRwUO6OIA2DvQA8L1VuzovQ,3
kZKC2vI4opo,UCPNoCO-IKY1PIQZCUqf4OfA,3
xPVWfFWGr4Y,UCnv6jJ0cdl81j1oWQYbXcsw,3
SjFVIvO41Q8,UCYD71_aakEU0VT6TwsvV1MA,3
Xdj5YYOn2MU,UCToxKVrkEuAONR4rFIJ_DyQ,3
hdKBiGlziTo,UCRwUO6OIA2DvQA8L1VuzovQ,3
GregPhBjSbE,UCnv6jJ0cdl81j1oWQYbXcsw,3
j-To15wmf60,UCS3Iac7JbyHzuXmYj34weRw,3
8DHrlRQJiGI,UCToxKVrkEuAONR4rFIJ_DyQ,3
zOBIWydJzQ8,UCPNoCO-IKY1PIQZCUqf4OfA,3
yvgicgfDSrQ,UCQFWbPizb7e8IoM8kvs55cw,3
53HOxk7d9O4,UCS3Iac7JbyHzuXmYj34weRw,3
CuVCq_z3UWA,UCRwUO6OIA2DvQA8L1VuzovQ,3
u_O6fXL-Pew,UCnv6jJ0cdl81j1oWQYbXcsw,3
Hfq-6v5K0XA,UCToxKVrkEuAONR4rFIJ_DyQ,3
uaODvlTVp-4,UCS3Iac7JbyHzuXmYj34weRw,3
CxU8JLqh7rM,UCRwUO6OIA2DvQA8L1VuzovQ,3
UvRKxxeYQP8,UCPNoCO-IKY1PIQZCUqf4OfA,3
g-OBK8FVir0,UCQFWbPizb7e8IoM8kvs55cw,3
S3_RyVhnyDI,UCRwUO6OIA2DvQA8L1VuzovQ,3
zTqXP764I0E,UCnv6jJ0cdl81j1oWQYbXcsw,3
IuQpUlwj7d8,UCS3Iac7JbyHzuXmYj34weRw,3
sEioZSu-oYI,UCPNoCO-IKY1PIQZCUqf4OfA,3
z_JONAw-qaU,UCQFWbPizb7e8IoM8kvs55cw,3
DibiMUJSsIg,UCS3Iac7JbyHzuXmYj34weRw,3
33me_Dvr4n4,UCS3Iac7JbyHzuXmYj34weRw,3
fcvChs3NDp8,UCPNoCO-IKY1PIQZCUqf4OfA,3
UzVKg96KGvE,UCRwUO6OIA2DvQA8L1VuzovQ,3
f1YKC_N3T3U,UCz_yrc3BO9ve7UgDGZn4dig,3
aSasJJiFTYk,UCnv6jJ0cdl81j1oWQYbXcsw,3
YMnEgBBU-EA,UCQFWbPizb7e8IoM8kvs55cw,3
CbTWCl0YcE0,UCS3Iac7JbyHzuXmYj34weRw,3
cBot7nZVhrw,UCYD71_aakEU0VT6TwsvV1MA,3
Cbl1caCoUSY,UCRwUO6OIA2DvQA8L1VuzovQ,3
_QzPiCH60p0,UCRwUO6OIA2DvQA8L1VuzovQ,3
lmwHevEI0XU,UCPNoCO-IKY1PIQZCUqf4OfA,3
CwSBZWVrJ94,UCQFWbPizb7e8IoM8kvs55cw,3
nxKoqP-Dy28,UCS3Iac7JbyHzuXmYj34weRw,3
bionMHgFzBU,UCRwUO6OIA2DvQA8L1VuzovQ,3
1-hrzRXFyVo,UCRwUO6OIA2DvQA8L1VuzovQ,3
ptSba_At0aU,UCQFWbPizb7e8IoM8kvs55cw,3
F2v2kXReZ-M,UCS3Iac7JbyHzuXmYj34weRw,3
8K8fRi19SSs,UCPNoCO-IKY1PIQZCUqf4OfA,3
rhgqKj57dHA,UCnv6jJ0cdl81j1oWQYbXcsw,3
KCxOIfLxVUo,UCz_yrc3BO9ve7UgDGZn4dig,3
lRjh5yNVJSg,UCQFWbPizb7e8IoM8kvs55cw,3
2HGfGFKxoGk,UCPNoCO-IKY1PIQZCUqf4OfA,3
-OTHLoAf5YI,UCS3Iac7JbyHzuXmYj34weRw,3
kac86QDY0DM,UCRwUO6OIA2DvQA8L1VuzovQ,3
wzmxG4UppLc,UCS3Iac7JbyHzuXmYj34weRw,3
bmZpsiZcZgw,UCnv6jJ0cdl81j1oWQYbXcsw,3
QCjUYsPoC0M,UCQFWbPizb7e8IoM8kvs55cw,3
J1IQBUZy7CY,UCRwUO6OIA2DvQA8L1VuzovQ,3
UOH37MUvr9I,UCPNoCO-IKY1PIQZCUqf4OfA,3
yrs0UzyRXYM,UCS3Iac7JbyHzuXmYj34weRw,3
xagoXpwj9WQ,UCS3Iac7JbyHzuXmYj34weRw,3
eD6tx_CvUTA,UCQFWbPizb7e8IoM8kvs55cw,3
0Jw-Suk5Nac,UCRwUO6OIA2DvQA8L1VuzovQ,3
uyBEpCaEW9c,UCPNoCO-IKY1PIQZCUqf4OfA,3
IyS-8kklP1A,UCnv6jJ0cdl81j1oWQYbXcsw,3
aKHnDhEmGzo,UCnv6jJ0cdl81j1oWQYbXcsw,3
njhafWU2rME,UCRwUO6OIA2DvQA8L1VuzovQ,3
9IiokL57FZE,UCz_yrc3BO9ve7UgDGZn4dig,3
iL1efXwuEug,UCQFWbPizb7e8IoM8kvs55cw,3
Mg4dwFpLbsQ,UCPNoCO-IKY1PIQZCUqf4OfA,3
Vzl9pEbOHvA,UCz_yrc3BO9ve7UgDGZn4dig,3
S-RlbZ0aQZc,UCS3Iac7JbyHzuXmYj34weRw,3
oDo2vd2U5N0,UCQFWbPizb7e8IoM8kvs55cw,3
mQLj3pR6m3Q,UCRwUO6OIA2DvQA8L1VuzovQ,3
ktVvpyN4OVQ,UCS3Iac7JbyHzuXmYj34weRw,3
UZr_cAvVbZc,UCnv6jJ0cdl81j1oWQYbXcsw,3
qZxQIoFPT8k,UCRwUO6OIA2DvQA8L1VuzovQ,3
xx2KYK2SIxI,UCPNoCO-IKY1PIQZCUqf4OfA,3
ra0wEYSZelQ,UCRwUO6OIA2DvQA8L1VuzovQ,3
HpeCn0TXev0,UCnv6jJ0cdl81j1oWQYbXcsw,3
i_UxSS5f3R4,UCQFWbPizb7e8IoM8kvs55cw,3
26wR1Ss60PA,UCS3Iac7JbyHzuXmYj34weRw,3
XwtbgaIhM14,UCRwUO6OIA2DvQA8L1VuzovQ,3
Vdnaetb-HSg,UCPNoCO-IKY1PIQZCUqf4OfA,3
k65f0dr5ffo,UCYD71_aakEU0VT6TwsvV1MA,3
udQgSjHuaQM,UCS3Iac7JbyHzuXmYj34weRw,3
2MwXKBg4jEQ,UCPNoCO-IKY1PIQZCUqf4OfA,3
6Q2a38VxO-Q,UCnv6jJ0cdl81j1oWQYbXcsw,3
c3z8n3cdclk,UC_6HKUyjbWkU2iZpnvcJdXA,3
XUcV-yPDxh4,UCRwUO6OIA2DvQA8L1VuzovQ,3
RrEYUcLFBqM,UCQFWbPizb7e8IoM8kvs55cw,3
bfFvzzMiOT8,UCRwUO6OIA2DvQA8L1VuzovQ,3
DhvkA-fV730,UCPNoCO-IKY1PIQZCUqf4OfA,3
3OWdNEABGU8,UCS3Iac7JbyHzuXmYj34weRw,3
yebjNHpLZdI,UCnv6jJ0cdl81j1oWQYbXcsw,3
p856l7ZclYI,UCRwUO6OIA2DvQA8L1VuzovQ,3
aHWZY2XfqUo,UCz_yrc3BO9ve7UgDGZn4dig,3
QKLFataFtF4,UCPNoCO-IKY1PIQZCUqf4OfA,3
_0rgYQ3B9Co,UCS3Iac7JbyHzuXmYj34weRw,3
mPeE9bUmnSY,UCRwUO6OIA2DvQA8L1VuzovQ,3
tVf07PU9_xs,UCQFWbPizb7e8IoM8kvs55cw,3
d8q_rDCNefw,UCRwUO6OIA2DvQA8L1VuzovQ,3
YZTn-iB1k2M,UCPNoCO-IKY1PIQZCUqf4OfA,3
EV7-apXpP0g,UCnv6jJ0cdl81j1oWQYbXcsw,3
9xhPHPuOMAo,UCRwUO6OIA2DvQA8L1VuzovQ,3
AJZwkezNO2I,UCz_yrc3BO9ve7UgDGZn4dig,3
KPRVEaQourw,UCPNoCO-IKY1PIQZCUqf4OfA,3
82E_y7c_o6c,UCnv6jJ0cdl81j1oWQYbXcsw,3
hl_mueiSuLc,UCS3Iac7JbyHzuXmYj34weRw,3
zjw9osjOz8s,UCRwUO6OIA2DvQA8L1VuzovQ,3
t4px_t89wgE,UCPNoCO-IKY1PIQZCUqf4OfA,3
6FKPHABr1jc,UC_6HKUyjbWkU2iZpnvcJdXA,3
k64URZyz9bE,UCS3Iac7JbyHzuXmYj34weRw,3
yLp8iuNQ9_w,UCQFWbPizb7e8IoM8kvs55cw,3
a5YRPIjHaUM,UCRwUO6OIA2DvQA8L1VuzovQ,3
PaM6dVrYbnA,UCS3Iac7JbyHzuXmYj34weRw,3
5kjL4uAJXGs,UCPNoCO-IKY1PIQZCUqf4OfA,3
88NU-zylKhM,UCQFWbPizb7e8IoM8kvs55cw,3
DxgAn47gL-w,UCRwUO6OIA2DvQA8L1VuzovQ,3
SkAwC_2mTI4,UCnv6jJ0cdl81j1oWQYbXcsw,3
tAZaF7ndnOQ,UC_6HKUyjbWkU2iZpnvcJdXA,3
hQnBOJ4Cjt4,UCRwUO6OIA2DvQA8L1VuzovQ,3
pRBouAIyMsM,UCPNoCO-IKY1PIQZCUqf4OfA,3
GxEDIPYUTSA,UCnv6jJ0cdl81j1oWQYbXcsw,3
LTdCJHHb3IE,UCS3Iac7JbyHzuXmYj34weRw,3
s_m93uarXgo,UCS3Iac7JbyHzuXmYj34weRw,3
umVHJPKkOPg,UCRwUO6OIA2DvQA8L1VuzovQ,3
iI-Of9DPKAI,UCRwUO6OIA2DvQA8L1VuzovQ,3
HPNPPpq6-vY,UCPNoCO-IKY1PIQZCUqf4OfA,3
jiw53o_VwlI,UCQFWbPizb7e8IoM8kvs55cw,3
z6b2OGjf5KU,UCRwUO6OIA2DvQA8L1VuzovQ,3
q6Q6I28gRRQ,UCnv6jJ0cdl81j1oWQYbXcsw,3
ANxIIei-3pY,UCPNoCO-IKY1PIQZCUqf4OfA,3
sHZSrRa4f9E,UCYD71_aakEU0VT6TwsvV1MA,3
BZMrZlJJhXI,UCS3Iac7JbyHzuXmYj34weRw,3
HC9i9Y8V0bg,UCRwUO6OIA2DvQA8L1VuzovQ,3
36ueBFRuc_Q,UCz_yrc3BO9ve7UgDGZn4dig,3
47k8AjRem9w,UCS3Iac7JbyHzuXmYj34weRw,3
T04WB8IWo5w,UCRwUO6OIA2DvQA8L1VuzovQ,3
ybx-mq7-1cc,UCPNoCO-IKY1PIQZCUqf4OfA,3
fj51_38kquU,UCnv6jJ0cdl81j1oWQYbXcsw,3
_hXukffMk_A,UCQFWbPizb7e8IoM8kvs55cw,3
TMzeMd7sGXQ,UCRwUO6OIA2DvQA8L1VuzovQ,3
ZsF1JCglDPo,UCRwUO6OIA2DvQA8L1VuzovQ,3
rAMb-SmHTs8,UCS3Iac7JbyHzuXmYj34weRw,3
pA1jym1KYEw,UCnv6jJ0cdl81j1oWQYbXcsw,3
bN-oBTjK5Tw,UCQFWbPizb7e8IoM8kvs55cw,3
zEohtxQ0Agk,UCRwUO6OIA2DvQA8L1VuzovQ,3
qaacm430zFM,UCYD71_aakEU0VT6TwsvV1MA,3
mPCql494fk8,UCPNoCO-IKY1PIQZCUqf4OfA,3
aE0xKUl6Hrg,UCS3Iac7JbyHzuXmYj34weRw,3
yucFdnhUe8I,UCnv6jJ0cdl81j1oWQYbXcsw,3
lZhooyxYcQI,UCz_yrc3BO9ve7UgDGZn4dig,3
ofhVnEK851o,UCQFWbPizb7e8IoM8kvs55cw,3
4t33n5nvytU,UCz_yrc3BO9ve7UgDGZn4dig,3
AZdupjHDVys,UCRwUO6OIA2DvQA8L1VuzovQ,3
axjwaxoMcnM,UCPNoCO-IKY1PIQZCUqf4OfA,3
nVK6FnL5Ffk,UCnv6jJ0cdl81j1oWQYbXcsw,3
TcY6MuCy45M,UCQFWbPizb7e8IoM8kvs55cw,3
3TTVswE1bS8,UCRwUO6OIA2DvQA8L1VuzovQ,3
vnIKiRiNNzA,UCz_yrc3BO9ve7UgDGZn4dig,3
lZBbjmUCG8A,UCRwUO6OIA2DvQA8L1VuzovQ,3
XJJAr4KvEak,UCYD71_aakEU0VT6TwsvV1MA,3
OErreSPI5v0,UCnv6jJ0cdl81j1oWQYbXcsw,3
ybjvpPWAu-E,UC_6HKUyjbWkU2iZpnvcJdXA,3
zQS6V6m-dHs,UCRwUO6OIA2DvQA8L1VuzovQ,3
RqtZTlzZGeo,UCS3Iac7JbyHzuXmYj34weRw,3
utvCZ-JaRCE,UCz_yrc3BO9ve7UgDGZn4dig,3
D2SIUsS4z_Y,UCnv6jJ0cdl81j1oWQYbXcsw,3
oraBJx6owt4,UCS3Iac7JbyHzuXmYj34weRw,3
-TwvYiyYFRI,UCRwUO6OIA2DvQA8L1VuzovQ,3
1rXNq0K7VdE,UCPNoCO-IKY1PIQZCUqf4OfA,3
FEPt6scz_sQ,UCnv6jJ0cdl81j1oWQYbXcsw,3
dvTSQLVbGbs,UCQFWbPizb7e8IoM8kvs55cw,3
VZgBrysPVl4,UCS3Iac7JbyHzuXmYj34weRw,3
57mzPMh_9Uw,UCRwUO6OIA2DvQA8L1VuzovQ,3
1IOliJElhW4,UCnv6jJ0cdl81j1oWQYbXcsw,3
DBji-hdSmf4,UCnv6jJ0cdl81j1oWQYbXcsw,3
SrpFX1ljkvk,UCS3Iac7JbyHzuXmYj34weRw,3
k0G0SL3OM6g,UC_6HKUyjbWkU2iZpnvcJdXA,3
L3VkF_lskQ0,UCRwUO6OIA2DvQA8L1VuzovQ,3
_JNnL0En8LY,UCPNoCO-IKY1PIQZCUqf4OfA,3
kGTEkFWiL6c,UCz_yrc3BO9ve7UgDGZn4dig,3
blKt7Rfbi6c,UCS3Iac7JbyHzuXmYj34weRw,3
UResDZI6Ob4,UCnv6jJ0cdl81j1oWQYbXcsw,3
rKPzFWtxYPE,UCQFWbPizb7e8IoM8kvs55cw,3
38MwOfZDcp4,UCRwUO6OIA2DvQA8L1VuzovQ,3
H2wQrZqfctU,UCS3Iac7JbyHzuXmYj34weRw,3
Pj1CnE3srRY,UCPNoCO-IKY1PIQZCUqf4OfA,3
KfIXA4TIEsk,UCRwUO6OIA2DvQA8L1VuzovQ,3
TtnwuaI2EWU,UCnv6jJ0cdl81j1oWQYbXcsw,3
WI6-0w7ZNCY,UCQFWbPizb7e8IoM8kvs55cw,3
ltC_AQ0xjxM,UCRwUO6OIA2DvQA8L1VuzovQ,3
-wUp-zWe8sg,UC_6HKUyjbWkU2iZpnvcJdXA,3
xvIWAsR8jRQ,UCz_yrc3BO9ve7UgDGZn4dig,3
YLbSYFvs9eQ,UCPNoCO-IKY1PIQZCUqf4OfA,3
E7wvb7TAZ2k,UCRwUO6OIA2DvQA8L1VuzovQ,3
0IDMnG6R6Fg,UCS3Iac7JbyHzuXmYj34weRw,3
MNOcD0SEOo8,UCnv6jJ0cdl81j1oWQYbXcsw,3
1OkmFVs6ez8,UCQFWbPizb7e8IoM8kvs55cw,3
nmzIZIiEVNQ,UCRwUO6OIA2DvQA8L1VuzovQ,3
triDjZIepGs,UCz_yrc3BO9ve7UgDGZn4dig,3
wv068Pwh3TQ,UCPNoCO-IKY1PIQZCUqf4OfA,3
e6WdTfEnQVw,UCRwUO6OIA2DvQA8L1VuzovQ,3
O5NYlxOJXfo,UCQFWbPizb7e8IoM8kvs55cw,3
7uLtZD17V0k,UCS3Iac7JbyHzuXmYj34weRw,3
-TjrE9v0vA4,UCRwUO6OIA2DvQA8L1VuzovQ,3
bR-XPQh1LrA,UCnv6jJ0cdl81j1oWQYbXcsw,3
24ZzTTV2HfI,UCPNoCO-IKY1PIQZCUqf4OfA,3
ST_q1qiVIc4,UCS3Iac7JbyHzuXmYj34weRw,3
B41npgJSzwM,UC_6HKUyjbWkU2iZpnvcJdXA,3
VtJnStngpJg,UCQFWbPizb7e8IoM8kvs55cw,3
OLbBav9c8TQ,UC_6HKUyjbWkU2iZpnvcJdXA,3
UlMU4Xa7QHs,UCRwUO6OIA2DvQA8L1VuzovQ,3
Ae8kukNgQwA,UCnv6jJ0cdl81j1oWQYbXcsw,3
HAwh--51wFE,UCRwUO6OIA2DvQA8L1VuzovQ,3
lZs7ucoqjaY,UCPNoCO-IKY1PIQZCUqf4OfA,3
wN2C9a11d3c,UCYD71_aakEU0VT6TwsvV1MA,3
v8qcZkChcJU,UCS3Iac7JbyHzuXmYj34weRw,3
A1rOzutf2rk,UCRwUO6OIA2DvQA8L1VuzovQ,3
pg7GU4-SRWQ,UCnv6jJ0cdl81j1oWQYbXcsw,3
h-KFaKYO2IM,UCRwUO6OIA2DvQA8L1VuzovQ,3
Uxj84_sN4rw,UCS3Iac7JbyHzuXmYj34weRw,3
KuvQbcyOd0Q,UCRwUO6OIA2DvQA8L1VuzovQ,3
_CK5fcTxpVg,UCPNoCO-IKY1PIQZCUqf4OfA,3
Z2ifhigRbNg,UCnv6jJ0cdl81j1oWQYbXcsw,3
kSNCoWI6tdE,UCQFWbPizb7e8IoM8kvs55cw,3
qLtbCYDGOhM,UCRwUO6OIA2DvQA8L1VuzovQ,3
RTS5jjLZ5fs,UCPNoCO-IKY1PIQZCUqf4OfA,3
HO7Wbzt1RCk,UC_6HKUyjbWkU2iZpnvcJdXA,3
2YjyISQ3HhU,UCRwUO6OIA2DvQA8L1VuzovQ,3
-SZ39g0x09E,UCS3Iac7JbyHzuXmYj34weRw,3
hRcUopOcjSo,UCnv6jJ0cdl81j1oWQYbXcsw,3
0db6VcQ8qqg,UCS3Iac7JbyHzuXmYj34weRw,3
h2ssboJtj8Q,UCQFWbPizb7e8IoM8kvs55cw,3
fU2iBQ3RKfg,UCRwUO6OIA2DvQA8L1VuzovQ,3
zVpWj2T9lnA,UCPNoCO-IKY1PIQZCUqf4OfA,3
NdMbQ4oXeic,UCRwUO6OIA2DvQA8L1VuzovQ,3
vbn6Q2DQAnY,UCnv6jJ0cdl81j1oWQYbXcsw,3
7IeJdAN7xmA,UCS3Iac7JbyHzuXmYj34weRw,3
-OoOSFnHf8Y,UCPNoCO-IKY1PIQZCUqf4OfA,3
OoEHFyAQuLo,UCQFWbPizb7e8IoM8kvs55cw,3
mW7QGgjfThw,UCRwUO6OIA2DvQA8L1VuzovQ,3
BXi7JPKO31c,UCS3Iac7JbyHzuXmYj34weRw,3
vtN88yuIonk,UCRwUO6OIA2DvQA8L1VuzovQ,3
zDaA4ik91NM,UCPNoCO-IKY1PIQZCUqf4OfA,3
7lGbEH62JZ4,UC_6HKUyjbWkU2iZpnvcJdXA,3
Kwzq-SK8egk,UCRwUO6OIA2DvQA8L1VuzovQ,3
aa1_UO69cas,UCnv6jJ0cdl81j1oWQYbXcsw,3
4tEw26nfiFo,UCPNoCO-IKY1PIQZCUqf4OfA,3
A5bFM6S5NdE,UCnv6jJ0cdl81j1oWQYbXcsw,3
YtdNw3PsUIA,UCS3Iac7JbyHzuXmYj34weRw,3
efaQ6wHNy_o,UCRwUO6OIA2DvQA8L1VuzovQ,3
XDuaBfJ3TA0,UCnv6jJ0cdl81j1oWQYbXcsw,3
MctsQQzQNuY,UC_6HKUyjbWkU2iZpnvcJdXA,3
60qzN7C5Y90,UCRwUO6OIA2DvQA8L1VuzovQ,3
z1BYbf0ECZI,UCPNoCO-IKY1PIQZCUqf4OfA,3
RVn07PouQ9Y,UCQFWbPizb7e8IoM8kvs55cw,3
A9mQCx9GHYk,UC_6HKUyjbWkU2iZpnvcJdXA,3
APShfK34WYA,UC_6HKUyjbWkU2iZpnvcJdXA,3
AlUE66Jvp9Q,UC_6HKUyjbWkU2iZpnvcJdXA,3
ODqrl04eki0,UCRwUO6OIA2DvQA8L1VuzovQ,3
9lTRNJ7bP2o,UC_6HKUyjbWkU2iZpnvcJdXA,3
VUNJRrRAZ8w,UCnv6jJ0cdl81j1oWQYbXcsw,3
W_ezKaMmrus,UCPNoCO-IKY1PIQZCUqf4OfA,3
VUOVUAh0Muo,UCQFWbPizb7e8IoM8kvs55cw,3
5bW6Fq3L1vg,UCnv6jJ0cdl81j1oWQYbXcsw,3
YgdoNOmyVaI,UCnv6jJ0cdl81j1oWQYbXcsw,3
9rrlwzBRk2w,UCPNoCO-IKY1PIQZCUqf4OfA,3
i_xQMIAeAhM,UCYD71_aakEU0VT6TwsvV1MA,3
GTqSUGL4CDc,UCQFWbPizb7e8IoM8kvs55cw,3
VIgKYOatj_U,UC_6HKUyjbWkU2iZpnvcJdXA,3
ukBwLCqnSpU,UCnv6jJ0cdl81j1oWQYbXcsw,3
JEHXx45lrGE,UCQFWbPizb7e8IoM8kvs55cw,3
1tUbUMI9Pa4,UCPNoCO-IKY1PIQZCUqf4OfA,3
aAtF3cQmvH0,UCnv6jJ0cdl81j1oWQYbXcsw,3
4W40OGVwtTY,UC_6HKUyjbWkU2iZpnvcJdXA,3
YCbJasMeUfY,UCnv6jJ0cdl81j1oWQYbXcsw,3
umpetiZBPmM,UCPNoCO-IKY1PIQZCUqf4OfA,3
bBghlriOYlg,UCnv6jJ0cdl81j1oWQYbXcsw,3
KnYaM1_FUPw,UCQFWbPizb7e8IoM8kvs55cw,3
579g53F3lS4,UCPNoCO-IKY1PIQZCUqf4OfA,3
9wbzFqkRVOI,UCnv6jJ0cdl81j1oWQYbXcsw,3
NUa9cWpqkJk,UC_6HKUyjbWkU2iZpnvcJdXA,3
0SShlZutK0I,UCnv6jJ0cdl81j1oWQYbXcsw,3
T4FN1YXhz5M,UCPNoCO-IKY1PIQZCUqf4OfA,3
ZvfYsjMLes4,UCQFWbPizb7e8IoM8kvs55cw,3
SplvWxfd3zk,UC_6HKUyjbWkU2iZpnvcJdXA,3
9VZzacKD7KI,UCQFWbPizb7e8IoM8kvs55cw,3
K0tdnru4cs8,UCQFWbPizb7e8IoM8kvs55cw,3
TBt0pQz842s,UCPNoCO-IKY1PIQZCUqf4OfA,3
sPpUtAM62xA,UCQFWbPizb7e8IoM8kvs55cw,3
LfqvhhfabKg,UCPNoCO-IKY1PIQZCUqf4OfA,3
BD_Bie-kMlo,UCYD71_aakEU0VT6TwsvV1MA,3
9NU3chiLy6U,UCQFWbPizb7e8IoM8kvs55cw,3
bFkCVbd_7cM,UCPNoCO-IKY1PIQZCUqf4OfA,3
eb-PBUFNKJo,UCQFWbPizb7e8IoM8kvs55cw,3
xRitOBhcDCg,UCQFWbPizb7e8IoM8kvs55cw,3
S31WEWHCpmY,UCPNoCO-IKY1PIQZCUqf4OfA,3
cysE_MqTfjw,UCPNoCO-IKY1PIQZCUqf4OfA,3
3yqHSgn_KWY,UCQFWbPizb7e8IoM8kvs55cw,3
CBNXQKQMUHs,UCPNoCO-IKY1PIQZCUqf4OfA,3
wniHfeNT6gE,UC_6HKUyjbWkU2iZpnvcJdXA,3
rOvCRah8ziA,UCPNoCO-IKY1PIQZCUqf4OfA,3
KEIcjtxEjX8,UCQFWbPizb7e8IoM8kvs55cw,3
pfGD_Jqday0,UCPNoCO-IKY1PIQZCUqf4OfA,3
GWoTnW3G3qw,UCYD71_aakEU0VT6TwsvV1MA,3
kxBqlEtyk5I,UCQFWbPizb7e8IoM8kvs55cw,3
hsb27OX653I,UCPNoCO-IKY1PIQZCUqf4OfA,3
RgMgeydaQtE,UC_6HKUyjbWkU2iZpnvcJdXA,3
Jnbav8JfqvA,UCPNoCO-IKY1PIQZCUqf4OfA,3
FqXljRKz9Aw,UCPNoCO-IKY1PIQZCUqf4OfA,3
2spu4QYLI0c,UCPNoCO-IKY1PIQZCUqf4OfA,3
_O8PWLfGUgM,UCPNoCO-IKY1PIQZCUqf4OfA,3
G5yWjewxsk4,UCQFWbPizb7e8IoM8kvs55cw,3
cpN76MVaZ4g,UCPNoCO-IKY1PIQZCUqf4OfA,3
YIYhB2YewRE,UCYD71_aakEU0VT6TwsvV1MA,3
3oOyq6pw6dI,UC_6HKUyjbWkU2iZpnvcJdXA,3
ZygqlQ444lw,UCPNoCO-IKY1PIQZCUqf4OfA,3
YZ3wQtLqE5Q,UCYD71_aakEU0VT6TwsvV1MA,3
gbMjvm9z6bE,UCPNoCO-IKY1PIQZCUqf4OfA,3
jrmbQu7yJQ0,UCQFWbPizb7e8IoM8kvs55cw,3
01ZQfxbHho4,UCPNoCO-IKY1PIQZCUqf4OfA,3
g1pOrlOIbCQ,UCYD71_aakEU0VT6TwsvV1MA,3
VcJkiFXfzlo,UC_6HKUyjbWkU2iZpnvcJdXA,3
7zSeNWT7Lqc,UCPNoCO-IKY1PIQZCUqf4OfA,3
phTc55yeL7g,UCQFWbPizb7e8IoM8kvs55cw,3
PVI8RJcxy6E,UCPNoCO-IKY1PIQZCUqf4OfA,3
jH6Ka5GbEns,UCPNoCO-IKY1PIQZCUqf4OfA,3
OJCXCoh1_T4,UCYD71_aakEU0VT6TwsvV1MA,3
R13gRqP0Bv0,UCQFWbPizb7e8IoM8kvs55cw,3
pcWdGNFDnk4,UCPNoCO-IKY1PIQZCUqf4OfA,3
GgSGOsixLB0,UCPNoCO-IKY1PIQZCUqf4OfA,3
CY4D12bbd8w,UCQFWbPizb7e8IoM8kvs55cw,3
uklGTVOlN0M,UCPNoCO-IKY1PIQZCUqf4OfA,3
wGQVtWX3PtE,UCPNoCO-IKY1PIQZCUqf4OfA,3
7lx7PjrFOcY,UCQFWbPizb7e8IoM8kvs55cw,3
qjkHHTBrg2A,UCPNoCO-IKY1PIQZCUqf4OfA,3
OTxYHi-bfVM,UCYD71_aakEU0VT6TwsvV1MA,3
GekFSjN4szs,UCPNoCO-IKY1PIQZCUqf4OfA,3
X_4Bp9WC2pQ,UCQFWbPizb7e8IoM8kvs55cw,3
y1gLb_7e_Pk,UCPNoCO-IKY1PIQZCUqf4OfA,3
B4fcv5a0AEI,UCPNoCO-IKY1PIQZCUqf4OfA,3
eLFjX5ety3w,UCQFWbPizb7e8IoM8kvs55cw,3
wbyTh5jTMyA,UCPNoCO-IKY1PIQZCUqf4OfA,3
0tLa_s5uRbk,UCYD71_aakEU0VT6TwsvV1MA,3
k20qKHPYnis,UCPNoCO-IKY1PIQZCUqf4OfA,3
ZnDu_E8NST8,UCPNoCO-IKY1PIQZCUqf4OfA,3
KVc_EkovBvQ,UCQFWbPizb7e8IoM8kvs55cw,3
QiAjwkI81u8,UCPNoCO-IKY1PIQZCUqf4OfA,3
MdxL93nrQ90,UCPNoCO-IKY1PIQZCUqf4OfA,3
v1ohut5yUig,UCQFWbPizb7e8IoM8kvs55cw,3
0sDvSuxOP1g,UCPNoCO-IKY1PIQZCUqf4OfA,3
rqER0YRnWQ0,UCQFWbPizb7e8IoM8kvs55cw,3
HwSi5yOKyEI,UCw-WWK1U5Nlds-ydZNCrkcg,3
Qdtu2s-ogvs,UCPNoCO-IKY1PIQZCUqf4OfA,3
TTjuU85pQOs,UCPNoCO-IKY1PIQZCUqf4OfA,3
dGLCvq_YKCY,UCQFWbPizb7e8IoM8kvs55cw,3
2_r_d19r0PM,UCPNoCO-IKY1PIQZCUqf4OfA,3
1MK969WyrI0,UCYD71_aakEU0VT6TwsvV1MA,3
ccWEb_C5ALE,UCYD71_aakEU0VT6TwsvV1MA,3
dhmhBGv7ORI,UCPNoCO-IKY1PIQZCUqf4OfA,3
_HrrPNKAJg8,UCPNoCO-IKY1PIQZCUqf4OfA,3
R_Vh1dm1pYU,UCQFWbPizb7e8IoM8kvs55cw,3
1R_G89Ifvzs,UCPNoCO-IKY1PIQZCUqf4OfA,3
lCy0g0hUU90,UCPNoCO-IKY1PIQZCUqf4OfA,3
5zsOb7u8X2I,UCQFWbPizb7e8IoM8kvs55cw,3
Py0-OUe76DM,UCPNoCO-IKY1PIQZCUqf4OfA,3
4vW0pbedJPw,UC_6HKUyjbWkU2iZpnvcJdXA,3
WMRP0SH8EJQ,UCQFWbPizb7e8IoM8kvs55cw,3
N4-C6mFTSD8,UCPNoCO-IKY1PIQZCUqf4OfA,3
mBwLCohF5Yc,UCPNoCO-IKY1PIQZCUqf4OfA,3
SgaSKdV_Oe8,UCPNoCO-IKY1PIQZCUqf4OfA,3
1d6fYYc69hw,UCYD71_aakEU0VT6TwsvV1MA,3
KaF9R5CfcFU,UCQFWbPizb7e8IoM8kvs55cw,3
qrjmX0hrgws,UC_6HKUyjbWkU2iZpnvcJdXA,3
QBhIWx3bbgc,UCPNoCO-IKY1PIQZCUqf4OfA,3
w2t0hyJHPCc,UCPNoCO-IKY1PIQZCUqf4OfA,3
8hd4uT7qE7c,UCPNoCO-IKY1PIQZCUqf4OfA,3
B1IXTUOz0iI,UCQFWbPizb7e8IoM8kvs55cw,3
RBpdoJBXYN8,UC_6HKUyjbWkU2iZpnvcJdXA,3
A6O9-cnAxb4,UCPNoCO-IKY1PIQZCUqf4OfA,3
f4Nz7bG5Ncg,UCQFWbPizb7e8IoM8kvs55cw,3
9Pu_FsxmYAU,UCPNoCO-IKY1PIQZCUqf4OfA,3
YcOCAVM6vac,UCPNoCO-IKY1PIQZCUqf4OfA,3
n_4V1unrksM,UCPNoCO-IKY1PIQZCUqf4OfA,3
YOtRaX0TfPg,UCQFWbPizb7e8IoM8kvs55cw,3
FgNgMhQhBkE,UCYD71_aakEU0VT6TwsvV1MA,3
R9qhgNewwl8,UC_6HKUyjbWkU2iZpnvcJdXA,3
HG-IYuOPOVg,UCPNoCO-IKY1PIQZCUqf4OfA,3
1FI1gMnuKoQ,UCQFWbPizb7e8IoM8kvs55cw,3
d4UJRDbs_pE,UCPNoCO-IKY1PIQZCUqf4OfA,3
w3W_mobrrow,UC_6HKUyjbWkU2iZpnvcJdXA,3
yNnZHIk2v0U,UCPNoCO-IKY1PIQZCUqf4OfA,3
orrnu7A-9tI,UCQFWbPizb7e8IoM8kvs55cw,3
ndO1GGWoDXA,UCPNoCO-IKY1PIQZCUqf4OfA,3
2q6y6tS9BgA,UCPNoCO-IKY1PIQZCUqf4OfA,3
tnDqN58LDlY,UCQFWbPizb7e8IoM8kvs55cw,3
ehMMwoLl6z8,UCQFWbPizb7e8IoM8kvs55cw,3
nPQBFDbpT14,UCPNoCO-IKY1PIQZCUqf4OfA,3
WNTOhYkM4_o,UCPNoCO-IKY1PIQZCUqf4OfA,3
bGXzwD05Em8,UCPNoCO-IKY1PIQZCUqf4OfA,3
vJewV27e3J4,UC_6HKUyjbWkU2iZpnvcJdXA,3
BRwb_cYmkjg,UCYD71_aakEU0VT6TwsvV1MA,3
hR0kjD31yIc,UCPNoCO-IKY1PIQZCUqf4OfA,3
p-s-OGn8R4E,UCQFWbPizb7e8IoM8kvs55cw,3
D311Peyzsc0,UCPNoCO-IKY1PIQZCUqf4OfA,3
4xelGFJr1HA,UCQFWbPizb7e8IoM8kvs55cw,3
XDRVI5LNlVU,UCPNoCO-IKY1PIQZCUqf4OfA,3
DvZnsK_D8nU,UCPNoCO-IKY1PIQZCUqf4OfA,3
iuCYdEnD0cA,UC_6HKUyjbWkU2iZpnvcJdXA,3
cyl26UjlwWw,UCPNoCO-IKY1PIQZCUqf4OfA,3
7I7VohQ7jag,UCQFWbPizb7e8IoM8kvs55cw,3
r1OqE0ZDakM,UCYD71_aakEU0VT6TwsvV1MA,3
bvBCqH4t8eM,UCPNoCO-IKY1PIQZCUqf4OfA,3
Ypv5PiKYkdY,UCQFWbPizb7e8IoM8kvs55cw,3
Ne5PzqfGrow,UCPNoCO-IKY1PIQZCUqf4OfA,3
zFQE9XiZCAg,UC_6HKUyjbWkU2iZpnvcJdXA,3
XHSeD6BBmsQ,UCPNoCO-IKY1PIQZCUqf4OfA,3
4yTm2grKMOY,UCQFWbPizb7e8IoM8kvs55cw,3
UjPhwIz_Wng,UCPNoCO-IKY1PIQZCUqf4OfA,3
xra3tOf3OaU,UCQFWbPizb7e8IoM8kvs55cw,3
TKAj1oRPIdo,UCPNoCO-IKY1PIQZCUqf4OfA,3
F5OSAFQdjZM,UCQFWbPizb7e8IoM8kvs55cw,3
TXK3zXCDuTQ,UC_6HKUyjbWkU2iZpnvcJdXA,3
mv-jq1S-PJQ,UCPNoCO-IKY1PIQZCUqf4OfA,3
yqrFnKAU5uY,UCPNoCO-IKY1PIQZCUqf4OfA,3
jc8ixjzeNA0,UCQFWbPizb7e8IoM8kvs55cw,3
FVm2FiaQlGs,UCPNoCO-IKY1PIQZCUqf4OfA,3
4QR8fHSVTHY,UC_6HKUyjbWkU2iZpnvcJdXA,3
L7rf8v0tUX4,UCPNoCO-IKY1PIQZCUqf4OfA,3
UGys_tQ2EeE,UCQFWbPizb7e8IoM8kvs55cw,3
tRZBf-k4Esk,UCPNoCO-IKY1PIQZCUqf4OfA,3
DDPyU2A14N0,UCPNoCO-IKY1PIQZCUqf4OfA,3
OFZQQuRAXTQ,UCPNoCO-IKY1PIQZCUqf4OfA,3
SqT9gy7n4Qc,UCPNoCO-IKY1PIQZCUqf4OfA,3
hYYlri71RqE,UCPNoCO-IKY1PIQZCUqf4OfA,3
AJmPCT531io,UC_6HKUyjbWkU2iZpnvcJdXA,3
O0AGl1Ka7WE,UCPNoCO-IKY1PIQZCUqf4OfA,3
sDmFzaTmR_k,UCQFWbPizb7e8IoM8kvs55cw,3
O2Q4UeeQM_4,UCYD71_aakEU0VT6TwsvV1MA,3
J8dWdWV42uc,UCQFWbPizb7e8IoM8kvs55cw,3
NbqapoKnUUU,UC_6HKUyjbWkU2iZpnvcJdXA,3
8dB5nXQNzC8,UCQFWbPizb7e8IoM8kvs55cw,3
RzkbqfQsJ7I,UCQFWbPizb7e8IoM8kvs55cw,3
UH8-qSvzhKE,UC_6HKUyjbWkU2iZpnvcJdXA,3
aGU1y3m9x7c,UCQFWbPizb7e8IoM8kvs55cw,3
EFM23X6ZoI8,UCQFWbPizb7e8IoM8kvs55cw,3
AMUPa390Vcw,UC_6HKUyjbWkU2iZpnvcJdXA,3
65KikKs0Dq4,UC_6HKUyjbWkU2iZpnvcJdXA,3
9NKyMKYU1a4,UCQFWbPizb7e8IoM8kvs55cw,3
RNhjO8HOinw,UCQFWbPizb7e8IoM8kvs55cw,3
39i0AeT2nTE,UCQFWbPizb7e8IoM8kvs55cw,3
avKySY17xyc,UCQFWbPizb7e8IoM8kvs55cw,3
xUPvyWLnxqw,UCQFWbPizb7e8IoM8kvs55cw,3
OtxIWqrFtMM,UC_6HKUyjbWkU2iZpnvcJdXA,3
-Wwkyfu5m2I,UCQFWbPizb7e8IoM8kvs55cw,3
xoONuVJLtaM,UC_6HKUyjbWkU2iZpnvcJdXA,3
iUyVKejIwUI,UCQFWbPizb7e8IoM8kvs55cw,3
HsMLJBF4JQ4,UCQFWbPizb7e8IoM8kvs55cw,3
9-apB1u7an0,UCQFWbPizb7e8IoM8kvs55cw,3
rKz-r3obj3I,UCQFWbPizb7e8IoM8kvs55cw,3
a3hAWcpwVzU,UCQFWbPizb7e8IoM8kvs55cw,3
1_aruFxYimM,UC_6HKUyjbWkU2iZpnvcJdXA,3
-AjDur_zSWw,UC_6HKUyjbWkU2iZpnvcJdXA,3
l1m3RkmbGKw,UCQFWbPizb7e8IoM8kvs55cw,3
kWofp3NJZZY,UC_6HKUyjbWkU2iZpnvcJdXA,3
svlQp2ndIh8,UC_6HKUyjbWkU2iZpnvcJdXA,3
ew_ck7H14pA,UCQFWbPizb7e8IoM8kvs55cw,3
PO2u9CqORgM,UCQFWbPizb7e8IoM8kvs55cw,3
2ObIqdSSrhA,UC_6HKUyjbWkU2iZpnvcJdXA,3
z7cjlfbyiaE,UCQFWbPizb7e8IoM8kvs55cw,3
UfKS9TuKys8,UCQFWbPizb7e8IoM8kvs55cw,3
AIMJjsHEzBI,UC_6HKUyjbWkU2iZpnvcJdXA,3
x-VNGMdJW0c,UCQFWbPizb7e8IoM8kvs55cw,3
lmQgqZ54gJc,UC_6HKUyjbWkU2iZpnvcJdXA,3
HDrqdFg1-P0,UC_6HKUyjbWkU2iZpnvcJdXA,3
qKT0WQDia34,UCYD71_aakEU0VT6TwsvV1MA,3
lWJ0oK2U5s8,UC_6HKUyjbWkU2iZpnvcJdXA,3
-5diOqvOb_g,UCQFWbPizb7e8IoM8kvs55cw,3
bhCE9i2knw4,UCQFWbPizb7e8IoM8kvs55cw,3
S_2GViV9TfU,UCQFWbPizb7e8IoM8kvs55cw,3
AxWY0XAvsFw,UCQFWbPizb7e8IoM8kvs55cw,3
F9ZxW4eHyd0,UCQFWbPizb7e8IoM8kvs55cw,3
jX_8ZzZmSg8,UCQFWbPizb7e8IoM8kvs55cw,3
9yb-c0CQy7w,UCQFWbPizb7e8IoM8kvs55cw,3
60m56JSqzDU,UCQFWbPizb7e8IoM8kvs55cw,3
7iWyqkXIJDU,UCQFWbPizb7e8IoM8kvs55cw,3
wZajnGRNSzI,UCQFWbPizb7e8IoM8kvs55cw,3
v-QiOvPFiaw,UCQFWbPizb7e8IoM8kvs55cw,3
LAHqjTwX9iM,UCQFWbPizb7e8IoM8kvs55cw,3
uNcayZlvN-Q,UCQFWbPizb7e8IoM8kvs55cw,3
n0aKSI9OmvU,UCQFWbPizb7e8IoM8kvs55cw,3
XlzcnoH0M-4,UCQFWbPizb7e8IoM8kvs55cw,3
nX9qxDYiuiQ,UCQFWbPizb7e8IoM8kvs55cw,3
9zb4Jti_lRs,UCQFWbPizb7e8IoM8kvs55cw,3
SdPGx6LUr9Y,UCQFWbPizb7e8IoM8kvs55cw,3
tL7AjTuR-W0,UCQFWbPizb7e8IoM8kvs55cw,3
gYE1G9Tl9hY,UCQFWbPizb7e8IoM8kvs55cw,3
oAwvt5dGdSg,UCQFWbPizb7e8IoM8kvs55cw,3
lLZfeoE4d2g,UCQFWbPizb7e8IoM8kvs55cw,3
6EdSj_bXPBs,UCQFWbPizb7e8IoM8kvs55cw,3
8S3wQDYUXYo,UCYD71_aakEU0VT6TwsvV1MA,3
HuYPE9GB54I,UCQFWbPizb7e8IoM8kvs55cw,3
iJ4f-8kSmHU,UCQFWbPizb7e8IoM8kvs55cw,3
j_KOf5muuUY,UCQFWbPizb7e8IoM8kvs55cw,3
VGcgIiRW3r0,UCQFWbPizb7e8IoM8kvs55cw,3
PGNeAhKV-Cw,UCQFWbPizb7e8IoM8kvs55cw,3
kKU4Qx-SPhM,UCQFWbPizb7e8IoM8kvs55cw,3
-vPgyoKWcrk,UCQFWbPizb7e8IoM8kvs55cw,3
ED9w1mrwOrU,UCQFWbPizb7e8IoM8kvs55cw,3
d8J5y1ktcrU,UCQFWbPizb7e8IoM8kvs55cw,3
SjIfCIV4PR4,UCYD71_aakEU0VT6TwsvV1MA,3
Djneua7WSpI,UCQFWbPizb7e8IoM8kvs55cw,3
J21MjOGAGcI,UCYD71_aakEU0VT6TwsvV1MA,3
ZOvq-tYKj04,UCQFWbPizb7e8IoM8kvs55cw,3
FQqjStH6wAg,UCYD71_aakEU0VT6TwsvV1MA,3
F-SZQ2UJoFY,UCQFWbPizb7e8IoM8kvs55cw,3
tUJGiKLyekU,UCQFWbPizb7e8IoM8kvs55cw,3
JKTtTD2Josg,UCz_yrc3BO9ve7UgDGZn4dig,3
izxA0iDxr8E,UCQFWbPizb7e8IoM8kvs55cw,3
VjJEb6hcX4E,UCQFWbPizb7e8IoM8kvs55cw,3
KdAhHS5IHRQ,UCQFWbPizb7e8IoM8kvs55cw,3
rOeyY0zUdg8,UCQFWbPizb7e8IoM8kvs55cw,3
XQ7NpBs3ULQ,UCQFWbPizb7e8IoM8kvs55cw,3
1Cp9Od0bdUM,UCYD71_aakEU0VT6TwsvV1MA,3
gzPM5vppeqc,UCQFWbPizb7e8IoM8kvs55cw,3
eFJij4-hTH8,UCQFWbPizb7e8IoM8kvs55cw,3
j7-G-Qfd3Yo,UCQFWbPizb7e8IoM8kvs55cw,3
YpeaYUprLzk,UCQFWbPizb7e8IoM8kvs55cw,3
64vZwKjsEBg,UCQFWbPizb7e8IoM8kvs55cw,3
dNILQ0QPI5I,UCYD71_aakEU0VT6TwsvV1MA,3
YiDU9XpgiaU,UCQFWbPizb7e8IoM8kvs55cw,3
wmDYWKzchjA,UCQFWbPizb7e8IoM8kvs55cw,3
aQz-YKqlh0M,UCQFWbPizb7e8IoM8kvs55cw,3
VBGRopcR_2E,UCQFWbPizb7e8IoM8kvs55cw,3
T1snIrfVVt4,UCQFWbPizb7e8IoM8kvs55cw,3
DLRU_q7nsXk,UCz_yrc3BO9ve7UgDGZn4dig,3
Nn5z66tsuUs,UCQFWbPizb7e8IoM8kvs55cw,3
duY2eA501Bc,UCQFWbPizb7e8IoM8kvs55cw,3
J-D0aGCOQ0o,UCQFWbPizb7e8IoM8kvs55cw,3
eJ_GGhamIww,UCQFWbPizb7e8IoM8kvs55cw,3
x02kFXIU4F4,UCYD71_aakEU0VT6TwsvV1MA,3
y3V5vpr566Y,UCQFWbPizb7e8IoM8kvs55cw,3
5D1q5JTPWdQ,UCQFWbPizb7e8IoM8kvs55cw,3
hDCgvGWqdC4,UCz_yrc3BO9ve7UgDGZn4dig,3
-IAHVKbDPTs,UCz_yrc3BO9ve7UgDGZn4dig,3
2LyQtXGjLzQ,UCYD71_aakEU0VT6TwsvV1MA,3
d8AwE2srlyg,UCz_yrc3BO9ve7UgDGZn4dig,3
ms-VavXTThg,UCYD71_aakEU0VT6TwsvV1MA,3
zTuuMuu4n_M,UCz_yrc3BO9ve7UgDGZn4dig,3
A4oeZFpPHfM,UCz_yrc3BO9ve7UgDGZn4dig,3
qC-hN_WNG-k,UCz_yrc3BO9ve7UgDGZn4dig,3
tNQHItrTbmY,UCz_yrc3BO9ve7UgDGZn4dig,3
fw6brMHdEVo,UCz_yrc3BO9ve7UgDGZn4dig,3
CsIOWIFzBjo,UCz_yrc3BO9ve7UgDGZn4dig,3
V5RRncVCMqg,UCw-WWK1U5Nlds-ydZNCrkcg,3
JVDcS0YrfVU,UCYD71_aakEU0VT6TwsvV1MA,3
2qJu8IeTSig,UCYD71_aakEU0VT6TwsvV1MA,3
AvfAkBX9HpI,UCz_yrc3BO9ve7UgDGZn4dig,3
VdWeDPku-SE,UCz_yrc3BO9ve7UgDGZn4dig,3
MA5DcfiFRJs,UCYD71_aakEU0VT6TwsvV1MA,3
zJV8TDNdScg,UCz_yrc3BO9ve7UgDGZn4dig,3
_CEbAd7jeK4,UCYD71_aakEU0VT6TwsvV1MA,3
ECVnpP1IpAU,UCz_yrc3BO9ve7UgDGZn4dig,3
HVaL3Ru_SQ0,UCz_yrc3BO9ve7UgDGZn4dig,3
YYgdWNqYsbw,UCYD71_aakEU0VT6TwsvV1MA,3
gE8DhPVJXh0,UCz_yrc3BO9ve7UgDGZn4dig,3
WpTerF5Z904,UCz_yrc3BO9ve7UgDGZn4dig,3
ux-XDpLdfTY,UCz_yrc3BO9ve7UgDGZn4dig,3
Z5GurrLf-4Y,UCz_yrc3BO9ve7UgDGZn4dig,3
63PS9BzmQjk,UCz_yrc3BO9ve7UgDGZn4dig,3
89nFmy2aPw0,UCz_yrc3BO9ve7UgDGZn4dig,3
Y-vhwULZVko,UCz_yrc3BO9ve7UgDGZn4dig,3
4rMyp5xjUx4,UCz_yrc3BO9ve7UgDGZn4dig,3
tkm0sE2y-Is,UCz_yrc3BO9ve7UgDGZn4dig,3
slAwQ1OqwFY,UCz_yrc3BO9ve7UgDGZn4dig,3
0Ar7-dNdwXY,UCz_yrc3BO9ve7UgDGZn4dig,3
iGqDf_jSQDw,UCz_yrc3BO9ve7UgDGZn4dig,3
48btubV4txc,UCz_yrc3BO9ve7UgDGZn4dig,3
r_ezvXCm1ww,UCz_yrc3BO9ve7UgDGZn4dig,3
VYMZ_Kjg9cI,UCw-WWK1U5Nlds-ydZNCrkcg,3
G9Kqv3eRkQQ,UCz_yrc3BO9ve7UgDGZn4dig,3
T4ZhOMMmpYU,UCz_yrc3BO9ve7UgDGZn4dig,3
IbuVmiNdrQQ,UCz_yrc3BO9ve7UgDGZn4dig,3
5RtywItqycU,UCz_yrc3BO9ve7UgDGZn4dig,3
YyFUhpAg-FM,UCz_yrc3BO9ve7UgDGZn4dig,3
t8U7ENrJYbU,UCz_yrc3BO9ve7UgDGZn4dig,3
VXP9m8j34Zg,UCz_yrc3BO9ve7UgDGZn4dig,3
ZJ4OW0joEiQ,UCz_yrc3BO9ve7UgDGZn4dig,3
X9DNOaMVVVs,UCYD71_aakEU0VT6TwsvV1MA,3
2sLeI0s1gsk,UCz_yrc3BO9ve7UgDGZn4dig,3
seDUF_guGb4,UCz_yrc3BO9ve7UgDGZn4dig,3
DnpfN26prmM,UCYD71_aakEU0VT6TwsvV1MA,3
DRehPx7ECQ0,UCz_yrc3BO9ve7UgDGZn4dig,3
beWlkumpVlo,UCz_yrc3BO9ve7UgDGZn4dig,3
3po_laVRh8Q,UCYD71_aakEU0VT6TwsvV1MA,3
w9A2tZgUeLI,UCz_yrc3BO9ve7UgDGZn4dig,3
iPjd6brha0Y,UCz_yrc3BO9ve7UgDGZn4dig,3
26HQnQ0qevo,UCz_yrc3BO9ve7UgDGZn4dig,3
5UjAogfLgXg,UCz_yrc3BO9ve7UgDGZn4dig,3
k5kn-T3BNh4,UCz_yrc3BO9ve7UgDGZn4dig,3
C0vnO50DTk0,UCz_yrc3BO9ve7UgDGZn4dig,3
7rvnVq4s2lY,UCz_yrc3BO9ve7UgDGZn4dig,3
ryN7TJN7i7k,UCz_yrc3BO9ve7UgDGZn4dig,3
i8jkGlFyAkc,UCz_yrc3BO9ve7UgDGZn4dig,3
OdGt7q8olZw,UCz_yrc3BO9ve7UgDGZn4dig,3
RgYM0owgD8E,UCYD71_aakEU0VT6TwsvV1MA,3
lRVslRGwSGQ,UCz_yrc3BO9ve7UgDGZn4dig,3
fY4nMWID_iw,UCz_yrc3BO9ve7UgDGZn4dig,3
ePDkro6XcSg,UCw-WWK1U5Nlds-ydZNCrkcg,3
jEdK4eKkptA,UCz_yrc3BO9ve7UgDGZn4dig,3
ymyIFc37V1M,UCz_yrc3BO9ve7UgDGZn4dig,3
yscrK2WKSdg,UCz_yrc3BO9ve7UgDGZn4dig,3
K8_ILGZ63B4,UCz_yrc3BO9ve7UgDGZn4dig,3
IccrAho1wAw,UCYD71_aakEU0VT6TwsvV1MA,3
Wu7NX8PA7SA,UCz_yrc3BO9ve7UgDGZn4dig,3
CTaFH1phHdo,UCz_yrc3BO9ve7UgDGZn4dig,3
SJgTzEX3i8s,UCz_yrc3BO9ve7UgDGZn4dig,3
MEVsuYROTqY,UCz_yrc3BO9ve7UgDGZn4dig,3
xKPa7devv60,UCz_yrc3BO9ve7UgDGZn4dig,3
1Q_TUFSpo94,UCz_yrc3BO9ve7UgDGZn4dig,3
9iObexpnyTQ,UCz_yrc3BO9ve7UgDGZn4dig,3
jqyxoxOJMpo,UCz_yrc3BO9ve7UgDGZn4dig,3
JOaZxDBMXIM,UCz_yrc3BO9ve7UgDGZn4dig,3
MGAR7ynm8CA,UCz_yrc3BO9ve7UgDGZn4dig,3
rpT6_Iq1-Uc,UCz_yrc3BO9ve7UgDGZn4dig,3
ZYA1gHILdC4,UCz_yrc3BO9ve7UgDGZn4dig,3
JeZGJ6PA-J0,UCz_yrc3BO9ve7UgDGZn4dig,3
VNYxaiiLUmQ,UCz_yrc3BO9ve7UgDGZn4dig,3
x3hckbrMcQQ,UCz_yrc3BO9ve7UgDGZn4dig,3
GhXDvHzMfkU,UCz_yrc3BO9ve7UgDGZn4dig,3
cHd5gXNBhyo,UCz_yrc3BO9ve7UgDGZn4dig,3
sJ42LooRuII,UCz_yrc3BO9ve7UgDGZn4dig,3
6f1k7shg9K0,UCz_yrc3BO9ve7UgDGZn4dig,3
McZgM4CcBWE,UCz_yrc3BO9ve7UgDGZn4dig,3
6yH3i3uVsXI,UCz_yrc3BO9ve7UgDGZn4dig,3
04njiN6mQtM,UCz_yrc3BO9ve7UgDGZn4dig,3
F-xs9JTN_co,UCz_yrc3BO9ve7UgDGZn4dig,3
1a0nF_sNWoE,UCz_yrc3BO9ve7UgDGZn4dig,3
FKbF-mqQo80,UCz_yrc3BO9ve7UgDGZn4dig,3
47ARJdRItGQ,UCz_yrc3BO9ve7UgDGZn4dig,3
8DsF6rlFO48,UCz_yrc3BO9ve7UgDGZn4dig,3
nRdEZ_Hproc,UCz_yrc3BO9ve7UgDGZn4dig,3
ft6Ng2GR5Z0,UCz_yrc3BO9ve7UgDGZn4dig,3
RUNDGrMy0Lo,UCz_yrc3BO9ve7UgDGZn4dig,3
x-42e9RO4Ic,UCz_yrc3BO9ve7UgDGZn4dig,3
U7GytfVkKb0,UCz_yrc3BO9ve7UgDGZn4dig,3
Ge0fSetQMXA,UCz_yrc3BO9ve7UgDGZn4dig,3
Q5CgFYqlCHY,UCz_yrc3BO9ve7UgDGZn4dig,3
b6wia3Vv92U,UCz_yrc3BO9ve7UgDGZn4dig,3
If0vYF5LH_Q,UCz_yrc3BO9ve7UgDGZn4dig,3
oV29ki7GsvE,UCz_yrc3BO9ve7UgDGZn4dig,3
PI3t38QiPJY,UCz_yrc3BO9ve7UgDGZn4dig,3
XShucvLAAoI,UCz_yrc3BO9ve7UgDGZn4dig,3
9obrORo6-FY,UCz_yrc3BO9ve7UgDGZn4dig,3
_dM5A81dfuk,UCz_yrc3BO9ve7UgDGZn4dig,3
ZpwuisA3TuA,UCz_yrc3BO9ve7UgDGZn4dig,3
d4CUb5lkGVQ,UCz_yrc3BO9ve7UgDGZn4dig,3
6p-b94TouUE,UCz_yrc3BO9ve7UgDGZn4dig,3
DlxCHbywGGs,UCz_yrc3BO9ve7UgDGZn4dig,3
IiohHf3dBMw,UCz_yrc3BO9ve7UgDGZn4dig,3
yNXhDLUnQUc,UCz_yrc3BO9ve7UgDGZn4dig,3
CKgHs4H1gQ4,UCz_yrc3BO9ve7UgDGZn4dig,3
21zq2jo5IFM,UCz_yrc3BO9ve7UgDGZn4dig,3
n0byEZLpCpQ,UCw-WWK1U5Nlds-ydZNCrkcg,3
nvBdlsarqHA,UCz_yrc3BO9ve7UgDGZn4dig,3
soIoosHsIds,UCz_yrc3BO9ve7UgDGZn4dig,3
td-8hjBQ_m4,UCz_yrc3BO9ve7UgDGZn4dig,3
WZ94waGTTUw,UCz_yrc3BO9ve7UgDGZn4dig,3
zfCjaEg-qko,UCz_yrc3BO9ve7UgDGZn4dig,3
yFlZxkrG1WU,UCz_yrc3BO9ve7UgDGZn4dig,3
KlRgKiadh44,UCz_yrc3BO9ve7UgDGZn4dig,3
Vtkd8GowR78,UCz_yrc3BO9ve7UgDGZn4dig,3
Nl73DRaC0mU,UCz_yrc3BO9ve7UgDGZn4dig,3
3SDFh6Vs2wc,UCz_yrc3BO9ve7UgDGZn4dig,3
VXYDuwClVoA,UCz_yrc3BO9ve7UgDGZn4dig,3
Iq_sGK6WSSs,UCz_yrc3BO9ve7UgDGZn4dig,3
m7n6uEoHspk,UCz_yrc3BO9ve7UgDGZn4dig,3
L98t8AYsVTo,UCz_yrc3BO9ve7UgDGZn4dig,3
LtP7tDVgjWk,UCz_yrc3BO9ve7UgDGZn4dig,3
5hY75PhFS_E,UCz_yrc3BO9ve7UgDGZn4dig,3
1ebSWHa1DcU,UCz_yrc3BO9ve7UgDGZn4dig,3
BXx6muAOZN4,UCw-WWK1U5Nlds-ydZNCrkcg,3
wZ8O7LmGO9g,UCz_yrc3BO9ve7UgDGZn4dig,3
H9zpMXuLre0,UCz_yrc3BO9ve7UgDGZn4dig,3
kjf-nm2jPCI,UCz_yrc3BO9ve7UgDGZn4dig,3
FQDx5XYisvk,UCz_yrc3BO9ve7UgDGZn4dig,3
u537dgc1JJk,UCw-WWK1U5Nlds-ydZNCrkcg,3
IKos10pwtpk,UCz_yrc3BO9ve7UgDGZn4dig,3
QqwOxMVIxkk,UCz_yrc3BO9ve7UgDGZn4dig,3
wxvzTdreiMU,UCz_yrc3BO9ve7UgDGZn4dig,3
le0HFYRPhKg,UCz_yrc3BO9ve7UgDGZn4dig,3
LmkMg-LcMME,UCz_yrc3BO9ve7UgDGZn4dig,3
zPR7W9vt7tA,UCz_yrc3BO9ve7UgDGZn4dig,3
KDLtJ7MyFZk,UCz_yrc3BO9ve7UgDGZn4dig,3
1hp1StG_TEQ,UCz_yrc3BO9ve7UgDGZn4dig,3
A7pKyvGdDjA,UCz_yrc3BO9ve7UgDGZn4dig,3
kzz3lR2_PN8,UCz_yrc3BO9ve7UgDGZn4dig,3
55mKE4tlfGY,UCz_yrc3BO9ve7UgDGZn4dig,3
dIe0csDXGxo,UCz_yrc3BO9ve7UgDGZn4dig,3
KsfINvw2Di0,UCz_yrc3BO9ve7UgDGZn4dig,3
G_2fYPenSwQ,UCz_yrc3BO9ve7UgDGZn4dig,3
2nBpLOCRTlI,UCz_yrc3BO9ve7UgDGZn4dig,3
b3XoDZpzDV4,UCz_yrc3BO9ve7UgDGZn4dig,3
TZfHw55MCXo,UCYD71_aakEU0VT6TwsvV1MA,3
Kbw65mcs9ik,UCz_yrc3BO9ve7UgDGZn4dig,3
hBPKOMGX75g,UCz_yrc3BO9ve7UgDGZn4dig,3
XYX-qb1YPl0,UCz_yrc3BO9ve7UgDGZn4dig,3
pGta0KvSPZ0,UCz_yrc3BO9ve7UgDGZn4dig,3
1r0LOhla50A,UCz_yrc3BO9ve7UgDGZn4dig,3
rGkY_uDcLLs,UCz_yrc3BO9ve7UgDGZn4dig,3
FSbnF1PAOGM,UCz_yrc3BO9ve7UgDGZn4dig,3
_A0C92HnpvI,UCz_yrc3BO9ve7UgDGZn4dig,3
I9_70fVUuNk,UCz_yrc3BO9ve7UgDGZn4dig,3
IExbBNdbxOw,UCz_yrc3BO9ve7UgDGZn4dig,3
O7Li--BErJ0,UCYD71_aakEU0VT6TwsvV1MA,3
HZpTTwlcsm0,UCz_yrc3BO9ve7UgDGZn4dig,3
EWB6oOZCHQM,UCz_yrc3BO9ve7UgDGZn4dig,3
AlLivddkVl8,UCz_yrc3BO9ve7UgDGZn4dig,3
GE2xx3bfrw8,UCz_yrc3BO9ve7UgDGZn4dig,3
M4LKv74i8pg,UCz_yrc3BO9ve7UgDGZn4dig,3
3UVKXnOWGL0,UCz_yrc3BO9ve7UgDGZn4dig,3
HOjYB50ZIUA,UCz_yrc3BO9ve7UgDGZn4dig,3
M5GZB9pYDCU,UCz_yrc3BO9ve7UgDGZn4dig,3
N86dPhNqVzw,UCz_yrc3BO9ve7UgDGZn4dig,3
gi7CQegDONg,UCz_yrc3BO9ve7UgDGZn4dig,3
etWP0ljdEQg,UCz_yrc3BO9ve7UgDGZn4dig,3
EUlCRJiGcRs,UCz_yrc3BO9ve7UgDGZn4dig,3
YTSokzHhYoE,UCw-WWK1U5Nlds-ydZNCrkcg,3
56xl5HGBcIM,UCw-WWK1U5Nlds-ydZNCrkcg,3
r2t0WPHTXu0,UCw-WWK1U5Nlds-ydZNCrkcg,3
LTRp2a0xg7g,UCw-WWK1U5Nlds-ydZNCrkcg,3
86OkagbDO_Q,UCw-WWK1U5Nlds-ydZNCrkcg,3
DzSisUAKzGs,UCw-WWK1U5Nlds-ydZNCrkcg,3
vnzDZ5e6A_Y,UCw-WWK1U5Nlds-ydZNCrkcg,3
L0kcXYHrbVk,UCw-WWK1U5Nlds-ydZNCrkcg,3
eSHlKBYoA_A,UCw-WWK1U5Nlds-ydZNCrkcg,3
uXgEJ_BvI74,UCYD71_aakEU0VT6TwsvV1MA,3
DlEeuQ6vuPg,UCYD71_aakEU0VT6TwsvV1MA,3
VN8NXasCiTQ,UCw-WWK1U5Nlds-ydZNCrkcg,3
Jfo7_4Dz4OM,UCYD71_aakEU0VT6TwsvV1MA,3
8RR5e8TO1Uk,UCw-WWK1U5Nlds-ydZNCrkcg,3
SAou9EbRYsU,UCYD71_aakEU0VT6TwsvV1MA,3
-TUCVbvT--s,UCYD71_aakEU0VT6TwsvV1MA,3
VVn-RQ5Lo-w,UCYD71_aakEU0VT6TwsvV1MA,3
t0ySPb8b03s,UCw-WWK1U5Nlds-ydZNCrkcg,3
H4eFGXlkeK0,UCYD71_aakEU0VT6TwsvV1MA,3
rYudpOoPeTc,UCYD71_aakEU0VT6TwsvV1MA,3
hdb2WNyVg_A,UCw-WWK1U5Nlds-ydZNCrkcg,3
HEUwFibvuGQ,UCYD71_aakEU0VT6TwsvV1MA,3
7BzsxQGrdCY,UCYD71_aakEU0VT6TwsvV1MA,3
aI4tXM3cfqI,UCYD71_aakEU0VT6TwsvV1MA,3
Yl-Ey_sHX0Y,UCw-WWK1U5Nlds-ydZNCrkcg,3
GFa1zUUcp-M,UCYD71_aakEU0VT6TwsvV1MA,3
lkfsnqYZzEI,UCYD71_aakEU0VT6TwsvV1MA,3
ct4Ucdq1ryM,UCYD71_aakEU0VT6TwsvV1MA,3
vNB6nDJct0A,UCYD71_aakEU0VT6TwsvV1MA,3
9APc4TJI5Bo,UCYD71_aakEU0VT6TwsvV1MA,3
LxS791Hf1Qk,UCw-WWK1U5Nlds-ydZNCrkcg,3
4iDhlmAD5Pg,UCYD71_aakEU0VT6TwsvV1MA,3
mKUYu_PHaI4,UCw-WWK1U5Nlds-ydZNCrkcg,3
KLNViIu9n1U,UCHudxWzwLDAr06TWFmrP7hQ,4
Zb_0l50TJHA,UCHudxWzwLDAr06TWFmrP7hQ,4
jKDL0Z1uhII,UCCiEKK4835FTejF4ogW4P-A,4
0khMD__EWek,UCOb-ws0S8DmfU4nq4M4z6Rw,4
ImK8gAubsvg,UC95VQDMjwvr7GsejfIdS6GQ,4
VtQ67UviSFo,UC7ftRUwi1ATCCEQhD-WPXFg,4
VwgO-y8cmRU,UCZBY6V8Lxmwu8gGRBOyO11w,4
nHpmqk7uVgQ,UCHb7bDmZ5AQJFQrGPntk3fg,4
3Zn8_jK3W04,UCHudxWzwLDAr06TWFmrP7hQ,4
7K6NkYR68nA,UCHudxWzwLDAr06TWFmrP7hQ,4
_BREwXSdshY,UCCiEKK4835FTejF4ogW4P-A,4
-rOJchS6Lh0,UCF3gRq4LbNVVR8QfFUyyTCg,4
PM_bbI7y3mo,UCZBY6V8Lxmwu8gGRBOyO11w,4
6Cycs6WTv9w,UC7ftRUwi1ATCCEQhD-WPXFg,4
OxOZ2KcN3Ms,UCCiEKK4835FTejF4ogW4P-A,4
Fe2oHM1dXN8,UCHb7bDmZ5AQJFQrGPntk3fg,4
oUQBDT-FHNY,UCwjojsJdcSNP0UT1R-S6mFA,4
BkLG4_3FlSA,UCCiEKK4835FTejF4ogW4P-A,4
R20WN-heirA,UCHudxWzwLDAr06TWFmrP7hQ,4
n5mm_UvX-5I,UCHudxWzwLDAr06TWFmrP7hQ,4
wyVrKONippE,UCZBY6V8Lxmwu8gGRBOyO11w,4
5Ky15c0bbEc,UC7ftRUwi1ATCCEQhD-WPXFg,4
DmnzTlYyiNo,UCHb7bDmZ5AQJFQrGPntk3fg,4
FLTSuaB_LQg,UCHb7bDmZ5AQJFQrGPntk3fg,4
5Klc7EBGzGA,UCCiEKK4835FTejF4ogW4P-A,4
BJb-YQwcfRI,UCHudxWzwLDAr06TWFmrP7hQ,4
csUkKIQlKE0,UCHudxWzwLDAr06TWFmrP7hQ,4
T7_aCyHH_H8,UC3QFis16K3OvRO-3magXLwg,4
ZT9Rnqeddho,UC95VQDMjwvr7GsejfIdS6GQ,4
M31rJMTVizc,UCaX76ChBGYNPlcTEGIJSqig,4
6gnrSsE8muU,UCZBY6V8Lxmwu8gGRBOyO11w,4
shhddIsIHRQ,UC7ftRUwi1ATCCEQhD-WPXFg,4
8WVOxU82RnA,UCHb7bDmZ5AQJFQrGPntk3fg,4
kCoiXxz6ek4,UCwjojsJdcSNP0UT1R-S6mFA,4
UaNQ160tp74,UCHudxWzwLDAr06TWFmrP7hQ,4
6d2K0F0D5s4,UCHudxWzwLDAr06TWFmrP7hQ,4
SkGlM8yS0r0,UCF3gRq4LbNVVR8QfFUyyTCg,4
OJ8DAPJDGsA,UCHudxWzwLDAr06TWFmrP7hQ,4
S_LZfAx701E,UC95VQDMjwvr7GsejfIdS6GQ,4
YerhwychFEA,UCZBY6V8Lxmwu8gGRBOyO11w,4
lQr1kQFArtI,UC7ftRUwi1ATCCEQhD-WPXFg,4
eLnGqDjM7ws,UCHb7bDmZ5AQJFQrGPntk3fg,4
Bs6MpWgs2Pg,UCfHi2LIb2D4f1hYzX5de0IA,4
7aa7PfcISE0,UCHb7bDmZ5AQJFQrGPntk3fg,4
gYJrS4aMKag,UCHudxWzwLDAr06TWFmrP7hQ,4
ry1auXqoLo0,UCHudxWzwLDAr06TWFmrP7hQ,4
JppfSIZBsOM,UCZBY6V8Lxmwu8gGRBOyO11w,4
d1Mu7S2vnRk,UCBp-eiOdKwtEDQ88wqb8fmg,4
ksbiH50sYFw,UCHb7bDmZ5AQJFQrGPntk3fg,4
UwgEQW40jWA,UCwjojsJdcSNP0UT1R-S6mFA,4
oSEzS-iVTas,UCHudxWzwLDAr06TWFmrP7hQ,4
_3mr6O-3qD0,UCHudxWzwLDAr06TWFmrP7hQ,4
ZMmQb2UuL8E,UCHb7bDmZ5AQJFQrGPntk3fg,4
lFed0Cu0nF0,UC7ftRUwi1ATCCEQhD-WPXFg,4
8OFKHpuqE3o,UCZBY6V8Lxmwu8gGRBOyO11w,4
dPbtwLpo8Cw,UCHb7bDmZ5AQJFQrGPntk3fg,4
HeiDHKrDNts,UCHudxWzwLDAr06TWFmrP7hQ,4
1-MIqxts1NI,UCVZ9t0crMOnaOTz2WyWTmSA,4
XKAhzWwNSFE,UCHudxWzwLDAr06TWFmrP7hQ,4
tJvEh35QD7A,UCOb-ws0S8DmfU4nq4M4z6Rw,4
ShM0om-UdYo,UC2hm5rD_IrfYRMfq5YQudgA,4
4la2pkKi98U,UCQ2ni-j9Hbtbzt9FytvkBUQ,4
JAbIhrkL0Hw,UCBp-eiOdKwtEDQ88wqb8fmg,4
miWPLyv4IoI,UCHb7bDmZ5AQJFQrGPntk3fg,4
cdGBYKaUqYY,UCHb7bDmZ5AQJFQrGPntk3fg,4
RBbjlD_dRQs,UCwjojsJdcSNP0UT1R-S6mFA,4
vdjGZH6XaLo,UCHudxWzwLDAr06TWFmrP7hQ,4
cNYWJ_gqses,UCCiEKK4835FTejF4ogW4P-A,4
pQ_5wwbHtXU,UCHudxWzwLDAr06TWFmrP7hQ,4
W3JJLACh84A,UCQ2ni-j9Hbtbzt9FytvkBUQ,4
xFpFf8PIs8w,UCF3gRq4LbNVVR8QfFUyyTCg,4
HXHPP1svLlo,UCZBY6V8Lxmwu8gGRBOyO11w,4
v-77LVmsjFs,UC7ftRUwi1ATCCEQhD-WPXFg,4
Hc4tVJmD9Q8,UCHb7bDmZ5AQJFQrGPntk3fg,4
LD9U5lTzIyc,UCHb7bDmZ5AQJFQrGPntk3fg,4
D7Wqa-GMxqs,UCHudxWzwLDAr06TWFmrP7hQ,4
6pt4v25tyn8,UCHudxWzwLDAr06TWFmrP7hQ,4
vms39TrSR1U,UCQ2ni-j9Hbtbzt9FytvkBUQ,4
m4DDfMpnWLI,UCZBY6V8Lxmwu8gGRBOyO11w,4
Y5J7BYdkwb0,UCHb7bDmZ5AQJFQrGPntk3fg,4
reINY9uSyqE,UC7ftRUwi1ATCCEQhD-WPXFg,4
ftNCkYWWZQM,UCHb7bDmZ5AQJFQrGPntk3fg,4
7p1cJpwLxAg,UCHudxWzwLDAr06TWFmrP7hQ,4
eh9LwFbPkvQ,UCwjojsJdcSNP0UT1R-S6mFA,4
GEUQsDfCcpM,UCHudxWzwLDAr06TWFmrP7hQ,4
c622z3TUH6w,UC3QFis16K3OvRO-3magXLwg,4
fLCWv1raAIo,UCQ2ni-j9Hbtbzt9FytvkBUQ,4
8vpzqupN2-s,UCF3gRq4LbNVVR8QfFUyyTCg,4
cdR3-4WNM18,UC7ftRUwi1ATCCEQhD-WPXFg,4
c3LgiWIHJKA,UCaX76ChBGYNPlcTEGIJSqig,4
AWl8kfaxKJg,UCZBY6V8Lxmwu8gGRBOyO11w,4
Lya--4XnXW4,UCHb7bDmZ5AQJFQrGPntk3fg,4
z8LVA1saOeM,UCHb7bDmZ5AQJFQrGPntk3fg,4
lpUQZaV5-mM,UCHudxWzwLDAr06TWFmrP7hQ,4
kyiEbxbji9U,UCXMwCQVey4PhdWFJ6WhAVhA,4
Tr7aIn7TCu8,UCHudxWzwLDAr06TWFmrP7hQ,4
1hUDiRRIguc,UCHudxWzwLDAr06TWFmrP7hQ,4
eYAprc8mGvQ,UCOb-ws0S8DmfU4nq4M4z6Rw,4
XgIgv9yod6M,UC95VQDMjwvr7GsejfIdS6GQ,4
ylChBmYVJec,UCQ2ni-j9Hbtbzt9FytvkBUQ,4
KwboRHW2MVM,UCZBY6V8Lxmwu8gGRBOyO11w,4
ZL3NLrszD-c,UC7ftRUwi1ATCCEQhD-WPXFg,4
V32VJfMubf8,UCHb7bDmZ5AQJFQrGPntk3fg,4
WrsEr_lZQqU,UCHb7bDmZ5AQJFQrGPntk3fg,4
hjvh_-Uq_HI,UCwjojsJdcSNP0UT1R-S6mFA,4
hHH61LOo1K8,UCHudxWzwLDAr06TWFmrP7hQ,4
tmLJqeMBLl8,UCHudxWzwLDAr06TWFmrP7hQ,4
DyGVbXNOtRE,UCQ2ni-j9Hbtbzt9FytvkBUQ,4
ZTo6gKCu4bw,UCF3gRq4LbNVVR8QfFUyyTCg,4
afQ-nenNs5I,UCZBY6V8Lxmwu8gGRBOyO11w,4
BGj-059wLd4,UCHb7bDmZ5AQJFQrGPntk3fg,4
hvk1v-fO78k,UC7ftRUwi1ATCCEQhD-WPXFg,4
J9NguRY_TH0,UCHudxWzwLDAr06TWFmrP7hQ,4
Au86Z4jR4gw,UCQ2ni-j9Hbtbzt9FytvkBUQ,4
0Gh61yhd5vU,UCZBY6V8Lxmwu8gGRBOyO11w,4
Elpm_FxJUiA,UC7ftRUwi1ATCCEQhD-WPXFg,4
X7SRlxAArrU,UCwjojsJdcSNP0UT1R-S6mFA,4
rWyukGSbju0,UCHudxWzwLDAr06TWFmrP7hQ,4
6hyMSZ26788,UCHudxWzwLDAr06TWFmrP7hQ,4
UG18SqdYWy0,UC95VQDMjwvr7GsejfIdS6GQ,4
4RHYwkFPhM8,UCF3gRq4LbNVVR8QfFUyyTCg,4
K5K7NZCoDpM,UC7ftRUwi1ATCCEQhD-WPXFg,4
m9mA44uWP44,UCCiEKK4835FTejF4ogW4P-A,4
WFkm69D2P9M,UCHudxWzwLDAr06TWFmrP7hQ,4
yNtkXY1F4PI,UCZBY6V8Lxmwu8gGRBOyO11w,4
dqOWiwwm5yY,UC7ftRUwi1ATCCEQhD-WPXFg,4
WsXNRRshhuA,UCwjojsJdcSNP0UT1R-S6mFA,4
fHJH4ICaUnc,UCZBY6V8Lxmwu8gGRBOyO11w,4
L1ivufaR6d4,UCQ2ni-j9Hbtbzt9FytvkBUQ,4
9gLw9LMbTRU,UCF3gRq4LbNVVR8QfFUyyTCg,4
N0catLgzIAY,UC7ftRUwi1ATCCEQhD-WPXFg,4
-ph4CxNmmc4,UCZBY6V8Lxmwu8gGRBOyO11w,4
b8T2vLFKvIM,UC7ftRUwi1ATCCEQhD-WPXFg,4
JMJjJumY1XU,UCwjojsJdcSNP0UT1R-S6mFA,4
TIBV65rK7v8,UC8b-bA_uLbZHRretA5FK_JQ,4
gtORMYURSRk,UCXMwCQVey4PhdWFJ6WhAVhA,4
OJLfL62PS2A,UCZBY6V8Lxmwu8gGRBOyO11w,4
CqM3Ys6Y-ug,UCVZ9t0crMOnaOTz2WyWTmSA,4
KjtJaKl6m5c,UCF3gRq4LbNVVR8QfFUyyTCg,4
c8VOsBBK3vY,UC95VQDMjwvr7GsejfIdS6GQ,4
bf2HRw1wUak,UCaX76ChBGYNPlcTEGIJSqig,4
82mJ1o_7AVg,UC7ftRUwi1ATCCEQhD-WPXFg,4
x-m9njon76E,UCZBY6V8Lxmwu8gGRBOyO11w,4
3kTJqjIk0hA,UCCiEKK4835FTejF4ogW4P-A,4
Rz53X_AEWt0,UCQ2ni-j9Hbtbzt9FytvkBUQ,4
hhdGXv5GCNo,UCZBY6V8Lxmwu8gGRBOyO11w,4
FNFK93TD8WM,UC7ftRUwi1ATCCEQhD-WPXFg,4
RAWP5e3EWnc,UCBp-eiOdKwtEDQ88wqb8fmg,4
DhcNF5EhtQA,UCfHi2LIb2D4f1hYzX5de0IA,4
kk2pHUMKlrY,UCwjojsJdcSNP0UT1R-S6mFA,4
WWLBZfX5VdU,UCF3gRq4LbNVVR8QfFUyyTCg,4
8ikMmEzgOBQ,UCZBY6V8Lxmwu8gGRBOyO11w,4
5JyNzfSXMLw,UC7ftRUwi1ATCCEQhD-WPXFg,4
zViJmqzcSks,UCBp-eiOdKwtEDQ88wqb8fmg,4
HiBtarq67k8,UCZBY6V8Lxmwu8gGRBOyO11w,4
hoceZZJUYgE,UC7ftRUwi1ATCCEQhD-WPXFg,4
a3NvFgGI6-0,UCwjojsJdcSNP0UT1R-S6mFA,4
-Xaqd9xzuOw,UCOb-ws0S8DmfU4nq4M4z6Rw,4
6RPa4HpBAGU,UCQ2ni-j9Hbtbzt9FytvkBUQ,4
1SEca5qFYUA,UCF3gRq4LbNVVR8QfFUyyTCg,4
YEfz0G-nz2E,UCZBY6V8Lxmwu8gGRBOyO11w,4
tj7H1D-PXJo,UC7ftRUwi1ATCCEQhD-WPXFg,4
00bCUjgtHes,UCCiEKK4835FTejF4ogW4P-A,4
7Ga0r1n6K1M,UC7ftRUwi1ATCCEQhD-WPXFg,4
DwEBL5XdH98,UCZBY6V8Lxmwu8gGRBOyO11w,4
RYkCMR8V7P0,UCwjojsJdcSNP0UT1R-S6mFA,4
oGvQ5bNcUt0,UCF3gRq4LbNVVR8QfFUyyTCg,4
f6Ti5ilR2OE,UC7ftRUwi1ATCCEQhD-WPXFg,4
rf7wtg-6P3o,UCZBY6V8Lxmwu8gGRBOyO11w,4
YxEFsezif3M,UC95VQDMjwvr7GsejfIdS6GQ,4
GDSvR90Aq5k,UCaX76ChBGYNPlcTEGIJSqig,4
GplaeMxr9OM,UCZBY6V8Lxmwu8gGRBOyO11w,4
D8urnfD4R98,UC7ftRUwi1ATCCEQhD-WPXFg,4
yB3uspETWds,UCwjojsJdcSNP0UT1R-S6mFA,4
h5JGGeYY15U,UCCiEKK4835FTejF4ogW4P-A,4
n8-hGBck9rE,UC2hm5rD_IrfYRMfq5YQudgA,4
VaO5zY4uERw,UCF3gRq4LbNVVR8QfFUyyTCg,4
eth8tGsn39M,UC7ftRUwi1ATCCEQhD-WPXFg,4
dDBQ76yly6c,UCZBY6V8Lxmwu8gGRBOyO11w,4
Oc9gWg0N5Vc,UCOb-ws0S8DmfU4nq4M4z6Rw,4
IzisAwSwwEs,UC7ftRUwi1ATCCEQhD-WPXFg,4
qVKJyvab3aY,UCZBY6V8Lxmwu8gGRBOyO11w,4
pxW5zjnOzfo,UCwjojsJdcSNP0UT1R-S6mFA,4
hlkCK1QG9YQ,UCF3gRq4LbNVVR8QfFUyyTCg,4
173ZPUtMBE0,UC95VQDMjwvr7GsejfIdS6GQ,4
pZIkX6roQFU,UCZBY6V8Lxmwu8gGRBOyO11w,4
uECIUK5aUSE,UC7ftRUwi1ATCCEQhD-WPXFg,4
ThbWvBG-RBs,UCCiEKK4835FTejF4ogW4P-A,4
0lBrm_EU0n4,UCZBY6V8Lxmwu8gGRBOyO11w,4
T13yOU3aTjA,UC7ftRUwi1ATCCEQhD-WPXFg,4
A1OP1rh64_Q,UCwjojsJdcSNP0UT1R-S6mFA,4
ERbdP5nyV2Y,UCCiEKK4835FTejF4ogW4P-A,4
iyNRTP1m3fI,UCZBY6V8Lxmwu8gGRBOyO11w,4
77P_nskzBdw,UC7ftRUwi1ATCCEQhD-WPXFg,4
r25_aQJsRl4,UCCiEKK4835FTejF4ogW4P-A,4
Ok-Zb0eGIcI,UCZBY6V8Lxmwu8gGRBOyO11w,4
abt2aIv9QYI,UC7ftRUwi1ATCCEQhD-WPXFg,4
Iner1sGkOsQ,UCwjojsJdcSNP0UT1R-S6mFA,4
d6hlnyaR834,UCXMwCQVey4PhdWFJ6WhAVhA,4
dBt0FmZ0kFc,UC8b-bA_uLbZHRretA5FK_JQ,4
LWskD3LdZeM,UCOb-ws0S8DmfU4nq4M4z6Rw,4
2mb2xA__YI8,UCaX76ChBGYNPlcTEGIJSqig,4
c5r4fsQ089w,UCZBY6V8Lxmwu8gGRBOyO11w,4
7bcDFhFBW4o,UC7ftRUwi1ATCCEQhD-WPXFg,4
2yGZHszA1ek,UCCiEKK4835FTejF4ogW4P-A,4
De4Gt27njVI,UC3QFis16K3OvRO-3magXLwg,4
c_Qp1gjbDf8,UCF3gRq4LbNVVR8QfFUyyTCg,4
z2Nz1fOvXBI,UCZBY6V8Lxmwu8gGRBOyO11w,4
ttlu9sCoNtA,UC7ftRUwi1ATCCEQhD-WPXFg,4
8wRskV5_K8g,UCBp-eiOdKwtEDQ88wqb8fmg,4
ymzlekQHno0,UCwjojsJdcSNP0UT1R-S6mFA,4
w0AqYjYw0-M,UCVZ9t0crMOnaOTz2WyWTmSA,4
KtJyxI9E93k,UCQ2ni-j9Hbtbzt9FytvkBUQ,4
nFsCOg3abe8,UCCiEKK4835FTejF4ogW4P-A,4
Lw5TFQloHDk,UCCiEKK4835FTejF4ogW4P-A,4
RLjnV4UTH-w,UCF3gRq4LbNVVR8QfFUyyTCg,4
dljx9DytV6k,UCZBY6V8Lxmwu8gGRBOyO11w,4
F-Q0fI7Adbw,UC95VQDMjwvr7GsejfIdS6GQ,4
soC1_zO65bA,UCQ2ni-j9Hbtbzt9FytvkBUQ,4
oHkV8YYu8t4,UCBp-eiOdKwtEDQ88wqb8fmg,4
KQORcHoSYZk,UC7ftRUwi1ATCCEQhD-WPXFg,4
OsP_8UQLyNg,UCwjojsJdcSNP0UT1R-S6mFA,4
ofya4hmxEsQ,UCZBY6V8Lxmwu8gGRBOyO11w,4
-KsE95hWC4M,UC7ftRUwi1ATCCEQhD-WPXFg,4
6pCgc5ARMck,UCZBY6V8Lxmwu8gGRBOyO11w,4
cOxbb_-zC_U,UC7ftRUwi1ATCCEQhD-WPXFg,4
Xb0PFp_eFn4,UCwjojsJdcSNP0UT1R-S6mFA,4
SCnq2S5HsQ0,UCCiEKK4835FTejF4ogW4P-A,4
7tgS_B3ZoZI,UCZBY6V8Lxmwu8gGRBOyO11w,4
5q9fUcY0e6Y,UCQ2ni-j9Hbtbzt9FytvkBUQ,4
A0XdpRFKrCc,UCF3gRq4LbNVVR8QfFUyyTCg,4
qOwWxGyCloU,UC7ftRUwi1ATCCEQhD-WPXFg,4
vPW5sfYb6jA,UCwjojsJdcSNP0UT1R-S6mFA,4
nGzi8jgkNxo,UCZBY6V8Lxmwu8gGRBOyO11w,4
Ek1-ZhID2iY,UC95VQDMjwvr7GsejfIdS6GQ,4
pCBjgBUKqSM,UCaX76ChBGYNPlcTEGIJSqig,4
5NuKPG8t20E,UC7ftRUwi1ATCCEQhD-WPXFg,4
DgbKk7ocbWY,UCZBY6V8Lxmwu8gGRBOyO11w,4
6_7PJ8t1N4U,UC7ftRUwi1ATCCEQhD-WPXFg,4
E__AGmtZV6U,UCOb-ws0S8DmfU4nq4M4z6Rw,4
T6cg2oDcL9o,UCQ2ni-j9Hbtbzt9FytvkBUQ,4
JeSmi-4jKn0,UCZBY6V8Lxmwu8gGRBOyO11w,4
VoMOjVUeJqI,UCF3gRq4LbNVVR8QfFUyyTCg,4
CDeCOaXvmgg,UC7ftRUwi1ATCCEQhD-WPXFg,4
eaY90YfZ2Yo,UCCiEKK4835FTejF4ogW4P-A,4
hM1nG__jsXo,UCCiEKK4835FTejF4ogW4P-A,4
-4AFXsGvX6U,UCwjojsJdcSNP0UT1R-S6mFA,4
ly8BG60LLXM,UCOb-ws0S8DmfU4nq4M4z6Rw,4
1f0sF5HgcZo,UCCiEKK4835FTejF4ogW4P-A,4
0Sk22VFJvFA,UCZBY6V8Lxmwu8gGRBOyO11w,4
UK7aCuWVUEc,UCQ2ni-j9Hbtbzt9FytvkBUQ,4
k0FEejVQH_o,UC95VQDMjwvr7GsejfIdS6GQ,4
wqwyN5lmrVA,UCaX76ChBGYNPlcTEGIJSqig,4
6vS2J6Dpi5k,UC7ftRUwi1ATCCEQhD-WPXFg,4
gYGQCZmH1CU,UCZBY6V8Lxmwu8gGRBOyO11w,4
gZwrSK99N_0,UCCiEKK4835FTejF4ogW4P-A,4
LkLEnDdy9lQ,UCZBY6V8Lxmwu8gGRBOyO11w,4
N4Etl3GzA6Y,UC7ftRUwi1ATCCEQhD-WPXFg,4
CwrQaAKlSKg,UCVZ9t0crMOnaOTz2WyWTmSA,4
NJsebIMSjDA,UCF3gRq4LbNVVR8QfFUyyTCg,4
eQrF_-0BExc,UCZBY6V8Lxmwu8gGRBOyO11w,4
fToeU6d9LcA,UC7ftRUwi1ATCCEQhD-WPXFg,4
T5n0TDGPANU,UCwjojsJdcSNP0UT1R-S6mFA,4
Tke-UzIG1bc,UCQ2ni-j9Hbtbzt9FytvkBUQ,4
KroBdEH-1-4,UC3QFis16K3OvRO-3magXLwg,4
FcIG8ddXnXM,UCZBY6V8Lxmwu8gGRBOyO11w,4
EvpdnSKIoJg,UC7ftRUwi1ATCCEQhD-WPXFg,4
zh1fRi4ZGds,UC95VQDMjwvr7GsejfIdS6GQ,4
dHVL9HEAzUw,UCaX76ChBGYNPlcTEGIJSqig,4
8oRZUTdcL6A,UCF3gRq4LbNVVR8QfFUyyTCg,4
FEoLqNmbSfU,UCZBY6V8Lxmwu8gGRBOyO11w,4
ZsRK5t9OeVM,UC7ftRUwi1ATCCEQhD-WPXFg,4
uJCtL_QDn6c,UCCiEKK4835FTejF4ogW4P-A,4
BreFaH5n8Z8,UCOb-ws0S8DmfU4nq4M4z6Rw,4
L6130Z-fpas,UCQ2ni-j9Hbtbzt9FytvkBUQ,4
xbifH6yvFCQ,UCaX76ChBGYNPlcTEGIJSqig,4
SsDNBddXxds,UCzxEaf1k5OqfERmEaSVi8pQ,4
T4HiCHS06Qo,UCZBY6V8Lxmwu8gGRBOyO11w,4
Gis8-GkP8ds,UCBp-eiOdKwtEDQ88wqb8fmg,4
Lf74yffEfi4,UC7ftRUwi1ATCCEQhD-WPXFg,4
e6IpwHLOVXU,UCwjojsJdcSNP0UT1R-S6mFA,4
qjRWj7S2TSI,UCCiEKK4835FTejF4ogW4P-A,4
-YvYzyElfUU,UCaX76ChBGYNPlcTEGIJSqig,4
moqDgYqL8Sw,UCZBY6V8Lxmwu8gGRBOyO11w,4
4ffbJw4Y_9Y,UC7ftRUwi1ATCCEQhD-WPXFg,4
MfiX924WAfg,UCQ2ni-j9Hbtbzt9FytvkBUQ,4
x468BbDgCRM,UC95VQDMjwvr7GsejfIdS6GQ,4
_lIp0I6_gvg,UCaX76ChBGYNPlcTEGIJSqig,4
LMVX3I2wf7A,UCF3gRq4LbNVVR8QfFUyyTCg,4
MTxK5ZaAjEY,UCBp-eiOdKwtEDQ88wqb8fmg,4
gG6I6KcXo2M,UCZBY6V8Lxmwu8gGRBOyO11w,4
pHfD6e4ugpU,UC7ftRUwi1ATCCEQhD-WPXFg,4
8rSvID4nLNM,UCQ2ni-j9Hbtbzt9FytvkBUQ,4
HOFNRfIEWI8,UCOb-ws0S8DmfU4nq4M4z6Rw,4
iOXv_ZJFZEA,UC7ftRUwi1ATCCEQhD-WPXFg,4
T5wEaNKfQHo,UCaX76ChBGYNPlcTEGIJSqig,4
dumepdQGLuw,UCZBY6V8Lxmwu8gGRBOyO11w,4
sT0Y9IPvXT0,UCwjojsJdcSNP0UT1R-S6mFA,4
JDFvGGqThAQ,UCCiEKK4835FTejF4ogW4P-A,4
IAvG4OOYD2g,UCQ2ni-j9Hbtbzt9FytvkBUQ,4
BN1ThW-pThc,UCF3gRq4LbNVVR8QfFUyyTCg,4
FJ8vmVxCaJg,UCZBY6V8Lxmwu8gGRBOyO11w,4
r6_uuh38-a8,UC7ftRUwi1ATCCEQhD-WPXFg,4
LWMe4F2f4h0,UC2hm5rD_IrfYRMfq5YQudgA,4
3CQmJbD-V4c,UC7ftRUwi1ATCCEQhD-WPXFg,4
u5QwxMOUmWE,UCZBY6V8Lxmwu8gGRBOyO11w,4
2WobGnMurPA,UCCiEKK4835FTejF4ogW4P-A,4
Hrrky09wpU0,UCXMwCQVey4PhdWFJ6WhAVhA,4
d9ox7gqZkJQ,UC95VQDMjwvr7GsejfIdS6GQ,4
YXUnFn_Yxlk,UCzxEaf1k5OqfERmEaSVi8pQ,4
YKO1BUf71Lw,UCF3gRq4LbNVVR8QfFUyyTCg,4
eXHQiajkheg,UCZBY6V8Lxmwu8gGRBOyO11w,4
US56cyj2CXg,UC7ftRUwi1ATCCEQhD-WPXFg,4
4GgiskKPbqA,UCaX76ChBGYNPlcTEGIJSqig,4
yl5MpZkCMH0,UCOb-ws0S8DmfU4nq4M4z6Rw,4
LDsY0Chja2U,UCwjojsJdcSNP0UT1R-S6mFA,4
5gYuNjuXQew,UCCiEKK4835FTejF4ogW4P-A,4
LfC4ibarmo0,UCQ2ni-j9Hbtbzt9FytvkBUQ,4
D32ArOx-HuA,UCzxEaf1k5OqfERmEaSVi8pQ,4
3BNoRRBMcgw,UCZBY6V8Lxmwu8gGRBOyO11w,4
xTLYkzLF7Bw,UC7ftRUwi1ATCCEQhD-WPXFg,4
TqY4gdQ04QY,UCCiEKK4835FTejF4ogW4P-A,4
3J26z0y477o,UCQ2ni-j9Hbtbzt9FytvkBUQ,4
QwxyNkO5R6U,UCOb-ws0S8DmfU4nq4M4z6Rw,4
2Dwsn6hrWAQ,UCF3gRq4LbNVVR8QfFUyyTCg,4
Ykt-2lkZcZQ,UCZBY6V8Lxmwu8gGRBOyO11w,4
MF8ibPVPWr0,UC7ftRUwi1ATCCEQhD-WPXFg,4
JEtV0I94Rfk,UCfHi2LIb2D4f1hYzX5de0IA,4
wSeWFtW4owk,UCQ2ni-j9Hbtbzt9FytvkBUQ,4
TrlIPR4iKNc,UC95VQDMjwvr7GsejfIdS6GQ,4
a61E3qZE9jo,UCzxEaf1k5OqfERmEaSVi8pQ,4
oONbizB53Bc,UCZBY6V8Lxmwu8gGRBOyO11w,4
09rPDL38RrA,UC7ftRUwi1ATCCEQhD-WPXFg,4
543my3wBy4E,UCwjojsJdcSNP0UT1R-S6mFA,4
1EqkXS_wdJI,UCCiEKK4835FTejF4ogW4P-A,4
_8NncvKNRN4,UCzxEaf1k5OqfERmEaSVi8pQ,4
-YFlLRj3vKk,UCF3gRq4LbNVVR8QfFUyyTCg,4
fFF_cdhWAM0,UCZBY6V8Lxmwu8gGRBOyO11w,4
Pzk8LffM1KA,UC7ftRUwi1ATCCEQhD-WPXFg,4
IQ4BXZodbsk,UCVZ9t0crMOnaOTz2WyWTmSA,4
dtKcmgkTISE,UCzxEaf1k5OqfERmEaSVi8pQ,4
tWo_ztQsFrk,UCXMwCQVey4PhdWFJ6WhAVhA,4
WhXUb0DBU3E,UC3QFis16K3OvRO-3magXLwg,4
ALZxB5iVsoM,UCZBY6V8Lxmwu8gGRBOyO11w,4
Ss9FLMcGXi8,UC7ftRUwi1ATCCEQhD-WPXFg,4
Fnby6EglEVw,UCOb-ws0S8DmfU4nq4M4z6Rw,4
CdfetF2YusQ,UCF3gRq4LbNVVR8QfFUyyTCg,4
EMsQotXTtjk,UCZBY6V8Lxmwu8gGRBOyO11w,4
lvdd85GkZBA,UC7ftRUwi1ATCCEQhD-WPXFg,4
KKEYwJRCWYA,UCwjojsJdcSNP0UT1R-S6mFA,4
-wwPMKpqBKY,UCzxEaf1k5OqfERmEaSVi8pQ,4
e7VMqtSJTbk,UCF3gRq4LbNVVR8QfFUyyTCg,4
EyziGWddFcQ,UCZBY6V8Lxmwu8gGRBOyO11w,4
jlZkqZ5ICwQ,UC7ftRUwi1ATCCEQhD-WPXFg,4
jMUxBZ5m6yg,UCQ2ni-j9Hbtbzt9FytvkBUQ,4
b7R9p4WAYWE,UCXMwCQVey4PhdWFJ6WhAVhA,4
SeFlrj3uGn0,UC95VQDMjwvr7GsejfIdS6GQ,4
yAlhVGbsSwg,UCzxEaf1k5OqfERmEaSVi8pQ,4
WbphZR8zoL8,UCZBY6V8Lxmwu8gGRBOyO11w,4
anl1LCwT1gw,UCBp-eiOdKwtEDQ88wqb8fmg,4
QfeULNpfptQ,UC7ftRUwi1ATCCEQhD-WPXFg,4
KOayDZcFokE,UCCiEKK4835FTejF4ogW4P-A,4
U-Xcp1mxz_Y,UCzxEaf1k5OqfERmEaSVi8pQ,4
jjCE2dLMlSo,UCaX76ChBGYNPlcTEGIJSqig,4
pIjtNx9_pbM,UCF3gRq4LbNVVR8QfFUyyTCg,4
UgUkc0K2I_U,UCZBY6V8Lxmwu8gGRBOyO11w,4
oQlL7n4Xu8o,UC7ftRUwi1ATCCEQhD-WPXFg,4
FW_VNzyZXeo,UCCiEKK4835FTejF4ogW4P-A,4
2ZyNOC2KfnM,UCwjojsJdcSNP0UT1R-S6mFA,4
J8NLgDJUNI4,UCBp-eiOdKwtEDQ88wqb8fmg,4
r1v9POTcS0U,UCzxEaf1k5OqfERmEaSVi8pQ,4
pHK0ySwnPWo,UC7ftRUwi1ATCCEQhD-WPXFg,4
VLjApL8iPiY,UCZBY6V8Lxmwu8gGRBOyO11w,4
NCoLBgDybno,UCCiEKK4835FTejF4ogW4P-A,4
k5yWCAai65M,UCQ2ni-j9Hbtbzt9FytvkBUQ,4
TX_tmO-B9-o,UCOb-ws0S8DmfU4nq4M4z6Rw,4
eO4EmT1XL4g,UCzxEaf1k5OqfERmEaSVi8pQ,4
VLg1q1V16eQ,UCF3gRq4LbNVVR8QfFUyyTCg,4
LBfzzWSS3KY,UC7ftRUwi1ATCCEQhD-WPXFg,4
njXtZgS9A1A,UCZBY6V8Lxmwu8gGRBOyO11w,4
3jr7tCzafPg,UCzxEaf1k5OqfERmEaSVi8pQ,4
oczLQlMX-uQ,UC7ftRUwi1ATCCEQhD-WPXFg,4
u97qWOEsiMU,UCwjojsJdcSNP0UT1R-S6mFA,4
9-R62VzVuic,UCZBY6V8Lxmwu8gGRBOyO11w,4
2bwhmtvwmj0,UCaX76ChBGYNPlcTEGIJSqig,4
S8VHvURw4sQ,UCF3gRq4LbNVVR8QfFUyyTCg,4
iarGOaNMk8o,UC7ftRUwi1ATCCEQhD-WPXFg,4
a-AN_mDKHX4,UCCiEKK4835FTejF4ogW4P-A,4
eSWwpex1Iqs,UCCiEKK4835FTejF4ogW4P-A,4
_5dWIm5PHPE,UCZBY6V8Lxmwu8gGRBOyO11w,4
Np-z9_IafUE,UC95VQDMjwvr7GsejfIdS6GQ,4
pq_1RYauXZ8,UCzxEaf1k5OqfERmEaSVi8pQ,4
Gg9FRcolnpI,UCaX76ChBGYNPlcTEGIJSqig,4
OqLGHFCRgP8,UC7ftRUwi1ATCCEQhD-WPXFg,4
45mLSL8I4lI,UCCiEKK4835FTejF4ogW4P-A,4
naXeHv76R-s,UCOb-ws0S8DmfU4nq4M4z6Rw,4
3V7Rvo4Gvic,UCiVJZlfcmWMUiXv5oywnDhQ,4
l_b96XPAvEQ,UCZBY6V8Lxmwu8gGRBOyO11w,4
EwOe8DjuzKs,UCzxEaf1k5OqfERmEaSVi8pQ,4
qVI2RkqLrM0,UCF3gRq4LbNVVR8QfFUyyTCg,4
k4Gs5a4UPto,UC7ftRUwi1ATCCEQhD-WPXFg,4
V425NtYBqpA,UCwjojsJdcSNP0UT1R-S6mFA,4
V-QBCdndQ1Q,UCCiEKK4835FTejF4ogW4P-A,4
xOeT8nDRfcs,UCQ2ni-j9Hbtbzt9FytvkBUQ,4
XjZuPO50qlQ,UCZBY6V8Lxmwu8gGRBOyO11w,4
7i-Rj9yEsiQ,UCzxEaf1k5OqfERmEaSVi8pQ,4
0S6cmSKbLvQ,UC7ftRUwi1ATCCEQhD-WPXFg,4
JUpTQJ2gqVU,UCQ2ni-j9Hbtbzt9FytvkBUQ,4
ycg4VjJvl9g,UCZBY6V8Lxmwu8gGRBOyO11w,4
flbKDQ731KE,UC95VQDMjwvr7GsejfIdS6GQ,4
TyqyxHPKX5o,UCF3gRq4LbNVVR8QfFUyyTCg,4
lEetWV5A9IQ,UCzxEaf1k5OqfERmEaSVi8pQ,4
TryRo8Ya7ik,UC7ftRUwi1ATCCEQhD-WPXFg,4
hITwIj5R2Qc,UCZBY6V8Lxmwu8gGRBOyO11w,4
BMbQj1ULjIU,UCzxEaf1k5OqfERmEaSVi8pQ,4
NnhmZgZAUDw,UC7ftRUwi1ATCCEQhD-WPXFg,4
9OM30iHXjL4,UCwjojsJdcSNP0UT1R-S6mFA,4
W2kIhTz9wrI,UCZBY6V8Lxmwu8gGRBOyO11w,4
SCVNF4PgZms,UCQ2ni-j9Hbtbzt9FytvkBUQ,4
d3wgBWi88yI,UCVZ9t0crMOnaOTz2WyWTmSA,4
zvY_yE1Cucg,UCF3gRq4LbNVVR8QfFUyyTCg,4
FbJLEBiJ22U,UCF3gRq4LbNVVR8QfFUyyTCg,4
9ipCIn9uUbc,UCzxEaf1k5OqfERmEaSVi8pQ,4
1C95Zoqz-UQ,UC7ftRUwi1ATCCEQhD-WPXFg,4
XbvXQvn9OsA,UCCiEKK4835FTejF4ogW4P-A,4
OLPbH92Q0kA,UCZBY6V8Lxmwu8gGRBOyO11w,4
9knCL0kcXeQ,UC7ftRUwi1ATCCEQhD-WPXFg,4
v00oNswSFXg,UCZBY6V8Lxmwu8gGRBOyO11w,4
K2tUR7hGWtM,UC95VQDMjwvr7GsejfIdS6GQ,4
NhfhLP2JHLg,UCzxEaf1k5OqfERmEaSVi8pQ,4
wk6-J7q-sfY,UCF3gRq4LbNVVR8QfFUyyTCg,4
9TCAeHn_sK4,UC7ftRUwi1ATCCEQhD-WPXFg,4
zfl_zuqlbPg,UCwjojsJdcSNP0UT1R-S6mFA,4
o1FVLwjKf6g,UCZBY6V8Lxmwu8gGRBOyO11w,4
6qXqpxulF-w,UCzxEaf1k5OqfERmEaSVi8pQ,4
lIi7CPhU9J0,UCBp-eiOdKwtEDQ88wqb8fmg,4
TKY7u2LOHQs,UC7ftRUwi1ATCCEQhD-WPXFg,4
wrMvm6nIBl8,UCCiEKK4835FTejF4ogW4P-A,4
kBJlNU_SlIE,UCXMwCQVey4PhdWFJ6WhAVhA,4
vIPXld9azRs,UCQ2ni-j9Hbtbzt9FytvkBUQ,4
6pOh4PQJUqQ,UCZBY6V8Lxmwu8gGRBOyO11w,4
hMOi7QJVuYw,UCzxEaf1k5OqfERmEaSVi8pQ,4
CxMgTT0z4PU,UCF3gRq4LbNVVR8QfFUyyTCg,4
Wi2GJJnELp8,UCOb-ws0S8DmfU4nq4M4z6Rw,4
keeYWIcT-C0,UCZBY6V8Lxmwu8gGRBOyO11w,4
sQCSS9wlWKQ,UCzxEaf1k5OqfERmEaSVi8pQ,4
gqDCJAcaS4g,UCBp-eiOdKwtEDQ88wqb8fmg,4
8HkKjgS9EhM,UCaX76ChBGYNPlcTEGIJSqig,4
jZ_ZWJQbjRQ,UC7ftRUwi1ATCCEQhD-WPXFg,4
kV9eGX_MMGE,UCwjojsJdcSNP0UT1R-S6mFA,4
Mo6uoGHHKgM,UC7ftRUwi1ATCCEQhD-WPXFg,4
DAgo18bUeQM,UCZBY6V8Lxmwu8gGRBOyO11w,4
AA58YxC1muI,UC95VQDMjwvr7GsejfIdS6GQ,4
9zUIaR-oCe4,UCF3gRq4LbNVVR8QfFUyyTCg,4
2JA4Uul4dgs,UCzxEaf1k5OqfERmEaSVi8pQ,4
wAdwK7VpRUg,UCVZ9t0crMOnaOTz2WyWTmSA,4
ye-6QWD5Glo,UCZBY6V8Lxmwu8gGRBOyO11w,4
OoIfkUrqoQk,UCCiEKK4835FTejF4ogW4P-A,4
5lFlwnvUAWI,UC95VQDMjwvr7GsejfIdS6GQ,4
GmT863DBKqo,UCzxEaf1k5OqfERmEaSVi8pQ,4
_eUDczXkiS0,UC7ftRUwi1ATCCEQhD-WPXFg,4
SQCKZQRlbzI,UCCiEKK4835FTejF4ogW4P-A,4
TJTyGa92i_A,UCZBY6V8Lxmwu8gGRBOyO11w,4
pz9xHP9s1us,UCXMwCQVey4PhdWFJ6WhAVhA,4
zyZA6sAviXw,UCzxEaf1k5OqfERmEaSVi8pQ,4
MXjOBeLHn6k,UC95VQDMjwvr7GsejfIdS6GQ,4
e1mDiohb77Y,UCF3gRq4LbNVVR8QfFUyyTCg,4
T2i_oP8RKsQ,UC7ftRUwi1ATCCEQhD-WPXFg,4
t4QQjfCbQE0,UC7ftRUwi1ATCCEQhD-WPXFg,4
bVW95cxuJy8,UCZBY6V8Lxmwu8gGRBOyO11w,4
qWRmGVyTRVc,UCOb-ws0S8DmfU4nq4M4z6Rw,4
ZoQm-Bq_N8k,UCXMwCQVey4PhdWFJ6WhAVhA,4
B75weraKE5A,UC95VQDMjwvr7GsejfIdS6GQ,4
mgsiObRmBXA,UC95VQDMjwvr7GsejfIdS6GQ,4
zBZnPWK-lHw,UCzxEaf1k5OqfERmEaSVi8pQ,4
4mIQmhvoqs0,UCaX76ChBGYNPlcTEGIJSqig,4
OBmsQTdiiik,UCCiEKK4835FTejF4ogW4P-A,4
ElhrUYuO-rE,UCZBY6V8Lxmwu8gGRBOyO11w,4
2tvW7_h6gDY,UCF3gRq4LbNVVR8QfFUyyTCg,4
maf_UrinKes,UCzxEaf1k5OqfERmEaSVi8pQ,4
BP2mYFkN-Vc,UC7ftRUwi1ATCCEQhD-WPXFg,4
n5YmL1q1Rko,UCwjojsJdcSNP0UT1R-S6mFA,4
UPqe4wTgjWM,UCZBY6V8Lxmwu8gGRBOyO11w,4
5SKbQKA6RQQ,UCzxEaf1k5OqfERmEaSVi8pQ,4
SXDh_cwEAmw,UC7ftRUwi1ATCCEQhD-WPXFg,4
PnNz-LGpuiA,UCZBY6V8Lxmwu8gGRBOyO11w,4
HqVf7wne4d8,UCQ2ni-j9Hbtbzt9FytvkBUQ,4
8XgkOQsrdRg,UC95VQDMjwvr7GsejfIdS6GQ,4
CAmFWvNgyGM,UCaX76ChBGYNPlcTEGIJSqig,4
X5QqR06YhQc,UCF3gRq4LbNVVR8QfFUyyTCg,4
o74qbjvp3gM,UCzxEaf1k5OqfERmEaSVi8pQ,4
wLSKfJBoyMw,UC7ftRUwi1ATCCEQhD-WPXFg,4
Kp815m26qkc,UCZBY6V8Lxmwu8gGRBOyO11w,4
azBq69Clakg,UCQ2ni-j9Hbtbzt9FytvkBUQ,4
2211NWIWcUY,UC7ftRUwi1ATCCEQhD-WPXFg,4
tO3kdzDj4VM,UCZBY6V8Lxmwu8gGRBOyO11w,4
GDnwgZnfisE,UCwjojsJdcSNP0UT1R-S6mFA,4
sBIVbfdWrm8,UCOb-ws0S8DmfU4nq4M4z6Rw,4
voXmH-aGTeQ,UCQ2ni-j9Hbtbzt9FytvkBUQ,4
AP8Jdeel77M,UCzxEaf1k5OqfERmEaSVi8pQ,4
1SnbOwFXN1E,UCaX76ChBGYNPlcTEGIJSqig,4
u2c_hE3qksU,UCF3gRq4LbNVVR8QfFUyyTCg,4
06zeGVs59C0,UC7ftRUwi1ATCCEQhD-WPXFg,4
FU7gid35qJ0,UCZBY6V8Lxmwu8gGRBOyO11w,4
u96Jpltti3w,UCzxEaf1k5OqfERmEaSVi8pQ,4
loCzKo2HyiE,UC95VQDMjwvr7GsejfIdS6GQ,4
9GaKdOpL0Fk,UC7ftRUwi1ATCCEQhD-WPXFg,4
RWYRFch6zIw,UCCiEKK4835FTejF4ogW4P-A,4
fwkgNRJhNFY,UCOb-ws0S8DmfU4nq4M4z6Rw,4
geOQLK9iacc,UCZBY6V8Lxmwu8gGRBOyO11w,4
h6_LTSez7lg,UCzxEaf1k5OqfERmEaSVi8pQ,4
M4rkYL7H8RY,UCaX76ChBGYNPlcTEGIJSqig,4
jpN1mTmsSXg,UCF3gRq4LbNVVR8QfFUyyTCg,4
I5NnleWeH_4,UC7ftRUwi1ATCCEQhD-WPXFg,4
TgksH-lRaGA,UCzxEaf1k5OqfERmEaSVi8pQ,4
XJJC8ROKOCo,UCZBY6V8Lxmwu8gGRBOyO11w,4
B-qRMZGxZxc,UCaX76ChBGYNPlcTEGIJSqig,4
48oE7-sHlvo,UCBp-eiOdKwtEDQ88wqb8fmg,4
v7KOlc_LMWc,UCOb-ws0S8DmfU4nq4M4z6Rw,4
yVerDmBAbAw,UCQ2ni-j9Hbtbzt9FytvkBUQ,4
FQxIILwNN8E,UCZBY6V8Lxmwu8gGRBOyO11w,4
5Vqg09KjVHM,UCzxEaf1k5OqfERmEaSVi8pQ,4
7jlEJBoH_ek,UCF3gRq4LbNVVR8QfFUyyTCg,4
SYNLQ09BGNY,UCVZ9t0crMOnaOTz2WyWTmSA,4
AwcS2ZHoOSo,UCZBY6V8Lxmwu8gGRBOyO11w,4
SdLh8ECZk98,UCQ2ni-j9Hbtbzt9FytvkBUQ,4
Zemxl6wAXKE,UCzxEaf1k5OqfERmEaSVi8pQ,4
UjkeTBouYEM,UC261_KcN9A6EIie_Rq0vlWg,4
R9Fnb5MoBkc,UCBp-eiOdKwtEDQ88wqb8fmg,4
lrBGT9Ghc7I,UCaX76ChBGYNPlcTEGIJSqig,4
gqoQXZ7Alnw,UC7ftRUwi1ATCCEQhD-WPXFg,4
CvZ0XEzT8XU,UCfHi2LIb2D4f1hYzX5de0IA,4
ST-tzUExpIU,UCCiEKK4835FTejF4ogW4P-A,4
4E-9mvCEcGA,UCwjojsJdcSNP0UT1R-S6mFA,4
SFAnAgWx2IA,UCOb-ws0S8DmfU4nq4M4z6Rw,4
Qo5NHjLrtPM,UCQ2ni-j9Hbtbzt9FytvkBUQ,4
v2aOCYQhXx0,UCZBY6V8Lxmwu8gGRBOyO11w,4
I1gs3Ckd6cw,UCF3gRq4LbNVVR8QfFUyyTCg,4
SR-PhlXdecU,UCzxEaf1k5OqfERmEaSVi8pQ,4
RJpWy2zKPh0,UCF3gRq4LbNVVR8QfFUyyTCg,4
16GL9QZ5zUs,UCQ2ni-j9Hbtbzt9FytvkBUQ,4
29ND9lRHTFQ,UCZBY6V8Lxmwu8gGRBOyO11w,4
I4THLhtD5aA,UCzxEaf1k5OqfERmEaSVi8pQ,4
tZ0VM4s20OY,UCZBY6V8Lxmwu8gGRBOyO11w,4
s_lWuu4c6O4,UC3QFis16K3OvRO-3magXLwg,4
TcNMD0eYTGw,UCF3gRq4LbNVVR8QfFUyyTCg,4
vm-OdBzgjDA,UCwjojsJdcSNP0UT1R-S6mFA,4
dNn9lVZFems,UCF3gRq4LbNVVR8QfFUyyTCg,4
_Ta58Xou0Ig,UCXMwCQVey4PhdWFJ6WhAVhA,4
rZk1Q66eBeE,UCZBY6V8Lxmwu8gGRBOyO11w,4
Oh1EMZCdE-E,UC95VQDMjwvr7GsejfIdS6GQ,4
0gyNaaiapUc,UC7ftRUwi1ATCCEQhD-WPXFg,4
M3eNa2KOaAo,UCCiEKK4835FTejF4ogW4P-A,4
hOK6pZQ8o-A,UCQ2ni-j9Hbtbzt9FytvkBUQ,4
LIwiNouNxrw,UCzxEaf1k5OqfERmEaSVi8pQ,4
MgnbBZNleJg,UCZBY6V8Lxmwu8gGRBOyO11w,4
dRgr4Kny84o,UC2hm5rD_IrfYRMfq5YQudgA,4
u-ysLDX46w0,UCF3gRq4LbNVVR8QfFUyyTCg,4
C_qHxE-yiFc,UCQ2ni-j9Hbtbzt9FytvkBUQ,4
e2NpLOfLuCo,UCzxEaf1k5OqfERmEaSVi8pQ,4
4XeY2ySjAUY,UCZBY6V8Lxmwu8gGRBOyO11w,4
S4wW4MXhNZA,UC7ftRUwi1ATCCEQhD-WPXFg,4
gxeMMMD6cR0,UCwjojsJdcSNP0UT1R-S6mFA,4
hgpb6PCIfKg,UCzxEaf1k5OqfERmEaSVi8pQ,4
a5LP48Onj_8,UCQ2ni-j9Hbtbzt9FytvkBUQ,4
59Y0clBvnYg,UCZBY6V8Lxmwu8gGRBOyO11w,4
IkOb4MqUZwU,UCF3gRq4LbNVVR8QfFUyyTCg,4
9epJKsd78xo,UC7ftRUwi1ATCCEQhD-WPXFg,4
KFoaFh3eFlQ,UCQ2ni-j9Hbtbzt9FytvkBUQ,4
tgTbrYFYT4Q,UCVZ9t0crMOnaOTz2WyWTmSA,4
mgeiBOKoxN4,UCZBY6V8Lxmwu8gGRBOyO11w,4
fARsvQ7T6kQ,UCzxEaf1k5OqfERmEaSVi8pQ,4
0sol06L1h20,UCF3gRq4LbNVVR8QfFUyyTCg,4
xyJTi0GolEY,UC7ftRUwi1ATCCEQhD-WPXFg,4
yfYxX-9Cs8s,UCZBY6V8Lxmwu8gGRBOyO11w,4
QCjNUT4flnQ,UCCiEKK4835FTejF4ogW4P-A,4
g1oB4pO7lV0,UCQ2ni-j9Hbtbzt9FytvkBUQ,4
TBEYhWGaKJo,UCzxEaf1k5OqfERmEaSVi8pQ,4
MNR3_15ViqY,UCOb-ws0S8DmfU4nq4M4z6Rw,4
kk71dkvjuhU,UC7ftRUwi1ATCCEQhD-WPXFg,4
6WkPqOzFH44,UCZBY6V8Lxmwu8gGRBOyO11w,4
6xqLvNv-jao,UCCiEKK4835FTejF4ogW4P-A,4
X25XyGA9dUU,UCwjojsJdcSNP0UT1R-S6mFA,4
7X9tn3vHz8g,UCzxEaf1k5OqfERmEaSVi8pQ,4
XbsH0sPJQJw,UCQ2ni-j9Hbtbzt9FytvkBUQ,4
X2kObrWALs0,UCF3gRq4LbNVVR8QfFUyyTCg,4
_NFSqPYcJfg,UC7ftRUwi1ATCCEQhD-WPXFg,4
7MfGOkO9qa4,UCZBY6V8Lxmwu8gGRBOyO11w,4
IXDUI7UUUK0,UCaX76ChBGYNPlcTEGIJSqig,4
8mHv_cVgoGI,UCCiEKK4835FTejF4ogW4P-A,4
dRTVpvT3J-g,UCF3gRq4LbNVVR8QfFUyyTCg,4
6KhDULW2D5Y,UCzxEaf1k5OqfERmEaSVi8pQ,4
cQJ3zYcjb9Q,UC8b-bA_uLbZHRretA5FK_JQ,4
J5nV-p2MgU0,UCQ2ni-j9Hbtbzt9FytvkBUQ,4
RvRis-BWNrI,UC95VQDMjwvr7GsejfIdS6GQ,4
e3_7zmot55o,UCZBY6V8Lxmwu8gGRBOyO11w,4
wwZz1Z-xVoY,UC7ftRUwi1ATCCEQhD-WPXFg,4
9kgKYK93yEI,UCQ2ni-j9Hbtbzt9FytvkBUQ,4
B1_GuXaYYYg,UC2hm5rD_IrfYRMfq5YQudgA,4
s3xTBTP_1rM,UCF3gRq4LbNVVR8QfFUyyTCg,4
GtNXQ0pexOo,UCzxEaf1k5OqfERmEaSVi8pQ,4
QUpBzlIr10c,UC3QFis16K3OvRO-3magXLwg,4
ldhQkgLxBrI,UCZBY6V8Lxmwu8gGRBOyO11w,4
nOwwrRCoKnc,UCBp-eiOdKwtEDQ88wqb8fmg,4
ujPk_D_9jmY,UC7ftRUwi1ATCCEQhD-WPXFg,4
Oxndzdj1wmw,UCwjojsJdcSNP0UT1R-S6mFA,4
Y9KYIFOtD5A,UCQ2ni-j9Hbtbzt9FytvkBUQ,4
gOdj63JxZBs,UCOb-ws0S8DmfU4nq4M4z6Rw,4
aLoF2VqHISE,UCzxEaf1k5OqfERmEaSVi8pQ,4
pK3y5CcgZq8,UC7ftRUwi1ATCCEQhD-WPXFg,4
1unwGcIdxmk,UCZBY6V8Lxmwu8gGRBOyO11w,4
zwTlNG9gzFA,UCCiEKK4835FTejF4ogW4P-A,4
EBLk2FHz0PY,UCfHi2LIb2D4f1hYzX5de0IA,4
kelmci_XxgQ,UCQ2ni-j9Hbtbzt9FytvkBUQ,4
XX2bX3vWS2E,UCF3gRq4LbNVVR8QfFUyyTCg,4
q9DIKCQ_-10,UCZBY6V8Lxmwu8gGRBOyO11w,4
fB5R8uBQphc,UC7ftRUwi1ATCCEQhD-WPXFg,4
QV56BBkdD1c,UCzxEaf1k5OqfERmEaSVi8pQ,4
ORPPMYs-Awo,UCQ2ni-j9Hbtbzt9FytvkBUQ,4
xDHw8vfMDG8,UCOb-ws0S8DmfU4nq4M4z6Rw,4
FjKhwget5eM,UCBp-eiOdKwtEDQ88wqb8fmg,4
dbtR5k4z1dk,UCZBY6V8Lxmwu8gGRBOyO11w,4
8uqOMdybgtc,UC7ftRUwi1ATCCEQhD-WPXFg,4
JB7rnATMeqk,UCwjojsJdcSNP0UT1R-S6mFA,4
ysRv3M2q5B8,UCzxEaf1k5OqfERmEaSVi8pQ,4
klrWOVFlkq4,UCQ2ni-j9Hbtbzt9FytvkBUQ,4
FkLV4721Zgc,UCCiEKK4835FTejF4ogW4P-A,4
eGR6p4MG-rc,UCF3gRq4LbNVVR8QfFUyyTCg,4
hKlXJ5OqoBw,UC7ftRUwi1ATCCEQhD-WPXFg,4
oTKbKy8o8-U,UCZBY6V8Lxmwu8gGRBOyO11w,4
3nkv8WG9iS4,UCzxEaf1k5OqfERmEaSVi8pQ,4
GB5JLHWh5I0,UC7ftRUwi1ATCCEQhD-WPXFg,4
bqNmqHSgixo,UCXMwCQVey4PhdWFJ6WhAVhA,4
UFt6avHVDqk,UCZBY6V8Lxmwu8gGRBOyO11w,4
QUb27Y4RYVk,UC95VQDMjwvr7GsejfIdS6GQ,4
5Tau3y223zM,UC7ftRUwi1ATCCEQhD-WPXFg,4
THdX6hq0jl4,UCF3gRq4LbNVVR8QfFUyyTCg,4
N3SHspaIJoA,UC7ftRUwi1ATCCEQhD-WPXFg,4
DiYZtLL2vWc,UCwjojsJdcSNP0UT1R-S6mFA,4
WzgeKYEfr0w,UCZBY6V8Lxmwu8gGRBOyO11w,4
Cmm3Iq9Y4-U,UCzxEaf1k5OqfERmEaSVi8pQ,4
h9mMuVTUlhg,UCaX76ChBGYNPlcTEGIJSqig,4
vlq2kVt8bbo,UC7ftRUwi1ATCCEQhD-WPXFg,4
jV1BwS4KSKs,UCZBY6V8Lxmwu8gGRBOyO11w,4
fNh3Pkn642s,UCF3gRq4LbNVVR8QfFUyyTCg,4
YsQM1bSgmRg,UCzxEaf1k5OqfERmEaSVi8pQ,4
iAieZMltnFY,UC7ftRUwi1ATCCEQhD-WPXFg,4
C8r8Qe4TnY4,UCZBY6V8Lxmwu8gGRBOyO11w,4
_cu7FjVuaTE,UC7ftRUwi1ATCCEQhD-WPXFg,4
hYLAluKIoAM,UCwjojsJdcSNP0UT1R-S6mFA,4
Gy2cCwFT9i8,UCQ2ni-j9Hbtbzt9FytvkBUQ,4
XDX90c5NA-0,UCCiEKK4835FTejF4ogW4P-A,4
bmPK_W3encQ,UCzxEaf1k5OqfERmEaSVi8pQ,4
1K3Ct7e1om0,UCZBY6V8Lxmwu8gGRBOyO11w,4
-hYbAq4IJfA,UCF3gRq4LbNVVR8QfFUyyTCg,4
IDwoVsfBr4o,UCCiEKK4835FTejF4ogW4P-A,4
T1qj2yH4ctY,UCZBY6V8Lxmwu8gGRBOyO11w,4
GMvxyPiqbic,UCQ2ni-j9Hbtbzt9FytvkBUQ,4
v9bgJNUmpYE,UCzxEaf1k5OqfERmEaSVi8pQ,4
39zfYhzGNAY,UC7ftRUwi1ATCCEQhD-WPXFg,4
e3LikA3fAnY,UCZBY6V8Lxmwu8gGRBOyO11w,4
9yOrsOt0YT4,UCzxEaf1k5OqfERmEaSVi8pQ,4
5t-EBACOhoE,UCQ2ni-j9Hbtbzt9FytvkBUQ,4
hK1Twf7H0Fk,UCF3gRq4LbNVVR8QfFUyyTCg,4
c_uzoq5l7_k,UC7ftRUwi1ATCCEQhD-WPXFg,4
xyFgCbcwfiM,UCwjojsJdcSNP0UT1R-S6mFA,4
MIZbSVQT8nk,UCCiEKK4835FTejF4ogW4P-A,4
7vsp9JbsT2w,UCF3gRq4LbNVVR8QfFUyyTCg,4
15Uziyitb2Y,UCVZ9t0crMOnaOTz2WyWTmSA,4
1nLCKftNOIQ,UCZBY6V8Lxmwu8gGRBOyO11w,4
urgNXt-80UY,UCzxEaf1k5OqfERmEaSVi8pQ,4
5cg_guwGkiE,UCQ2ni-j9Hbtbzt9FytvkBUQ,4
irNnvdf_a2U,UC95VQDMjwvr7GsejfIdS6GQ,4
ln4NMWH-KTQ,UC7ftRUwi1ATCCEQhD-WPXFg,4
KwJr-Q4vimc,UCZBY6V8Lxmwu8gGRBOyO11w,4
S8pHhm3C75U,UCQ2ni-j9Hbtbzt9FytvkBUQ,4
QSFs-lZ_bnc,UCzxEaf1k5OqfERmEaSVi8pQ,4
UM2eewtdMzY,UCF3gRq4LbNVVR8QfFUyyTCg,4
crMOJC9mNI8,UC7ftRUwi1ATCCEQhD-WPXFg,4
sCNm6z9FuWc,UCBp-eiOdKwtEDQ88wqb8fmg,4
4cQYXT58VBU,UCCiEKK4835FTejF4ogW4P-A,4
sF8ZJCB6F9k,UCzxEaf1k5OqfERmEaSVi8pQ,4
Ze7peVsaYgI,UCZBY6V8Lxmwu8gGRBOyO11w,4
kKm_gLI6JRQ,UCQ2ni-j9Hbtbzt9FytvkBUQ,4
Ni2i3JOP4bg,UC3QFis16K3OvRO-3magXLwg,4
1OvZh6SQT4Y,UC7ftRUwi1ATCCEQhD-WPXFg,4
7m-qpGLZH-c,UCQ2ni-j9Hbtbzt9FytvkBUQ,4
R72RWnmFN4c,UCCiEKK4835FTejF4ogW4P-A,4
-cmM9A29qkI,UCZBY6V8Lxmwu8gGRBOyO11w,4
zyoO5bqWpWc,UCzxEaf1k5OqfERmEaSVi8pQ,4
wYgdjgSwD_s,UCaX76ChBGYNPlcTEGIJSqig,4
30iaMDGrJCA,UCF3gRq4LbNVVR8QfFUyyTCg,4
mKjLM7Jg1ow,UC7ftRUwi1ATCCEQhD-WPXFg,4
Mz4QVUeP5zs,UCZBY6V8Lxmwu8gGRBOyO11w,4
QQNqi-HICss,UCzxEaf1k5OqfERmEaSVi8pQ,4
VO6M8Aqm8Jc,UCQ2ni-j9Hbtbzt9FytvkBUQ,4
52SOVWVElZk,UCBp-eiOdKwtEDQ88wqb8fmg,4
fTa1zVyiIHY,UC7ftRUwi1ATCCEQhD-WPXFg,4
jcu_Igcdt-U,UCfHi2LIb2D4f1hYzX5de0IA,4
5QVb0wtfBJY,UCZBY6V8Lxmwu8gGRBOyO11w,4
Kr1Novwgiu0,UCzxEaf1k5OqfERmEaSVi8pQ,4
dnQe-rK8kjY,UCF3gRq4LbNVVR8QfFUyyTCg,4
p0zOcayY7Z0,UC7ftRUwi1ATCCEQhD-WPXFg,4
pAaN06rkIcc,UCCiEKK4835FTejF4ogW4P-A,4
Y2lPHvtFYeE,UCZBY6V8Lxmwu8gGRBOyO11w,4
dP3OZrak-RI,UCCiEKK4835FTejF4ogW4P-A,4
Qa6CWXRnmb8,UCwjojsJdcSNP0UT1R-S6mFA,4
_RfEUVIPpTs,UCQ2ni-j9Hbtbzt9FytvkBUQ,4
b4TjYBkC33w,UCzxEaf1k5OqfERmEaSVi8pQ,4
awVtXwG1IZE,UCOb-ws0S8DmfU4nq4M4z6Rw,4
yQl4-N3ybCI,UCQ2ni-j9Hbtbzt9FytvkBUQ,4
u-svxdGNvzE,UCZBY6V8Lxmwu8gGRBOyO11w,4
ON9U8E8iLEY,UC7ftRUwi1ATCCEQhD-WPXFg,4
aWLbZ0nqT0U,UCCiEKK4835FTejF4ogW4P-A,4
ND6V7ZABstk,UCzxEaf1k5OqfERmEaSVi8pQ,4
kdeOsyTOZ4M,UCXMwCQVey4PhdWFJ6WhAVhA,4
ed02S-pjD1A,UCQ2ni-j9Hbtbzt9FytvkBUQ,4
t6Exn5hTyLQ,UC95VQDMjwvr7GsejfIdS6GQ,4
9edLp-ePerc,UCF3gRq4LbNVVR8QfFUyyTCg,4
wxxA66YDNZE,UCZBY6V8Lxmwu8gGRBOyO11w,4
pOmAQU-Ewws,UCQ2ni-j9Hbtbzt9FytvkBUQ,4
ug9cnKvJZTs,UCzxEaf1k5OqfERmEaSVi8pQ,4
9rYCbLsvTQ4,UCF3gRq4LbNVVR8QfFUyyTCg,4
VSh973CMTpY,UC7ftRUwi1ATCCEQhD-WPXFg,4
H_3oqnNojsQ,UCZBY6V8Lxmwu8gGRBOyO11w,4
K9RyOiDfJOs,UCQ2ni-j9Hbtbzt9FytvkBUQ,4
PTuJMQm0hgM,UCCiEKK4835FTejF4ogW4P-A,4
atMelmnB0JM,UCzxEaf1k5OqfERmEaSVi8pQ,4
EeqUhCmWlzc,UC7ftRUwi1ATCCEQhD-WPXFg,4
ifl0FAWPCeI,UCCiEKK4835FTejF4ogW4P-A,4
XXHm2B6uLvw,UCZBY6V8Lxmwu8gGRBOyO11w,4
Ieh3xEg5KzM,UCQ2ni-j9Hbtbzt9FytvkBUQ,4
4p_KsihD3bU,UCVZ9t0crMOnaOTz2WyWTmSA,4
PbfKdqnCwJ8,UCzxEaf1k5OqfERmEaSVi8pQ,4
R3bZBS7J-gE,UC261_KcN9A6EIie_Rq0vlWg,4
15nGWiPDNqo,UC95VQDMjwvr7GsejfIdS6GQ,4
8QCzKfyFqHE,UCF3gRq4LbNVVR8QfFUyyTCg,4
PpRgpwOsI7g,UCaX76ChBGYNPlcTEGIJSqig,4
wazSf4I2yx0,UC7ftRUwi1ATCCEQhD-WPXFg,4
NtGaSbuP05M,UCQ2ni-j9Hbtbzt9FytvkBUQ,4
-Rc5_-Fo52o,UCZBY6V8Lxmwu8gGRBOyO11w,4
yBgnM3U8vaM,UCzxEaf1k5OqfERmEaSVi8pQ,4
-xelS2XhimU,UC7ftRUwi1ATCCEQhD-WPXFg,4
Y8jZcGXqd58,UCCiEKK4835FTejF4ogW4P-A,4
WRlKuFpKYrc,UCwjojsJdcSNP0UT1R-S6mFA,4
RX3NutviggI,UCQ2ni-j9Hbtbzt9FytvkBUQ,4
KgK0S1ANTVA,UCZBY6V8Lxmwu8gGRBOyO11w,4
VnzZvYVHGeg,UCzxEaf1k5OqfERmEaSVi8pQ,4
-kijKRyBGwg,UCF3gRq4LbNVVR8QfFUyyTCg,4
hqKqUTFQBF0,UC7ftRUwi1ATCCEQhD-WPXFg,4
IF3T_xoT970,UCZBY6V8Lxmwu8gGRBOyO11w,4
f0HDRqaEjX4,UCzxEaf1k5OqfERmEaSVi8pQ,4
ee5-o1FWYAg,UCQ2ni-j9Hbtbzt9FytvkBUQ,4
9fOkxPsJ3tY,UC7ftRUwi1ATCCEQhD-WPXFg,4
80oIVDvit3k,UCwjojsJdcSNP0UT1R-S6mFA,4
u3CzkoJBz6E,UCzxEaf1k5OqfERmEaSVi8pQ,4
STr4i3VWLU8,UCZBY6V8Lxmwu8gGRBOyO11w,4
IHfYiJl4gdg,UCQ2ni-j9Hbtbzt9FytvkBUQ,4
sgqopEyoq1I,UC95VQDMjwvr7GsejfIdS6GQ,4
QuUpB35IH1g,UCF3gRq4LbNVVR8QfFUyyTCg,4
88wvsxDSRC8,UC7ftRUwi1ATCCEQhD-WPXFg,4
jMpqjYGd6fA,UCF3gRq4LbNVVR8QfFUyyTCg,4
w_5rQ0LYH2Y,UCZBY6V8Lxmwu8gGRBOyO11w,4
MGwnR_CZYGM,UCQ2ni-j9Hbtbzt9FytvkBUQ,4
4GSTUbE3B-A,UCCiEKK4835FTejF4ogW4P-A,4
JpCstXq7j7M,UCzxEaf1k5OqfERmEaSVi8pQ,4
_do76840lcI,UCBp-eiOdKwtEDQ88wqb8fmg,4
JFt_kxIaFFk,UC7ftRUwi1ATCCEQhD-WPXFg,4
TaExduCrCeA,UCZBY6V8Lxmwu8gGRBOyO11w,4
DhpYN_7znF8,UCQ2ni-j9Hbtbzt9FytvkBUQ,4
W06QIyXdXiI,UCzxEaf1k5OqfERmEaSVi8pQ,4
ibT9p5NBs98,UCF3gRq4LbNVVR8QfFUyyTCg,4
k3TuXrPDMq8,UC7ftRUwi1ATCCEQhD-WPXFg,4
FEyXXkSt1J8,UCZBY6V8Lxmwu8gGRBOyO11w,4
8fe-N1OM4Dc,UCfHi2LIb2D4f1hYzX5de0IA,4
KQEMu33lOJI,UCQ2ni-j9Hbtbzt9FytvkBUQ,4
6IRmXvAdT5Q,UCzxEaf1k5OqfERmEaSVi8pQ,4
xLUkeRF3rcE,UC7ftRUwi1ATCCEQhD-WPXFg,4
Kjew-603HWE,UCaX76ChBGYNPlcTEGIJSqig,4
SyjeqGEnWt0,UCZBY6V8Lxmwu8gGRBOyO11w,4
SWaKmMKdt-0,UCwjojsJdcSNP0UT1R-S6mFA,4
uzfACzgzkjE,UCaX76ChBGYNPlcTEGIJSqig,4
yluRUk1ChAk,UCOb-ws0S8DmfU4nq4M4z6Rw,4
HDdGT7cH5qQ,UCBp-eiOdKwtEDQ88wqb8fmg,4
v0-Ojz8Ud-g,UCF3gRq4LbNVVR8QfFUyyTCg,4
i7ZSIHM3sh8,UCzxEaf1k5OqfERmEaSVi8pQ,4
pxdGY5f4O_s,UC7ftRUwi1ATCCEQhD-WPXFg,4
ByjGk830xAo,UCZBY6V8Lxmwu8gGRBOyO11w,4
edAXxEPm494,UCCiEKK4835FTejF4ogW4P-A,4
kXXrUCDd_PA,UCVZ9t0crMOnaOTz2WyWTmSA,4
lQjGOxkGKig,UC7ftRUwi1ATCCEQhD-WPXFg,4
2K621HN5J1A,UCZBY6V8Lxmwu8gGRBOyO11w,4
uqeUF_laGnQ,UCCiEKK4835FTejF4ogW4P-A,4
6_sBK7mf01Y,UCzxEaf1k5OqfERmEaSVi8pQ,4
Z21VmdMoP6I,UC3QFis16K3OvRO-3magXLwg,4
WI2nmIOPIq4,UCF3gRq4LbNVVR8QfFUyyTCg,4
LcI27SlQIUw,UC7ftRUwi1ATCCEQhD-WPXFg,4
0DcyzVLSdqQ,UCwjojsJdcSNP0UT1R-S6mFA,4
5z9AUUS-aL8,UCCiEKK4835FTejF4ogW4P-A,4
iRXfzBP3rVE,UCZBY6V8Lxmwu8gGRBOyO11w,4
SnXLmbn05z8,UC95VQDMjwvr7GsejfIdS6GQ,4
-B3F3E5RXr0,UC7ftRUwi1ATCCEQhD-WPXFg,4
j-R9RRiGBis,UCzxEaf1k5OqfERmEaSVi8pQ,4
6siKhaL7guI,UCZBY6V8Lxmwu8gGRBOyO11w,4
FryHcJTKDpQ,UCF3gRq4LbNVVR8QfFUyyTCg,4
tTheQV8Ygbo,UC7ftRUwi1ATCCEQhD-WPXFg,4
utHISAws888,UCzxEaf1k5OqfERmEaSVi8pQ,4
c8LBdLwqpGw,UCOb-ws0S8DmfU4nq4M4z6Rw,4
q4WpBWdE6wk,UCZBY6V8Lxmwu8gGRBOyO11w,4
lKdZKonSqls,UC7ftRUwi1ATCCEQhD-WPXFg,4
aaa220UIyq4,UCwjojsJdcSNP0UT1R-S6mFA,4
i_9fjo2GkV4,UCZBY6V8Lxmwu8gGRBOyO11w,4
AR9OtMI-ME4,UCaX76ChBGYNPlcTEGIJSqig,4
55zbM00e5NE,UCF3gRq4LbNVVR8QfFUyyTCg,4
bO5Idxg6-dU,UCzxEaf1k5OqfERmEaSVi8pQ,4
E9cysd_jQBs,UC7ftRUwi1ATCCEQhD-WPXFg,4
3-6e6_GI8u0,UCCiEKK4835FTejF4ogW4P-A,4
Zz1qaXyjvDA,UCZBY6V8Lxmwu8gGRBOyO11w,4
mzn0LAMl_as,UC7ftRUwi1ATCCEQhD-WPXFg,4
eBvO7kiP8D0,UCzxEaf1k5OqfERmEaSVi8pQ,4
mbn1SJjbvEI,UCF3gRq4LbNVVR8QfFUyyTCg,4
-LXENSotZdc,UC7ftRUwi1ATCCEQhD-WPXFg,4
vdAVLy-XzmI,UCZBY6V8Lxmwu8gGRBOyO11w,4
9Z1U8NZgvSM,UCCiEKK4835FTejF4ogW4P-A,4
iDRC4DKoiwI,UCwjojsJdcSNP0UT1R-S6mFA,4
nPd8Qd5tP_A,UCXMwCQVey4PhdWFJ6WhAVhA,4
Scrtu-lKfvQ,UCVZ9t0crMOnaOTz2WyWTmSA,4
Xod74yi6LiM,UC7ftRUwi1ATCCEQhD-WPXFg,4
SQVIxALWQog,UCF3gRq4LbNVVR8QfFUyyTCg,4
iQe876Rms-k,UCZBY6V8Lxmwu8gGRBOyO11w,4
KJPyweyZiXM,UCzxEaf1k5OqfERmEaSVi8pQ,4
rt2DMoCyH1g,UC95VQDMjwvr7GsejfIdS6GQ,4
Q--1YdB8FVs,UCF3gRq4LbNVVR8QfFUyyTCg,4
mEltOk69A-s,UCaX76ChBGYNPlcTEGIJSqig,4
utEu_bxbuXw,UCBp-eiOdKwtEDQ88wqb8fmg,4
vSdlpTEaLq8,UCfHi2LIb2D4f1hYzX5de0IA,4
B4d2IUSQR18,UCZBY6V8Lxmwu8gGRBOyO11w,4
w7WFLHXX2U0,UCzxEaf1k5OqfERmEaSVi8pQ,4
4dyRgTZE61E,UC3QFis16K3OvRO-3magXLwg,4
Q45GRyabDWE,UCQ2ni-j9Hbtbzt9FytvkBUQ,4
EfLR-N2R0xU,UCCiEKK4835FTejF4ogW4P-A,4
1IiwRhXO8Sc,UCwjojsJdcSNP0UT1R-S6mFA,4
II5h5V1Cov0,UCiVJZlfcmWMUiXv5oywnDhQ,4
7QoyCfqpK1c,UCZBY6V8Lxmwu8gGRBOyO11w,4
u5XJpthV7DU,UCF3gRq4LbNVVR8QfFUyyTCg,4
88Yo3Dv-wyc,UCCiEKK4835FTejF4ogW4P-A,4
tctDdE2OSG0,UCBp-eiOdKwtEDQ88wqb8fmg,4
A6gKQvX4gHY,UCzxEaf1k5OqfERmEaSVi8pQ,4
N2j6JQOchAA,UCaX76ChBGYNPlcTEGIJSqig,4
4leEBKq4vOg,UCCiEKK4835FTejF4ogW4P-A,4
qWI3BN6uJ0I,UCZBY6V8Lxmwu8gGRBOyO11w,4
38ePGjMaTf4,UCF3gRq4LbNVVR8QfFUyyTCg,4
5S7yta7QCY4,UCZBY6V8Lxmwu8gGRBOyO11w,4
Li5Q6hWtzcQ,UCwjojsJdcSNP0UT1R-S6mFA,4
g5lhPcrPNrE,UCzxEaf1k5OqfERmEaSVi8pQ,4
H9H0_q_evjA,UCF3gRq4LbNVVR8QfFUyyTCg,4
JGPlVe5cORs,UCOb-ws0S8DmfU4nq4M4z6Rw,4
7lG3phX_a3g,UC8b-bA_uLbZHRretA5FK_JQ,4
B-4EopSAlJk,UCzxEaf1k5OqfERmEaSVi8pQ,4
gRoI4e7B1G8,UC95VQDMjwvr7GsejfIdS6GQ,4
kkDmJqJXkyQ,UCaX76ChBGYNPlcTEGIJSqig,4
dQHUJ84uAU0,UCwjojsJdcSNP0UT1R-S6mFA,4
_G8NKBTgrAQ,UCVZ9t0crMOnaOTz2WyWTmSA,4
5ZvxKci2MFA,UCF3gRq4LbNVVR8QfFUyyTCg,4
tHBnfKxyIwM,UCQ2ni-j9Hbtbzt9FytvkBUQ,4
ULkkWtFmtbI,UCzxEaf1k5OqfERmEaSVi8pQ,4
_63plkvuyjU,UCCiEKK4835FTejF4ogW4P-A,4
0jBRRLaKW2w,UCCiEKK4835FTejF4ogW4P-A,4
AWGBQTM1prE,UC3QFis16K3OvRO-3magXLwg,4
AQSKyCX3p2s,UCF3gRq4LbNVVR8QfFUyyTCg,4
gGREVQtZXQo,UCzxEaf1k5OqfERmEaSVi8pQ,4
l33edQC6uAU,UCVZ9t0crMOnaOTz2WyWTmSA,4
8bHNfe5ZBKE,UCCiEKK4835FTejF4ogW4P-A,4
-WfXSTrm-bM,UCzxEaf1k5OqfERmEaSVi8pQ,4
RENZn-4dXzo,UCaX76ChBGYNPlcTEGIJSqig,4
eQoFc3ZFeDc,UCF3gRq4LbNVVR8QfFUyyTCg,4
eGbQEgyKDDs,UCwjojsJdcSNP0UT1R-S6mFA,4
yzSZBiFQD_c,UCwjojsJdcSNP0UT1R-S6mFA,4
FEtzS6pmvzU,UCXMwCQVey4PhdWFJ6WhAVhA,4
41LKf8XKbnQ,UCzxEaf1k5OqfERmEaSVi8pQ,4
8EF44a-eN2Y,UCF3gRq4LbNVVR8QfFUyyTCg,4
F009ck3-GyM,UC95VQDMjwvr7GsejfIdS6GQ,4
PalRvSbrpWM,UCBp-eiOdKwtEDQ88wqb8fmg,4
6MxxEUO08XE,UCwjojsJdcSNP0UT1R-S6mFA,4
yQZh-yubSLA,UCCiEKK4835FTejF4ogW4P-A,4
nbX_lzLuaBk,UC3QFis16K3OvRO-3magXLwg,4
yk5HdjqNw6k,UCwjojsJdcSNP0UT1R-S6mFA,4
LLbwRAr9gm4,UCzxEaf1k5OqfERmEaSVi8pQ,4
Jwvzrrzf3Ac,UCaX76ChBGYNPlcTEGIJSqig,4
cQDLtC5SMtU,UCF3gRq4LbNVVR8QfFUyyTCg,4
DrQIeAXebkE,UCwjojsJdcSNP0UT1R-S6mFA,4
W5pN526stkQ,UCOb-ws0S8DmfU4nq4M4z6Rw,4
lpW4S7YxwSI,UCzxEaf1k5OqfERmEaSVi8pQ,4
XL0sehLNEd4,UCBp-eiOdKwtEDQ88wqb8fmg,4
uWqWihmjwrQ,UCfHi2LIb2D4f1hYzX5de0IA,4
CgSQPR4NvrM,UCwjojsJdcSNP0UT1R-S6mFA,4
xvD4kNYzbtE,UCF3gRq4LbNVVR8QfFUyyTCg,4
zVn3CHp0gLI,UCCiEKK4835FTejF4ogW4P-A,4
OY99e4p7oBg,UCwjojsJdcSNP0UT1R-S6mFA,4
OaTVZ92ZJdU,UCF3gRq4LbNVVR8QfFUyyTCg,4
oi4Btf0r4d0,UCzxEaf1k5OqfERmEaSVi8pQ,4
NV6yz2Jbyh0,UCfHi2LIb2D4f1hYzX5de0IA,4
wDLRO3oAGTw,UCwjojsJdcSNP0UT1R-S6mFA,4
yuwv9K3JCUI,UCOb-ws0S8DmfU4nq4M4z6Rw,4
VgHNqu-D2PY,UCaX76ChBGYNPlcTEGIJSqig,4
03TV6NlnwqQ,UCF3gRq4LbNVVR8QfFUyyTCg,4
IMsCdsXn61I,UCwjojsJdcSNP0UT1R-S6mFA,4
X1rpcoyb2DI,UCzxEaf1k5OqfERmEaSVi8pQ,4
PhLuknntGmI,UC2hm5rD_IrfYRMfq5YQudgA,4
YcMlZcHFHe0,UC95VQDMjwvr7GsejfIdS6GQ,4
ugSB776KU34,UCwjojsJdcSNP0UT1R-S6mFA,4
tjD0tCHToe4,UCCiEKK4835FTejF4ogW4P-A,4
QKHsj9WvUJM,UCOb-ws0S8DmfU4nq4M4z6Rw,4
GKiWAHCznm0,UCF3gRq4LbNVVR8QfFUyyTCg,4
7GTiKiYcw7M,UCzxEaf1k5OqfERmEaSVi8pQ,4
qySf96hZYgw,UCwjojsJdcSNP0UT1R-S6mFA,4
KlHNX2H5y44,UCzxEaf1k5OqfERmEaSVi8pQ,4
waKnXRxKgmQ,UCfHi2LIb2D4f1hYzX5de0IA,4
jkyZAsjbAMw,UCwjojsJdcSNP0UT1R-S6mFA,4
C3S_rutFom8,UCVZ9t0crMOnaOTz2WyWTmSA,4
bHi96ZXW5s0,UCaX76ChBGYNPlcTEGIJSqig,4
ezQrwY7TaLc,UCF3gRq4LbNVVR8QfFUyyTCg,4
kdc9umoNjm4,UCCiEKK4835FTejF4ogW4P-A,4
glhbS8NpviA,UCwjojsJdcSNP0UT1R-S6mFA,4
-2kvNBwCIVM,UCzxEaf1k5OqfERmEaSVi8pQ,4
Y0OTQADm3n0,UCwjojsJdcSNP0UT1R-S6mFA,4
vnueQPAlk98,UCF3gRq4LbNVVR8QfFUyyTCg,4
i_LECdxHls4,UCwjojsJdcSNP0UT1R-S6mFA,4
L2cV8s47sTE,UCzxEaf1k5OqfERmEaSVi8pQ,4
b2kNfbcKVFY,UCCiEKK4835FTejF4ogW4P-A,4
5N1PrBtzOWw,UCXMwCQVey4PhdWFJ6WhAVhA,4
SzD0Ff5XcOk,UC3QFis16K3OvRO-3magXLwg,4
QWDXWnRXyhg,UCBp-eiOdKwtEDQ88wqb8fmg,4
pgPtNRtQQVs,UCfHi2LIb2D4f1hYzX5de0IA,4
B-gBrzXWRek,UCwjojsJdcSNP0UT1R-S6mFA,4
CsOL8XVTt9g,UCVZ9t0crMOnaOTz2WyWTmSA,4
PC-tlBTNjsk,UC95VQDMjwvr7GsejfIdS6GQ,4
mgQIyIiJ3jk,UCF3gRq4LbNVVR8QfFUyyTCg,4
2JRPP8FslXI,UCzxEaf1k5OqfERmEaSVi8pQ,4
CnUivz1ledY,UCwjojsJdcSNP0UT1R-S6mFA,4
bsyz3kfw3zw,UCOb-ws0S8DmfU4nq4M4z6Rw,4
CqwD59C2I_4,UCOb-ws0S8DmfU4nq4M4z6Rw,4
1aoWuhm8sso,UCCiEKK4835FTejF4ogW4P-A,4
uhahHSRxs4w,UCwjojsJdcSNP0UT1R-S6mFA,4
htebVBKnMwM,UCVZ9t0crMOnaOTz2WyWTmSA,4
mjxZOdj2MA0,UCzxEaf1k5OqfERmEaSVi8pQ,4
Tnpu3UsibxE,UCBp-eiOdKwtEDQ88wqb8fmg,4
oARnWU7V0rs,UCF3gRq4LbNVVR8QfFUyyTCg,4
emMCMjFGHug,UCwjojsJdcSNP0UT1R-S6mFA,4
mqIDQiNzixs,UCwjojsJdcSNP0UT1R-S6mFA,4
o26MsY13ivc,UCfHi2LIb2D4f1hYzX5de0IA,4
3yywr6NNsVg,UCCiEKK4835FTejF4ogW4P-A,4
AJT-w2Kw4nw,UCF3gRq4LbNVVR8QfFUyyTCg,4
f7Cly40dk7M,UCF3gRq4LbNVVR8QfFUyyTCg,4
VG6r4HN1xIs,UCzxEaf1k5OqfERmEaSVi8pQ,4
vcQ4CGfsY2k,UCwjojsJdcSNP0UT1R-S6mFA,4
iwYXSvOnjsA,UCCiEKK4835FTejF4ogW4P-A,4
HQCD5P7IsrY,UCwjojsJdcSNP0UT1R-S6mFA,4
8U-udIaGaIY,UCXMwCQVey4PhdWFJ6WhAVhA,4
i3QuBtT2vT0,UCaX76ChBGYNPlcTEGIJSqig,4
ecdlikNSIqA,UCF3gRq4LbNVVR8QfFUyyTCg,4
GWN06FyXiIw,UCzxEaf1k5OqfERmEaSVi8pQ,4
su0P56qhL3A,UCwjojsJdcSNP0UT1R-S6mFA,4
AkFTmog4dTo,UCVZ9t0crMOnaOTz2WyWTmSA,4
tKZXK1jJ-xQ,UC95VQDMjwvr7GsejfIdS6GQ,4
79lwEpEZvy4,UCF3gRq4LbNVVR8QfFUyyTCg,4
y0ijEyWNIm8,UCfHi2LIb2D4f1hYzX5de0IA,4
yWAHx4epy-U,UCwjojsJdcSNP0UT1R-S6mFA,4
m2DTgHd63Bk,UCzxEaf1k5OqfERmEaSVi8pQ,4
Gq3Qwa8UVuw,UCOb-ws0S8DmfU4nq4M4z6Rw,4
cUls1K8CroU,UCXMwCQVey4PhdWFJ6WhAVhA,4
Pnf-1IZdcds,UCOb-ws0S8DmfU4nq4M4z6Rw,4
LeTd3YnsCcg,UCaX76ChBGYNPlcTEGIJSqig,4
4sSthoVUzNs,UCwjojsJdcSNP0UT1R-S6mFA,4
u6dCbnZjoPE,UCCiEKK4835FTejF4ogW4P-A,4
ZXSIIlplnsM,UCzxEaf1k5OqfERmEaSVi8pQ,4
f9Rg4PvtGbg,UCF3gRq4LbNVVR8QfFUyyTCg,4
DJES5E7Lqus,UCwjojsJdcSNP0UT1R-S6mFA,4
YFOwmXct9j4,UCVZ9t0crMOnaOTz2WyWTmSA,4
QTa1BDnt0Jg,UCzxEaf1k5OqfERmEaSVi8pQ,4
ALqTDg38y7Y,UCwjojsJdcSNP0UT1R-S6mFA,4
sPtRYXDXqfM,UCCiEKK4835FTejF4ogW4P-A,4
hy2G9MObtN8,UC95VQDMjwvr7GsejfIdS6GQ,4
hp2jUSSZ70M,UC8b-bA_uLbZHRretA5FK_JQ,4
YsC-7qysSfQ,UC95VQDMjwvr7GsejfIdS6GQ,4
HzWi3Rs8yQk,UCzxEaf1k5OqfERmEaSVi8pQ,4
jcFnyITD9EI,UC261_KcN9A6EIie_Rq0vlWg,4
YdSQVAWOR8s,UCF3gRq4LbNVVR8QfFUyyTCg,4
vWDEVCIlWf4,UCwjojsJdcSNP0UT1R-S6mFA,4
Sgo2jhNFUGQ,UC95VQDMjwvr7GsejfIdS6GQ,4
WHbi5WmxbPc,UCzxEaf1k5OqfERmEaSVi8pQ,4
NitAjjqoj-4,UC95VQDMjwvr7GsejfIdS6GQ,4
yWuXrZdGO_o,UC95VQDMjwvr7GsejfIdS6GQ,4
EfiZjEZekrQ,UCwjojsJdcSNP0UT1R-S6mFA,4
Lr9HczACc5c,UCzxEaf1k5OqfERmEaSVi8pQ,4
RJVSi6J9Yv0,UC95VQDMjwvr7GsejfIdS6GQ,4
yeTJBBp68WY,UCOb-ws0S8DmfU4nq4M4z6Rw,4
17qrY2sMPCA,UC95VQDMjwvr7GsejfIdS6GQ,4
Fp-JacVoDx0,UCOb-ws0S8DmfU4nq4M4z6Rw,4
CptwZJyiFK0,UCF3gRq4LbNVVR8QfFUyyTCg,4
RpGvy2GHBFw,UCBp-eiOdKwtEDQ88wqb8fmg,4
W20gUBb6WCI,UCwjojsJdcSNP0UT1R-S6mFA,4
nGU_UZWQ3qg,UC2hm5rD_IrfYRMfq5YQudgA,4
pntBb0W34u4,UCXMwCQVey4PhdWFJ6WhAVhA,4
NTvG-xWaHPY,UC95VQDMjwvr7GsejfIdS6GQ,4
oik9jt4Ir8A,UCF3gRq4LbNVVR8QfFUyyTCg,4
PYtnL8RzK8A,UCzxEaf1k5OqfERmEaSVi8pQ,4
OUZhq6T2qQA,UCwjojsJdcSNP0UT1R-S6mFA,4
JZPqfysIVRQ,UCCiEKK4835FTejF4ogW4P-A,4
IYZfO5l1erY,UCOb-ws0S8DmfU4nq4M4z6Rw,4
o5caImARlbc,UCaX76ChBGYNPlcTEGIJSqig,4
VWdE6oMiES0,UCwjojsJdcSNP0UT1R-S6mFA,4
jGdk6fZpsJM,UCF3gRq4LbNVVR8QfFUyyTCg,4
qYnzTGZelrQ,UCF3gRq4LbNVVR8QfFUyyTCg,4
w8w6Im77b7E,UCwjojsJdcSNP0UT1R-S6mFA,4
QcSQ8UJYl3U,UCCiEKK4835FTejF4ogW4P-A,4
boIcmhIjZhc,UCXMwCQVey4PhdWFJ6WhAVhA,4
GUUORISR3L0,UCzxEaf1k5OqfERmEaSVi8pQ,4
4tr0FMUOn-I,UCwjojsJdcSNP0UT1R-S6mFA,4
BAVxQ-ciSvE,UCOb-ws0S8DmfU4nq4M4z6Rw,4
8GCceDDhW0c,UCVZ9t0crMOnaOTz2WyWTmSA,4
FaWZjyj_7Ig,UCF3gRq4LbNVVR8QfFUyyTCg,4
7-7BXjDXf3U,UCzxEaf1k5OqfERmEaSVi8pQ,4
FuUxqRL1tTY,UCfHi2LIb2D4f1hYzX5de0IA,4
v5CXsKATaaA,UCwjojsJdcSNP0UT1R-S6mFA,4
QLQisWP7Htk,UCzxEaf1k5OqfERmEaSVi8pQ,4
VdVfaPfFDww,UCwjojsJdcSNP0UT1R-S6mFA,4
bUrFwlYrKiM,UCCiEKK4835FTejF4ogW4P-A,4
iLlnbnYD_7E,UCF3gRq4LbNVVR8QfFUyyTCg,4
EtDs-nwKyms,UCzxEaf1k5OqfERmEaSVi8pQ,4
3Qr-FF82nsk,UCwjojsJdcSNP0UT1R-S6mFA,4
-s6Vn0ng5LY,UCOb-ws0S8DmfU4nq4M4z6Rw,4
l1HisxxmDNM,UC95VQDMjwvr7GsejfIdS6GQ,4
YtBM375pe0s,UCwjojsJdcSNP0UT1R-S6mFA,4
TYIoGYFuo4k,UCXMwCQVey4PhdWFJ6WhAVhA,4
J73-uYZcVGw,UCF3gRq4LbNVVR8QfFUyyTCg,4
s4hMWf-ROlQ,UCaX76ChBGYNPlcTEGIJSqig,4
fXl9xi98hOQ,UCfHi2LIb2D4f1hYzX5de0IA,4
ZjKmLMxeURA,UCzxEaf1k5OqfERmEaSVi8pQ,4
k4bScGB-hsc,UCwjojsJdcSNP0UT1R-S6mFA,4
LGQTORhI0qI,UCCiEKK4835FTejF4ogW4P-A,4
9sMV5edAZPs,UCiVJZlfcmWMUiXv5oywnDhQ,4
QGWMIM0YBV8,UCwjojsJdcSNP0UT1R-S6mFA,4
_M8j9DX7RsE,UC3QFis16K3OvRO-3magXLwg,4
jN57g2QbZJ8,UCF3gRq4LbNVVR8QfFUyyTCg,4
VyvnTrYzrAE,UCfHi2LIb2D4f1hYzX5de0IA,4
_yjwbN5q_7s,UCCiEKK4835FTejF4ogW4P-A,4
DJxtcklMGEQ,UCwjojsJdcSNP0UT1R-S6mFA,4
0Y87w7IsGLY,UCzxEaf1k5OqfERmEaSVi8pQ,4
PZsWrjzQ1Qs,UCBp-eiOdKwtEDQ88wqb8fmg,4
4Ayp9RPndE4,UCwjojsJdcSNP0UT1R-S6mFA,4
mlcLTrmPZJ0,UCXMwCQVey4PhdWFJ6WhAVhA,4
P4-Fngz5waI,UCF3gRq4LbNVVR8QfFUyyTCg,4
PG-5bJQzjj0,UCwjojsJdcSNP0UT1R-S6mFA,4
yN6jXIYAWVU,UCOb-ws0S8DmfU4nq4M4z6Rw,4
KVAzc5DBBGE,UCOb-ws0S8DmfU4nq4M4z6Rw,4
meKcMGfB2Oo,UCaX76ChBGYNPlcTEGIJSqig,4
OnygmV5XlS8,UCBp-eiOdKwtEDQ88wqb8fmg,4
Yx4mVQj3fk8,UCzxEaf1k5OqfERmEaSVi8pQ,4
Y7mU8VOdNNQ,UCwjojsJdcSNP0UT1R-S6mFA,4
-wQAYldAMJ4,UC2hm5rD_IrfYRMfq5YQudgA,4
50udm57C26g,UCOb-ws0S8DmfU4nq4M4z6Rw,4
Hrf3LFUFOuo,UCF3gRq4LbNVVR8QfFUyyTCg,4
y8tM4WtfgGA,UCfHi2LIb2D4f1hYzX5de0IA,4
LZI4nvSPAJk,UCwjojsJdcSNP0UT1R-S6mFA,4
8mliYOeS4Gk,UCVZ9t0crMOnaOTz2WyWTmSA,4
JB2mg1olNf8,UCXMwCQVey4PhdWFJ6WhAVhA,4
7G088zUfmQw,UCOb-ws0S8DmfU4nq4M4z6Rw,4
DCkIZDbxzrk,UC95VQDMjwvr7GsejfIdS6GQ,4
hBX9jKxrBmg,UCQ2ni-j9Hbtbzt9FytvkBUQ,4
o-WG2Ju8oUM,UCCiEKK4835FTejF4ogW4P-A,4
DXDxz_6Xhpo,UCwjojsJdcSNP0UT1R-S6mFA,4
8LQZFbGdAAs,UCzxEaf1k5OqfERmEaSVi8pQ,4
YVT6sbHLTTs,UCF3gRq4LbNVVR8QfFUyyTCg,4
QdhjGiyXwFY,UCaX76ChBGYNPlcTEGIJSqig,4
CzH_U_Wg6ao,UCwjojsJdcSNP0UT1R-S6mFA,4
l9b0oFIjrdk,UCCiEKK4835FTejF4ogW4P-A,4
KyYgrR1Rk1o,UCfHi2LIb2D4f1hYzX5de0IA,4
QbCCWC9DEMc,UCwjojsJdcSNP0UT1R-S6mFA,4
KDAgn3Nq_7I,UCF3gRq4LbNVVR8QfFUyyTCg,4
uFAjahjxHYo,UCCiEKK4835FTejF4ogW4P-A,4
po7jnLOT1OI,UCwjojsJdcSNP0UT1R-S6mFA,4
85bhArxySfk,UCXMwCQVey4PhdWFJ6WhAVhA,4
Zou5dezqrTY,UCfHi2LIb2D4f1hYzX5de0IA,4
YUOFkj1XS8g,UCwjojsJdcSNP0UT1R-S6mFA,4
146rh_2_e2c,UCCiEKK4835FTejF4ogW4P-A,4
y-OgDN0yPLY,UCzxEaf1k5OqfERmEaSVi8pQ,4
2xleB41XoeU,UCOb-ws0S8DmfU4nq4M4z6Rw,4
ES_lRUMhzi4,UCF3gRq4LbNVVR8QfFUyyTCg,4
4xM31g-YkFs,UCOb-ws0S8DmfU4nq4M4z6Rw,4
T9MyAMqYPqE,UCF3gRq4LbNVVR8QfFUyyTCg,4
k58WXaE9fF0,UCwjojsJdcSNP0UT1R-S6mFA,4
0rNYDCy3Zpk,UC95VQDMjwvr7GsejfIdS6GQ,4
_UxoZARw-9E,UCF3gRq4LbNVVR8QfFUyyTCg,4
GaFAs7J59Tg,UCwjojsJdcSNP0UT1R-S6mFA,4
QNCOGf8gCv0,UCzxEaf1k5OqfERmEaSVi8pQ,4
oYQ4lsJPATE,UCQ2ni-j9Hbtbzt9FytvkBUQ,4
ZkeWa-Koc0c,UCXMwCQVey4PhdWFJ6WhAVhA,4
UdoTSAJRN0Q,UCaX76ChBGYNPlcTEGIJSqig,4
fnCJZ_oQ4aE,UCF3gRq4LbNVVR8QfFUyyTCg,4
cVJve356qds,UCwjojsJdcSNP0UT1R-S6mFA,4
yobGyvT8HsA,UCVZ9t0crMOnaOTz2WyWTmSA,4
q9fdKFMrUZM,UCCiEKK4835FTejF4ogW4P-A,4
ppxCEvmKSzk,UCwjojsJdcSNP0UT1R-S6mFA,4
0KahsToQkIc,UCaX76ChBGYNPlcTEGIJSqig,4
v45q1HJ49_s,UC95VQDMjwvr7GsejfIdS6GQ,4
4MndxylUKao,UCF3gRq4LbNVVR8QfFUyyTCg,4
I9cjCV2GNMM,UCwjojsJdcSNP0UT1R-S6mFA,4
8F0_fJ2tsmk,UCzxEaf1k5OqfERmEaSVi8pQ,4
89bI0Ppn0gE,UCwjojsJdcSNP0UT1R-S6mFA,4
WeOXyx45KZ0,UCOb-ws0S8DmfU4nq4M4z6Rw,4
QLJ7eME8RBs,UCF3gRq4LbNVVR8QfFUyyTCg,4
GpGL4Sz_r-0,UCBp-eiOdKwtEDQ88wqb8fmg,4
4FQuiHJH4BA,UCwjojsJdcSNP0UT1R-S6mFA,4
EtgOfzA53Qo,UCCiEKK4835FTejF4ogW4P-A,4
sMZpX_W0T1M,UCOb-ws0S8DmfU4nq4M4z6Rw,4
TxGKEI1_iM0,UCOb-ws0S8DmfU4nq4M4z6Rw,4
1VeEtGTqw68,UCaX76ChBGYNPlcTEGIJSqig,4
SiYJSlrtCRs,UCVZ9t0crMOnaOTz2WyWTmSA,4
Mu1BFjYv9Js,UC2hm5rD_IrfYRMfq5YQudgA,4
4hZ5Rn1yPLA,UC95VQDMjwvr7GsejfIdS6GQ,4
gDJB47ocduM,UCF3gRq4LbNVVR8QfFUyyTCg,4
8_IS7AsRlm4,UCzxEaf1k5OqfERmEaSVi8pQ,4
b-Dgx1FL8Q8,UCwjojsJdcSNP0UT1R-S6mFA,4
NCQvIbpJJLc,UCBp-eiOdKwtEDQ88wqb8fmg,4
bUBEi9QVdpM,UCF3gRq4LbNVVR8QfFUyyTCg,4
NA-ttZWOkjg,UCCiEKK4835FTejF4ogW4P-A,4
wk6yR5G7GWU,UCwjojsJdcSNP0UT1R-S6mFA,4
NP14S2QtUiU,UCXMwCQVey4PhdWFJ6WhAVhA,4
QvcajI45YSE,UCaX76ChBGYNPlcTEGIJSqig,4
j8zDzmpNKZo,UCwjojsJdcSNP0UT1R-S6mFA,4
R4kKxIUEKuw,UCXMwCQVey4PhdWFJ6WhAVhA,4
1BvJnyw2on4,UCzxEaf1k5OqfERmEaSVi8pQ,4
rHdY-cCy914,UCF3gRq4LbNVVR8QfFUyyTCg,4
PoitnNwgKmc,UCwjojsJdcSNP0UT1R-S6mFA,4
VVdxtu31Y_c,UCCiEKK4835FTejF4ogW4P-A,4
w0u-UpRgyds,UC95VQDMjwvr7GsejfIdS6GQ,4
BnzgaieK9mA,UCwjojsJdcSNP0UT1R-S6mFA,4
2XrJmGJzoOc,UCCiEKK4835FTejF4ogW4P-A,4
3zTo-OLyrmc,UCVZ9t0crMOnaOTz2WyWTmSA,4
LU7fzlc8rGY,UC3QFis16K3OvRO-3magXLwg,4
SwJry3H6I20,UCaX76ChBGYNPlcTEGIJSqig,4
5pD5mLZBJ-A,UCF3gRq4LbNVVR8QfFUyyTCg,4
vH4cg0xkHk0,UCCiEKK4835FTejF4ogW4P-A,4
R96v7p9sDyA,UCwjojsJdcSNP0UT1R-S6mFA,4
9mYeDKBy0Oo,UCXMwCQVey4PhdWFJ6WhAVhA,4
KbjrZy19uzc,UCOb-ws0S8DmfU4nq4M4z6Rw,4
53AdYR6oAIQ,UC2hm5rD_IrfYRMfq5YQudgA,4
GYtCwCSQWVo,UCOb-ws0S8DmfU4nq4M4z6Rw,4
-6gHPCxYd3o,UC95VQDMjwvr7GsejfIdS6GQ,4
dtmp5s8ezcc,UCaX76ChBGYNPlcTEGIJSqig,4
-Ywa7krVpG0,UCF3gRq4LbNVVR8QfFUyyTCg,4
3pW1qO3yl04,UCwjojsJdcSNP0UT1R-S6mFA,4
b2RT97RPMfY,UCzxEaf1k5OqfERmEaSVi8pQ,4
jrj0JMlwC_g,UCCiEKK4835FTejF4ogW4P-A,4
JPWpMAvRryg,UCfHi2LIb2D4f1hYzX5de0IA,4
gtRm25kYsHU,UCwjojsJdcSNP0UT1R-S6mFA,4
8cs7SB7xZHg,UCF3gRq4LbNVVR8QfFUyyTCg,4
sWbpGQ3nUvw,UCfHi2LIb2D4f1hYzX5de0IA,4
BTrhjXB9Fw8,UCwjojsJdcSNP0UT1R-S6mFA,4
vGFdObE_xM8,UCXMwCQVey4PhdWFJ6WhAVhA,4
fz3i69a67rU,UCaX76ChBGYNPlcTEGIJSqig,4
J8vRUd5qzjs,UC95VQDMjwvr7GsejfIdS6GQ,4
xg5eBerYPQs,UCwjojsJdcSNP0UT1R-S6mFA,4
Dh0hg9aYH1E,UCF3gRq4LbNVVR8QfFUyyTCg,4
WuGqwp4xMjE,UCzxEaf1k5OqfERmEaSVi8pQ,4
hbFu8lh1W70,UCwjojsJdcSNP0UT1R-S6mFA,4
O4VqBMcrTzk,UCdZoVLv1XHLLLJTSNcifuDQ,4
OqnEHCEdSXM,UCCiEKK4835FTejF4ogW4P-A,4
vCi-R6auKDE,UCaX76ChBGYNPlcTEGIJSqig,4
hZxA1zeiQBI,UCwjojsJdcSNP0UT1R-S6mFA,4
CtiEPbyqVRQ,UCVZ9t0crMOnaOTz2WyWTmSA,4
Is9Veqq5Cno,UCOb-ws0S8DmfU4nq4M4z6Rw,4
SuzcH_1F8hM,UCF3gRq4LbNVVR8QfFUyyTCg,4
8WwhYGBos7Q,UCwjojsJdcSNP0UT1R-S6mFA,4
A4-MVQchFtw,UCzxEaf1k5OqfERmEaSVi8pQ,4
epwus5t3XKY,UCXMwCQVey4PhdWFJ6WhAVhA,4
UJao9KzjOiM,UC8b-bA_uLbZHRretA5FK_JQ,4
P0Roh7JsZw8,UCOb-ws0S8DmfU4nq4M4z6Rw,4
26tW4tWMoOk,UCOb-ws0S8DmfU4nq4M4z6Rw,4
SWANl2vc6d4,UCaX76ChBGYNPlcTEGIJSqig,4
3-oIVgfvSAE,UCF3gRq4LbNVVR8QfFUyyTCg,4
eO0Aciof_Gg,UCBp-eiOdKwtEDQ88wqb8fmg,4
PMv2eKawmUE,UCF3gRq4LbNVVR8QfFUyyTCg,4
814WIYZmuxw,UCwjojsJdcSNP0UT1R-S6mFA,4
nxcWVUZTvgk,UCXMwCQVey4PhdWFJ6WhAVhA,4
jfMRrQEOYVM,UC95VQDMjwvr7GsejfIdS6GQ,4
y1LgYOVkNM0,UCF3gRq4LbNVVR8QfFUyyTCg,4
z4oT_C_WurE,UC3QFis16K3OvRO-3magXLwg,4
3vW-qNWJGIo,UCCiEKK4835FTejF4ogW4P-A,4
_1D6V_UFza0,UCwjojsJdcSNP0UT1R-S6mFA,4
kaCYP19ZdgQ,UCzxEaf1k5OqfERmEaSVi8pQ,4
JmF4cQwixTU,UCwjojsJdcSNP0UT1R-S6mFA,4
2nd55_pANBA,UCwjojsJdcSNP0UT1R-S6mFA,4
xfvGDW6dkLk,UC261_KcN9A6EIie_Rq0vlWg,4
efwsIVKM2cc,UCF3gRq4LbNVVR8QfFUyyTCg,4
jlTG60guZM4,UCBp-eiOdKwtEDQ88wqb8fmg,4
5rAmoPbVtcg,UCwjojsJdcSNP0UT1R-S6mFA,4
X1uTw2cm6lA,UC3QFis16K3OvRO-3magXLwg,4
hsSAwvKT_BI,UCwjojsJdcSNP0UT1R-S6mFA,4
o8yk36GYIlk,UCCiEKK4835FTejF4ogW4P-A,4
FrDzQxHdlzU,UCF3gRq4LbNVVR8QfFUyyTCg,4
RnpVSyCe45A,UCwjojsJdcSNP0UT1R-S6mFA,4
YhFHoat4PCY,UCiVJZlfcmWMUiXv5oywnDhQ,4
F1PYq6DCS5Q,UCzxEaf1k5OqfERmEaSVi8pQ,4
r6SjNFKQUxM,UCXMwCQVey4PhdWFJ6WhAVhA,4
2QG0gLvp_JY,UCwjojsJdcSNP0UT1R-S6mFA,4
2JXvdMAmFXw,UCVZ9t0crMOnaOTz2WyWTmSA,4
-CH3wk60FIw,UCXMwCQVey4PhdWFJ6WhAVhA,4
iEZqYnlS_3A,UCF3gRq4LbNVVR8QfFUyyTCg,4
Vh70GsFk_wc,UCOb-ws0S8DmfU4nq4M4z6Rw,4
jRVcvg_59mE,UCwjojsJdcSNP0UT1R-S6mFA,4
wzO04nC38fw,UCwjojsJdcSNP0UT1R-S6mFA,4
JTa00qjcKfs,UCF3gRq4LbNVVR8QfFUyyTCg,4
I_FmwY078oo,UCzxEaf1k5OqfERmEaSVi8pQ,4
wPC01ReuifM,UCwjojsJdcSNP0UT1R-S6mFA,4
bLb2ZpwXX_w,UCaX76ChBGYNPlcTEGIJSqig,4
cG_OwXv3Tfc,UCwjojsJdcSNP0UT1R-S6mFA,4
RfVXtk6qP7s,UCCiEKK4835FTejF4ogW4P-A,4
4fU3PDACHUQ,UCCiEKK4835FTejF4ogW4P-A,4
6u45Ge3v7mI,UCF3gRq4LbNVVR8QfFUyyTCg,4
f9WHb8mC3Zs,UCCiEKK4835FTejF4ogW4P-A,4
pTDiWAw-lzM,UCfHi2LIb2D4f1hYzX5de0IA,4
nVBO8wJ_rng,UCwjojsJdcSNP0UT1R-S6mFA,4
XvI-PMk2Oq4,UCOb-ws0S8DmfU4nq4M4z6Rw,4
VWrq7DA0hec,UCXMwCQVey4PhdWFJ6WhAVhA,4
4d8rf5MKuTs,UCfHi2LIb2D4f1hYzX5de0IA,4
AHZKvMuxWrU,UCwjojsJdcSNP0UT1R-S6mFA,4
UxaYuObg_II,UCXMwCQVey4PhdWFJ6WhAVhA,4
plrXC5jJ1jM,UCzxEaf1k5OqfERmEaSVi8pQ,4
8Fek0QEhZpg,UCF3gRq4LbNVVR8QfFUyyTCg,4
HWdHZsN3kAM,UCaX76ChBGYNPlcTEGIJSqig,4
qQdcKWfFXW0,UCwjojsJdcSNP0UT1R-S6mFA,4
3BolSnKXO1M,UCCiEKK4835FTejF4ogW4P-A,4
CkBwqNzD3GQ,UCVZ9t0crMOnaOTz2WyWTmSA,4
wybsLxmyCzA,UCOb-ws0S8DmfU4nq4M4z6Rw,4
X1sOQf9dGP4,UC2hm5rD_IrfYRMfq5YQudgA,4
0xmj_Pzk_yI,UCfHi2LIb2D4f1hYzX5de0IA,4
_VLJ7vBAU10,UCwjojsJdcSNP0UT1R-S6mFA,4
cpOLCvw57ro,UCOb-ws0S8DmfU4nq4M4z6Rw,4
In1Y4-3iOoo,UCXMwCQVey4PhdWFJ6WhAVhA,4
g2ZWmuLRwW0,UCaX76ChBGYNPlcTEGIJSqig,4
GaebzTfoEOM,UCBp-eiOdKwtEDQ88wqb8fmg,4
7Bo14Gbqduo,UCwjojsJdcSNP0UT1R-S6mFA,4
4Gg_7RXs6jE,UC3QFis16K3OvRO-3magXLwg,4
RGfs_Q8gfP8,UC261_KcN9A6EIie_Rq0vlWg,4
X1gi6f4Xlbk,UCF3gRq4LbNVVR8QfFUyyTCg,4
_71-32imuZE,UCzxEaf1k5OqfERmEaSVi8pQ,4
MawuXXDEXII,UCwjojsJdcSNP0UT1R-S6mFA,4
iEQjKPOSnXs,UCwjojsJdcSNP0UT1R-S6mFA,4
LNcURhoHMrs,UCF3gRq4LbNVVR8QfFUyyTCg,4
5pqvPaHVVK8,UCaX76ChBGYNPlcTEGIJSqig,4
jW5R27ip9bg,UCBp-eiOdKwtEDQ88wqb8fmg,4
DvB69f2aZtA,UCCiEKK4835FTejF4ogW4P-A,4
wh5FR5802dw,UCwjojsJdcSNP0UT1R-S6mFA,4
XhZEp0Fh1dY,UCwjojsJdcSNP0UT1R-S6mFA,4
ZNLpEUATuac,UCzxEaf1k5OqfERmEaSVi8pQ,4
jKQYZ9BuxO0,UCVZ9t0crMOnaOTz2WyWTmSA,4
o7tHm4AwYA4,UC3QFis16K3OvRO-3magXLwg,4
hZ0zx7uEaW4,UC3QFis16K3OvRO-3magXLwg,4
hfRTNXzb7Mc,UC3QFis16K3OvRO-3magXLwg,4
aVoNBdF_BSg,UCwjojsJdcSNP0UT1R-S6mFA,4
FlYgFsvfUDA,UCCiEKK4835FTejF4ogW4P-A,4
HMVPJ8RsajY,UC3QFis16K3OvRO-3magXLwg,4
Y9q-Mz7Hg8k,UCOb-ws0S8DmfU4nq4M4z6Rw,4
n1tKWnN5oNQ,UCF3gRq4LbNVVR8QfFUyyTCg,4
58ZZ7rpob0M,UCwjojsJdcSNP0UT1R-S6mFA,4
vSgpF1_Or9U,UC3QFis16K3OvRO-3magXLwg,4
FcRy3DCEdn8,UCCiEKK4835FTejF4ogW4P-A,4
L-7_OtQJm_Q,UC3QFis16K3OvRO-3magXLwg,4
rDal9oSbpgE,UCaX76ChBGYNPlcTEGIJSqig,4
ZA0CH61t9Ek,UCCiEKK4835FTejF4ogW4P-A,4
tzuBpi6tyak,UCwjojsJdcSNP0UT1R-S6mFA,4
JHoy1JgLts4,UCF3gRq4LbNVVR8QfFUyyTCg,4
gmr3Dz6JhGk,UCzxEaf1k5OqfERmEaSVi8pQ,4
DWXQbknLQE8,UCwjojsJdcSNP0UT1R-S6mFA,4
In3QqHYebEQ,UCaX76ChBGYNPlcTEGIJSqig,4
bNC-PtQ9xqo,UCCiEKK4835FTejF4ogW4P-A,4
IK7VgWRuAYw,UCwjojsJdcSNP0UT1R-S6mFA,4
kYB6QE5gFA4,UCCiEKK4835FTejF4ogW4P-A,4
_PVSF00BFxM,UCF3gRq4LbNVVR8QfFUyyTCg,4
B9nT8HNPKSM,UCwjojsJdcSNP0UT1R-S6mFA,4
Oa0Ia_kghoI,UCVZ9t0crMOnaOTz2WyWTmSA,4
x3pkbOy7uBY,UCzxEaf1k5OqfERmEaSVi8pQ,4
LORO4SgMuB8,UCwjojsJdcSNP0UT1R-S6mFA,4
FdUxd9VH5qk,UCwjojsJdcSNP0UT1R-S6mFA,4
apFc2xRegoY,UCXMwCQVey4PhdWFJ6WhAVhA,4
IKaH07eOQfM,UCF3gRq4LbNVVR8QfFUyyTCg,4
wxrKYa3Q3BI,UCCiEKK4835FTejF4ogW4P-A,4
S5KXlOgkJbE,UCwjojsJdcSNP0UT1R-S6mFA,4
L1PX8FEctwg,UC3QFis16K3OvRO-3magXLwg,4
TNMIkUrUWTc,UCOb-ws0S8DmfU4nq4M4z6Rw,4
Wjletfrn8to,UCaX76ChBGYNPlcTEGIJSqig,4
2UsN4TYlb5k,UCzxEaf1k5OqfERmEaSVi8pQ,4
wCrWGbZTcBw,UCwjojsJdcSNP0UT1R-S6mFA,4
utY2CuYoGLA,UCCiEKK4835FTejF4ogW4P-A,4
3wm8NQS643s,UCaX76ChBGYNPlcTEGIJSqig,4
WIYMUvacdrA,UCF3gRq4LbNVVR8QfFUyyTCg,4
3o3rOSQnbac,UCwjojsJdcSNP0UT1R-S6mFA,4
zXhD-G4OJzg,UCCiEKK4835FTejF4ogW4P-A,4
hWxEvPJrgEM,UCaX76ChBGYNPlcTEGIJSqig,4
vdxODL5aTSs,UCCiEKK4835FTejF4ogW4P-A,4
lU5jFQuO2ks,UCwjojsJdcSNP0UT1R-S6mFA,4
yu2O7q2tEBs,UCXMwCQVey4PhdWFJ6WhAVhA,4
IsZKAvzkLNo,UCF3gRq4LbNVVR8QfFUyyTCg,4
hdaGEK5JB78,UCaX76ChBGYNPlcTEGIJSqig,4
Cka9OK6wNMw,UCBp-eiOdKwtEDQ88wqb8fmg,4
S25Yp180e4M,UCwjojsJdcSNP0UT1R-S6mFA,4
7zUH8AT13ik,UCzxEaf1k5OqfERmEaSVi8pQ,4
C0DD97Wa42E,UCXMwCQVey4PhdWFJ6WhAVhA,4
TeynZj6J0lk,UCCiEKK4835FTejF4ogW4P-A,4
-11uyYC03aA,UCwjojsJdcSNP0UT1R-S6mFA,4
pA9hjkW7q2g,UCOb-ws0S8DmfU4nq4M4z6Rw,4
tZPnXIaKhIc,UCF3gRq4LbNVVR8QfFUyyTCg,4
B1uWbRYUswg,UCfHi2LIb2D4f1hYzX5de0IA,4
oOdEmV7c50M,UCwjojsJdcSNP0UT1R-S6mFA,4
ykNksz8YylU,UCCiEKK4835FTejF4ogW4P-A,4
IP-JZY6Bg6E,UCzxEaf1k5OqfERmEaSVi8pQ,4
E9ScehqAihQ,UCXMwCQVey4PhdWFJ6WhAVhA,4
kdmOUkWiHFU,UC3QFis16K3OvRO-3magXLwg,4
Bszt16luavQ,UCwjojsJdcSNP0UT1R-S6mFA,4
J_-vs034vCc,UCwjojsJdcSNP0UT1R-S6mFA,4
d4QcGAM22Ow,UCVZ9t0crMOnaOTz2WyWTmSA,4
rVfo0eGzoz4,UCOb-ws0S8DmfU4nq4M4z6Rw,4
uVoNqDaR-AY,UCF3gRq4LbNVVR8QfFUyyTCg,4
SdVjFLGob-k,UCaX76ChBGYNPlcTEGIJSqig,4
h9O2hi4AMWI,UCBp-eiOdKwtEDQ88wqb8fmg,4
pEYzi4ZFCvU,UCwjojsJdcSNP0UT1R-S6mFA,4
Ie1ExxqVtho,UCwjojsJdcSNP0UT1R-S6mFA,4
tXjx65o7Z2Q,UCzxEaf1k5OqfERmEaSVi8pQ,4
JomnLzxew9A,UCCiEKK4835FTejF4ogW4P-A,4
1uMIXZf2uLs,UCwjojsJdcSNP0UT1R-S6mFA,4
pmvDaxyBzBg,UCOb-ws0S8DmfU4nq4M4z6Rw,4
kyxnFJm7lCM,UCaX76ChBGYNPlcTEGIJSqig,4
NrSNVox3ARs,UCF3gRq4LbNVVR8QfFUyyTCg,4
NrvbOED-pec,UCwjojsJdcSNP0UT1R-S6mFA,4
pI2VQxOpHcw,UCwjojsJdcSNP0UT1R-S6mFA,4
-S-WK-VD6Rc,UCzxEaf1k5OqfERmEaSVi8pQ,4
ZGPFDp3ohXw,UCXMwCQVey4PhdWFJ6WhAVhA,4
XIRHMFUjsV8,UC95VQDMjwvr7GsejfIdS6GQ,4
CWBhICgW8zo,UCCiEKK4835FTejF4ogW4P-A,4
OtahBhFLFUo,UCwjojsJdcSNP0UT1R-S6mFA,4
813f2_VnwNU,UCVZ9t0crMOnaOTz2WyWTmSA,4
atbonqkc_Mc,UCF3gRq4LbNVVR8QfFUyyTCg,4
Ca473tvHVgM,UCCiEKK4835FTejF4ogW4P-A,4
n7yQIjXU70k,UCwjojsJdcSNP0UT1R-S6mFA,4
lOuPbdS32oo,UCXMwCQVey4PhdWFJ6WhAVhA,4
_Hrt0ZhNN8s,UCwjojsJdcSNP0UT1R-S6mFA,4
GAThElLj9Zk,UCCiEKK4835FTejF4ogW4P-A,4
EIuw6sywqo4,UCzxEaf1k5OqfERmEaSVi8pQ,4
OVrGxhe2m5s,UCOb-ws0S8DmfU4nq4M4z6Rw,4
vLet3IlIn24,UC3QFis16K3OvRO-3magXLwg,4
v1J3-zmeRsI,UCF3gRq4LbNVVR8QfFUyyTCg,4
u8R_RSaOyQ8,UCwjojsJdcSNP0UT1R-S6mFA,4
FPO1UXQVEyk,UCXMwCQVey4PhdWFJ6WhAVhA,4
GqxYg6RSqs4,UCzxEaf1k5OqfERmEaSVi8pQ,4
RUNDkDJ3zI8,UC2hm5rD_IrfYRMfq5YQudgA,4
LSNDwAm9Ld4,UC2hm5rD_IrfYRMfq5YQudgA,4
kvWfi9UQmn4,UCOb-ws0S8DmfU4nq4M4z6Rw,4
gxfWfcTQ_aY,UC95VQDMjwvr7GsejfIdS6GQ,4
iM_Kf-7Jm_o,UCwjojsJdcSNP0UT1R-S6mFA,4
ETdG1o1o-Ew,UCXMwCQVey4PhdWFJ6WhAVhA,4
KCKVW6NRvao,UC261_KcN9A6EIie_Rq0vlWg,4
vrtAgbKwXlk,UCF3gRq4LbNVVR8QfFUyyTCg,4
BA7GlE4NBJA,UCzxEaf1k5OqfERmEaSVi8pQ,4
IcqPuw21JQc,UCwjojsJdcSNP0UT1R-S6mFA,4
KL0851HsZDo,UCCiEKK4835FTejF4ogW4P-A,4
VaJlFBZ5tx4,UCXMwCQVey4PhdWFJ6WhAVhA,4
QoVtZ_w7xjU,UCaX76ChBGYNPlcTEGIJSqig,4
xIX6iF-z1XQ,UCzxEaf1k5OqfERmEaSVi8pQ,4
F23vbHX2N1Y,UCCiEKK4835FTejF4ogW4P-A,4
2baKj1PlCXE,UCfHi2LIb2D4f1hYzX5de0IA,4
gJY23YstUcg,UCwjojsJdcSNP0UT1R-S6mFA,4
ClvVURLIUcQ,UCCiEKK4835FTejF4ogW4P-A,4
q7NtJAwZ3JM,UCF3gRq4LbNVVR8QfFUyyTCg,4
xWAS4XcQ0Bg,UCzxEaf1k5OqfERmEaSVi8pQ,4
e_MNRRDQWTM,UCCiEKK4835FTejF4ogW4P-A,4
WfWCLab3ODI,UCwjojsJdcSNP0UT1R-S6mFA,4
6awrDMEBcaU,UCF3gRq4LbNVVR8QfFUyyTCg,4
N3wUqKHtBP0,UCiVJZlfcmWMUiXv5oywnDhQ,4
D1VZMLtqjBA,UCXMwCQVey4PhdWFJ6WhAVhA,4
nN7CHtzJOkM,UCwjojsJdcSNP0UT1R-S6mFA,4
wMNAI3QYFLI,UCCiEKK4835FTejF4ogW4P-A,4
cy6Qgcgro_U,UCF3gRq4LbNVVR8QfFUyyTCg,4
l3Ml43j6gac,UCBp-eiOdKwtEDQ88wqb8fmg,4
Pw7Kwqsh-os,UCfHi2LIb2D4f1hYzX5de0IA,4
MNiuTP5YIrc,UCwjojsJdcSNP0UT1R-S6mFA,4
1pTsSNaQHHw,UCXMwCQVey4PhdWFJ6WhAVhA,4
nn-geQA2xKE,UCOb-ws0S8DmfU4nq4M4z6Rw,4
zQT9N7URG04,UCOb-ws0S8DmfU4nq4M4z6Rw,4
YjSxF8PSjE4,UCaX76ChBGYNPlcTEGIJSqig,4
kfw2f9iwZ84,UCzxEaf1k5OqfERmEaSVi8pQ,4
jfNDXP9Xl4k,UCCiEKK4835FTejF4ogW4P-A,4
8KQMmf3gzEQ,UCfHi2LIb2D4f1hYzX5de0IA,4
zyWsWdwu39E,UCwjojsJdcSNP0UT1R-S6mFA,4
M31t39f_G0Y,UCOb-ws0S8DmfU4nq4M4z6Rw,4
dQ7R_IDemog,UCF3gRq4LbNVVR8QfFUyyTCg,4
2o1SKd2vjUA,UCaX76ChBGYNPlcTEGIJSqig,4
vHoS514DSfA,UCfHi2LIb2D4f1hYzX5de0IA,4
Si9f9XFJC9c,UCwjojsJdcSNP0UT1R-S6mFA,4
x298WTPXwdQ,UC3QFis16K3OvRO-3magXLwg,4
tbnAwOiz2_8,UCaX76ChBGYNPlcTEGIJSqig,4
xFGaJlEZRwM,UCCiEKK4835FTejF4ogW4P-A,4
_C4_yap5uqM,UCwjojsJdcSNP0UT1R-S6mFA,4
saYhnqLxyJo,UCCiEKK4835FTejF4ogW4P-A,4
o-htVm8-PNo,UCzxEaf1k5OqfERmEaSVi8pQ,4
LxvuQ8bxiQ8,UCVZ9t0crMOnaOTz2WyWTmSA,4
r7jKOpwPuYM,UCXMwCQVey4PhdWFJ6WhAVhA,4
7Zy-lP2FhdY,UCF3gRq4LbNVVR8QfFUyyTCg,4
9TtqK61PwOY,UCCiEKK4835FTejF4ogW4P-A,4
Jn9BNYbYyyg,UCwjojsJdcSNP0UT1R-S6mFA,4
wdClF2bK0V8,UCBp-eiOdKwtEDQ88wqb8fmg,4
ERdC0npIypY,UCCiEKK4835FTejF4ogW4P-A,4
y3gekP1HsbM,UCwjojsJdcSNP0UT1R-S6mFA,4
K3I5bOW1F-I,UCzxEaf1k5OqfERmEaSVi8pQ,4
R_nwcbL5aO4,UCCiEKK4835FTejF4ogW4P-A,4
HdmH59udGXI,UCXMwCQVey4PhdWFJ6WhAVhA,4
W7x61g6RlVA,UCF3gRq4LbNVVR8QfFUyyTCg,4
M7HMjytzhsQ,UCzxEaf1k5OqfERmEaSVi8pQ,4
WXNt74K2onI,UCwjojsJdcSNP0UT1R-S6mFA,4
MkXpZ1izB3U,UCXMwCQVey4PhdWFJ6WhAVhA,4
TtnDzHbTzYk,UCaX76ChBGYNPlcTEGIJSqig,4
yfe1uN40Uxs,UCwjojsJdcSNP0UT1R-S6mFA,4
dwksbrACKDs,UCF3gRq4LbNVVR8QfFUyyTCg,4
rYS_UFXscj0,UC3QFis16K3OvRO-3magXLwg,4
lm0T4J0mLCQ,UCwjojsJdcSNP0UT1R-S6mFA,4
EF_RmNkav8w,UCzxEaf1k5OqfERmEaSVi8pQ,4
7aWiptYa0Y0,UCVZ9t0crMOnaOTz2WyWTmSA,4
wmMsuVCrRDs,UC2hm5rD_IrfYRMfq5YQudgA,4
4QRU8i2FsTI,UCOb-ws0S8DmfU4nq4M4z6Rw,4
cDaydcd4QRk,UCaX76ChBGYNPlcTEGIJSqig,4
Q5h4oS_TTF0,UCF3gRq4LbNVVR8QfFUyyTCg,4
TRa9XXhF1tY,UCwjojsJdcSNP0UT1R-S6mFA,4
uY5JEkxE8Jo,UCwjojsJdcSNP0UT1R-S6mFA,4
jLWIIJNzsQI,UCaX76ChBGYNPlcTEGIJSqig,4
zo0Ifi-Uzvs,UCF3gRq4LbNVVR8QfFUyyTCg,4
k6lR4PC0Upw,UCwjojsJdcSNP0UT1R-S6mFA,4
F4K7ZazmdS8,UCCiEKK4835FTejF4ogW4P-A,4
oQPjO1qTCTA,UCXMwCQVey4PhdWFJ6WhAVhA,4
py-tKe-ech8,UC95VQDMjwvr7GsejfIdS6GQ,4
aY3dkHI2PqQ,UCwjojsJdcSNP0UT1R-S6mFA,4
xn7U4DdNCLY,UCXMwCQVey4PhdWFJ6WhAVhA,4
mBK6aqJhwNw,UCF3gRq4LbNVVR8QfFUyyTCg,4
b-yviSRkTuw,UCfHi2LIb2D4f1hYzX5de0IA,4
6vqIVcQnYN0,UCfHi2LIb2D4f1hYzX5de0IA,4
au9JQ6hkAsY,UCwjojsJdcSNP0UT1R-S6mFA,4
YrDzj6ZeQWY,UCCiEKK4835FTejF4ogW4P-A,4
m9Hbk6dMCFE,UCaX76ChBGYNPlcTEGIJSqig,4
acUZquIQ-Xg,UCwjojsJdcSNP0UT1R-S6mFA,4
Sw5amdQOUzg,UCOb-ws0S8DmfU4nq4M4z6Rw,4
5ErLIKJQcLE,UCF3gRq4LbNVVR8QfFUyyTCg,4
Gl3j0R8Mo_8,UCBp-eiOdKwtEDQ88wqb8fmg,4
J4f9DDF5HWE,UCF3gRq4LbNVVR8QfFUyyTCg,4
4l7oVGAVuEM,UCwjojsJdcSNP0UT1R-S6mFA,4
BhOIOjVu5ao,UCF3gRq4LbNVVR8QfFUyyTCg,4
k-wlrZK_Gf8,UCaX76ChBGYNPlcTEGIJSqig,4
EbJHW_V9Tgc,UCwjojsJdcSNP0UT1R-S6mFA,4
QwSivMNib50,UCCiEKK4835FTejF4ogW4P-A,4
7u04zNFoHrY,UC3QFis16K3OvRO-3magXLwg,4
OOcHyaeXyPU,UCCiEKK4835FTejF4ogW4P-A,4
DIjmNpvojcM,UCwjojsJdcSNP0UT1R-S6mFA,4
JtSJgZDar9U,UCXMwCQVey4PhdWFJ6WhAVhA,4
s6fS1eW-_xU,UCaX76ChBGYNPlcTEGIJSqig,4
52ZQZwE8MdA,UCF3gRq4LbNVVR8QfFUyyTCg,4
lIwOVGXCeaw,UCwjojsJdcSNP0UT1R-S6mFA,4
HTjhH-BO09M,UCzxEaf1k5OqfERmEaSVi8pQ,4
W3vI3lolXk4,UC261_KcN9A6EIie_Rq0vlWg,4
1Px6lR_1m6M,UCwjojsJdcSNP0UT1R-S6mFA,4
dWZi0PoANsk,UCCiEKK4835FTejF4ogW4P-A,4
9dsQCUcNDJA,UCaX76ChBGYNPlcTEGIJSqig,4
S7PrrCrpfb8,UCF3gRq4LbNVVR8QfFUyyTCg,4
dP5cvbxe3Vs,UCCiEKK4835FTejF4ogW4P-A,4
fkNYqkLOCGQ,UCwjojsJdcSNP0UT1R-S6mFA,4
u_hd2FN6bz8,UCwjojsJdcSNP0UT1R-S6mFA,4
mmL4kosieGs,UCiVJZlfcmWMUiXv5oywnDhQ,4
cmGsiIPs5B4,UCXMwCQVey4PhdWFJ6WhAVhA,4
cyVtBoubpjg,UCOb-ws0S8DmfU4nq4M4z6Rw,4
T2hlTL8x6T8,UCF3gRq4LbNVVR8QfFUyyTCg,4
wZeYGQijqVA,UCaX76ChBGYNPlcTEGIJSqig,4
w4pDEQjiu64,UCwjojsJdcSNP0UT1R-S6mFA,4
lxjVaOE9dE8,UCXMwCQVey4PhdWFJ6WhAVhA,4
N-yhCUNsnG4,UCVZ9t0crMOnaOTz2WyWTmSA,4
_XKhOltF-Cw,UCzxEaf1k5OqfERmEaSVi8pQ,4
mqUKarE1gOc,UC2hm5rD_IrfYRMfq5YQudgA,4
kQKkikhIXE0,UCOb-ws0S8DmfU4nq4M4z6Rw,4
OUHE8UfEcrM,UCF3gRq4LbNVVR8QfFUyyTCg,4
4g90yEIc1gQ,UCwjojsJdcSNP0UT1R-S6mFA,4
nnozcMRlnxg,UCwjojsJdcSNP0UT1R-S6mFA,4
Sqfh26ZSCeU,UCOb-ws0S8DmfU4nq4M4z6Rw,4
TDtr2Iv_I9E,UCQ2ni-j9Hbtbzt9FytvkBUQ,4
Fwl9Z6Zbaeo,UCzxEaf1k5OqfERmEaSVi8pQ,4
hmOgQjAdA1A,UCF3gRq4LbNVVR8QfFUyyTCg,4
DbXnb54P7Hs,UCCiEKK4835FTejF4ogW4P-A,4
qXjvvJiqm08,UCwjojsJdcSNP0UT1R-S6mFA,4
niv6UgDsG7Y,UCzxEaf1k5OqfERmEaSVi8pQ,4
Hv_ngIkDaCc,UCXMwCQVey4PhdWFJ6WhAVhA,4
1mJjBvuXO_Y,UCaX76ChBGYNPlcTEGIJSqig,4
0ez4PBJmhkw,UCCiEKK4835FTejF4ogW4P-A,4
LQZf0M-vqSE,UCwjojsJdcSNP0UT1R-S6mFA,4
lmAn7lkFrSs,UCCiEKK4835FTejF4ogW4P-A,4
GwtZQN3_Arw,UCwjojsJdcSNP0UT1R-S6mFA,4
MBEs8_wGZo8,UCXMwCQVey4PhdWFJ6WhAVhA,4
sKBxSTGGsRI,UCzxEaf1k5OqfERmEaSVi8pQ,4
Vrb-b0rvawc,UCCiEKK4835FTejF4ogW4P-A,4
jLIHRKzquq8,UCaX76ChBGYNPlcTEGIJSqig,4
iKIvsjSSThc,UCF3gRq4LbNVVR8QfFUyyTCg,4
HomXR4q9Rtg,UCCiEKK4835FTejF4ogW4P-A,4
R8YRX6ff7Xk,UCwjojsJdcSNP0UT1R-S6mFA,4
Yz7gyTuJG4o,UCOb-ws0S8DmfU4nq4M4z6Rw,4
LVdgbrQ5V0M,UCfHi2LIb2D4f1hYzX5de0IA,4
D97wJU4ePTA,UCwjojsJdcSNP0UT1R-S6mFA,4
umiJcNLXIKM,UCOb-ws0S8DmfU4nq4M4z6Rw,4
xiqzcK4HhAk,UCXMwCQVey4PhdWFJ6WhAVhA,4
6B3k8o1sREs,UC3QFis16K3OvRO-3magXLwg,4
j5EwnMmr8OE,UCF3gRq4LbNVVR8QfFUyyTCg,4
QuvhN_rt18s,UCCiEKK4835FTejF4ogW4P-A,4
Mx1oTn3Qq_0,UCCiEKK4835FTejF4ogW4P-A,4
EU01lb_LTN4,UCwjojsJdcSNP0UT1R-S6mFA,4
12_Y6zm9Jdc,UCXMwCQVey4PhdWFJ6WhAVhA,4
VnNNLAqAGYU,UCOb-ws0S8DmfU4nq4M4z6Rw,4
zwr6A9sOp0I,UCzxEaf1k5OqfERmEaSVi8pQ,4
WIYMlh36FfU,UCF3gRq4LbNVVR8QfFUyyTCg,4
XeGxjQ_7RzQ,UCBp-eiOdKwtEDQ88wqb8fmg,4
RwrqDw1qRlI,UCCiEKK4835FTejF4ogW4P-A,4
x_U1MD0aGRE,UCwjojsJdcSNP0UT1R-S6mFA,4
KwaE3MdVgaw,UCXMwCQVey4PhdWFJ6WhAVhA,4
wpJGFFmqSmk,UCwjojsJdcSNP0UT1R-S6mFA,4
5ExQL0lmnVM,UCOb-ws0S8DmfU4nq4M4z6Rw,4
tyE01DSoUU0,UCF3gRq4LbNVVR8QfFUyyTCg,4
Hbtbsjv5Lps,UC3QFis16K3OvRO-3magXLwg,4
e1Z16LyNVeA,UCwjojsJdcSNP0UT1R-S6mFA,4
3tT2WR4Zj7o,UCCiEKK4835FTejF4ogW4P-A,4
CjRQH0vYI4k,UCzxEaf1k5OqfERmEaSVi8pQ,4
XJSSK1czCt4,UCXMwCQVey4PhdWFJ6WhAVhA,4
8SmWlJlr-Y4,UCaX76ChBGYNPlcTEGIJSqig,4
pN0R6V5decU,UCCiEKK4835FTejF4ogW4P-A,4
6MexkTsrdtc,UCwjojsJdcSNP0UT1R-S6mFA,4
tkiC4lBMEJk,UCOb-ws0S8DmfU4nq4M4z6Rw,4
0SLIgw8thBk,UCOb-ws0S8DmfU4nq4M4z6Rw,4
wtXK8D5Zup0,UCzxEaf1k5OqfERmEaSVi8pQ,4
uy8mOp84KzU,UC2hm5rD_IrfYRMfq5YQudgA,4
zOpI5Ze7UQQ,UC261_KcN9A6EIie_Rq0vlWg,4
NV6wxn4B_wI,UCF3gRq4LbNVVR8QfFUyyTCg,4
KGXIwN1CmNE,UCfHi2LIb2D4f1hYzX5de0IA,4
LnzlhIY35Ow,UCwjojsJdcSNP0UT1R-S6mFA,4
whuJ-36g-6s,UCXMwCQVey4PhdWFJ6WhAVhA,4
FArehEToOAc,UCwjojsJdcSNP0UT1R-S6mFA,4
6QMvzbeAYXg,UCwjojsJdcSNP0UT1R-S6mFA,4
zzTdX4hXL9U,UCwjojsJdcSNP0UT1R-S6mFA,4
K08IcOQ7mgs,UCwjojsJdcSNP0UT1R-S6mFA,4
K39acGMamo4,UCOb-ws0S8DmfU4nq4M4z6Rw,4
jyDuZ8ZQw28,UCF3gRq4LbNVVR8QfFUyyTCg,4
GrCFrgSi2mk,UCwjojsJdcSNP0UT1R-S6mFA,4
ZiextHxtkNU,UCCiEKK4835FTejF4ogW4P-A,4
I0T6WfUiE0U,UCaX76ChBGYNPlcTEGIJSqig,4
TRxb1AvrwX4,UCXMwCQVey4PhdWFJ6WhAVhA,4
Bmwiyg9cOPw,UCzxEaf1k5OqfERmEaSVi8pQ,4
lpKDn2iEc7Y,UCOb-ws0S8DmfU4nq4M4z6Rw,4
nQtaGg7aeS0,UCCiEKK4835FTejF4ogW4P-A,4
X6UqOFcvqlE,UCXMwCQVey4PhdWFJ6WhAVhA,4
Z5MCqnUUiro,UCF3gRq4LbNVVR8QfFUyyTCg,4
JUZOvSZLybE,UCCiEKK4835FTejF4ogW4P-A,4
qmP4jph8bJU,UCaX76ChBGYNPlcTEGIJSqig,4
OefCbHmYAAY,UCOb-ws0S8DmfU4nq4M4z6Rw,4
dFzM1_xPqy0,UCzxEaf1k5OqfERmEaSVi8pQ,4
cNpL6ELbMkQ,UCXMwCQVey4PhdWFJ6WhAVhA,4
JYDrZPzFmEA,UCCiEKK4835FTejF4ogW4P-A,4
dX51lizGjQk,UCVZ9t0crMOnaOTz2WyWTmSA,4
K-7VRL4Br0w,UCF3gRq4LbNVVR8QfFUyyTCg,4
AuWaEl2mBkk,UCfHi2LIb2D4f1hYzX5de0IA,4
bONo73j4Awo,UCzxEaf1k5OqfERmEaSVi8pQ,4
b7AzfjDcvmM,UCCiEKK4835FTejF4ogW4P-A,4
wunLMw9e_H8,UC95VQDMjwvr7GsejfIdS6GQ,4
C2AanB1v3LQ,UCF3gRq4LbNVVR8QfFUyyTCg,4
N3r7HU940aw,UCaX76ChBGYNPlcTEGIJSqig,4
Wo9G8KiepwI,UCOb-ws0S8DmfU4nq4M4z6Rw,4
bH3E_6E2tuM,UCBp-eiOdKwtEDQ88wqb8fmg,4
yt8Ck3Vl_aY,UCOb-ws0S8DmfU4nq4M4z6Rw,4
jQ9f9KVbXCs,UCCiEKK4835FTejF4ogW4P-A,4
hLAgIC10a6c,UCzxEaf1k5OqfERmEaSVi8pQ,4
Usi18DHTKJs,UC3QFis16K3OvRO-3magXLwg,4
OdfM4VGVGd4,UCF3gRq4LbNVVR8QfFUyyTCg,4
wo0Pkef2R9Q,UCCiEKK4835FTejF4ogW4P-A,4
NyyYRXuzhkk,UCaX76ChBGYNPlcTEGIJSqig,4
bHt9KedgO-w,UCBp-eiOdKwtEDQ88wqb8fmg,4
Cqp4D21pJz0,UCzxEaf1k5OqfERmEaSVi8pQ,4
Rsl7zIToePw,UCCiEKK4835FTejF4ogW4P-A,4
BUPd3Qqfc1A,UCiVJZlfcmWMUiXv5oywnDhQ,4
6m9vQwSdWh0,UCOb-ws0S8DmfU4nq4M4z6Rw,4
DFx6XW3joRI,UCzxEaf1k5OqfERmEaSVi8pQ,4
mRVeXWTseLU,UCF3gRq4LbNVVR8QfFUyyTCg,4
TB1cLnzPsv4,UCCiEKK4835FTejF4ogW4P-A,4
y1W7r0-Ou_4,UCfHi2LIb2D4f1hYzX5de0IA,4
jZym2dcL_7A,UCCiEKK4835FTejF4ogW4P-A,4
qeNjC771iKs,UCVZ9t0crMOnaOTz2WyWTmSA,4
IoIT3kZojRg,UCXMwCQVey4PhdWFJ6WhAVhA,4
UfRdjf65DXw,UCCiEKK4835FTejF4ogW4P-A,4
5OSqd9h7th0,UCaX76ChBGYNPlcTEGIJSqig,4
gmXsL_nqTjA,UCXMwCQVey4PhdWFJ6WhAVhA,4
RZedjT8wOPc,UCOb-ws0S8DmfU4nq4M4z6Rw,4
pEV3pDsZZSE,UCF3gRq4LbNVVR8QfFUyyTCg,4
qjUTCOOJpek,UCXMwCQVey4PhdWFJ6WhAVhA,4
tlpsOc3Pm3c,UCzxEaf1k5OqfERmEaSVi8pQ,4
ULG7y317pc4,UCCiEKK4835FTejF4ogW4P-A,4
K4IwAJ73cSc,UCBp-eiOdKwtEDQ88wqb8fmg,4
MZaylOW74EE,UCaX76ChBGYNPlcTEGIJSqig,4
wwiUndeUre4,UCF3gRq4LbNVVR8QfFUyyTCg,4
VByn8BzZ1Hw,UCCiEKK4835FTejF4ogW4P-A,4
ceyBSh1UxCo,UCOb-ws0S8DmfU4nq4M4z6Rw,4
odKYl8xMipE,UCzxEaf1k5OqfERmEaSVi8pQ,4
HrmlMg0mWmQ,UCCiEKK4835FTejF4ogW4P-A,4
TfS4G3oawCA,UCzxEaf1k5OqfERmEaSVi8pQ,4
Kwk9SRll-Vg,UC261_KcN9A6EIie_Rq0vlWg,4
_QYtf1VFha0,UCF3gRq4LbNVVR8QfFUyyTCg,4
LCcChZVBnWQ,UCOb-ws0S8DmfU4nq4M4z6Rw,4
T5GNbwjHHpk,UCOb-ws0S8DmfU4nq4M4z6Rw,4
HB20kh8FhpI,UC8b-bA_uLbZHRretA5FK_JQ,4
Dj4Ar5Cul5k,UCaX76ChBGYNPlcTEGIJSqig,4
4U4g4dcVSsM,UCF3gRq4LbNVVR8QfFUyyTCg,4
9ylbDDjf_3s,UCCiEKK4835FTejF4ogW4P-A,4
sRsnfXQSoUE,UCOb-ws0S8DmfU4nq4M4z6Rw,4
mWd50BoggYI,UCQ2ni-j9Hbtbzt9FytvkBUQ,4
pdlBVHnPEZA,UCCiEKK4835FTejF4ogW4P-A,4
7fPVIKgbp34,UCzxEaf1k5OqfERmEaSVi8pQ,4
9ER2r2LIshk,UCF3gRq4LbNVVR8QfFUyyTCg,4
1CkRVfaJXis,UCzxEaf1k5OqfERmEaSVi8pQ,4
tEh4I3F6cEY,UC3QFis16K3OvRO-3magXLwg,4
87mt2p-kNdQ,UCaX76ChBGYNPlcTEGIJSqig,4
a-AO5Yq0dxg,UCBp-eiOdKwtEDQ88wqb8fmg,4
Ba9bb6JDuOE,UCOb-ws0S8DmfU4nq4M4z6Rw,4
bXRImgx7g6A,UCF3gRq4LbNVVR8QfFUyyTCg,4
DMezaYxNUFs,UCzxEaf1k5OqfERmEaSVi8pQ,4
VjleDKaqaDQ,UCVZ9t0crMOnaOTz2WyWTmSA,4
yvneP8ksCkA,UCOb-ws0S8DmfU4nq4M4z6Rw,4
jDt02ay30qw,UCaX76ChBGYNPlcTEGIJSqig,4
xSxqZrIg0J0,UCF3gRq4LbNVVR8QfFUyyTCg,4
vF3Og47wNM8,UCzxEaf1k5OqfERmEaSVi8pQ,4
UJnIzfMKB1w,UCCiEKK4835FTejF4ogW4P-A,4
hNN3QLq8c88,UC2hm5rD_IrfYRMfq5YQudgA,4
HwVtfstY4OE,UCCiEKK4835FTejF4ogW4P-A,4
r66e0fLLPYQ,UCzxEaf1k5OqfERmEaSVi8pQ,4
1slabn2L-Aw,UCF3gRq4LbNVVR8QfFUyyTCg,4
mEIcw-EHlUw,UCCiEKK4835FTejF4ogW4P-A,4
76SXBqp_PkY,UCaX76ChBGYNPlcTEGIJSqig,4
t-IdFzsrL_A,UCCiEKK4835FTejF4ogW4P-A,4
UCpAYlixfG4,UCCiEKK4835FTejF4ogW4P-A,4
IdurKXYhvrg,UCzxEaf1k5OqfERmEaSVi8pQ,4
6kUHE21QbWk,UCF3gRq4LbNVVR8QfFUyyTCg,4
v8CZRJ_Ul0o,UCzxEaf1k5OqfERmEaSVi8pQ,4
DFFYyefHTyM,UC3QFis16K3OvRO-3magXLwg,4
CRazievukQs,UCBp-eiOdKwtEDQ88wqb8fmg,4
-j0io76ppR0,UCF3gRq4LbNVVR8QfFUyyTCg,4
QP9IwVr3BOs,UC2hm5rD_IrfYRMfq5YQudgA,4
U4iBsFODb6Y,UCOb-ws0S8DmfU4nq4M4z6Rw,4
9kMtt4Ei7M8,UCaX76ChBGYNPlcTEGIJSqig,4
oB0Y1DNUyDE,UC3QFis16K3OvRO-3magXLwg,4
C2C9Y4n7uVk,UCCiEKK4835FTejF4ogW4P-A,4
MW9zGITolmo,UCOb-ws0S8DmfU4nq4M4z6Rw,4
dy6OsrOswf4,UCzxEaf1k5OqfERmEaSVi8pQ,4
hDNw1388VxY,UCF3gRq4LbNVVR8QfFUyyTCg,4
fl3PFWl7JsU,UCCiEKK4835FTejF4ogW4P-A,4
wEz_z4sU0rE,UCVZ9t0crMOnaOTz2WyWTmSA,4
Xl7WWSApmjc,UCaX76ChBGYNPlcTEGIJSqig,4
kWbtBdIxy74,UCF3gRq4LbNVVR8QfFUyyTCg,4
UxwEqIkCC0U,UCzxEaf1k5OqfERmEaSVi8pQ,4
FnwNixfgPzg,UCCiEKK4835FTejF4ogW4P-A,4
gcQXGS0Ud60,UCBp-eiOdKwtEDQ88wqb8fmg,4
1sZopSTGR4c,UCOb-ws0S8DmfU4nq4M4z6Rw,4
9P1_sCVSxvs,UCF3gRq4LbNVVR8QfFUyyTCg,4
lT1M-e_i-YA,UCzxEaf1k5OqfERmEaSVi8pQ,4
1GXmEiLTqg8,UC261_KcN9A6EIie_Rq0vlWg,4
5MCC4B1uVUw,UC2hm5rD_IrfYRMfq5YQudgA,4
IU4UvupTUE8,UC95VQDMjwvr7GsejfIdS6GQ,4
JrB-OfV8ro0,UCaX76ChBGYNPlcTEGIJSqig,4
m2lDhzJIetg,UCzxEaf1k5OqfERmEaSVi8pQ,4
Upqj8RBIyWA,UCfHi2LIb2D4f1hYzX5de0IA,4
lLshIRthXn4,UCF3gRq4LbNVVR8QfFUyyTCg,4
vwYXgc5--0k,UCCiEKK4835FTejF4ogW4P-A,4
gYiF7TklXZE,UCOb-ws0S8DmfU4nq4M4z6Rw,4
CTy54DoFWOQ,UCaX76ChBGYNPlcTEGIJSqig,4
HrfHTYqetxM,UCF3gRq4LbNVVR8QfFUyyTCg,4
zLOa0vE58W4,UC3QFis16K3OvRO-3magXLwg,4
V9fUQ-jwpyQ,UCCiEKK4835FTejF4ogW4P-A,4
s93ZCxGE1xU,UCOb-ws0S8DmfU4nq4M4z6Rw,4
vr85K22BC84,UCzxEaf1k5OqfERmEaSVi8pQ,4
vMO0avdT5S4,UCVZ9t0crMOnaOTz2WyWTmSA,4
gEV2qdqO3g8,UCF3gRq4LbNVVR8QfFUyyTCg,4
xy794YcAv28,UCOb-ws0S8DmfU4nq4M4z6Rw,4
LetU8Xm9x2o,UC261_KcN9A6EIie_Rq0vlWg,4
owuqO9aTyAI,UCzxEaf1k5OqfERmEaSVi8pQ,4
gevU7N9LcDQ,UCCiEKK4835FTejF4ogW4P-A,4
YTMoloeJcVM,UCF3gRq4LbNVVR8QfFUyyTCg,4
fgQCkcJKUw0,UCOb-ws0S8DmfU4nq4M4z6Rw,4
P-jyUpBp3lQ,UCaX76ChBGYNPlcTEGIJSqig,4
6KHqDZkzlgA,UCCiEKK4835FTejF4ogW4P-A,4
BvPBiCA-g1A,UCF3gRq4LbNVVR8QfFUyyTCg,4
6gknA3uyeGk,UCzxEaf1k5OqfERmEaSVi8pQ,4
CedKtDpskCU,UCCiEKK4835FTejF4ogW4P-A,4
d0EHwTJjW_g,UCzxEaf1k5OqfERmEaSVi8pQ,4
1jxWZSLbIqU,UCzxEaf1k5OqfERmEaSVi8pQ,4
ZLkevpPkMh0,UCaX76ChBGYNPlcTEGIJSqig,4
rKzAXIelBg4,UCCiEKK4835FTejF4ogW4P-A,4
BeSoQFuA7Q4,UCOb-ws0S8DmfU4nq4M4z6Rw,4
SQhDNlgLsu8,UCBp-eiOdKwtEDQ88wqb8fmg,4
L68EDzOj4wQ,UCF3gRq4LbNVVR8QfFUyyTCg,4
fxywOekDIGY,UCBp-eiOdKwtEDQ88wqb8fmg,4
0oafhlwOCr0,UCCiEKK4835FTejF4ogW4P-A,4
mruLRb0ODms,UCOb-ws0S8DmfU4nq4M4z6Rw,4
p3nFgUAneTk,UCF3gRq4LbNVVR8QfFUyyTCg,4
KvqAADTn_BM,UCBp-eiOdKwtEDQ88wqb8fmg,4
Pnm3giegDLI,UCCiEKK4835FTejF4ogW4P-A,4
noGpyJ0uZWg,UC3QFis16K3OvRO-3magXLwg,4
gh0mbWl-ELM,UCF3gRq4LbNVVR8QfFUyyTCg,4
1lmbcsRZ0ds,UCOb-ws0S8DmfU4nq4M4z6Rw,4
JFEZI1SrKh0,UCaX76ChBGYNPlcTEGIJSqig,4
-J91Nkx1KIw,UCF3gRq4LbNVVR8QfFUyyTCg,4
4hOlSvyPKvQ,UCBp-eiOdKwtEDQ88wqb8fmg,4
pwJD_AUI6Uk,UC95VQDMjwvr7GsejfIdS6GQ,4
CkkmyGo3ySk,UCF3gRq4LbNVVR8QfFUyyTCg,4
wXR5JHIx6AY,UC261_KcN9A6EIie_Rq0vlWg,4
gVVK5ypwDqo,UCOb-ws0S8DmfU4nq4M4z6Rw,4
aAXhiEg_EwM,UCaX76ChBGYNPlcTEGIJSqig,4
zHI351dmOHs,UCOb-ws0S8DmfU4nq4M4z6Rw,4
VuJtohs_YfE,UCF3gRq4LbNVVR8QfFUyyTCg,4
G-NsyMEWmZw,UCCiEKK4835FTejF4ogW4P-A,4
4CVRB5n3eIA,UCOb-ws0S8DmfU4nq4M4z6Rw,4
GMbHLFex1_s,UCCiEKK4835FTejF4ogW4P-A,4
wuZPIgGfFT8,UCF3gRq4LbNVVR8QfFUyyTCg,4
_cz0rpzne94,UC261_KcN9A6EIie_Rq0vlWg,4
AakKqQYcwg0,UCXMwCQVey4PhdWFJ6WhAVhA,4
M7G7DOcI3Tw,UCCiEKK4835FTejF4ogW4P-A,4
xpqZ31g3Q34,UCQ2ni-j9Hbtbzt9FytvkBUQ,4
uWfPxJHks_E,UCaX76ChBGYNPlcTEGIJSqig,4
2dPvx3ls74k,UCOb-ws0S8DmfU4nq4M4z6Rw,4
DOXauzS1WCk,UCF3gRq4LbNVVR8QfFUyyTCg,4
mJo9bAAAX84,UCCiEKK4835FTejF4ogW4P-A,4
Lg6k77WGv3o,UCOb-ws0S8DmfU4nq4M4z6Rw,4
Xs2fDKJvDNg,UCCiEKK4835FTejF4ogW4P-A,4
0SKlqy4tEUo,UC3QFis16K3OvRO-3magXLwg,4
TcxNtyIzRhQ,UCF3gRq4LbNVVR8QfFUyyTCg,4
50W5oTZ7_CY,UCaX76ChBGYNPlcTEGIJSqig,4
vqwMFgkAeIE,UCF3gRq4LbNVVR8QfFUyyTCg,4
6UtCxGXyzBY,UCCiEKK4835FTejF4ogW4P-A,4
Y32_CVLoU8Q,UCCiEKK4835FTejF4ogW4P-A,4
rkPM4FDOQM4,UC95VQDMjwvr7GsejfIdS6GQ,4
3Mt1ogS5SPk,UCCiEKK4835FTejF4ogW4P-A,4
4xPD89-OKLo,UCOb-ws0S8DmfU4nq4M4z6Rw,4
9fR9v7FjM-g,UCVZ9t0crMOnaOTz2WyWTmSA,4
PGM5kIOEVQM,UCXMwCQVey4PhdWFJ6WhAVhA,4
PjpdOs6Lhfk,UCQ2ni-j9Hbtbzt9FytvkBUQ,4
7_an6M2c8cE,UCOb-ws0S8DmfU4nq4M4z6Rw,4
bcUdfNajmkg,UCaX76ChBGYNPlcTEGIJSqig,4
16DWb60E20g,UCF3gRq4LbNVVR8QfFUyyTCg,4
aFOc_UmO1TM,UCCiEKK4835FTejF4ogW4P-A,4
qPMy5UdKpiM,UCfHi2LIb2D4f1hYzX5de0IA,4
u66ibSQwHZ4,UCQ2ni-j9Hbtbzt9FytvkBUQ,4
Mzg-GgHOG4c,UCF3gRq4LbNVVR8QfFUyyTCg,4
l-znohGUNn8,UCCiEKK4835FTejF4ogW4P-A,4
FaUewQqahA4,UCiVJZlfcmWMUiXv5oywnDhQ,4
qibQunhWNYg,UCQ2ni-j9Hbtbzt9FytvkBUQ,4
ZIw7NMg6ZEs,UC261_KcN9A6EIie_Rq0vlWg,4
uVzhMOQiV1I,UCaX76ChBGYNPlcTEGIJSqig,4
Nv8thA0jD2o,UCVZ9t0crMOnaOTz2WyWTmSA,4
JieV59x1B0E,UCQ2ni-j9Hbtbzt9FytvkBUQ,4
5daZHZBEBtU,UCF3gRq4LbNVVR8QfFUyyTCg,4
PsGChJ8SJZ4,UCfHi2LIb2D4f1hYzX5de0IA,4
ONM_FHDKliI,UCQ2ni-j9Hbtbzt9FytvkBUQ,4
6VrbYTLYoQU,UCCiEKK4835FTejF4ogW4P-A,4
Lb_M_falhRw,UCCiEKK4835FTejF4ogW4P-A,4
MZfO2QoVC9g,UCOb-ws0S8DmfU4nq4M4z6Rw,4
wNoM0d55xOo,UCQ2ni-j9Hbtbzt9FytvkBUQ,4
z85VC7THVfs,UCVZ9t0crMOnaOTz2WyWTmSA,4
P5an0AE5z7o,UC2hm5rD_IrfYRMfq5YQudgA,4
jkGG8ScPsWo,UCOb-ws0S8DmfU4nq4M4z6Rw,4
V-lIkz3Ys_g,UCQ2ni-j9Hbtbzt9FytvkBUQ,4
O8aKYyLb2dA,UCaX76ChBGYNPlcTEGIJSqig,4
ExWWL3_GKfE,UCF3gRq4LbNVVR8QfFUyyTCg,4
BpvLCNXAiUw,UCCiEKK4835FTejF4ogW4P-A,4
C8qa5W5lnLY,UCCiEKK4835FTejF4ogW4P-A,4
0-34tQ2YMIg,UCQ2ni-j9Hbtbzt9FytvkBUQ,4
_JxGb6C0PwY,UCQ2ni-j9Hbtbzt9FytvkBUQ,4
Zl5eKzjmE7I,UCF3gRq4LbNVVR8QfFUyyTCg,4
zpr07MrdzZE,UCCiEKK4835FTejF4ogW4P-A,4
CIhSrC55vL4,UCXMwCQVey4PhdWFJ6WhAVhA,4
njG0r5MBcs4,UCaX76ChBGYNPlcTEGIJSqig,4
AOKb4hfu0nQ,UCQ2ni-j9Hbtbzt9FytvkBUQ,4
e9JgW-c1P-Q,UCQ2ni-j9Hbtbzt9FytvkBUQ,4
d-0Ic18fag4,UCF3gRq4LbNVVR8QfFUyyTCg,4
DynVc8G1EBU,UCCiEKK4835FTejF4ogW4P-A,4
kLyQp0p7F7M,UCQ2ni-j9Hbtbzt9FytvkBUQ,4
2n7zGLbMVrw,UCCiEKK4835FTejF4ogW4P-A,4
sRtoxTESAfE,UCOb-ws0S8DmfU4nq4M4z6Rw,4
4uAYKLt3ZsA,UCQ2ni-j9Hbtbzt9FytvkBUQ,4
-jU5OYe66mg,UCF3gRq4LbNVVR8QfFUyyTCg,4
Han40q13k80,UCQ2ni-j9Hbtbzt9FytvkBUQ,4
kFytWKU6uEA,UCOb-ws0S8DmfU4nq4M4z6Rw,4
5NfKmPAsCEQ,UCaX76ChBGYNPlcTEGIJSqig,4
TKDUtuc9s9E,UCXMwCQVey4PhdWFJ6WhAVhA,4
47CjQPArIwU,UCOb-ws0S8DmfU4nq4M4z6Rw,4
Ven_EQjg-AY,UCF3gRq4LbNVVR8QfFUyyTCg,4
GzMaiWz-PLM,UC2hm5rD_IrfYRMfq5YQudgA,4
atLXxkZBm10,UC95VQDMjwvr7GsejfIdS6GQ,4
1vaw0rEOIrI,UCaX76ChBGYNPlcTEGIJSqig,4
Ihun2W2YkfA,UCF3gRq4LbNVVR8QfFUyyTCg,4
r-bIDXgN8NM,UCCiEKK4835FTejF4ogW4P-A,4
aIUjUFOgMWo,UC95VQDMjwvr7GsejfIdS6GQ,4
SoICIEq9Gsk,UCVZ9t0crMOnaOTz2WyWTmSA,4
NqWZETvxz8E,UCXMwCQVey4PhdWFJ6WhAVhA,4
86ZSXHh6Mxw,UCXMwCQVey4PhdWFJ6WhAVhA,4
XgCTZIdUonY,UCaX76ChBGYNPlcTEGIJSqig,4
ziVhNg5gcu0,UCCiEKK4835FTejF4ogW4P-A,4
Lot0Aq-loms,UC2hm5rD_IrfYRMfq5YQudgA,4
MAZbUyV5mM4,UC8b-bA_uLbZHRretA5FK_JQ,4
sep1uGf9Eys,UCOb-ws0S8DmfU4nq4M4z6Rw,4
13wuSNBYDPE,UCCiEKK4835FTejF4ogW4P-A,4
za9IXTAf6kI,UCaX76ChBGYNPlcTEGIJSqig,4
keb0Al752c8,UC261_KcN9A6EIie_Rq0vlWg,4
r15gWWgBC1I,UCCiEKK4835FTejF4ogW4P-A,4
g4SABbx3Hi0,UCOb-ws0S8DmfU4nq4M4z6Rw,4
LngjpVZ6sf4,UCCiEKK4835FTejF4ogW4P-A,4
J5HVis7SmP4,UCiVJZlfcmWMUiXv5oywnDhQ,4
Zl-pUCvFXu8,UCQ2ni-j9Hbtbzt9FytvkBUQ,4
bNeYnAq28jQ,UCOb-ws0S8DmfU4nq4M4z6Rw,4
c34L1ARj9Oc,UCaX76ChBGYNPlcTEGIJSqig,4
v6pGdEC7tsY,UCQ2ni-j9Hbtbzt9FytvkBUQ,4
rtMcosARxSA,UCfHi2LIb2D4f1hYzX5de0IA,4
AqvbGcP7BbA,UCaX76ChBGYNPlcTEGIJSqig,4
xu1gw8sQlN0,UCaX76ChBGYNPlcTEGIJSqig,4
LLVARqsoPZo,UCCiEKK4835FTejF4ogW4P-A,4
wJPcb2HEWDA,UCaX76ChBGYNPlcTEGIJSqig,4
hGqwyuBAuvw,UCOb-ws0S8DmfU4nq4M4z6Rw,4
YnnukBd17RU,UC95VQDMjwvr7GsejfIdS6GQ,4
EJMbIfJaJDU,UCaX76ChBGYNPlcTEGIJSqig,4
j_NYLE1CLss,UCCiEKK4835FTejF4ogW4P-A,4
Vtz_mZq3R0U,UCVZ9t0crMOnaOTz2WyWTmSA,4
P6n_rSloACw,UCOb-ws0S8DmfU4nq4M4z6Rw,4
VrXyDaLAP20,UCQ2ni-j9Hbtbzt9FytvkBUQ,4
vTS_DvVfrxI,UCOb-ws0S8DmfU4nq4M4z6Rw,4
ZqIKJ_3BHnw,UC261_KcN9A6EIie_Rq0vlWg,4
v9t-kUm99AA,UCaX76ChBGYNPlcTEGIJSqig,4
MWyBmEdegw4,UCXMwCQVey4PhdWFJ6WhAVhA,4
QrLciMYfZmA,UCaX76ChBGYNPlcTEGIJSqig,4
5xyCr9k58IY,UCCiEKK4835FTejF4ogW4P-A,4
FzZ6GFtxeis,UCXMwCQVey4PhdWFJ6WhAVhA,4
GCCe4l7qflk,UCOb-ws0S8DmfU4nq4M4z6Rw,4
QFwuRBPKdlc,UCfHi2LIb2D4f1hYzX5de0IA,4
_u2i2SrqPx8,UCOb-ws0S8DmfU4nq4M4z6Rw,4
3NGq_088S9Y,UC2hm5rD_IrfYRMfq5YQudgA,4
F3MGzLOQaIA,UCOb-ws0S8DmfU4nq4M4z6Rw,4
buWDT53LD6U,UCaX76ChBGYNPlcTEGIJSqig,4
peO9oIvbloc,UCVZ9t0crMOnaOTz2WyWTmSA,4
-dMFUM0mU10,UCiVJZlfcmWMUiXv5oywnDhQ,4
Rl7hmnFMc8k,UCCiEKK4835FTejF4ogW4P-A,4
prx_wVxyTL4,UCVZ9t0crMOnaOTz2WyWTmSA,4
C6eZw5Lt7Og,UC3QFis16K3OvRO-3magXLwg,4
NQIU75EDaW4,UC261_KcN9A6EIie_Rq0vlWg,4
1lmNV0bg6Es,UCCiEKK4835FTejF4ogW4P-A,4
0wcLwaW1qSE,UCXMwCQVey4PhdWFJ6WhAVhA,4
c22QmwxLfxY,UCaX76ChBGYNPlcTEGIJSqig,4
-uQoWZEInPs,UCCiEKK4835FTejF4ogW4P-A,4
fcRGd4sty7w,UCXMwCQVey4PhdWFJ6WhAVhA,4
CQ2Ql84WtF0,UCOb-ws0S8DmfU4nq4M4z6Rw,4
vqIDLFPEUKI,UCCiEKK4835FTejF4ogW4P-A,4
f7eJXBVKw38,UCXMwCQVey4PhdWFJ6WhAVhA,4
9LBKBkuRLlY,UCOb-ws0S8DmfU4nq4M4z6Rw,4
kF8lPcEFk1c,UC95VQDMjwvr7GsejfIdS6GQ,4
_0bh7ciyDuw,UCCiEKK4835FTejF4ogW4P-A,4
AEiLBwast5I,UCCiEKK4835FTejF4ogW4P-A,4
fmL35-0mw5A,UC3QFis16K3OvRO-3magXLwg,4
SN16bBrqvXU,UCXMwCQVey4PhdWFJ6WhAVhA,4
FWQRpBDd3kM,UCaX76ChBGYNPlcTEGIJSqig,4
csB-hdPHY_w,UC261_KcN9A6EIie_Rq0vlWg,4
S67BvITrR_I,UCOb-ws0S8DmfU4nq4M4z6Rw,4
4zik-zt7WWQ,UCXMwCQVey4PhdWFJ6WhAVhA,4
4VGEUmKlkWQ,UC3QFis16K3OvRO-3magXLwg,4
P2vT2RqFd_s,UCXMwCQVey4PhdWFJ6WhAVhA,4
d9ghzl0JOTI,UCOb-ws0S8DmfU4nq4M4z6Rw,4
DhOW7twJwx0,UC2hm5rD_IrfYRMfq5YQudgA,4
nfP1i7xIqJ4,UCCiEKK4835FTejF4ogW4P-A,4
bVf1bRc3QQw,UC3QFis16K3OvRO-3magXLwg,4
AzkMmhRU6rQ,UCaX76ChBGYNPlcTEGIJSqig,4
UQ9aqi3XhPI,UCOb-ws0S8DmfU4nq4M4z6Rw,4
SfnL71i3R3k,UCOb-ws0S8DmfU4nq4M4z6Rw,4
s8ZtTKLTaL4,UC261_KcN9A6EIie_Rq0vlWg,4
2tBwXOmiROI,UCQ2ni-j9Hbtbzt9FytvkBUQ,4
1xS4qUYcE-w,UCOb-ws0S8DmfU4nq4M4z6Rw,4
b1h290UQzLI,UCCiEKK4835FTejF4ogW4P-A,4
hMDVJNSWWiU,UC2hm5rD_IrfYRMfq5YQudgA,4
iXrSX_FG-bw,UCQ2ni-j9Hbtbzt9FytvkBUQ,4
unCqQkci64Q,UCXMwCQVey4PhdWFJ6WhAVhA,4
FP1p5G4-ysU,UCaX76ChBGYNPlcTEGIJSqig,4
SVn8d9rOuZI,UC261_KcN9A6EIie_Rq0vlWg,4
uGC0mmld2ao,UCQ2ni-j9Hbtbzt9FytvkBUQ,4
8zAWpwP5afo,UCCiEKK4835FTejF4ogW4P-A,4
h4k_4BS7nCM,UCXMwCQVey4PhdWFJ6WhAVhA,4
dLlwoTW3NfE,UC95VQDMjwvr7GsejfIdS6GQ,4
REn8HFqDWnU,UCQ2ni-j9Hbtbzt9FytvkBUQ,4
g9Q4JN_T-QE,UCOb-ws0S8DmfU4nq4M4z6Rw,4
OCi4wxO1Rls,UCaX76ChBGYNPlcTEGIJSqig,4
Q50-bfvlJgA,UCCiEKK4835FTejF4ogW4P-A,4
Xdj5Qvljm10,UCOb-ws0S8DmfU4nq4M4z6Rw,4
PHvO5MneFOw,UCXMwCQVey4PhdWFJ6WhAVhA,4
X9UYdCTX41I,UCOb-ws0S8DmfU4nq4M4z6Rw,4
R7RVewxh4oY,UCfHi2LIb2D4f1hYzX5de0IA,4
j_5PPuMrJgk,UCQ2ni-j9Hbtbzt9FytvkBUQ,4
k9CVrdFENvU,UCVZ9t0crMOnaOTz2WyWTmSA,4
t8DzswWP7IQ,UCOb-ws0S8DmfU4nq4M4z6Rw,4
1Sf437NKUPs,UCiVJZlfcmWMUiXv5oywnDhQ,4
nG6lK-eqgzI,UC261_KcN9A6EIie_Rq0vlWg,4
Z7Cee69eWFk,UC3QFis16K3OvRO-3magXLwg,4
xs7noR0hhgI,UCCiEKK4835FTejF4ogW4P-A,4
_3_JWvTSxuw,UC2hm5rD_IrfYRMfq5YQudgA,4
ptl265XPVEA,UCOb-ws0S8DmfU4nq4M4z6Rw,4
tgfgG_iPhO8,UCCiEKK4835FTejF4ogW4P-A,4
P_DsbGCc7Lw,UCOb-ws0S8DmfU4nq4M4z6Rw,4
e2-mp1_bt90,UCCiEKK4835FTejF4ogW4P-A,4
a2pxU8UxNrM,UCOb-ws0S8DmfU4nq4M4z6Rw,4
bZsLil_kiSg,UCaX76ChBGYNPlcTEGIJSqig,4
_HgB04i5CU4,UC261_KcN9A6EIie_Rq0vlWg,4
9veOi8oZnpI,UCOb-ws0S8DmfU4nq4M4z6Rw,4
ldzDTh6HC2s,UC261_KcN9A6EIie_Rq0vlWg,4
EOhsRD4NM38,UCOb-ws0S8DmfU4nq4M4z6Rw,4
Uejbb0GPj8Q,UCXMwCQVey4PhdWFJ6WhAVhA,4
q4TYrqQvOyA,UCOb-ws0S8DmfU4nq4M4z6Rw,4
gXEIgriAk9g,UCfHi2LIb2D4f1hYzX5de0IA,4
YMdHKppu768,UCXMwCQVey4PhdWFJ6WhAVhA,4
gFKfVK77tDI,UCVZ9t0crMOnaOTz2WyWTmSA,4
ZOvJ2ixVCa8,UCaX76ChBGYNPlcTEGIJSqig,4
-Dxu97g1jZ4,UCOb-ws0S8DmfU4nq4M4z6Rw,4
lFq2gjvYG1I,UCOb-ws0S8DmfU4nq4M4z6Rw,4
M3QOdlfgqh4,UC261_KcN9A6EIie_Rq0vlWg,4
63v_i32FIKs,UC3QFis16K3OvRO-3magXLwg,4
kJWTtNIhDjk,UCOb-ws0S8DmfU4nq4M4z6Rw,4
MJXY2W_64jY,UC95VQDMjwvr7GsejfIdS6GQ,4
z-zttg_XMuM,UCXMwCQVey4PhdWFJ6WhAVhA,4
IycOY_qwuPs,UCOb-ws0S8DmfU4nq4M4z6Rw,4
UDizMR5qYH4,UCaX76ChBGYNPlcTEGIJSqig,4
hO2JjnZsv_Q,UCOb-ws0S8DmfU4nq4M4z6Rw,4
0yFlIlRK0nc,UC8b-bA_uLbZHRretA5FK_JQ,4
gJKLc3-ax7I,UCOb-ws0S8DmfU4nq4M4z6Rw,4
G3zOq4F53g0,UC261_KcN9A6EIie_Rq0vlWg,4
qB2yGWbcRMI,UCXMwCQVey4PhdWFJ6WhAVhA,4
hG49RZdETf0,UCaX76ChBGYNPlcTEGIJSqig,4
WtZLADGfLx4,UCOb-ws0S8DmfU4nq4M4z6Rw,4
TjeC8NxCEio,UCXMwCQVey4PhdWFJ6WhAVhA,4
HjdXaot_AFM,UCXMwCQVey4PhdWFJ6WhAVhA,4
JrJU7RrZwKM,UCOb-ws0S8DmfU4nq4M4z6Rw,4
N88GaRJjtIE,UCaX76ChBGYNPlcTEGIJSqig,4
gh8pvNOgzPE,UC261_KcN9A6EIie_Rq0vlWg,4
zrt_N7Nb4mQ,UCVZ9t0crMOnaOTz2WyWTmSA,4
S2UJOZt8zvg,UC95VQDMjwvr7GsejfIdS6GQ,4
-YqPWM2xZ2M,UCaX76ChBGYNPlcTEGIJSqig,4
6jzqlFTbfAY,UC3QFis16K3OvRO-3magXLwg,4
AT93ii4L-Dw,UCfHi2LIb2D4f1hYzX5de0IA,4
HHzYO9MV9PI,UCfHi2LIb2D4f1hYzX5de0IA,4
pcnCsb7ax58,UCXMwCQVey4PhdWFJ6WhAVhA,4
C3sMxF53_1A,UCOb-ws0S8DmfU4nq4M4z6Rw,4
cyws9kMujnQ,UC3QFis16K3OvRO-3magXLwg,4
zxNnAoz8FNE,UCaX76ChBGYNPlcTEGIJSqig,4
Py_BYXG9Rvc,UCQ2ni-j9Hbtbzt9FytvkBUQ,4
pvlcjpFcS7o,UCfHi2LIb2D4f1hYzX5de0IA,4
FayA0FZcG84,UCOb-ws0S8DmfU4nq4M4z6Rw,4
Wpillw66BjY,UCaX76ChBGYNPlcTEGIJSqig,4
ikD2oK907RU,UCOb-ws0S8DmfU4nq4M4z6Rw,4
HGjk7ImmINQ,UCfHi2LIb2D4f1hYzX5de0IA,4
OSGSROIs8cI,UCiVJZlfcmWMUiXv5oywnDhQ,4
W_cGknnUZ3A,UC261_KcN9A6EIie_Rq0vlWg,4
lHtBDOuyyJo,UCXMwCQVey4PhdWFJ6WhAVhA,4
z2vTmraPhSM,UCOb-ws0S8DmfU4nq4M4z6Rw,4
fedbt6mqvQ0,UCaX76ChBGYNPlcTEGIJSqig,4
QhDgF_RQhuA,UCfHi2LIb2D4f1hYzX5de0IA,4
HYq8StxH4uQ,UCVZ9t0crMOnaOTz2WyWTmSA,4
-zliqaq5lbo,UC2hm5rD_IrfYRMfq5YQudgA,4
hLCjMY0KfXY,UCfHi2LIb2D4f1hYzX5de0IA,4
N-17LZQGSCE,UC261_KcN9A6EIie_Rq0vlWg,4
W0HAqjbcLb4,UC3QFis16K3OvRO-3magXLwg,4
ko8RMgx0e44,UCOb-ws0S8DmfU4nq4M4z6Rw,4
6bUBN1bWhoM,UC95VQDMjwvr7GsejfIdS6GQ,4
sw3QbNCaZZU,UCaX76ChBGYNPlcTEGIJSqig,4
PwSM4VCGLxc,UCfHi2LIb2D4f1hYzX5de0IA,4
CBrNjhkSZic,UCQ2ni-j9Hbtbzt9FytvkBUQ,4
g5TluNAbecM,UCfHi2LIb2D4f1hYzX5de0IA,4
49zPxGkdf9g,UCOb-ws0S8DmfU4nq4M4z6Rw,4
FLgpJ9muPh8,UC261_KcN9A6EIie_Rq0vlWg,4
mjMEczndp5U,UCQ2ni-j9Hbtbzt9FytvkBUQ,4
g6x0zjdDMuE,UCaX76ChBGYNPlcTEGIJSqig,4
iPMboOt8mZw,UC2hm5rD_IrfYRMfq5YQudgA,4
ldcULk4jb4k,UCOb-ws0S8DmfU4nq4M4z6Rw,4
DZqsgbRQ_rI,UCOb-ws0S8DmfU4nq4M4z6Rw,4
6VNbPs6ur1M,UCaX76ChBGYNPlcTEGIJSqig,4
RP_LmX2fSDk,UCVZ9t0crMOnaOTz2WyWTmSA,4
sjt5QQ6zBzk,UCOb-ws0S8DmfU4nq4M4z6Rw,4
AJF-jFEQmGQ,UCfHi2LIb2D4f1hYzX5de0IA,4
avAQF-04Z6A,UC261_KcN9A6EIie_Rq0vlWg,4
HthOI1LDvFw,UC8b-bA_uLbZHRretA5FK_JQ,4
6KQZMPeJu80,UCOb-ws0S8DmfU4nq4M4z6Rw,4
n389NO5Pt3o,UC3QFis16K3OvRO-3magXLwg,4
SkrWez8i_S4,UCaX76ChBGYNPlcTEGIJSqig,4
kw4eltgPRqA,UCVZ9t0crMOnaOTz2WyWTmSA,4
yPkaIi92GrA,UCOb-ws0S8DmfU4nq4M4z6Rw,4
DyH-CJklh2g,UCVZ9t0crMOnaOTz2WyWTmSA,4
CBSc6-mJeIc,UCXMwCQVey4PhdWFJ6WhAVhA,4
vESBDQ6quIs,UCOb-ws0S8DmfU4nq4M4z6Rw,4
th7OT7zBUp8,UC261_KcN9A6EIie_Rq0vlWg,4
v5iAizqOROE,UCfHi2LIb2D4f1hYzX5de0IA,4
dlpc-qJOQgM,UC3QFis16K3OvRO-3magXLwg,4
fE8wBEbgXJk,UCaX76ChBGYNPlcTEGIJSqig,4
9LcHNjtDqaA,UCOb-ws0S8DmfU4nq4M4z6Rw,4
jj15nJa6BRI,UCOb-ws0S8DmfU4nq4M4z6Rw,4
Q9p8jUfQE0k,UCOb-ws0S8DmfU4nq4M4z6Rw,4
d3PEXyYwRkQ,UCOb-ws0S8DmfU4nq4M4z6Rw,4
jpUQEzh0108,UC261_KcN9A6EIie_Rq0vlWg,4
5z22o7FJKAQ,UCfHi2LIb2D4f1hYzX5de0IA,4
owdRp3YlOKc,UCOb-ws0S8DmfU4nq4M4z6Rw,4
frCWvb1IEb4,UCOb-ws0S8DmfU4nq4M4z6Rw,4
2j0fqol4s80,UCfHi2LIb2D4f1hYzX5de0IA,4
BBt3YCTkjec,UC261_KcN9A6EIie_Rq0vlWg,4
YISnxMg1nNM,UCiVJZlfcmWMUiXv5oywnDhQ,4
rJf9erB23BY,UC3QFis16K3OvRO-3magXLwg,4
S7Jw4gNhK-Y,UC261_KcN9A6EIie_Rq0vlWg,4
nZNQN89ywOo,UCOb-ws0S8DmfU4nq4M4z6Rw,4
aE87UqZsxuo,UCaX76ChBGYNPlcTEGIJSqig,4
WBTiBlIkJ-w,UCOb-ws0S8DmfU4nq4M4z6Rw,4
xhdHZOviydQ,UCXMwCQVey4PhdWFJ6WhAVhA,4
ScJ6-9f-7_w,UCfHi2LIb2D4f1hYzX5de0IA,4
tDPybEtJOf8,UC95VQDMjwvr7GsejfIdS6GQ,4
414Z7GMlCBU,UCdZoVLv1XHLLLJTSNcifuDQ,4
1GaqPiUndqI,UCOb-ws0S8DmfU4nq4M4z6Rw,4
vbAeQIgVhR8,UCfHi2LIb2D4f1hYzX5de0IA,4
dhDFqxVnWpU,UCOb-ws0S8DmfU4nq4M4z6Rw,4
_w6mjo0yRAs,UC2hm5rD_IrfYRMfq5YQudgA,4
BKmywImmHzw,UCOb-ws0S8DmfU4nq4M4z6Rw,4
zWAhkzjURic,UCOb-ws0S8DmfU4nq4M4z6Rw,4
rS02O9hv98w,UC3QFis16K3OvRO-3magXLwg,4
P-7BEAvXba8,UCfHi2LIb2D4f1hYzX5de0IA,4
HYGzK3I5clk,UCVZ9t0crMOnaOTz2WyWTmSA,4
a4e4gdW1OGM,UCOb-ws0S8DmfU4nq4M4z6Rw,4
ULiUWK2atvQ,UC95VQDMjwvr7GsejfIdS6GQ,4
K-R9RSk4CZo,UCOb-ws0S8DmfU4nq4M4z6Rw,4
8jCzTMH3C8Q,UCaX76ChBGYNPlcTEGIJSqig,4
F9ok57u_x9c,UCOb-ws0S8DmfU4nq4M4z6Rw,4
Ipq077GvwFY,UCOb-ws0S8DmfU4nq4M4z6Rw,4
zNSqgAVlSPE,UCfHi2LIb2D4f1hYzX5de0IA,4
TlxxbgmFCoY,UC2hm5rD_IrfYRMfq5YQudgA,4
i078nckjwQs,UCOb-ws0S8DmfU4nq4M4z6Rw,4
bTPXYk0zlQU,UCfHi2LIb2D4f1hYzX5de0IA,4
HJmR071sfls,UCOb-ws0S8DmfU4nq4M4z6Rw,4
uvsL482h2FM,UC261_KcN9A6EIie_Rq0vlWg,4
6NxWe9YHMGc,UCaX76ChBGYNPlcTEGIJSqig,4
2aecmIfhQ54,UCOb-ws0S8DmfU4nq4M4z6Rw,4
zHn-CijnJxY,UCOb-ws0S8DmfU4nq4M4z6Rw,4
XIeeCmQ6Plo,UCXMwCQVey4PhdWFJ6WhAVhA,4
xORJ6sQsMbE,UCiVJZlfcmWMUiXv5oywnDhQ,4
cMvKI0i6FXk,UCOb-ws0S8DmfU4nq4M4z6Rw,4
5IR2IK3jfmY,UC8b-bA_uLbZHRretA5FK_JQ,4
N_FuwAyog5c,UCOb-ws0S8DmfU4nq4M4z6Rw,4
jsbbLgurznk,UCaX76ChBGYNPlcTEGIJSqig,4
ENaWE4eUqxA,UCVZ9t0crMOnaOTz2WyWTmSA,4
q4oTMilGzQE,UC95VQDMjwvr7GsejfIdS6GQ,4
OaNIw1xuz3A,UCOb-ws0S8DmfU4nq4M4z6Rw,4
Z3a3uTEc8Yc,UCfHi2LIb2D4f1hYzX5de0IA,4
fYoOm48G_F0,UCXMwCQVey4PhdWFJ6WhAVhA,4
JWGv6dBMOIs,UCOb-ws0S8DmfU4nq4M4z6Rw,4
2W9AUSX0YGc,UCfHi2LIb2D4f1hYzX5de0IA,4
eYBBUyhyX0I,UCOb-ws0S8DmfU4nq4M4z6Rw,4
lrVo2X-czZE,UCOb-ws0S8DmfU4nq4M4z6Rw,4
8MrKT-ZeGCE,UC261_KcN9A6EIie_Rq0vlWg,4
4Mmd2vEcS-Q,UC3QFis16K3OvRO-3magXLwg,4
OFWqYhW5h50,UCOb-ws0S8DmfU4nq4M4z6Rw,4
qdXIG-b4cA4,UCOb-ws0S8DmfU4nq4M4z6Rw,4
ycZzG6LBucI,UCaX76ChBGYNPlcTEGIJSqig,4
f26kZcwJ84g,UCOb-ws0S8DmfU4nq4M4z6Rw,4
wKS7WkturKE,UCaX76ChBGYNPlcTEGIJSqig,4
OGbtVeq0PV8,UCfHi2LIb2D4f1hYzX5de0IA,4
HZtjpxO5rm8,UCiVJZlfcmWMUiXv5oywnDhQ,4
ffgj2XbamlQ,UC95VQDMjwvr7GsejfIdS6GQ,4
rksSYVdenRI,UCaX76ChBGYNPlcTEGIJSqig,4
f3c7phk7dA4,UCfHi2LIb2D4f1hYzX5de0IA,4
AmWem9RCoug,UC3QFis16K3OvRO-3magXLwg,4
1ba_1iWoJRM,UCOb-ws0S8DmfU4nq4M4z6Rw,4
lQtC2aGuQ9k,UC3QFis16K3OvRO-3magXLwg,4
1aq_OmkPwe4,UC261_KcN9A6EIie_Rq0vlWg,4
vloG2FTXTAU,UCOb-ws0S8DmfU4nq4M4z6Rw,4
mp88N6ItZko,UC2hm5rD_IrfYRMfq5YQudgA,4
laV4BBItOD4,UCQ2ni-j9Hbtbzt9FytvkBUQ,4
fewLeJqLmbI,UCOb-ws0S8DmfU4nq4M4z6Rw,4
mt5C5MqmcIc,UCaX76ChBGYNPlcTEGIJSqig,4
GUyoL1ZyIDo,UC95VQDMjwvr7GsejfIdS6GQ,4
brMhheASFls,UCaX76ChBGYNPlcTEGIJSqig,4
JxwH94TEqaA,UCVZ9t0crMOnaOTz2WyWTmSA,4
U4Z1_GWBb6M,UCfHi2LIb2D4f1hYzX5de0IA,4
GXu_YQBMob0,UCaX76ChBGYNPlcTEGIJSqig,4
8Hhk10l22L0,UCOb-ws0S8DmfU4nq4M4z6Rw,4
kMreTe4Cqtc,UCOb-ws0S8DmfU4nq4M4z6Rw,4
gE44K-fUQCA,UC3QFis16K3OvRO-3magXLwg,4
dCbaSKeZV0Q,UC2hm5rD_IrfYRMfq5YQudgA,4
ZJr9-7sxuGg,UCaX76ChBGYNPlcTEGIJSqig,4
GmJyZEwzZKw,UC261_KcN9A6EIie_Rq0vlWg,4
6PrCy1asJn4,UCfHi2LIb2D4f1hYzX5de0IA,4
uBxT3ruQUss,UCOb-ws0S8DmfU4nq4M4z6Rw,4
rKyI52n19Z4,UCfHi2LIb2D4f1hYzX5de0IA,4
CoBdWyxIIt4,UCOb-ws0S8DmfU4nq4M4z6Rw,4
uyCoi9I7qMY,UCaX76ChBGYNPlcTEGIJSqig,4
CI3CEdxTKmk,UCVZ9t0crMOnaOTz2WyWTmSA,4
6RZZZMaH6NA,UC3QFis16K3OvRO-3magXLwg,4
-2mmt-tt1GY,UC261_KcN9A6EIie_Rq0vlWg,4
OQN7aZXicWM,UCfHi2LIb2D4f1hYzX5de0IA,4
yLrlsB2Ha9A,UC95VQDMjwvr7GsejfIdS6GQ,4
S5IsNeTAg8A,UCaX76ChBGYNPlcTEGIJSqig,4
tXxYXCaiNCg,UCOb-ws0S8DmfU4nq4M4z6Rw,4
b9SCN2p8SvI,UCOb-ws0S8DmfU4nq4M4z6Rw,4
Jn0EweKvjWg,UCXMwCQVey4PhdWFJ6WhAVhA,4
AoSUeAKwVEE,UCOb-ws0S8DmfU4nq4M4z6Rw,4
IMLLUfpUb3s,UC3QFis16K3OvRO-3magXLwg,4
DSt4CAsg3D8,UCOb-ws0S8DmfU4nq4M4z6Rw,4
1CAbUqdyHRc,UCOb-ws0S8DmfU4nq4M4z6Rw,4
lsJQOm-6_5w,UCOb-ws0S8DmfU4nq4M4z6Rw,4
x2Y-btE1XxA,UCaX76ChBGYNPlcTEGIJSqig,4
y2UKVd2fB1c,UCfHi2LIb2D4f1hYzX5de0IA,4
3iigYtWVGDs,UCOb-ws0S8DmfU4nq4M4z6Rw,4
iTLnc7bvMVo,UCfHi2LIb2D4f1hYzX5de0IA,4
aza7mjq_w4Q,UC261_KcN9A6EIie_Rq0vlWg,4
sqKinz2lfIw,UC8b-bA_uLbZHRretA5FK_JQ,4
jYdQsLfbvxo,UC95VQDMjwvr7GsejfIdS6GQ,4
fJW6teVhkTI,UCaX76ChBGYNPlcTEGIJSqig,4
Rzkt1i4fzKY,UCfHi2LIb2D4f1hYzX5de0IA,4
vAKsXHSYP5Q,UCOb-ws0S8DmfU4nq4M4z6Rw,4
HBRH82yfVrY,UCVZ9t0crMOnaOTz2WyWTmSA,4
D7MWOZFU8xw,UC8b-bA_uLbZHRretA5FK_JQ,4
jT1fiqyHVSU,UCXMwCQVey4PhdWFJ6WhAVhA,4
Lj0Vr7xsa7g,UCOb-ws0S8DmfU4nq4M4z6Rw,4
Up4h4Pvo1uk,UC2hm5rD_IrfYRMfq5YQudgA,4
Jem_vIseQD8,UCQ2ni-j9Hbtbzt9FytvkBUQ,4
UXCRWdidgy0,UC3QFis16K3OvRO-3magXLwg,4
q1joBfsjEXc,UCaX76ChBGYNPlcTEGIJSqig,4
hsSkSCwbWvQ,UCfHi2LIb2D4f1hYzX5de0IA,4
hFspcEWAf-8,UCiVJZlfcmWMUiXv5oywnDhQ,4
Esrxplu-pKQ,UCfHi2LIb2D4f1hYzX5de0IA,4
kfy_1ZM8aGU,UCVZ9t0crMOnaOTz2WyWTmSA,4
Xk4ib6KcXqE,UCXMwCQVey4PhdWFJ6WhAVhA,4
XSC5BJ-6z0U,UCOb-ws0S8DmfU4nq4M4z6Rw,4
ABy8mlo3enE,UCaX76ChBGYNPlcTEGIJSqig,4
-crzJaZz1aQ,UC261_KcN9A6EIie_Rq0vlWg,4
oKrEdSlsHYU,UC3QFis16K3OvRO-3magXLwg,4
HDBB4OuRHVw,UCaX76ChBGYNPlcTEGIJSqig,4
kCbG1jRN13Y,UCOb-ws0S8DmfU4nq4M4z6Rw,4
kQpzzWS0Sqc,UCfHi2LIb2D4f1hYzX5de0IA,4
XfYDXK97_k0,UCaX76ChBGYNPlcTEGIJSqig,4
qJjr2KjpxHw,UCVZ9t0crMOnaOTz2WyWTmSA,4
6SPgFyIeFaU,UC261_KcN9A6EIie_Rq0vlWg,4
aVKTsX40N2U,UCOb-ws0S8DmfU4nq4M4z6Rw,4
SmyrZOwByjk,UCaX76ChBGYNPlcTEGIJSqig,4
B4qs3_V-Adc,UCXMwCQVey4PhdWFJ6WhAVhA,4
HJlCBpYcwEA,UCOb-ws0S8DmfU4nq4M4z6Rw,4
3lhq9cO_Ae4,UCaX76ChBGYNPlcTEGIJSqig,4
PpNH7LWgoXU,UCfHi2LIb2D4f1hYzX5de0IA,4
4VcSUb0lzjk,UC2hm5rD_IrfYRMfq5YQudgA,4
nPtpdPK2cIU,UCOb-ws0S8DmfU4nq4M4z6Rw,4
A9gu9RovFhw,UC261_KcN9A6EIie_Rq0vlWg,4
TeFGqZyWPb8,UCaX76ChBGYNPlcTEGIJSqig,4
ByjYlSz8IL4,UCXMwCQVey4PhdWFJ6WhAVhA,4
vWGd41gfulY,UCOb-ws0S8DmfU4nq4M4z6Rw,4
rhu6KfbCaoA,UCfHi2LIb2D4f1hYzX5de0IA,4
rMym5vWxgqg,UCaX76ChBGYNPlcTEGIJSqig,4
BrVZtD3acKk,UCQ2ni-j9Hbtbzt9FytvkBUQ,4
t27B2QMW9x0,UCOb-ws0S8DmfU4nq4M4z6Rw,4
vFx4XYbfh-Y,UC3QFis16K3OvRO-3magXLwg,4
1gQacYBT1-c,UCOb-ws0S8DmfU4nq4M4z6Rw,4
FCutKPF66wI,UCXMwCQVey4PhdWFJ6WhAVhA,4
H5o8cjGOgKA,UC261_KcN9A6EIie_Rq0vlWg,4
88duuogtwPA,UCaX76ChBGYNPlcTEGIJSqig,4
nsyEgOuj5IQ,UCQ2ni-j9Hbtbzt9FytvkBUQ,4
3bmZFCH50FM,UCaX76ChBGYNPlcTEGIJSqig,4
C3RasFS9NT0,UCVZ9t0crMOnaOTz2WyWTmSA,4
d4bq7cwW_6o,UCXMwCQVey4PhdWFJ6WhAVhA,4
jERrDYFBmAs,UCaX76ChBGYNPlcTEGIJSqig,4
88-g_mEV2ck,UC95VQDMjwvr7GsejfIdS6GQ,4
yXeyVRD8GPQ,UCaX76ChBGYNPlcTEGIJSqig,4
EOM4DyV2ANQ,UCaX76ChBGYNPlcTEGIJSqig,4
wQqtlUS9gYA,UCaX76ChBGYNPlcTEGIJSqig,4
met0t2VTvIs,UCXMwCQVey4PhdWFJ6WhAVhA,4
svuMF8sWjnc,UCOb-ws0S8DmfU4nq4M4z6Rw,4
2JeupKobOOU,UC95VQDMjwvr7GsejfIdS6GQ,4
L9iSKATs2r8,UCaX76ChBGYNPlcTEGIJSqig,4
U1P7TWOHHQc,UC261_KcN9A6EIie_Rq0vlWg,4
nntJBvkaUGo,UC3QFis16K3OvRO-3magXLwg,4
vk-I_NuNiaM,UCOb-ws0S8DmfU4nq4M4z6Rw,4
B9MtkLSAsDY,UCfHi2LIb2D4f1hYzX5de0IA,4
qrSiRFmJVOM,UCaX76ChBGYNPlcTEGIJSqig,4
jIOS7iFjbO4,UCfHi2LIb2D4f1hYzX5de0IA,4
SRLXGd2jdDs,UC2hm5rD_IrfYRMfq5YQudgA,4
7hsJB1OOvBk,UCOb-ws0S8DmfU4nq4M4z6Rw,4
NoRkgalovYQ,UCaX76ChBGYNPlcTEGIJSqig,4
tLlt09piPQU,UCaX76ChBGYNPlcTEGIJSqig,4
232XEsNxmGw,UCaX76ChBGYNPlcTEGIJSqig,4
AHS-l4_Y-nY,UCaX76ChBGYNPlcTEGIJSqig,4
K6EZWiYCW7U,UCOb-ws0S8DmfU4nq4M4z6Rw,4
7AzW43K3mOA,UCaX76ChBGYNPlcTEGIJSqig,4
Wlk7P5HR6H8,UCfHi2LIb2D4f1hYzX5de0IA,4
brpmatvZAss,UCVZ9t0crMOnaOTz2WyWTmSA,4
9SXorAEujcA,UCaX76ChBGYNPlcTEGIJSqig,4
GziFDqMgerE,UCfHi2LIb2D4f1hYzX5de0IA,4
pV9zQ-2vxs8,UCOb-ws0S8DmfU4nq4M4z6Rw,4
peHprvMVM_w,UC261_KcN9A6EIie_Rq0vlWg,4
Er6DdAnWvGU,UCaX76ChBGYNPlcTEGIJSqig,4
-UPd5pJZKNg,UCOb-ws0S8DmfU4nq4M4z6Rw,4
eBWh_9bGNcY,UC2hm5rD_IrfYRMfq5YQudgA,4
V3nxdQP6CJA,UCXMwCQVey4PhdWFJ6WhAVhA,4
7FxBTj664yo,UCOb-ws0S8DmfU4nq4M4z6Rw,4
ZaJvrljX8hs,UCaX76ChBGYNPlcTEGIJSqig,4
QOEXHEQTQMs,UCfHi2LIb2D4f1hYzX5de0IA,4
3klVhvk4lJw,UC261_KcN9A6EIie_Rq0vlWg,4
QJAbjXixUQk,UCfHi2LIb2D4f1hYzX5de0IA,4
RSxNr24i_hA,UCaX76ChBGYNPlcTEGIJSqig,4
Op_dig27BYM,UC95VQDMjwvr7GsejfIdS6GQ,4
udxYxafre60,UCOb-ws0S8DmfU4nq4M4z6Rw,4
SXK146Lg0Ec,UCaX76ChBGYNPlcTEGIJSqig,4
HjLOsFwtzGQ,UCXMwCQVey4PhdWFJ6WhAVhA,4
K_dtBaOFTa8,UCOb-ws0S8DmfU4nq4M4z6Rw,4
_nEwH4uWZ4o,UC3QFis16K3OvRO-3magXLwg,4
Pg5g50ZvuXk,UC261_KcN9A6EIie_Rq0vlWg,4
zDabZFgtwMc,UC2hm5rD_IrfYRMfq5YQudgA,4
vAfSuqyA-6g,UCOb-ws0S8DmfU4nq4M4z6Rw,4
_O_kcZ4FYsY,UCQ2ni-j9Hbtbzt9FytvkBUQ,4
TGaXPJg6zKs,UCaX76ChBGYNPlcTEGIJSqig,4
Q8LJMGeO6zQ,UC95VQDMjwvr7GsejfIdS6GQ,4
gu8Nx0gAMvw,UCaX76ChBGYNPlcTEGIJSqig,4
_Y33BoVFsKo,UCVZ9t0crMOnaOTz2WyWTmSA,4
OAI2ERONpaU,UCXMwCQVey4PhdWFJ6WhAVhA,4
cnEKu0Wh0is,UC261_KcN9A6EIie_Rq0vlWg,4
RqfK-xJRUBU,UCaX76ChBGYNPlcTEGIJSqig,4
9lTqThzFGlA,UC8b-bA_uLbZHRretA5FK_JQ,4
wKILWA2Q9lw,UCfHi2LIb2D4f1hYzX5de0IA,4
hYT2kAhmwZ0,UCaX76ChBGYNPlcTEGIJSqig,4
smzW_UWp_nU,UCXMwCQVey4PhdWFJ6WhAVhA,4
JWXoQlA0y80,UCaX76ChBGYNPlcTEGIJSqig,4
x9ft1fxi7us,UCaX76ChBGYNPlcTEGIJSqig,4
z5J7GfoFg8s,UCOb-ws0S8DmfU4nq4M4z6Rw,4
1RZP79OpAqE,UCaX76ChBGYNPlcTEGIJSqig,4
ZUd_ArpatGg,UCfHi2LIb2D4f1hYzX5de0IA,4
QQzDiHh_CBY,UC261_KcN9A6EIie_Rq0vlWg,4
k5xFAut9Dqc,UCOb-ws0S8DmfU4nq4M4z6Rw,4
n3lRSu1gvOw,UCQ2ni-j9Hbtbzt9FytvkBUQ,4
grXvuia3Vvk,UCfHi2LIb2D4f1hYzX5de0IA,4
IePMrS_GtVM,UC261_KcN9A6EIie_Rq0vlWg,4
0GSPXOLYWyk,UCaX76ChBGYNPlcTEGIJSqig,4
MNzuidlJMB8,UCVZ9t0crMOnaOTz2WyWTmSA,4
jYnbr8YCPSM,UC95VQDMjwvr7GsejfIdS6GQ,4
2qHgES8K6Hc,UCXMwCQVey4PhdWFJ6WhAVhA,4
qctR8JdmT_Q,UCaX76ChBGYNPlcTEGIJSqig,4
ceF_U3ZIqi4,UCVZ9t0crMOnaOTz2WyWTmSA,4
DWK2Ha02Fuc,UC3QFis16K3OvRO-3magXLwg,4
hL12xoddRNI,UCaX76ChBGYNPlcTEGIJSqig,4
5wJHT2-ASek,UCXMwCQVey4PhdWFJ6WhAVhA,4
KLuBPhn5nWU,UCOb-ws0S8DmfU4nq4M4z6Rw,4
9i2b9h5QszU,UC95VQDMjwvr7GsejfIdS6GQ,4
6p_b3uOz5ZA,UCaX76ChBGYNPlcTEGIJSqig,4
XVh4SO4fNT8,UC2hm5rD_IrfYRMfq5YQudgA,4
MdQQVdaWlfw,UCOb-ws0S8DmfU4nq4M4z6Rw,4
6VeI38JAt6Q,UC3QFis16K3OvRO-3magXLwg,4
YwTpzT31XFk,UC8b-bA_uLbZHRretA5FK_JQ,4
wIVpO1yUsbM,UC261_KcN9A6EIie_Rq0vlWg,4
BJ75mxn4s3U,UCaX76ChBGYNPlcTEGIJSqig,4
huy32Eh_wng,UC8b-bA_uLbZHRretA5FK_JQ,4
h1ysPnnj2E8,UCXMwCQVey4PhdWFJ6WhAVhA,4
Ws6s-3-f7dg,UCaX76ChBGYNPlcTEGIJSqig,4
7cd5ubY263U,UCfHi2LIb2D4f1hYzX5de0IA,4
3BANNJv1c5Y,UC8b-bA_uLbZHRretA5FK_JQ,4
e7qEeSyydmY,UCOb-ws0S8DmfU4nq4M4z6Rw,4
hc1lSZwLKdA,UC261_KcN9A6EIie_Rq0vlWg,4
ZNucpJvpqp8,UC3QFis16K3OvRO-3magXLwg,4
2s1DWYC2Zrc,UCaX76ChBGYNPlcTEGIJSqig,4
NPOuyPN_-gk,UC8b-bA_uLbZHRretA5FK_JQ,4
OkLZkxn5X5g,UC8b-bA_uLbZHRretA5FK_JQ,4
R9kH6UW1gBg,UCOb-ws0S8DmfU4nq4M4z6Rw,4
8uoio78zqCc,UC95VQDMjwvr7GsejfIdS6GQ,4
8k3XwHOG0Zw,UCVZ9t0crMOnaOTz2WyWTmSA,4
jtqXrhX8_DU,UCiVJZlfcmWMUiXv5oywnDhQ,4
_XNrvnByH6A,UCXMwCQVey4PhdWFJ6WhAVhA,4
Ed74PHeHbrc,UCOb-ws0S8DmfU4nq4M4z6Rw,4
0dzBpUS9K0c,UCaX76ChBGYNPlcTEGIJSqig,4
qDGncSUNqi8,UCfHi2LIb2D4f1hYzX5de0IA,4
UazhEnvGNUU,UC8b-bA_uLbZHRretA5FK_JQ,4
PcZbS6yc9K4,UCaX76ChBGYNPlcTEGIJSqig,4
psyc8GcmpoA,UCdZoVLv1XHLLLJTSNcifuDQ,4
RRrFjzzuL2s,UCfHi2LIb2D4f1hYzX5de0IA,4
aMn87xySaUY,UCdZoVLv1XHLLLJTSNcifuDQ,4
u4w0NFYrHRg,UCOb-ws0S8DmfU4nq4M4z6Rw,4
b1WCVr6KKiw,UCaX76ChBGYNPlcTEGIJSqig,4
6Dvxg_WxYSw,UCfHi2LIb2D4f1hYzX5de0IA,4
cJVGks5JzY0,UCdZoVLv1XHLLLJTSNcifuDQ,4
Mq9IaCsytRA,UCfHi2LIb2D4f1hYzX5de0IA,4
NDpZBY98Zr0,UCaX76ChBGYNPlcTEGIJSqig,4
CSOMI8s-NHg,UC261_KcN9A6EIie_Rq0vlWg,4
LOusJ3Uw9D4,UC8b-bA_uLbZHRretA5FK_JQ,4
AMtpTtSgDMY,UCXMwCQVey4PhdWFJ6WhAVhA,4
vEAZEqTFFDc,UCOb-ws0S8DmfU4nq4M4z6Rw,4
UYkksEJ0cqM,UC3QFis16K3OvRO-3magXLwg,4
CPLmINRhyls,UCfHi2LIb2D4f1hYzX5de0IA,4
YiWC2Ep4Buk,UC2hm5rD_IrfYRMfq5YQudgA,4
LbsHPxrBO6g,UCOb-ws0S8DmfU4nq4M4z6Rw,4
eceF50dpiuU,UCaX76ChBGYNPlcTEGIJSqig,4
cus-QGhhilI,UCVZ9t0crMOnaOTz2WyWTmSA,4
_UFqlJbiAWI,UC261_KcN9A6EIie_Rq0vlWg,4
iLaHKvM1Q5c,UCaX76ChBGYNPlcTEGIJSqig,4
MZTJZrfkh0E,UCfHi2LIb2D4f1hYzX5de0IA,4
AyvRi2OBwQ8,UCOb-ws0S8DmfU4nq4M4z6Rw,4
U4cCjJgeCJo,UCdZoVLv1XHLLLJTSNcifuDQ,4
j9KF_xFgIzY,UCfHi2LIb2D4f1hYzX5de0IA,4
FzdkWpKx6VU,UCOb-ws0S8DmfU4nq4M4z6Rw,4
p9s6eQ-zpLs,UCaX76ChBGYNPlcTEGIJSqig,4
EsJ0rJvHCuQ,UCOb-ws0S8DmfU4nq4M4z6Rw,4
uhkqvC2m5UA,UCaX76ChBGYNPlcTEGIJSqig,4
qiOwxfTluMA,UC8b-bA_uLbZHRretA5FK_JQ,4
T2a3qRhmR1s,UCOb-ws0S8DmfU4nq4M4z6Rw,4
gfnU-1TJkOo,UC3QFis16K3OvRO-3magXLwg,4
fckk8CkUFJ8,UCfHi2LIb2D4f1hYzX5de0IA,4
SVuMatZmgUE,UC8b-bA_uLbZHRretA5FK_JQ,4
dyH92KiBPmQ,UC8b-bA_uLbZHRretA5FK_JQ,4
toeGa1okFpE,UCXMwCQVey4PhdWFJ6WhAVhA,4
C8zTWSTfb8I,UCOb-ws0S8DmfU4nq4M4z6Rw,4
01TJFOCrlUw,UC261_KcN9A6EIie_Rq0vlWg,4
pRuynNVXABw,UCOb-ws0S8DmfU4nq4M4z6Rw,4
xZ_5-YjgeQ8,UC2hm5rD_IrfYRMfq5YQudgA,4
-ew6cu0wi4I,UCOb-ws0S8DmfU4nq4M4z6Rw,4
HmGJbDpG1H0,UCaX76ChBGYNPlcTEGIJSqig,4
stZfUPfynok,UCfHi2LIb2D4f1hYzX5de0IA,4
UUL_Prjeg5o,UCVZ9t0crMOnaOTz2WyWTmSA,4
qmzECunZySY,UCXMwCQVey4PhdWFJ6WhAVhA,4
GcJ1GVjHW28,UC8b-bA_uLbZHRretA5FK_JQ,4
8TVuwW5D_CE,UCfHi2LIb2D4f1hYzX5de0IA,4
kvMDcP1JbeY,UCaX76ChBGYNPlcTEGIJSqig,4
RAIPlyhj2V8,UCfHi2LIb2D4f1hYzX5de0IA,4
W0vYyS-1A4U,UCOb-ws0S8DmfU4nq4M4z6Rw,4
ng6gGd32mTM,UC3QFis16K3OvRO-3magXLwg,4
_rOnpr7UWBc,UCaX76ChBGYNPlcTEGIJSqig,4
WAQoioh0lP8,UCOb-ws0S8DmfU4nq4M4z6Rw,4
CffS1am6hmM,UC3QFis16K3OvRO-3magXLwg,4
LbnR0Vemc-s,UC261_KcN9A6EIie_Rq0vlWg,4
qGkrhp3sEnc,UCOb-ws0S8DmfU4nq4M4z6Rw,4
LFT_uEGoWJo,UC2hm5rD_IrfYRMfq5YQudgA,4
YzHmdakkR5w,UCaX76ChBGYNPlcTEGIJSqig,4
VBIaJ2IDx1Q,UCVZ9t0crMOnaOTz2WyWTmSA,4
6jPRbusIB-0,UCaX76ChBGYNPlcTEGIJSqig,4
MnB3NJZVGgc,UC95VQDMjwvr7GsejfIdS6GQ,4
2AXOQE3UxHY,UCXMwCQVey4PhdWFJ6WhAVhA,4
jaxI5J1y75k,UCfHi2LIb2D4f1hYzX5de0IA,4
6uKv0HM2mmE,UCOb-ws0S8DmfU4nq4M4z6Rw,4
_YqhHcjZvwY,UCdZoVLv1XHLLLJTSNcifuDQ,4
feDotz4q60s,UCfHi2LIb2D4f1hYzX5de0IA,4
7XJlTJbY89c,UCaX76ChBGYNPlcTEGIJSqig,4
t6ZhfY84Zio,UCdZoVLv1XHLLLJTSNcifuDQ,4
sWdZLfBH97A,UCOb-ws0S8DmfU4nq4M4z6Rw,4
RQ1K5PgUNAU,UC261_KcN9A6EIie_Rq0vlWg,4
aMD5OeIkIfU,UCOb-ws0S8DmfU4nq4M4z6Rw,4
kX5I1tXEOtE,UCVZ9t0crMOnaOTz2WyWTmSA,4
UtnpxXZBJxg,UCaX76ChBGYNPlcTEGIJSqig,4
Re8d3oB1PqI,UC8b-bA_uLbZHRretA5FK_JQ,4
uF3FVFfkE7I,UCOb-ws0S8DmfU4nq4M4z6Rw,4
LYC44KN8zQw,UCaX76ChBGYNPlcTEGIJSqig,4
7T6N0VHyyUA,UCfHi2LIb2D4f1hYzX5de0IA,4
vjKwaLwX8Yo,UCiVJZlfcmWMUiXv5oywnDhQ,4
D-ePJt6rNnE,UCOb-ws0S8DmfU4nq4M4z6Rw,4
vv095mVgVDc,UCaX76ChBGYNPlcTEGIJSqig,4
M4GcLH9zIBY,UCdZoVLv1XHLLLJTSNcifuDQ,4
UX5PvVSX70E,UCOb-ws0S8DmfU4nq4M4z6Rw,4
4lEYpk8_OZc,UC3QFis16K3OvRO-3magXLwg,4
wWAtv0ILUls,UCdZoVLv1XHLLLJTSNcifuDQ,4
4zw9WzkveYE,UCOb-ws0S8DmfU4nq4M4z6Rw,4
mZSlIVGJHd0,UC261_KcN9A6EIie_Rq0vlWg,4
f0nwq2cCjtI,UCaX76ChBGYNPlcTEGIJSqig,4
eVuLljNa4Mk,UCdZoVLv1XHLLLJTSNcifuDQ,4
eRQasEvQIb0,UCOb-ws0S8DmfU4nq4M4z6Rw,4
OOjiMLr1exw,UCVZ9t0crMOnaOTz2WyWTmSA,4
KzOV75t6Hqc,UCdZoVLv1XHLLLJTSNcifuDQ,4
JbWlLcCmwx4,UCaX76ChBGYNPlcTEGIJSqig,4
lN3yanTkM2k,UCdZoVLv1XHLLLJTSNcifuDQ,4
E4RLwW1KRm8,UCaX76ChBGYNPlcTEGIJSqig,4
n9JU6oR7QuI,UCdZoVLv1XHLLLJTSNcifuDQ,4
o9Lxburc5rA,UCOb-ws0S8DmfU4nq4M4z6Rw,4
xK5qRZ5uMl8,UCaX76ChBGYNPlcTEGIJSqig,4
bxdHOqBSYkg,UCdZoVLv1XHLLLJTSNcifuDQ,4
1aUjimcwBTA,UCaX76ChBGYNPlcTEGIJSqig,4
x4k-JArs7AE,UCfHi2LIb2D4f1hYzX5de0IA,4
70WNA4b-fBw,UCdZoVLv1XHLLLJTSNcifuDQ,4
UJu2ul8d5hY,UCOb-ws0S8DmfU4nq4M4z6Rw,4
AVA19TfFB_w,UC261_KcN9A6EIie_Rq0vlWg,4
mdd7ZaJAz8o,UCdZoVLv1XHLLLJTSNcifuDQ,4
SZQ0QjoGULQ,UCVZ9t0crMOnaOTz2WyWTmSA,4
iuDE0ks78i8,UCdZoVLv1XHLLLJTSNcifuDQ,4
trQ5eU3RHh0,UCOb-ws0S8DmfU4nq4M4z6Rw,4
4XdZtV1t8r0,UCaX76ChBGYNPlcTEGIJSqig,4
hRboXm4jwkQ,UCaX76ChBGYNPlcTEGIJSqig,4
SXLRhXVrud8,UCdZoVLv1XHLLLJTSNcifuDQ,4
8vrVVe1goyA,UCOb-ws0S8DmfU4nq4M4z6Rw,4
NrfHEelAlN4,UCdZoVLv1XHLLLJTSNcifuDQ,4
Fsm8kkCuPK4,UCaX76ChBGYNPlcTEGIJSqig,4
SAicuVDBYFQ,UCdZoVLv1XHLLLJTSNcifuDQ,4
OY_HxIQzESI,UCdZoVLv1XHLLLJTSNcifuDQ,4
OHNI38NElyM,UCaX76ChBGYNPlcTEGIJSqig,4
u5Z0dHSAIro,UCdZoVLv1XHLLLJTSNcifuDQ,4
I5G-b-u_-Cw,UCfHi2LIb2D4f1hYzX5de0IA,4
XsL5TkkdSNA,UCaX76ChBGYNPlcTEGIJSqig,4
ym1JGUsHUDg,UCVZ9t0crMOnaOTz2WyWTmSA,4
L3uW0BL3DsU,UCdZoVLv1XHLLLJTSNcifuDQ,4
gq1b-tSSagY,UCOb-ws0S8DmfU4nq4M4z6Rw,4
eJzwqJ7X2OE,UCdZoVLv1XHLLLJTSNcifuDQ,4
idOJ7nzX7To,UCOb-ws0S8DmfU4nq4M4z6Rw,4
5ncnXibJnkY,UC3QFis16K3OvRO-3magXLwg,4
9iszF7d5blY,UCaX76ChBGYNPlcTEGIJSqig,4
FX9d2mu0jHM,UCfHi2LIb2D4f1hYzX5de0IA,4
7s7BMdsRlSg,UCdZoVLv1XHLLLJTSNcifuDQ,4
VsIG1yDhJy8,UC2hm5rD_IrfYRMfq5YQudgA,4
hUF2KDWCag4,UCXMwCQVey4PhdWFJ6WhAVhA,4
DiHPCK6piCA,UCdZoVLv1XHLLLJTSNcifuDQ,4
vwn9ikybICw,UCQ2ni-j9Hbtbzt9FytvkBUQ,4
GMkKz9Xs8Ps,UCOb-ws0S8DmfU4nq4M4z6Rw,4
MuVZDsHJZ0M,UC95VQDMjwvr7GsejfIdS6GQ,4
uqfHRaVkBuw,UCdZoVLv1XHLLLJTSNcifuDQ,4
1mGtJv9f8eY,UC8b-bA_uLbZHRretA5FK_JQ,4
MY5SPThcOds,UCdZoVLv1XHLLLJTSNcifuDQ,4
BsU9_H-zYLk,UCOb-ws0S8DmfU4nq4M4z6Rw,4
_7851vOIzg8,UCfHi2LIb2D4f1hYzX5de0IA,4
V1sVcVN5Ce8,UCdZoVLv1XHLLLJTSNcifuDQ,4
9yQMCSS1yMw,UCdZoVLv1XHLLLJTSNcifuDQ,4
jRd2tXD4m6c,UC8b-bA_uLbZHRretA5FK_JQ,4
njjU0VUkNu8,UCdZoVLv1XHLLLJTSNcifuDQ,4
oOqDCfPZhIc,UCiVJZlfcmWMUiXv5oywnDhQ,4
EvDpKOrqMc4,UC261_KcN9A6EIie_Rq0vlWg,4
jJR8vbRzlrY,UCVZ9t0crMOnaOTz2WyWTmSA,4
mbEwNPG3X_k,UCOb-ws0S8DmfU4nq4M4z6Rw,4
BkzN5b1sR04,UCfHi2LIb2D4f1hYzX5de0IA,4
XyhqIz3tQKk,UCfHi2LIb2D4f1hYzX5de0IA,4
Guf6CuWTeqE,UCOb-ws0S8DmfU4nq4M4z6Rw,4
E5sv0nctEbs,UC95VQDMjwvr7GsejfIdS6GQ,4
4ovNdtrtorw,UC3QFis16K3OvRO-3magXLwg,4
cfRNN1iDb4o,UCfHi2LIb2D4f1hYzX5de0IA,4
lbrgDI3qzdE,UCOb-ws0S8DmfU4nq4M4z6Rw,4
hdgYjNIEinw,UCfHi2LIb2D4f1hYzX5de0IA,4
K_oY2On5AL0,UCfHi2LIb2D4f1hYzX5de0IA,4
ehRcQgm0O9Y,UCXMwCQVey4PhdWFJ6WhAVhA,4
nOQ3neeATkw,UCfHi2LIb2D4f1hYzX5de0IA,4
mrYeyWpUZPU,UCVZ9t0crMOnaOTz2WyWTmSA,4
rXr1x7DzaW8,UCfHi2LIb2D4f1hYzX5de0IA,4
D8oZGHsfx8g,UCfHi2LIb2D4f1hYzX5de0IA,4
nbiPDkqgCHA,UC261_KcN9A6EIie_Rq0vlWg,4
w3LpucHjrp4,UCOb-ws0S8DmfU4nq4M4z6Rw,4
8NfGXI9hcJ4,UCOb-ws0S8DmfU4nq4M4z6Rw,4
zoSZncwldmA,UC3QFis16K3OvRO-3magXLwg,4
8V3ZeAXPR9k,UCOb-ws0S8DmfU4nq4M4z6Rw,4
lMoxrfI6r9Y,UCVZ9t0crMOnaOTz2WyWTmSA,4
iS-7qwe-knA,UC2hm5rD_IrfYRMfq5YQudgA,4
yCz346ug93o,UCOb-ws0S8DmfU4nq4M4z6Rw,4
e11XnQp1THg,UC95VQDMjwvr7GsejfIdS6GQ,4
2biY2tMR5og,UCdZoVLv1XHLLLJTSNcifuDQ,4
H6zieR5dyXY,UCVZ9t0crMOnaOTz2WyWTmSA,4
A8YqwRTLHms,UCfHi2LIb2D4f1hYzX5de0IA,4
EvROIuTXsgI,UCOb-ws0S8DmfU4nq4M4z6Rw,4
Tz9pHuHko8k,UC3QFis16K3OvRO-3magXLwg,4
YgqOtl-j3zU,UC8b-bA_uLbZHRretA5FK_JQ,4
E2jGJNB00Iw,UC8b-bA_uLbZHRretA5FK_JQ,4
8GhP6wrnx6k,UCOb-ws0S8DmfU4nq4M4z6Rw,4
TB0efwJ6TZg,UC261_KcN9A6EIie_Rq0vlWg,4
bTeORTlR_QU,UC2hm5rD_IrfYRMfq5YQudgA,4
-1TOAa17ZCs,UCfHi2LIb2D4f1hYzX5de0IA,4
2tWy5qPpLhk,UCfHi2LIb2D4f1hYzX5de0IA,4
fT_upo9gXbg,UC261_KcN9A6EIie_Rq0vlWg,4
uEjPK2PvpUs,UCfHi2LIb2D4f1hYzX5de0IA,4
z_6ViqIiC2E,UCdZoVLv1XHLLLJTSNcifuDQ,4
cVwvjl-RHp4,UCfHi2LIb2D4f1hYzX5de0IA,4
JrhxlY-25Hw,UCfHi2LIb2D4f1hYzX5de0IA,4
5ebzeRo3dQI,UCdZoVLv1XHLLLJTSNcifuDQ,4
gV37-NicSow,UC3QFis16K3OvRO-3magXLwg,4
jAGVh21QjrE,UCOb-ws0S8DmfU4nq4M4z6Rw,4
jlk_ngyUpJ0,UCdZoVLv1XHLLLJTSNcifuDQ,4
RQmSChgEYE4,UCOb-ws0S8DmfU4nq4M4z6Rw,4
Q88Kb-LLLDM,UCdZoVLv1XHLLLJTSNcifuDQ,4
q4kF83sWp0I,UCiVJZlfcmWMUiXv5oywnDhQ,4
eh2d6sztHCE,UCdZoVLv1XHLLLJTSNcifuDQ,4
buiAT7ygMIE,UC8b-bA_uLbZHRretA5FK_JQ,4
cj5KNJ4ghS0,UC8b-bA_uLbZHRretA5FK_JQ,4
5ANfoItz238,UCdZoVLv1XHLLLJTSNcifuDQ,4
HC886AMkYoQ,UCXMwCQVey4PhdWFJ6WhAVhA,4
EGsjjZOV8f8,UCdZoVLv1XHLLLJTSNcifuDQ,4
EGhzVPVZbvg,UCdZoVLv1XHLLLJTSNcifuDQ,4
gLjo3i2ZWzE,UCOb-ws0S8DmfU4nq4M4z6Rw,4
f4mEAOxiGCA,UC3QFis16K3OvRO-3magXLwg,4
HFoRG79MStw,UC261_KcN9A6EIie_Rq0vlWg,4
fz1APRj1XDc,UC2hm5rD_IrfYRMfq5YQudgA,4
znLxm9Fazww,UCdZoVLv1XHLLLJTSNcifuDQ,4
mcQgstuR9-U,UCOb-ws0S8DmfU4nq4M4z6Rw,4
b5LNNE7MW4M,UC95VQDMjwvr7GsejfIdS6GQ,4
Vjrt--DuAOY,UCfHi2LIb2D4f1hYzX5de0IA,4
qMgcwDJ8csw,UCdZoVLv1XHLLLJTSNcifuDQ,4
yVzvEpZg2Qo,UCOb-ws0S8DmfU4nq4M4z6Rw,4
YpuPn3KRjXI,UCdZoVLv1XHLLLJTSNcifuDQ,4
BfjcjSh-u2A,UCiVJZlfcmWMUiXv5oywnDhQ,4
nPqvfXMd6XA,UC8b-bA_uLbZHRretA5FK_JQ,4
OS472-gtzJQ,UC8b-bA_uLbZHRretA5FK_JQ,4
WsYJAZQHSsM,UCdZoVLv1XHLLLJTSNcifuDQ,4
zLsMW3tgGsI,UCdZoVLv1XHLLLJTSNcifuDQ,4
vWS3gfwaJPM,UCdZoVLv1XHLLLJTSNcifuDQ,4
be_NLaQ6NKg,UC261_KcN9A6EIie_Rq0vlWg,4
S-_C1TbJ9HU,UCdZoVLv1XHLLLJTSNcifuDQ,4
X3VXyKkxTc4,UCQ2ni-j9Hbtbzt9FytvkBUQ,4
fjwGIEH3djQ,UCOb-ws0S8DmfU4nq4M4z6Rw,4
5rTpYTpAKWU,UCdZoVLv1XHLLLJTSNcifuDQ,4
s-L72wORd1o,UCdZoVLv1XHLLLJTSNcifuDQ,4
8aqNMVJFtC0,UCOb-ws0S8DmfU4nq4M4z6Rw,4
COChkpjJ-nI,UCdZoVLv1XHLLLJTSNcifuDQ,4
nUGtQ7Lg79s,UCXMwCQVey4PhdWFJ6WhAVhA,4
nUYij7F5Qco,UCfHi2LIb2D4f1hYzX5de0IA,4
fREhpFFF6g8,UC95VQDMjwvr7GsejfIdS6GQ,4
11JlEGKzP9U,UC261_KcN9A6EIie_Rq0vlWg,4
VBjI6EOwuHU,UCOb-ws0S8DmfU4nq4M4z6Rw,4
FG74ucAqckA,UC2hm5rD_IrfYRMfq5YQudgA,4
Fu1NAiDHVO0,UCdZoVLv1XHLLLJTSNcifuDQ,4
V2gcV6JtkIY,UC8b-bA_uLbZHRretA5FK_JQ,4
S3AV02GNDq4,UCOb-ws0S8DmfU4nq4M4z6Rw,4
2Y8DfTVc0ak,UCfHi2LIb2D4f1hYzX5de0IA,4
nqzQlrqnjrw,UCOb-ws0S8DmfU4nq4M4z6Rw,4
-tlF_G4M5rM,UCfHi2LIb2D4f1hYzX5de0IA,4
y2NDaoSh2Zw,UC8b-bA_uLbZHRretA5FK_JQ,4
lfGsgD17iiM,UCOb-ws0S8DmfU4nq4M4z6Rw,4
uQAw3dwb7JY,UCXMwCQVey4PhdWFJ6WhAVhA,4
E-0voMGKi1k,UC261_KcN9A6EIie_Rq0vlWg,4
08VwYVA2bpI,UC8b-bA_uLbZHRretA5FK_JQ,4
QNmeAyAxHLc,UC2hm5rD_IrfYRMfq5YQudgA,4
YB_nHfVCwBQ,UC8b-bA_uLbZHRretA5FK_JQ,4
Jk0Xs_c_u44,UCQ2ni-j9Hbtbzt9FytvkBUQ,4
iz2cRuH78dM,UCOb-ws0S8DmfU4nq4M4z6Rw,4
ICcJhrWGKak,UC8b-bA_uLbZHRretA5FK_JQ,4
wHVY2Hswf7s,UCfHi2LIb2D4f1hYzX5de0IA,4
Ti0GCV6xL7w,UCfHi2LIb2D4f1hYzX5de0IA,4
CSDAr3FftN0,UCXMwCQVey4PhdWFJ6WhAVhA,4
FBybbNPNbOM,UCfHi2LIb2D4f1hYzX5de0IA,4
NuztZAG9dIo,UCfHi2LIb2D4f1hYzX5de0IA,4
9QluGu4f2zA,UC8b-bA_uLbZHRretA5FK_JQ,4
8JoJlHerNPw,UC8b-bA_uLbZHRretA5FK_JQ,4
hDzwNbB0C-4,UC261_KcN9A6EIie_Rq0vlWg,4
EC_Pr2bKNl4,UC8b-bA_uLbZHRretA5FK_JQ,4
qvKp8Hf8Dtw,UC2hm5rD_IrfYRMfq5YQudgA,4
ThqWrQ5KoUE,UCfHi2LIb2D4f1hYzX5de0IA,4
JEYNkKeS9dc,UCiVJZlfcmWMUiXv5oywnDhQ,4
9OBng-dHNDs,UC8b-bA_uLbZHRretA5FK_JQ,4
NaUSsV4VUXI,UC8b-bA_uLbZHRretA5FK_JQ,4
8Zm-261V-4Q,UCVZ9t0crMOnaOTz2WyWTmSA,4
LfcCPNZ0kwk,UC3QFis16K3OvRO-3magXLwg,4
aVDdUKQx-xY,UC95VQDMjwvr7GsejfIdS6GQ,4
eERYgoFCQ_g,UCfHi2LIb2D4f1hYzX5de0IA,4
y9qdPamsnWg,UCQ2ni-j9Hbtbzt9FytvkBUQ,4
2wt2FHAMCyU,UC261_KcN9A6EIie_Rq0vlWg,4
VtLIFjZEWqc,UC2hm5rD_IrfYRMfq5YQudgA,4
sp-Wo1jL7Es,UCVZ9t0crMOnaOTz2WyWTmSA,4
gPdG_gZ6MI8,UC8b-bA_uLbZHRretA5FK_JQ,4
G8FLdS_F90w,UC2hm5rD_IrfYRMfq5YQudgA,4
tLi-ZSNIofI,UC3QFis16K3OvRO-3magXLwg,4
RJ09hmqFSQo,UC95VQDMjwvr7GsejfIdS6GQ,4
-LC0ICosFKw,UC95VQDMjwvr7GsejfIdS6GQ,4
T5EgmgSIVWw,UC261_KcN9A6EIie_Rq0vlWg,4
060-NxoGOcQ,UC95VQDMjwvr7GsejfIdS6GQ,4
dkcaDbTHyqI,UC95VQDMjwvr7GsejfIdS6GQ,4
foObfxfSk5g,UCVZ9t0crMOnaOTz2WyWTmSA,4
8GUONfAt2LE,UC8b-bA_uLbZHRretA5FK_JQ,4
C7F2pxG2OsU,UC3QFis16K3OvRO-3magXLwg,4
_FkOCDNxS4c,UCXMwCQVey4PhdWFJ6WhAVhA,4
RkbhIJUKSOc,UCQ2ni-j9Hbtbzt9FytvkBUQ,4
qdUaf3I_YDE,UC261_KcN9A6EIie_Rq0vlWg,4
ZqAguPIgDzQ,UC95VQDMjwvr7GsejfIdS6GQ,4
bfJM0PWOF_E,UCVZ9t0crMOnaOTz2WyWTmSA,4
51JmcCXM2d4,UCfHi2LIb2D4f1hYzX5de0IA,4
14vCWzif_rY,UC2hm5rD_IrfYRMfq5YQudgA,4
qx-Q_In6wOM,UC261_KcN9A6EIie_Rq0vlWg,4
GZ986QzWl2Y,UCfHi2LIb2D4f1hYzX5de0IA,4
AghQAotvBAk,UC2hm5rD_IrfYRMfq5YQudgA,4
Zr-9J5ZS7xA,UCiVJZlfcmWMUiXv5oywnDhQ,4
l0ZPz8-lJZ4,UC95VQDMjwvr7GsejfIdS6GQ,4
mn827sOh0mc,UC95VQDMjwvr7GsejfIdS6GQ,4
S77-QayPHkY,UCfHi2LIb2D4f1hYzX5de0IA,4
3uOh059ducc,UCfHi2LIb2D4f1hYzX5de0IA,4
pk3Ov_Ft0C4,UCVZ9t0crMOnaOTz2WyWTmSA,4
NfIX2xkCxBQ,UC95VQDMjwvr7GsejfIdS6GQ,4
bQsNUdMqldc,UC261_KcN9A6EIie_Rq0vlWg,4
VoLrl1saKT0,UCfHi2LIb2D4f1hYzX5de0IA,4
rDKffG0AqsM,UC261_KcN9A6EIie_Rq0vlWg,4
qND9O9lYfWE,UC2hm5rD_IrfYRMfq5YQudgA,4
8WbQnNgPmWE,UCXMwCQVey4PhdWFJ6WhAVhA,4
IA9UicvWjKM,UCfHi2LIb2D4f1hYzX5de0IA,4
Qb4F8rArVsY,UC8b-bA_uLbZHRretA5FK_JQ,4
m-dvENphSmU,UCXMwCQVey4PhdWFJ6WhAVhA,4
6ZHMs2NmDfA,UCVZ9t0crMOnaOTz2WyWTmSA,4
tZxAsg61acM,UCQ2ni-j9Hbtbzt9FytvkBUQ,4
r3qy9BjhQVA,UC261_KcN9A6EIie_Rq0vlWg,4
7hGuH72tzBM,UC2hm5rD_IrfYRMfq5YQudgA,4
dmlronwvdIA,UC95VQDMjwvr7GsejfIdS6GQ,4
mZLHP8PN8Cg,UC95VQDMjwvr7GsejfIdS6GQ,4
CNkOv0LP5Ok,UC95VQDMjwvr7GsejfIdS6GQ,4
t26sZ3IFrSc,UC8b-bA_uLbZHRretA5FK_JQ,4
S4Nttk-HoX4,UC95VQDMjwvr7GsejfIdS6GQ,4
WAKBYRDEZ2U,UC95VQDMjwvr7GsejfIdS6GQ,4
TDoQUC-iA8M,UCiVJZlfcmWMUiXv5oywnDhQ,4
A8sWPV2DvbY,UCVZ9t0crMOnaOTz2WyWTmSA,4
3l3G76duaI0,UC95VQDMjwvr7GsejfIdS6GQ,4
Hz3q7RO8kUY,UC95VQDMjwvr7GsejfIdS6GQ,4
dfsxqAykp7E,UC95VQDMjwvr7GsejfIdS6GQ,4
lMT6p_ZmTJ4,UC8b-bA_uLbZHRretA5FK_JQ,4
gSCdQ2PgKRE,UC2hm5rD_IrfYRMfq5YQudgA,4
WY3uHpGXY8Q,UC95VQDMjwvr7GsejfIdS6GQ,4
ovcoKJYZRgs,UC95VQDMjwvr7GsejfIdS6GQ,4
bTx8ykWqiNs,UC95VQDMjwvr7GsejfIdS6GQ,4
scJlEsbxML8,UC3QFis16K3OvRO-3magXLwg,4
V6fnqq5Rq_w,UC95VQDMjwvr7GsejfIdS6GQ,4
eJ9cp6cdOFM,UC95VQDMjwvr7GsejfIdS6GQ,4
YAjOQHizUrE,UC95VQDMjwvr7GsejfIdS6GQ,4
qbaUPQduuJQ,UC261_KcN9A6EIie_Rq0vlWg,4
Q38VmZI-oe8,UC95VQDMjwvr7GsejfIdS6GQ,4
cI8Ra1VF55s,UCfHi2LIb2D4f1hYzX5de0IA,4
6dhrn9snpsA,UC2hm5rD_IrfYRMfq5YQudgA,4
9_k8LLY2jfE,UC95VQDMjwvr7GsejfIdS6GQ,4
85YDiD6hMRU,UC8b-bA_uLbZHRretA5FK_JQ,4
41FwxCMJlFA,UC8b-bA_uLbZHRretA5FK_JQ,4
0-QJtfFGkCM,UC95VQDMjwvr7GsejfIdS6GQ,4
dXoRRzsutwM,UC95VQDMjwvr7GsejfIdS6GQ,4
sWbJO8jqPdQ,UCfHi2LIb2D4f1hYzX5de0IA,4
JOrQ7OnPmUg,UC8b-bA_uLbZHRretA5FK_JQ,4
SAS8KArGxtY,UC2hm5rD_IrfYRMfq5YQudgA,4
Puu9Jgd9jcw,UC8b-bA_uLbZHRretA5FK_JQ,4
r8HFFtGh_JU,UCVZ9t0crMOnaOTz2WyWTmSA,4
OWVc40q2FZ0,UC95VQDMjwvr7GsejfIdS6GQ,4
9v1n5qe4Tbc,UC95VQDMjwvr7GsejfIdS6GQ,4
TRu9JKR2jGk,UC261_KcN9A6EIie_Rq0vlWg,4
cRhQk1Wg7Tc,UC95VQDMjwvr7GsejfIdS6GQ,4
vMiBQA3GLUI,UC8b-bA_uLbZHRretA5FK_JQ,4
m_8YV9InrKw,UCfHi2LIb2D4f1hYzX5de0IA,4
dVQX8hflz_Y,UC8b-bA_uLbZHRretA5FK_JQ,4
eLthYflPpC4,UC95VQDMjwvr7GsejfIdS6GQ,4
UhSl4WUrN3E,UC95VQDMjwvr7GsejfIdS6GQ,4
AocUBP47y2Y,UCfHi2LIb2D4f1hYzX5de0IA,4
ZCk-vFctpE0,UC8b-bA_uLbZHRretA5FK_JQ,4
6Bp6IANbcRg,UC95VQDMjwvr7GsejfIdS6GQ,4
q93u4203zbY,UC95VQDMjwvr7GsejfIdS6GQ,4
N0TRsT2T4wg,UC95VQDMjwvr7GsejfIdS6GQ,4
x-CZvkwdrkQ,UC261_KcN9A6EIie_Rq0vlWg,4
riHu0rcr-7o,UCfHi2LIb2D4f1hYzX5de0IA,4
rGhbezZzq8Y,UCVZ9t0crMOnaOTz2WyWTmSA,4
giXsohYfgpA,UC95VQDMjwvr7GsejfIdS6GQ,4
xMbU39dwgF0,UCQ2ni-j9Hbtbzt9FytvkBUQ,4
ZcWABCtnTCQ,UC95VQDMjwvr7GsejfIdS6GQ,4
75wr_8cyLMg,UC95VQDMjwvr7GsejfIdS6GQ,4
M-L2m_OC0dA,UC95VQDMjwvr7GsejfIdS6GQ,4
pgDOtM626Z0,UC95VQDMjwvr7GsejfIdS6GQ,4
DZZfwbDb6LI,UC2hm5rD_IrfYRMfq5YQudgA,4
fNV_i2bXFA8,UC95VQDMjwvr7GsejfIdS6GQ,4
kJQREFurLCA,UC95VQDMjwvr7GsejfIdS6GQ,4
jzhwk9_pXp0,UCfHi2LIb2D4f1hYzX5de0IA,4
2fhn2WmTaj4,UC95VQDMjwvr7GsejfIdS6GQ,4
-TjAjETJ5kU,UC261_KcN9A6EIie_Rq0vlWg,4
hfLdqR-LGIw,UCfHi2LIb2D4f1hYzX5de0IA,4
auogI_M1UMc,UCfHi2LIb2D4f1hYzX5de0IA,4
93HKWMTC37Q,UC95VQDMjwvr7GsejfIdS6GQ,4
fsYJ3B5G2Zc,UC8b-bA_uLbZHRretA5FK_JQ,4
EowMz2uyehM,UCfHi2LIb2D4f1hYzX5de0IA,4
QhKnfWbkrHI,UCfHi2LIb2D4f1hYzX5de0IA,4
_Y76XeQtvNA,UCfHi2LIb2D4f1hYzX5de0IA,4
u3Itj5e6cOs,UC261_KcN9A6EIie_Rq0vlWg,4
OedtiRGSMwI,UCfHi2LIb2D4f1hYzX5de0IA,4
xvTKgyXH1pI,UCdZoVLv1XHLLLJTSNcifuDQ,4
INvE96IdDRk,UC261_KcN9A6EIie_Rq0vlWg,4
xtemyefmias,UCfHi2LIb2D4f1hYzX5de0IA,4
WqaG0P-nBhc,UCdZoVLv1XHLLLJTSNcifuDQ,4
KdbrJD0nUOM,UCfHi2LIb2D4f1hYzX5de0IA,4
rLH5cD76AEI,UCfHi2LIb2D4f1hYzX5de0IA,4
6WC80_cM_sQ,UCdZoVLv1XHLLLJTSNcifuDQ,4
IbSBPLlW6-4,UC2hm5rD_IrfYRMfq5YQudgA,4
BnCRtF-PbME,UC3QFis16K3OvRO-3magXLwg,4
mtNkF3-AHgg,UCdZoVLv1XHLLLJTSNcifuDQ,4
3SZ4DA8RK70,UCdZoVLv1XHLLLJTSNcifuDQ,4
u85yBXDbWic,UCdZoVLv1XHLLLJTSNcifuDQ,4
MXlsDBopvVA,UC8b-bA_uLbZHRretA5FK_JQ,4
88NqXX1QUo4,UCfHi2LIb2D4f1hYzX5de0IA,4
_-M-kENYPn4,UCdZoVLv1XHLLLJTSNcifuDQ,4
YyAIfCX6nlk,UC95VQDMjwvr7GsejfIdS6GQ,4
uMODXMbqlk4,UCfHi2LIb2D4f1hYzX5de0IA,4
IRwedxuHdY4,UCfHi2LIb2D4f1hYzX5de0IA,4
55RxlZxRTlg,UCXMwCQVey4PhdWFJ6WhAVhA,4
bCRdeVgRLxY,UCdZoVLv1XHLLLJTSNcifuDQ,4
rVuKNoAVe9Q,UCQ2ni-j9Hbtbzt9FytvkBUQ,4
uOrI9mSWoHY,UCdZoVLv1XHLLLJTSNcifuDQ,4
cxRsv9VDBsQ,UC261_KcN9A6EIie_Rq0vlWg,4
9ceo5iXev9A,UC8b-bA_uLbZHRretA5FK_JQ,4
i4dlOe2F6Do,UC8b-bA_uLbZHRretA5FK_JQ,4
LfRvFi6eH7Q,UCdZoVLv1XHLLLJTSNcifuDQ,4
22akAp-Kh0Q,UCfHi2LIb2D4f1hYzX5de0IA,4
1S1SNLWxixY,UCfHi2LIb2D4f1hYzX5de0IA,4
Vxvjbft_mAw,UCdZoVLv1XHLLLJTSNcifuDQ,4
5XC9NiGoqzw,UCdZoVLv1XHLLLJTSNcifuDQ,4
Uym87f9R24Y,UCfHi2LIb2D4f1hYzX5de0IA,4
VS_WnJdpNkU,UCdZoVLv1XHLLLJTSNcifuDQ,4
QINPEATWseI,UCVZ9t0crMOnaOTz2WyWTmSA,4
Ct4y4uK86uo,UC261_KcN9A6EIie_Rq0vlWg,4
JbmfABvxGu8,UCdZoVLv1XHLLLJTSNcifuDQ,4
ZfkU3tYnKa8,UCdZoVLv1XHLLLJTSNcifuDQ,4
4LqyfR8v2fc,UC8b-bA_uLbZHRretA5FK_JQ,4
z9t4_WMUKW4,UCVZ9t0crMOnaOTz2WyWTmSA,4
mclT6Yen_Vs,UCQ2ni-j9Hbtbzt9FytvkBUQ,4
6uMnEu1vqSg,UCdZoVLv1XHLLLJTSNcifuDQ,4
BQtoq494eAU,UCfHi2LIb2D4f1hYzX5de0IA,4
O9LCjSwcCcM,UCfHi2LIb2D4f1hYzX5de0IA,4
B3c2YvdjHN8,UC2hm5rD_IrfYRMfq5YQudgA,4
oFGbVj2HM7U,UCdZoVLv1XHLLLJTSNcifuDQ,4
5LBE6K_kISo,UCfHi2LIb2D4f1hYzX5de0IA,4
KGGKztZ8id8,UCdZoVLv1XHLLLJTSNcifuDQ,4
gprU9inVuAU,UC8b-bA_uLbZHRretA5FK_JQ,4
3yzizg7mn7I,UCdZoVLv1XHLLLJTSNcifuDQ,4
yrXTZqAbCAI,UCdZoVLv1XHLLLJTSNcifuDQ,4
ME4SDfpC7LQ,UCfHi2LIb2D4f1hYzX5de0IA,4
w4aDAtG3hbU,UCdZoVLv1XHLLLJTSNcifuDQ,4
NZ_W7DGaLqo,UCfHi2LIb2D4f1hYzX5de0IA,4
_D7Rd-r3n1I,UC3QFis16K3OvRO-3magXLwg,4
nw4P1AUmOUk,UCdZoVLv1XHLLLJTSNcifuDQ,4
C6fOCCcdhGY,UCfHi2LIb2D4f1hYzX5de0IA,4
ZSavTHZvLQI,UC95VQDMjwvr7GsejfIdS6GQ,4
OZFfpEtYKcA,UCXMwCQVey4PhdWFJ6WhAVhA,4
s0n6LGADm2I,UCQ2ni-j9Hbtbzt9FytvkBUQ,4
LnDMloI8Oo8,UC261_KcN9A6EIie_Rq0vlWg,4
uRXp_U05RZE,UCdZoVLv1XHLLLJTSNcifuDQ,4
MWhf9ztPkBc,UCfHi2LIb2D4f1hYzX5de0IA,4
YUClcREM5mg,UC2hm5rD_IrfYRMfq5YQudgA,4
-dKiSLs3uUs,UCdZoVLv1XHLLLJTSNcifuDQ,4
-RCJUu8DYv8,UC8b-bA_uLbZHRretA5FK_JQ,4
RtSVkpfmLtM,UCdZoVLv1XHLLLJTSNcifuDQ,4
OCD6fhUu20w,UC95VQDMjwvr7GsejfIdS6GQ,4
PfgUthn9wAc,UCVZ9t0crMOnaOTz2WyWTmSA,4
aCd5uXWVv_A,UCfHi2LIb2D4f1hYzX5de0IA,4
xdydspEDICw,UCdZoVLv1XHLLLJTSNcifuDQ,4
bdWcnLafns4,UCfHi2LIb2D4f1hYzX5de0IA,4
cCVUPmkCrfU,UCfHi2LIb2D4f1hYzX5de0IA,4
b4OgOfUYJMA,UCdZoVLv1XHLLLJTSNcifuDQ,4
YmvQGsWQbl4,UCQ2ni-j9Hbtbzt9FytvkBUQ,4
6xnAIEl7De0,UCdZoVLv1XHLLLJTSNcifuDQ,4
4gnJhQSe_8g,UC8b-bA_uLbZHRretA5FK_JQ,4
n7P_L0--0CE,UCdZoVLv1XHLLLJTSNcifuDQ,4
w-V34oHMepk,UC95VQDMjwvr7GsejfIdS6GQ,4
GbCLrVJiwQE,UCVZ9t0crMOnaOTz2WyWTmSA,4
VIGH-v0UFAY,UCQ2ni-j9Hbtbzt9FytvkBUQ,4
itTkDGhs_P0,UCdZoVLv1XHLLLJTSNcifuDQ,4
pyQdzef66U4,UC261_KcN9A6EIie_Rq0vlWg,4
ar-66Fxjzqk,UCfHi2LIb2D4f1hYzX5de0IA,4
vc7mli1aupk,UCfHi2LIb2D4f1hYzX5de0IA,4
skBeCHVrOm8,UC2hm5rD_IrfYRMfq5YQudgA,4
YwKQ8aYtW6E,UCdZoVLv1XHLLLJTSNcifuDQ,4
DqJ-plbJhDU,UCdZoVLv1XHLLLJTSNcifuDQ,4
W68j70VWQM4,UCfHi2LIb2D4f1hYzX5de0IA,4
Q_OZJxVDDD4,UCdZoVLv1XHLLLJTSNcifuDQ,4
-JD1iMVuWwI,UCfHi2LIb2D4f1hYzX5de0IA,4
o131ZGhDdU8,UCfHi2LIb2D4f1hYzX5de0IA,4
-Fqx-zyBbjU,UCfHi2LIb2D4f1hYzX5de0IA,4
NFr_KQyO3gM,UCdZoVLv1XHLLLJTSNcifuDQ,4
8XIav2hpfO8,UC8b-bA_uLbZHRretA5FK_JQ,4
XMVojCXaBuw,UC8b-bA_uLbZHRretA5FK_JQ,4
PYa8s4dsXso,UCdZoVLv1XHLLLJTSNcifuDQ,4
1Ws4Qtu4TVY,UCiVJZlfcmWMUiXv5oywnDhQ,4
SqN3NzR5ciY,UCfHi2LIb2D4f1hYzX5de0IA,4
0fBwr1-rS7s,UCfHi2LIb2D4f1hYzX5de0IA,4
tEb8Lhe9iVk,UCXMwCQVey4PhdWFJ6WhAVhA,4
SwmQioLRa-o,UCdZoVLv1XHLLLJTSNcifuDQ,4
fGcQZIEmXRE,UC3QFis16K3OvRO-3magXLwg,4
tRelnkyfgN8,UCfHi2LIb2D4f1hYzX5de0IA,4
fk9s5N9ZKoc,UCVZ9t0crMOnaOTz2WyWTmSA,4
Y6JkM0Scbwc,UC8b-bA_uLbZHRretA5FK_JQ,4
aZYGgleVS5U,UC261_KcN9A6EIie_Rq0vlWg,4
-PDQ0lLDI0A,UCdZoVLv1XHLLLJTSNcifuDQ,4
MdFN4tE8Utc,UC3QFis16K3OvRO-3magXLwg,4
jWncIRUoNCY,UC3QFis16K3OvRO-3magXLwg,4
Lo4DP-uXKkc,UC8b-bA_uLbZHRretA5FK_JQ,4
cnMenuqmuS8,UCdZoVLv1XHLLLJTSNcifuDQ,4
7gFLdTsrtEU,UC3QFis16K3OvRO-3magXLwg,4
rr65jVpKvQM,UC3QFis16K3OvRO-3magXLwg,4
tNhrnMAW5M0,UCdZoVLv1XHLLLJTSNcifuDQ,4
dQ0EgA-W0Us,UC8b-bA_uLbZHRretA5FK_JQ,4
BTkguxbOP-g,UCdZoVLv1XHLLLJTSNcifuDQ,4
S5XS9N5878o,UCVZ9t0crMOnaOTz2WyWTmSA,4
MCKti3fpySQ,UC8b-bA_uLbZHRretA5FK_JQ,4
J1w6yNHF1Wk,UC8b-bA_uLbZHRretA5FK_JQ,4
JMf2vip7tLM,UCdZoVLv1XHLLLJTSNcifuDQ,4
IoXwa-xZ4A4,UC8b-bA_uLbZHRretA5FK_JQ,4
iKJNrzXLvDc,UC8b-bA_uLbZHRretA5FK_JQ,4
BdHg_1-TnMo,UCdZoVLv1XHLLLJTSNcifuDQ,4
vB847iOzoOc,UCVZ9t0crMOnaOTz2WyWTmSA,4
zBAcqAJk-fM,UC8b-bA_uLbZHRretA5FK_JQ,4
-M943TtPZSw,UCdZoVLv1XHLLLJTSNcifuDQ,4
7narVSAWVTw,UCfHi2LIb2D4f1hYzX5de0IA,4
0VZ9QHmigYc,UC8b-bA_uLbZHRretA5FK_JQ,4
QvI-Mz8-gTE,UCdZoVLv1XHLLLJTSNcifuDQ,4
j7dHf0ke844,UC261_KcN9A6EIie_Rq0vlWg,4
WSYCK47uuTA,UC3QFis16K3OvRO-3magXLwg,4
nVjgpS1-Ngw,UC3QFis16K3OvRO-3magXLwg,4
34LK-mlF4II,UCdZoVLv1XHLLLJTSNcifuDQ,4
uljgUt3EDj4,UC8b-bA_uLbZHRretA5FK_JQ,4
1MgznErR5ag,UC3QFis16K3OvRO-3magXLwg,4
f_i1BhZ-Fak,UCfHi2LIb2D4f1hYzX5de0IA,4
lGq0iD2I0V4,UCdZoVLv1XHLLLJTSNcifuDQ,4
W7vbQKjql9A,UCVZ9t0crMOnaOTz2WyWTmSA,4
ukdIrjngVzs,UCdZoVLv1XHLLLJTSNcifuDQ,4
qPiYTxRpQdk,UCfHi2LIb2D4f1hYzX5de0IA,4
5aMYKEFdkQ4,UCdZoVLv1XHLLLJTSNcifuDQ,4
w7CBXOhOv18,UC8b-bA_uLbZHRretA5FK_JQ,4
vJcL5e2iybI,UC8b-bA_uLbZHRretA5FK_JQ,4
04sAK84SRNA,UCdZoVLv1XHLLLJTSNcifuDQ,4
yemiB6yJr14,UCVZ9t0crMOnaOTz2WyWTmSA,4
iJAJGHIxfF0,UCdZoVLv1XHLLLJTSNcifuDQ,4
_Aydt2Roldc,UC3QFis16K3OvRO-3magXLwg,4
00xmfE0GdAM,UCdZoVLv1XHLLLJTSNcifuDQ,4
pOm_pkh4PIk,UC261_KcN9A6EIie_Rq0vlWg,4
dKIryr7tvh0,UCdZoVLv1XHLLLJTSNcifuDQ,4
ulE2Dju120Q,UC8b-bA_uLbZHRretA5FK_JQ,4
5qEl4wuBdPg,UCfHi2LIb2D4f1hYzX5de0IA,4
jR_sGTzUdQg,UCVZ9t0crMOnaOTz2WyWTmSA,4
dyjECV4Qv8Q,UCdZoVLv1XHLLLJTSNcifuDQ,4
ScGC3wXwPnI,UCfHi2LIb2D4f1hYzX5de0IA,4
Qv4KgBVzdao,UCdZoVLv1XHLLLJTSNcifuDQ,4
IOlJvYLEhTs,UCfHi2LIb2D4f1hYzX5de0IA,4
9uiCAKwZRAM,UCdZoVLv1XHLLLJTSNcifuDQ,4
CkDGpxjljSc,UCfHi2LIb2D4f1hYzX5de0IA,4
u2WjesGNgd4,UCdZoVLv1XHLLLJTSNcifuDQ,4
9oJyp_fPhLg,UC95VQDMjwvr7GsejfIdS6GQ,4
nQhYGZRLzfk,UC8b-bA_uLbZHRretA5FK_JQ,4
MTOUCLfGB60,UCdZoVLv1XHLLLJTSNcifuDQ,4
VFWvAB9Q2X4,UCVZ9t0crMOnaOTz2WyWTmSA,4
rsZ9Ntt4AYI,UCQ2ni-j9Hbtbzt9FytvkBUQ,4
Vf8aQmX0AoM,UCdZoVLv1XHLLLJTSNcifuDQ,4
aVPCYryk4Lk,UCfHi2LIb2D4f1hYzX5de0IA,4
mSKm5bgPPZA,UCdZoVLv1XHLLLJTSNcifuDQ,4
vIgJVtm6xXs,UC8b-bA_uLbZHRretA5FK_JQ,4
gzgX9G5N9Uo,UCVZ9t0crMOnaOTz2WyWTmSA,4
tsOlZQpSlok,UCdZoVLv1XHLLLJTSNcifuDQ,4
TkzXovg-gC8,UC8b-bA_uLbZHRretA5FK_JQ,4
syFzA5o7etY,UCdZoVLv1XHLLLJTSNcifuDQ,4
d6lVl4LsOc8,UC8b-bA_uLbZHRretA5FK_JQ,4
6gYqP6asNVU,UC8b-bA_uLbZHRretA5FK_JQ,4
VUr6MU3WUiU,UCdZoVLv1XHLLLJTSNcifuDQ,4
S4lJTYqG2LU,UCdZoVLv1XHLLLJTSNcifuDQ,4
eRMDEM2fodU,UC95VQDMjwvr7GsejfIdS6GQ,4
IZI11uqckeM,UCfHi2LIb2D4f1hYzX5de0IA,4
84OjxqcUdRk,UCVZ9t0crMOnaOTz2WyWTmSA,4
4BZ61fDATmw,UCdZoVLv1XHLLLJTSNcifuDQ,4
OYfswIXw-xc,UCXMwCQVey4PhdWFJ6WhAVhA,4
VdmGds8JUfI,UCfHi2LIb2D4f1hYzX5de0IA,4
3mtDfpryzhc,UCdZoVLv1XHLLLJTSNcifuDQ,4
INYj4MYcGQI,UC8b-bA_uLbZHRretA5FK_JQ,4
nVqH-Ey6pbc,UC261_KcN9A6EIie_Rq0vlWg,4
vg_JNIBLhIo,UCdZoVLv1XHLLLJTSNcifuDQ,4
Ya3aeArX3os,UC2hm5rD_IrfYRMfq5YQudgA,4
1sRr5hUr1NM,UC8b-bA_uLbZHRretA5FK_JQ,4
4m8wyU-7ulE,UC8b-bA_uLbZHRretA5FK_JQ,4
iMdRwhx5_s8,UC8b-bA_uLbZHRretA5FK_JQ,4
4nT_pPVAGzE,UC8b-bA_uLbZHRretA5FK_JQ,4
kgJvSbkLgr8,UCdZoVLv1XHLLLJTSNcifuDQ,4
7w8H0U0QfIY,UCfHi2LIb2D4f1hYzX5de0IA,4
CXI7wgN4xsc,UCdZoVLv1XHLLLJTSNcifuDQ,4
N4lSx55DTZE,UCdZoVLv1XHLLLJTSNcifuDQ,4
zaqQYg2a3Tw,UCdZoVLv1XHLLLJTSNcifuDQ,4
b-EerHpxL2Q,UCdZoVLv1XHLLLJTSNcifuDQ,4
4zzmqQc8h_M,UC3QFis16K3OvRO-3magXLwg,4
g8LVlfP1qIY,UC8b-bA_uLbZHRretA5FK_JQ,4
cXeNi3xcBt4,UC8b-bA_uLbZHRretA5FK_JQ,4
uzJNweMHfIY,UCdZoVLv1XHLLLJTSNcifuDQ,4
v22PUmA58KI,UC8b-bA_uLbZHRretA5FK_JQ,4
rFjz-xO1-Y8,UC8b-bA_uLbZHRretA5FK_JQ,4
Z5SVZA99IdQ,UC261_KcN9A6EIie_Rq0vlWg,4
nP1nU82qQSw,UCfHi2LIb2D4f1hYzX5de0IA,4
cj78u1_sAnE,UC2hm5rD_IrfYRMfq5YQudgA,4
DLopBOOh2Go,UCdZoVLv1XHLLLJTSNcifuDQ,4
OyvWSQMT6zo,UCfHi2LIb2D4f1hYzX5de0IA,4
9RuD0xqH7T8,UCdZoVLv1XHLLLJTSNcifuDQ,4
ZjN275gnSgE,UCdZoVLv1XHLLLJTSNcifuDQ,4
H91ONaVGiS0,UCfHi2LIb2D4f1hYzX5de0IA,4
GyvsXEzih0Q,UCdZoVLv1XHLLLJTSNcifuDQ,4
xTo8Y8TiX9s,UCdZoVLv1XHLLLJTSNcifuDQ,4
r7hrk4f0zDY,UC8b-bA_uLbZHRretA5FK_JQ,4
lnFW4zlA374,UC8b-bA_uLbZHRretA5FK_JQ,4
pOhys4B0exE,UC8b-bA_uLbZHRretA5FK_JQ,4
HF9T0kBpqHA,UC8b-bA_uLbZHRretA5FK_JQ,4
IOvdLvGDKp0,UCdZoVLv1XHLLLJTSNcifuDQ,4
6s12eMf3ihc,UCdZoVLv1XHLLLJTSNcifuDQ,4
vyPF24xPJuk,UC8b-bA_uLbZHRretA5FK_JQ,4
Ir__IuIRmJc,UC8b-bA_uLbZHRretA5FK_JQ,4
sn_bzcJgDH8,UCdZoVLv1XHLLLJTSNcifuDQ,4
x-x7yV2DbV4,UC8b-bA_uLbZHRretA5FK_JQ,4
TbpHgNR64Ow,UCdZoVLv1XHLLLJTSNcifuDQ,4
gFa_U5rlt_E,UCfHi2LIb2D4f1hYzX5de0IA,4
iSrVBF5X74I,UCiVJZlfcmWMUiXv5oywnDhQ,4
Hp4sMZ1Gx0k,UCdZoVLv1XHLLLJTSNcifuDQ,4
2XO9JK5Q_RA,UCdZoVLv1XHLLLJTSNcifuDQ,4
gH2EW7m3CnY,UCfHi2LIb2D4f1hYzX5de0IA,4
2b4GOuHpk6s,UCdZoVLv1XHLLLJTSNcifuDQ,4
uNeHyhF1deE,UCdZoVLv1XHLLLJTSNcifuDQ,4
FseyrVjyRu8,UCVZ9t0crMOnaOTz2WyWTmSA,4
ZtapxWgPUZ8,UCQ2ni-j9Hbtbzt9FytvkBUQ,4
M6-SOqMUUTg,UCdZoVLv1XHLLLJTSNcifuDQ,4
5za9VJTyCjg,UC261_KcN9A6EIie_Rq0vlWg,4
FTXBAjyjQEc,UCdZoVLv1XHLLLJTSNcifuDQ,4
TcVFbABLh2A,UC8b-bA_uLbZHRretA5FK_JQ,4
kOMNZOiUsF4,UCdZoVLv1XHLLLJTSNcifuDQ,4
rnW6nFEOCtY,UCfHi2LIb2D4f1hYzX5de0IA,4
n6m2Eft6OWs,UCdZoVLv1XHLLLJTSNcifuDQ,4
dHKE-ZqrO4M,UC8b-bA_uLbZHRretA5FK_JQ,4
mEzxuibSo-8,UC95VQDMjwvr7GsejfIdS6GQ,4
Z8w710kaPSc,UCfHi2LIb2D4f1hYzX5de0IA,4
Mnx3dEk74go,UCfHi2LIb2D4f1hYzX5de0IA,4
YR-lx9c-rYY,UCfHi2LIb2D4f1hYzX5de0IA,4
1n7mnNmHRcQ,UCdZoVLv1XHLLLJTSNcifuDQ,4
hrrod3jSYJk,UCfHi2LIb2D4f1hYzX5de0IA,4
F7semu2bVKE,UCfHi2LIb2D4f1hYzX5de0IA,4
pQng32p9HKI,UC8b-bA_uLbZHRretA5FK_JQ,4
4w6RDIWcdxk,UCdZoVLv1XHLLLJTSNcifuDQ,4
T8--VI9CF6o,UCfHi2LIb2D4f1hYzX5de0IA,4
oKjSMZ5GmTk,UCdZoVLv1XHLLLJTSNcifuDQ,4
T6di7DR9BIM,UC261_KcN9A6EIie_Rq0vlWg,4
Cz84WL4oONA,UCfHi2LIb2D4f1hYzX5de0IA,4
ZttKbE4DUpc,UCdZoVLv1XHLLLJTSNcifuDQ,4
J1pB2mSvuos,UCXMwCQVey4PhdWFJ6WhAVhA,4
bD8IG5136_o,UC2hm5rD_IrfYRMfq5YQudgA,4
7dU5yaVJ_uQ,UC261_KcN9A6EIie_Rq0vlWg,4
fl-n-gCHyWQ,UCdZoVLv1XHLLLJTSNcifuDQ,4
HtZbIP6vRVc,UCdZoVLv1XHLLLJTSNcifuDQ,4
Nf-7GesHUm4,UC95VQDMjwvr7GsejfIdS6GQ,4
1bGoCrOo6ig,UCdZoVLv1XHLLLJTSNcifuDQ,4
r4pigUKanM0,UCdZoVLv1XHLLLJTSNcifuDQ,4
ezSZIQaHv8o,UCfHi2LIb2D4f1hYzX5de0IA,4
ldKGGni8ry4,UCdZoVLv1XHLLLJTSNcifuDQ,4
K8VCySiHsAA,UCfHi2LIb2D4f1hYzX5de0IA,4
GX8qHvLenCw,UC261_KcN9A6EIie_Rq0vlWg,4
HxgwmclVOWU,UCfHi2LIb2D4f1hYzX5de0IA,4
gPjFQZbPTZc,UCfHi2LIb2D4f1hYzX5de0IA,4
Uxvf-ZrDYn0,UC8b-bA_uLbZHRretA5FK_JQ,4
Hjf3W50ll8A,UC8b-bA_uLbZHRretA5FK_JQ,4
IlOAhDY97Ac,UCiVJZlfcmWMUiXv5oywnDhQ,4
7U9V2Dc5UH4,UC261_KcN9A6EIie_Rq0vlWg,4
2ngKn6kisxY,UCfHi2LIb2D4f1hYzX5de0IA,4
WGWTZCMzrsk,UC8b-bA_uLbZHRretA5FK_JQ,4
NyyJhpbyK4I,UCfHi2LIb2D4f1hYzX5de0IA,4
Mp47SSi3eY4,UCfHi2LIb2D4f1hYzX5de0IA,4
aTBcrOVsIIw,UC8b-bA_uLbZHRretA5FK_JQ,4
JVmWoO651_U,UCfHi2LIb2D4f1hYzX5de0IA,4
WY_BdK2Q0y0,UCfHi2LIb2D4f1hYzX5de0IA,4
M18R0vbcV-k,UC8b-bA_uLbZHRretA5FK_JQ,4
8XciNfqVH84,UCfHi2LIb2D4f1hYzX5de0IA,4
aXd2MxNsQuY,UCQ2ni-j9Hbtbzt9FytvkBUQ,4
cEaDq64zmpc,UC261_KcN9A6EIie_Rq0vlWg,4
8jOPLidcNVc,UC95VQDMjwvr7GsejfIdS6GQ,4
n6YmFuTloFA,UC2hm5rD_IrfYRMfq5YQudgA,4
W70rj6XGklQ,UCfHi2LIb2D4f1hYzX5de0IA,4
z1fB63c8CLk,UCfHi2LIb2D4f1hYzX5de0IA,4
faSiP_chkqU,UC261_KcN9A6EIie_Rq0vlWg,4
AfPul3ZsYzk,UCfHi2LIb2D4f1hYzX5de0IA,4
3zPxAljfTl0,UC8b-bA_uLbZHRretA5FK_JQ,4
zikeonp0u_c,UC8b-bA_uLbZHRretA5FK_JQ,4
YyRbi3lPQtE,UCfHi2LIb2D4f1hYzX5de0IA,4
ZHUVZgE6Ku8,UC8b-bA_uLbZHRretA5FK_JQ,4
6oSZxqvcjOE,UCfHi2LIb2D4f1hYzX5de0IA,4
R3zejNTChjA,UCfHi2LIb2D4f1hYzX5de0IA,4
wpYIu3yhw5o,UCfHi2LIb2D4f1hYzX5de0IA,4
cglY5xINtR4,UC261_KcN9A6EIie_Rq0vlWg,4
iRp__dNStP4,UCfHi2LIb2D4f1hYzX5de0IA,4
_3sP0bJeWuo,UCfHi2LIb2D4f1hYzX5de0IA,4
_i9bjm61QPI,UCfHi2LIb2D4f1hYzX5de0IA,4
Vuunynn8lyc,UCVZ9t0crMOnaOTz2WyWTmSA,4
gw99OuRh5Fo,UCfHi2LIb2D4f1hYzX5de0IA,4
owKh8UllUr8,UC2hm5rD_IrfYRMfq5YQudgA,4
qGTjtU4kfkM,UCXMwCQVey4PhdWFJ6WhAVhA,4
m3eHIWbO7RE,UCfHi2LIb2D4f1hYzX5de0IA,4
N5Rd4QSx_Nc,UC261_KcN9A6EIie_Rq0vlWg,4
fIHgJq_c1y8,UC95VQDMjwvr7GsejfIdS6GQ,4
JOZsIx4029I,UCVZ9t0crMOnaOTz2WyWTmSA,4
DmPVFe_xxKk,UCfHi2LIb2D4f1hYzX5de0IA,4
_9aUKJwzzoU,UC3QFis16K3OvRO-3magXLwg,4
E4aQ4WOE6wk,UCfHi2LIb2D4f1hYzX5de0IA,4
aodSM0Jt2I0,UC2hm5rD_IrfYRMfq5YQudgA,4
UsDGOIlA96M,UC261_KcN9A6EIie_Rq0vlWg,4
bE1gVN_IZTg,UCfHi2LIb2D4f1hYzX5de0IA,4
8IQYX-zT0FQ,UCfHi2LIb2D4f1hYzX5de0IA,4
hi-kJEfe4bY,UCfHi2LIb2D4f1hYzX5de0IA,4
zzkVraxUSTI,UCfHi2LIb2D4f1hYzX5de0IA,4
zONM-AlaWuo,UCfHi2LIb2D4f1hYzX5de0IA,4
dGOKOYNpMjk,UC261_KcN9A6EIie_Rq0vlWg,4
BvaJvfEpchI,UCfHi2LIb2D4f1hYzX5de0IA,4
k_0knU87WSQ,UC95VQDMjwvr7GsejfIdS6GQ,4
tWStFm8XjgU,UCfHi2LIb2D4f1hYzX5de0IA,4
dy2kYDIUQT8,UCfHi2LIb2D4f1hYzX5de0IA,4
v64btk1HV8A,UC8b-bA_uLbZHRretA5FK_JQ,4
IVL5-m8CTC8,UCXMwCQVey4PhdWFJ6WhAVhA,4
bXoa4AXKASY,UCQ2ni-j9Hbtbzt9FytvkBUQ,4
kqz-w50N4J8,UC261_KcN9A6EIie_Rq0vlWg,4
643_LJUpXao,UCfHi2LIb2D4f1hYzX5de0IA,4
2bbcFrvqFCI,UCfHi2LIb2D4f1hYzX5de0IA,4
wfJZGR4J3PU,UC2hm5rD_IrfYRMfq5YQudgA,4
t-oztD9ovqw,UCfHi2LIb2D4f1hYzX5de0IA,4
Qug7MRsykZk,UCfHi2LIb2D4f1hYzX5de0IA,4
w1l0vITKgIo,UCfHi2LIb2D4f1hYzX5de0IA,4
VAT8pONf658,UC95VQDMjwvr7GsejfIdS6GQ,4
135aCF5ufOM,UCfHi2LIb2D4f1hYzX5de0IA,4
8JZ-QHuztb0,UCfHi2LIb2D4f1hYzX5de0IA,4
CoQwBDiIWgY,UCfHi2LIb2D4f1hYzX5de0IA,4
cPjFeN4PT5o,UC95VQDMjwvr7GsejfIdS6GQ,4
w5s0UK4bl4E,UCfHi2LIb2D4f1hYzX5de0IA,4
jbR4ewBkZtY,UCfHi2LIb2D4f1hYzX5de0IA,4
k8DGbsGUGZE,UCXMwCQVey4PhdWFJ6WhAVhA,4
WZBzUGSL-mk,UCVZ9t0crMOnaOTz2WyWTmSA,4
Emyj52xkez0,UC261_KcN9A6EIie_Rq0vlWg,4
STPzH0Uob54,UC2hm5rD_IrfYRMfq5YQudgA,4
-ccd469DwKw,UCfHi2LIb2D4f1hYzX5de0IA,4
69b2QyWPe2A,UCfHi2LIb2D4f1hYzX5de0IA,4
LKxQOcPTpQ0,UC261_KcN9A6EIie_Rq0vlWg,4
UnZfAQCxT7s,UC8b-bA_uLbZHRretA5FK_JQ,4
DKEfh-eZWoU,UC95VQDMjwvr7GsejfIdS6GQ,4
2KYdov2J4Kc,UCVZ9t0crMOnaOTz2WyWTmSA,4
yJmerueKgwA,UC2hm5rD_IrfYRMfq5YQudgA,4
H91SeymMhZ4,UC261_KcN9A6EIie_Rq0vlWg,4
kln9xOosSuI,UCfHi2LIb2D4f1hYzX5de0IA,4
XhP9zBVvJ_Y,UCfHi2LIb2D4f1hYzX5de0IA,4
Cm9yAkPqqig,UCiVJZlfcmWMUiXv5oywnDhQ,4
N-YAHW-35RI,UCVZ9t0crMOnaOTz2WyWTmSA,4
EgjgJEnCBPg,UC261_KcN9A6EIie_Rq0vlWg,4
F7paYgkfYEc,UCfHi2LIb2D4f1hYzX5de0IA,4
ayWK_qZZ2TQ,UC261_KcN9A6EIie_Rq0vlWg,4
nG8ZcmI6APw,UCfHi2LIb2D4f1hYzX5de0IA,4
xzww-v39KzI,UCVZ9t0crMOnaOTz2WyWTmSA,4
Bq6KXOfHEdc,UC8b-bA_uLbZHRretA5FK_JQ,4
z_G6vp1tEBQ,UCfHi2LIb2D4f1hYzX5de0IA,4
f-2p8a3fLo0,UCfHi2LIb2D4f1hYzX5de0IA,4
0uh0cQtCILI,UCXMwCQVey4PhdWFJ6WhAVhA,4
cd5yz69-mZA,UCQ2ni-j9Hbtbzt9FytvkBUQ,4
RnhzsyIqHZ0,UC8b-bA_uLbZHRretA5FK_JQ,4
sM5TKxBaq8U,UC261_KcN9A6EIie_Rq0vlWg,4
pqWkvb2fBAY,UCfHi2LIb2D4f1hYzX5de0IA,4
ock_V87OFsM,UC8b-bA_uLbZHRretA5FK_JQ,4
OtCXbOi87Og,UC8b-bA_uLbZHRretA5FK_JQ,4
mFHCw2xvvO8,UC95VQDMjwvr7GsejfIdS6GQ,4
MEy9h-2aqio,UC8b-bA_uLbZHRretA5FK_JQ,4
CQ6mC8A2RAY,UC8b-bA_uLbZHRretA5FK_JQ,4
GMr5Id1IxBw,UCiVJZlfcmWMUiXv5oywnDhQ,4
TQ5y4C0VEC0,UC2hm5rD_IrfYRMfq5YQudgA,4
bkg2BX2U_wg,UC261_KcN9A6EIie_Rq0vlWg,4
4NNcLn7zztg,UC8b-bA_uLbZHRretA5FK_JQ,4
UfRPFirdlvI,UCiVJZlfcmWMUiXv5oywnDhQ,4
7jpe_bHH3IA,UC8b-bA_uLbZHRretA5FK_JQ,4
7qcGQ32UTbk,UC8b-bA_uLbZHRretA5FK_JQ,4
F2IcZxOEqJU,UCXMwCQVey4PhdWFJ6WhAVhA,4
_IsvhRUxK_8,UC261_KcN9A6EIie_Rq0vlWg,4
9lOw8SFQtlg,UC261_KcN9A6EIie_Rq0vlWg,4
HjegRt1RhJo,UC8b-bA_uLbZHRretA5FK_JQ,4
U3i_g5Jhpbw,UC95VQDMjwvr7GsejfIdS6GQ,4
9lgbrYIUXoA,UC8b-bA_uLbZHRretA5FK_JQ,4
WpU_Fd4S1_M,UC261_KcN9A6EIie_Rq0vlWg,4
pMmW5A3_tlA,UC8b-bA_uLbZHRretA5FK_JQ,4
-spPmOaBtz4,UC8b-bA_uLbZHRretA5FK_JQ,4
m8ka6BOqgrA,UC8b-bA_uLbZHRretA5FK_JQ,4
24-F19WH3x4,UC8b-bA_uLbZHRretA5FK_JQ,4
9aTsIpwh-ng,UC261_KcN9A6EIie_Rq0vlWg,4
XkECcoZr14M,UC8b-bA_uLbZHRretA5FK_JQ,4
eE-orkXq_ds,UC8b-bA_uLbZHRretA5FK_JQ,4
FgjHpx6ZMM0,UC8b-bA_uLbZHRretA5FK_JQ,4
xtTty7udcz4,UC8b-bA_uLbZHRretA5FK_JQ,4
waHMh6kGh00,UC261_KcN9A6EIie_Rq0vlWg,4
Z8ht3QOBvZs,UC8b-bA_uLbZHRretA5FK_JQ,4
A2zHXxd8GLc,UCQ2ni-j9Hbtbzt9FytvkBUQ,4
40w6sRmJhzs,UC8b-bA_uLbZHRretA5FK_JQ,4
1MItd0CHe58,UC95VQDMjwvr7GsejfIdS6GQ,4
wvwc8cVuQvQ,UC261_KcN9A6EIie_Rq0vlWg,4
YdcfzogQsZw,UC8b-bA_uLbZHRretA5FK_JQ,4
Djrzco6O3ig,UC8b-bA_uLbZHRretA5FK_JQ,4
GDG7Bqn7RO8,UC8b-bA_uLbZHRretA5FK_JQ,4
XsnEtdSdpCw,UC3QFis16K3OvRO-3magXLwg,4
VZMQG7_PMeY,UC8b-bA_uLbZHRretA5FK_JQ,4
6ftrgzIJ290,UC261_KcN9A6EIie_Rq0vlWg,4
fhQ_8JV1NLY,UC8b-bA_uLbZHRretA5FK_JQ,4
UlH1MmoHRLA,UC8b-bA_uLbZHRretA5FK_JQ,4
i5xsaLYzz84,UC8b-bA_uLbZHRretA5FK_JQ,4
qEDZcRZr9sM,UC8b-bA_uLbZHRretA5FK_JQ,4
fKbCd1cLPLA,UC8b-bA_uLbZHRretA5FK_JQ,4
CnRMjoCaeqk,UC8b-bA_uLbZHRretA5FK_JQ,4
-3lxoTd-MCU,UC261_KcN9A6EIie_Rq0vlWg,4
3Vuk7BrXLss,UC8b-bA_uLbZHRretA5FK_JQ,4
cPubZE7WSAQ,UC8b-bA_uLbZHRretA5FK_JQ,4
sGaC9wDXMfQ,UCVZ9t0crMOnaOTz2WyWTmSA,4
nXBINicdnY4,UC8b-bA_uLbZHRretA5FK_JQ,4
y1SuNt31Gmk,UC8b-bA_uLbZHRretA5FK_JQ,4
yREEqeZRZTI,UC8b-bA_uLbZHRretA5FK_JQ,4
5-l5GtsSju0,UC8b-bA_uLbZHRretA5FK_JQ,4
gn0uOtWzccI,UC8b-bA_uLbZHRretA5FK_JQ,4
MROvDQp0m24,UC261_KcN9A6EIie_Rq0vlWg,4
r6g2lgy-tMs,UC8b-bA_uLbZHRretA5FK_JQ,4
OvWFCslmc64,UC8b-bA_uLbZHRretA5FK_JQ,4
wmAMC7Kna7A,UC8b-bA_uLbZHRretA5FK_JQ,4
9QYJ7laNRzw,UC261_KcN9A6EIie_Rq0vlWg,4
R9lhFtcYxWg,UC2hm5rD_IrfYRMfq5YQudgA,4
xtdNwPW_gFM,UC8b-bA_uLbZHRretA5FK_JQ,4
9y425VTXfzU,UC8b-bA_uLbZHRretA5FK_JQ,4
-49RSk3KRyE,UC8b-bA_uLbZHRretA5FK_JQ,4
e_1yOFuOfjA,UC8b-bA_uLbZHRretA5FK_JQ,4
rJKPSvVOun0,UC95VQDMjwvr7GsejfIdS6GQ,4
2ESKM93e-Yk,UC8b-bA_uLbZHRretA5FK_JQ,4
_e_iXuksm_A,UC261_KcN9A6EIie_Rq0vlWg,4
7WwVc8czIRY,UC8b-bA_uLbZHRretA5FK_JQ,4
aL8oCI3xgCY,UCdZoVLv1XHLLLJTSNcifuDQ,4
eaNREFiw6hc,UCdZoVLv1XHLLLJTSNcifuDQ,4
Zttm86OppQc,UC8b-bA_uLbZHRretA5FK_JQ,4
Y2XOyLXDXE8,UCdZoVLv1XHLLLJTSNcifuDQ,4
s7oQtRaJ4FA,UC8b-bA_uLbZHRretA5FK_JQ,4
QTS36x9F5WU,UCdZoVLv1XHLLLJTSNcifuDQ,4
lXaoF61ybI0,UC8b-bA_uLbZHRretA5FK_JQ,4
9rk8gQClHAI,UC8b-bA_uLbZHRretA5FK_JQ,4
sT1imR9JVbk,UC8b-bA_uLbZHRretA5FK_JQ,4
EdetEGy9USA,UCVZ9t0crMOnaOTz2WyWTmSA,4
0bNtoQjmQx4,UC8b-bA_uLbZHRretA5FK_JQ,4
yPspy_bajqY,UC8b-bA_uLbZHRretA5FK_JQ,4
-ROfYn_81dk,UCdZoVLv1XHLLLJTSNcifuDQ,4
108zOfps3LY,UCdZoVLv1XHLLLJTSNcifuDQ,4
_p7D1HFp1zY,UCdZoVLv1XHLLLJTSNcifuDQ,4
O3FJyx_IXjE,UCdZoVLv1XHLLLJTSNcifuDQ,4
G3O49q3asWg,UC8b-bA_uLbZHRretA5FK_JQ,4
J5VfnAA8ZGg,UCdZoVLv1XHLLLJTSNcifuDQ,4
hscsM7yVZ6c,UCQ2ni-j9Hbtbzt9FytvkBUQ,4
kP9esBR11p4,UC8b-bA_uLbZHRretA5FK_JQ,4
-kMMC23oS3A,UC8b-bA_uLbZHRretA5FK_JQ,4
xjkWQ8wX5Ng,UC95VQDMjwvr7GsejfIdS6GQ,4
wRdBDjZ9xdY,UC8b-bA_uLbZHRretA5FK_JQ,4
jHi40eW9qwU,UCdZoVLv1XHLLLJTSNcifuDQ,4
LSHQl08f5eA,UC95VQDMjwvr7GsejfIdS6GQ,4
vEapQQydFfQ,UCdZoVLv1XHLLLJTSNcifuDQ,4
TddLqlpm_jY,UCdZoVLv1XHLLLJTSNcifuDQ,4
nE7sOXUU0tg,UC261_KcN9A6EIie_Rq0vlWg,4
q_cGYHTYdgA,UCdZoVLv1XHLLLJTSNcifuDQ,4
p54OFKz4LQE,UCdZoVLv1XHLLLJTSNcifuDQ,4
Xl2QIVc4aV8,UCVZ9t0crMOnaOTz2WyWTmSA,4
3Xog3JXBIws,UCdZoVLv1XHLLLJTSNcifuDQ,4
O9N66HfpGOw,UCdZoVLv1XHLLLJTSNcifuDQ,4
--JaD-ERE94,UCdZoVLv1XHLLLJTSNcifuDQ,4
NroMXWLhfRU,UCdZoVLv1XHLLLJTSNcifuDQ,4
p2Bm07DFHW8,UCdZoVLv1XHLLLJTSNcifuDQ,4
r29HthvrxpE,UCdZoVLv1XHLLLJTSNcifuDQ,4
WlumwizuipM,UCdZoVLv1XHLLLJTSNcifuDQ,4
0hi1g3Z4-To,UC95VQDMjwvr7GsejfIdS6GQ,4
9PQttY-TNiI,UCdZoVLv1XHLLLJTSNcifuDQ,4
x19QhzTJRY8,UC261_KcN9A6EIie_Rq0vlWg,4
SwEE17xlZgw,UCdZoVLv1XHLLLJTSNcifuDQ,4
eSyftCx8hps,UCdZoVLv1XHLLLJTSNcifuDQ,4
NhjECMoyewc,UCVZ9t0crMOnaOTz2WyWTmSA,4
z9bE-iAqxlI,UCdZoVLv1XHLLLJTSNcifuDQ,4
ZLzIkI13Fms,UCdZoVLv1XHLLLJTSNcifuDQ,4
XmTTwokFevY,UC261_KcN9A6EIie_Rq0vlWg,4
l8qqAWc-WIs,UCdZoVLv1XHLLLJTSNcifuDQ,4
k_SJaQP8Cr0,UCdZoVLv1XHLLLJTSNcifuDQ,4
aGpeKCwFF8M,UCdZoVLv1XHLLLJTSNcifuDQ,4
kFvvQ3gJIT8,UCdZoVLv1XHLLLJTSNcifuDQ,4
WYR3DomBpjo,UC261_KcN9A6EIie_Rq0vlWg,4
r95--ngNlG0,UC3QFis16K3OvRO-3magXLwg,4
vK7_UvzKFC4,UCiVJZlfcmWMUiXv5oywnDhQ,4
jk9Djewv7_I,UCXMwCQVey4PhdWFJ6WhAVhA,4
6J2NJYf_5Uk,UC95VQDMjwvr7GsejfIdS6GQ,4
pl4Bo2dSFwg,UC261_KcN9A6EIie_Rq0vlWg,4
NxGOf_1PFMI,UC95VQDMjwvr7GsejfIdS6GQ,4
irB51vFw1QE,UCQ2ni-j9Hbtbzt9FytvkBUQ,4
6Q-qYkddF0w,UC3QFis16K3OvRO-3magXLwg,4
h-WcUtnMXtE,UCVZ9t0crMOnaOTz2WyWTmSA,4
FmQBz3fAQy0,UC261_KcN9A6EIie_Rq0vlWg,4
5zBcDGJnaFU,UC8b-bA_uLbZHRretA5FK_JQ,4
8c70sl1UQYg,UC261_KcN9A6EIie_Rq0vlWg,4
z3FmAG98GsE,UC95VQDMjwvr7GsejfIdS6GQ,4
p6E7lDQ6orc,UCVZ9t0crMOnaOTz2WyWTmSA,4
bt4hHKRCnj0,UC261_KcN9A6EIie_Rq0vlWg,4
f9b7BqrPKKI,UC95VQDMjwvr7GsejfIdS6GQ,4
c-mjkFdA3js,UCVZ9t0crMOnaOTz2WyWTmSA,4
I9segPvA3yQ,UC261_KcN9A6EIie_Rq0vlWg,4
CBRLcaVASCo,UC2hm5rD_IrfYRMfq5YQudgA,4
DT6BgaNLnhU,UCQ2ni-j9Hbtbzt9FytvkBUQ,4
ETBZbg-SjuU,UCVZ9t0crMOnaOTz2WyWTmSA,4
_yhGhnHVp3I,UC261_KcN9A6EIie_Rq0vlWg,4
AZDDDxo2X4s,UC261_KcN9A6EIie_Rq0vlWg,4
LxRZcJerzV4,UCXMwCQVey4PhdWFJ6WhAVhA,4
0Zid5umfs74,UC261_KcN9A6EIie_Rq0vlWg,4
Pmd881Giz14,UC261_KcN9A6EIie_Rq0vlWg,4
vU7MnS5DQgU,UC95VQDMjwvr7GsejfIdS6GQ,4
aNVVaMWqqXQ,UC261_KcN9A6EIie_Rq0vlWg,4
Gf33Kf6DjFY,UC261_KcN9A6EIie_Rq0vlWg,4
eBUyeaYQU-g,UC261_KcN9A6EIie_Rq0vlWg,4
RP0vbXUMzmA,UCVZ9t0crMOnaOTz2WyWTmSA,4
m13XF-gfS1g,UC261_KcN9A6EIie_Rq0vlWg,4
3RP8rsXubjc,UC261_KcN9A6EIie_Rq0vlWg,4
FAQ04meiEfw,UC95VQDMjwvr7GsejfIdS6GQ,4
zp0OIBCcDig,UC261_KcN9A6EIie_Rq0vlWg,4
5mnbYTb49_8,UCiVJZlfcmWMUiXv5oywnDhQ,4
Mz1pV5n_zCA,UC261_KcN9A6EIie_Rq0vlWg,4
nbRhQeOGU-M,UCQ2ni-j9Hbtbzt9FytvkBUQ,4
RlIUGktvFxY,UC261_KcN9A6EIie_Rq0vlWg,4
q8H1NKP2w_o,UCVZ9t0crMOnaOTz2WyWTmSA,4
L7jQWlx0xUM,UCVZ9t0crMOnaOTz2WyWTmSA,4
MIRLQjcdP20,UC261_KcN9A6EIie_Rq0vlWg,4
39M4qS4op_4,UC3QFis16K3OvRO-3magXLwg,4
i3VP2rJqMRs,UCVZ9t0crMOnaOTz2WyWTmSA,4
EapwjK5JszE,UCQ2ni-j9Hbtbzt9FytvkBUQ,4
srYobw_Lxlw,UC261_KcN9A6EIie_Rq0vlWg,4
ULaQfDWk_gg,UC261_KcN9A6EIie_Rq0vlWg,4
vQdJovy7myI,UC95VQDMjwvr7GsejfIdS6GQ,4
6Q9UHCL3lV8,UCVZ9t0crMOnaOTz2WyWTmSA,4
UxGMKp47cHo,UC261_KcN9A6EIie_Rq0vlWg,4
9P0G1_vndHw,UC261_KcN9A6EIie_Rq0vlWg,4
YurDLHVZMNo,UC261_KcN9A6EIie_Rq0vlWg,4
M6VbFZT2a60,UCVZ9t0crMOnaOTz2WyWTmSA,4
Y1YgSrZXe1c,UCVZ9t0crMOnaOTz2WyWTmSA,4
9-qX4vglSmY,UC261_KcN9A6EIie_Rq0vlWg,4
qvyKf2PCffs,UC261_KcN9A6EIie_Rq0vlWg,4
v5Fp61M7JA8,UC8b-bA_uLbZHRretA5FK_JQ,4
0f2Cp8rIpns,UC261_KcN9A6EIie_Rq0vlWg,4
jeZM2gkpkQA,UC3QFis16K3OvRO-3magXLwg,4
Gy9DFhQT47o,UC261_KcN9A6EIie_Rq0vlWg,4
xKxgZGmtgl8,UC95VQDMjwvr7GsejfIdS6GQ,4
EgtMVjyCflA,UC261_KcN9A6EIie_Rq0vlWg,4
aI1D3OfhmBY,UC261_KcN9A6EIie_Rq0vlWg,4
FTnZPQ0TjTM,UC261_KcN9A6EIie_Rq0vlWg,4
9R53IqOefOQ,UC261_KcN9A6EIie_Rq0vlWg,4
Nuy15Ec0VR8,UC261_KcN9A6EIie_Rq0vlWg,4
RA9uWYCEkQk,UCQ2ni-j9Hbtbzt9FytvkBUQ,4
IUV7as6tYl4,UC261_KcN9A6EIie_Rq0vlWg,4
zcxH5rs-GRo,UC95VQDMjwvr7GsejfIdS6GQ,4
tSdZh1g0rKg,UCVZ9t0crMOnaOTz2WyWTmSA,4
srKVxN3Wwos,UC261_KcN9A6EIie_Rq0vlWg,4
6o7_WQotMrg,UCiVJZlfcmWMUiXv5oywnDhQ,4
wM_PFfT-2J0,UC261_KcN9A6EIie_Rq0vlWg,4
PXg0-7rORCo,UC3QFis16K3OvRO-3magXLwg,4
sem2Vcul5O8,UC261_KcN9A6EIie_Rq0vlWg,4
mjSND4KarmI,UC261_KcN9A6EIie_Rq0vlWg,4
dLylBZXXxg4,UCVZ9t0crMOnaOTz2WyWTmSA,4
-653D0l7Qkg,UC261_KcN9A6EIie_Rq0vlWg,4
Y7xUwanyFoU,UC261_KcN9A6EIie_Rq0vlWg,4
HC_AabJL8wc,UC8b-bA_uLbZHRretA5FK_JQ,4
4RxwoliD3LY,UC261_KcN9A6EIie_Rq0vlWg,4
ONgTliW9Qfs,UC261_KcN9A6EIie_Rq0vlWg,4
bTIX61EGZO0,UC261_KcN9A6EIie_Rq0vlWg,4
YaqhqsOLL3U,UC95VQDMjwvr7GsejfIdS6GQ,4
grasebfwMUM,UC261_KcN9A6EIie_Rq0vlWg,4
oTcHxn8f0Dk,UC8b-bA_uLbZHRretA5FK_JQ,4
AzfGDAfZMX8,UC261_KcN9A6EIie_Rq0vlWg,4
fT-lMv7Uubw,UC261_KcN9A6EIie_Rq0vlWg,4
F7qUgHcCsMM,UC261_KcN9A6EIie_Rq0vlWg,4
tleRFqzP2ik,UC261_KcN9A6EIie_Rq0vlWg,4
9-cSlYnslcU,UC261_KcN9A6EIie_Rq0vlWg,4
xc4FthYaeMo,UCVZ9t0crMOnaOTz2WyWTmSA,4
extem6-meN0,UC261_KcN9A6EIie_Rq0vlWg,4
aUruONVVTsw,UC8b-bA_uLbZHRretA5FK_JQ,4
dnX6R0xY4f8,UC261_KcN9A6EIie_Rq0vlWg,4
sJvZ_uehVNY,UC95VQDMjwvr7GsejfIdS6GQ,4
9ZeJAY6BtUo,UC261_KcN9A6EIie_Rq0vlWg,4
DK1kCzXWUxQ,UC261_KcN9A6EIie_Rq0vlWg,4
wDYHqBx2JCU,UC261_KcN9A6EIie_Rq0vlWg,4
L2oMWiuxGEc,UC261_KcN9A6EIie_Rq0vlWg,4
08YAz92ppkw,UCVZ9t0crMOnaOTz2WyWTmSA,4
746OBFpOUXg,UC261_KcN9A6EIie_Rq0vlWg,4
af9IqqRyCnc,UC261_KcN9A6EIie_Rq0vlWg,4
XGpE3LwcD6I,UC261_KcN9A6EIie_Rq0vlWg,4
rLh6OpLQKb0,UC261_KcN9A6EIie_Rq0vlWg,4
oFbCoh-UM7U,UC261_KcN9A6EIie_Rq0vlWg,4
RtKlGG6h2Z4,UC261_KcN9A6EIie_Rq0vlWg,4
0PrY1FnDOB8,UCQ2ni-j9Hbtbzt9FytvkBUQ,4
hO9C_uVSCE8,UCVZ9t0crMOnaOTz2WyWTmSA,4
vrArcviv8FQ,UC261_KcN9A6EIie_Rq0vlWg,4
UAkEz9UnSwY,UC3QFis16K3OvRO-3magXLwg,4
F9KFT0a9EA0,UC261_KcN9A6EIie_Rq0vlWg,4
Ka2sK1zRWBw,UC8b-bA_uLbZHRretA5FK_JQ,4
0yHwVGvinmw,UC261_KcN9A6EIie_Rq0vlWg,4
QYkLsrlYp5k,UC261_KcN9A6EIie_Rq0vlWg,4
twhMwX8SPMA,UCVZ9t0crMOnaOTz2WyWTmSA,4
_hk86_sCOig,UC261_KcN9A6EIie_Rq0vlWg,4
zN5iffJklLw,UCVZ9t0crMOnaOTz2WyWTmSA,4
KYlrujmrkUs,UC261_KcN9A6EIie_Rq0vlWg,4
DG4NsL9KXQY,UC2hm5rD_IrfYRMfq5YQudgA,4
jBw3T4MLY4E,UCVZ9t0crMOnaOTz2WyWTmSA,4
E4Mi1dApaTs,UC261_KcN9A6EIie_Rq0vlWg,4
eoTEOuZ2Hxo,UCiVJZlfcmWMUiXv5oywnDhQ,4
d3ExxgcVCLQ,UC261_KcN9A6EIie_Rq0vlWg,4
4wLVWMghB-M,UC261_KcN9A6EIie_Rq0vlWg,4
aYxehA5XKXQ,UC261_KcN9A6EIie_Rq0vlWg,4
Eiy_1Z1XTD0,UC261_KcN9A6EIie_Rq0vlWg,4
E8sZE0FdM34,UC95VQDMjwvr7GsejfIdS6GQ,4
nMtau6wezdQ,UC3QFis16K3OvRO-3magXLwg,4
U7oxAxE2Pis,UC261_KcN9A6EIie_Rq0vlWg,4
r2gFJ69hFBg,UC95VQDMjwvr7GsejfIdS6GQ,4
KpaRoriWeQc,UC261_KcN9A6EIie_Rq0vlWg,4
j-zju1fax0s,UC261_KcN9A6EIie_Rq0vlWg,4
UyBhPMjndoQ,UC261_KcN9A6EIie_Rq0vlWg,4
N4nFuual8TY,UC261_KcN9A6EIie_Rq0vlWg,4
0iLDzodmTaI,UC8b-bA_uLbZHRretA5FK_JQ,4
nOW1--WCYiE,UCVZ9t0crMOnaOTz2WyWTmSA,4
u2QXxgYZjoQ,UC261_KcN9A6EIie_Rq0vlWg,4
R0CdqLr4X9c,UCVZ9t0crMOnaOTz2WyWTmSA,4
_I2UgXfdszM,UCVZ9t0crMOnaOTz2WyWTmSA,4
q2DBXT-BAjQ,UC261_KcN9A6EIie_Rq0vlWg,4
pZlxgVqoVZ8,UC95VQDMjwvr7GsejfIdS6GQ,4
ub6Ck4obz00,UC261_KcN9A6EIie_Rq0vlWg,4
EHPLAQr1I0w,UCVZ9t0crMOnaOTz2WyWTmSA,4
51bF3tzEkLQ,UC2hm5rD_IrfYRMfq5YQudgA,4
eKGFIxJhKaw,UC261_KcN9A6EIie_Rq0vlWg,4
UFXHZI2P_cg,UC261_KcN9A6EIie_Rq0vlWg,4
JPjRNpG-CaU,UC261_KcN9A6EIie_Rq0vlWg,4
0iWpjPjM2Vo,UC261_KcN9A6EIie_Rq0vlWg,4
oiq1jaMm5NM,UC261_KcN9A6EIie_Rq0vlWg,4
Vja_UXUU7Uw,UC261_KcN9A6EIie_Rq0vlWg,4
bkmlS1qugb4,UCVZ9t0crMOnaOTz2WyWTmSA,4
1_cCwDAblu8,UC261_KcN9A6EIie_Rq0vlWg,4
B-IKfy7L04c,UC261_KcN9A6EIie_Rq0vlWg,4
xl0e0t0wAsU,UC261_KcN9A6EIie_Rq0vlWg,4
ImFvemDMIEc,UC3QFis16K3OvRO-3magXLwg,4
rG5Eqel_k10,UC261_KcN9A6EIie_Rq0vlWg,4
yDWwz3wZFVg,UCQ2ni-j9Hbtbzt9FytvkBUQ,4
2Ikk_RHaAhQ,UC261_KcN9A6EIie_Rq0vlWg,4
CUNTkldjQR0,UC261_KcN9A6EIie_Rq0vlWg,4
8ghk8687vn8,UC95VQDMjwvr7GsejfIdS6GQ,4
Z1ulA4U670g,UC261_KcN9A6EIie_Rq0vlWg,4
el_N3-7276k,UC261_KcN9A6EIie_Rq0vlWg,4
itgSqRQzOEw,UCdZoVLv1XHLLLJTSNcifuDQ,4
3amYISXSuWM,UC261_KcN9A6EIie_Rq0vlWg,4
5rAkKrWVZvA,UC261_KcN9A6EIie_Rq0vlWg,4
EQd_GEoZUb0,UC261_KcN9A6EIie_Rq0vlWg,4
jOmPBYS88qw,UCdZoVLv1XHLLLJTSNcifuDQ,4
y7x4otixgjc,UCVZ9t0crMOnaOTz2WyWTmSA,4
m3Zn2IJR_sM,UC261_KcN9A6EIie_Rq0vlWg,4
pUyiKrupV6Q,UC261_KcN9A6EIie_Rq0vlWg,4
2xgkpWrJUq8,UCdZoVLv1XHLLLJTSNcifuDQ,4
V2Bdyq8ULS4,UC261_KcN9A6EIie_Rq0vlWg,4
-keduhlvHF0,UC8b-bA_uLbZHRretA5FK_JQ,4
kOf03b6KM4Y,UC261_KcN9A6EIie_Rq0vlWg,4
wahkOL7x0HQ,UC3QFis16K3OvRO-3magXLwg,4
oDF28ghlIp0,UCdZoVLv1XHLLLJTSNcifuDQ,4
QR8dC80K-ag,UCVZ9t0crMOnaOTz2WyWTmSA,4
WK4cTjpvQ9k,UC261_KcN9A6EIie_Rq0vlWg,4
fb3fOfAJhg8,UC8b-bA_uLbZHRretA5FK_JQ,4
gg__f32pFRo,UC261_KcN9A6EIie_Rq0vlWg,4
m56UBh6wTjQ,UC8b-bA_uLbZHRretA5FK_JQ,4
TYR9pH4bPOk,UCVZ9t0crMOnaOTz2WyWTmSA,4
ptgamBtMDOg,UC261_KcN9A6EIie_Rq0vlWg,4
uM4Ek0uX4uE,UC261_KcN9A6EIie_Rq0vlWg,4
SxgXWiqdE7g,UCiVJZlfcmWMUiXv5oywnDhQ,4
07xg2ZRNRj4,UC8b-bA_uLbZHRretA5FK_JQ,4
S8QTq7dXFn4,UCVZ9t0crMOnaOTz2WyWTmSA,4
PEmHrWSOUkc,UC261_KcN9A6EIie_Rq0vlWg,4
DNuOWypG3Ng,UC261_KcN9A6EIie_Rq0vlWg,4
b7NKiv65OOE,UC261_KcN9A6EIie_Rq0vlWg,4
R5U8KTuf4JQ,UC261_KcN9A6EIie_Rq0vlWg,4
byzXQXhY0GE,UC95VQDMjwvr7GsejfIdS6GQ,4
ieuoqSeYk1k,UC261_KcN9A6EIie_Rq0vlWg,4
dhNKEcWlGT8,UC261_KcN9A6EIie_Rq0vlWg,4
BdAeD1VjmB0,UC261_KcN9A6EIie_Rq0vlWg,4
cg62A-KvPEM,UC261_KcN9A6EIie_Rq0vlWg,4
SJHheJmHy_g,UC3QFis16K3OvRO-3magXLwg,4
MnOpquQa-sM,UC261_KcN9A6EIie_Rq0vlWg,4
xlqhA3nXm08,UC95VQDMjwvr7GsejfIdS6GQ,4
Rea0G8Ob2IA,UC261_KcN9A6EIie_Rq0vlWg,4
NoeHoMqVmVU,UC261_KcN9A6EIie_Rq0vlWg,4
YSPT1-AibmA,UCQ2ni-j9Hbtbzt9FytvkBUQ,4
1HCTefTXz3Q,UC261_KcN9A6EIie_Rq0vlWg,4
xjxv9x1jIqc,UC261_KcN9A6EIie_Rq0vlWg,4
fO768tIM21s,UC261_KcN9A6EIie_Rq0vlWg,4
7CRolFNSAt8,UC261_KcN9A6EIie_Rq0vlWg,4
v8W8OtCDm0Q,UCiVJZlfcmWMUiXv5oywnDhQ,4
3cKjgdvBWbA,UC261_KcN9A6EIie_Rq0vlWg,4
aHcax8nCE-w,UC8b-bA_uLbZHRretA5FK_JQ,4
NUEN-QY8UFE,UC261_KcN9A6EIie_Rq0vlWg,4
K9fsQRGj7O0,UC261_KcN9A6EIie_Rq0vlWg,4
02LD1rccHVc,UC95VQDMjwvr7GsejfIdS6GQ,4
Yt-71y1ieYM,UC261_KcN9A6EIie_Rq0vlWg,4
e2IawDiBExA,UC261_KcN9A6EIie_Rq0vlWg,4
jZcslH7htrQ,UC261_KcN9A6EIie_Rq0vlWg,4
uqQ2biTrdCY,UC261_KcN9A6EIie_Rq0vlWg,4
PRY5PFcIEf4,UCVZ9t0crMOnaOTz2WyWTmSA,4
Lz5RoQ-npys,UC261_KcN9A6EIie_Rq0vlWg,4
sMFWy9jRPpU,UC8b-bA_uLbZHRretA5FK_JQ,4
5AAU_wnxSlQ,UC261_KcN9A6EIie_Rq0vlWg,4
6lRszRVYtvk,UC261_KcN9A6EIie_Rq0vlWg,4
eD9HFMMJRYs,UC261_KcN9A6EIie_Rq0vlWg,4
36UvP4uG1Zo,UC261_KcN9A6EIie_Rq0vlWg,4
a9bU-iUionE,UC261_KcN9A6EIie_Rq0vlWg,4
OrBSQ3cVrcE,UCVZ9t0crMOnaOTz2WyWTmSA,4
Vtk89WlUsyk,UC261_KcN9A6EIie_Rq0vlWg,4
W2_RQIO9qYM,UCVZ9t0crMOnaOTz2WyWTmSA,4
5E7XBAMNgZ4,UC261_KcN9A6EIie_Rq0vlWg,4
sgjYLpJLK20,UCVZ9t0crMOnaOTz2WyWTmSA,4
4-ODeMiYYz4,UC261_KcN9A6EIie_Rq0vlWg,4
KDvZR5eF5Rw,UC261_KcN9A6EIie_Rq0vlWg,4
bnL9y35Y7ZM,UC261_KcN9A6EIie_Rq0vlWg,4
ofA_YXljXQ4,UC261_KcN9A6EIie_Rq0vlWg,4
6XZHtH_0W1o,UC3QFis16K3OvRO-3magXLwg,4
hmKJhZjbWD4,UC261_KcN9A6EIie_Rq0vlWg,4
wRtnnoXux3s,UC261_KcN9A6EIie_Rq0vlWg,4
XvHt2EXbTI4,UC261_KcN9A6EIie_Rq0vlWg,4
GkBXtCF1h2w,UC3QFis16K3OvRO-3magXLwg,4
VthTaODYLEE,UCQ2ni-j9Hbtbzt9FytvkBUQ,4
yu-VbBMFTmk,UC95VQDMjwvr7GsejfIdS6GQ,4
tCGHre1JqWg,UC261_KcN9A6EIie_Rq0vlWg,4
hu_XgK1WXDM,UC261_KcN9A6EIie_Rq0vlWg,4
RwWIS7ol2q8,UC261_KcN9A6EIie_Rq0vlWg,4
WQ7KajT5Tkg,UC3QFis16K3OvRO-3magXLwg,4
1-WItDRxll4,UC261_KcN9A6EIie_Rq0vlWg,4
qV3G2RrGrSs,UC261_KcN9A6EIie_Rq0vlWg,4
nykKdrcRyGk,UC261_KcN9A6EIie_Rq0vlWg,4
ZVP0M7yeKs8,UC261_KcN9A6EIie_Rq0vlWg,4
tpyi4B7vcKQ,UC261_KcN9A6EIie_Rq0vlWg,4
kBrL-7IVvLs,UC261_KcN9A6EIie_Rq0vlWg,4
7n57ZzrbfdE,UC95VQDMjwvr7GsejfIdS6GQ,4
Ol1eKaGlCdM,UC261_KcN9A6EIie_Rq0vlWg,4
xQ11IkYVyEk,UC261_KcN9A6EIie_Rq0vlWg,4
bqThKFm3DFs,UC261_KcN9A6EIie_Rq0vlWg,4
p3L2sG6DRJI,UC8b-bA_uLbZHRretA5FK_JQ,4
LcS0PTRh_JI,UC261_KcN9A6EIie_Rq0vlWg,4
Z-M1vpKSWa4,UC95VQDMjwvr7GsejfIdS6GQ,4
gyue_jMvDn4,UC261_KcN9A6EIie_Rq0vlWg,4
gU81O7LM_VA,UC261_KcN9A6EIie_Rq0vlWg,4
K64jcARWG38,UC261_KcN9A6EIie_Rq0vlWg,4
Q9bqV4cAP28,UC261_KcN9A6EIie_Rq0vlWg,4
wojEi1JrgCg,UC261_KcN9A6EIie_Rq0vlWg,4
Py2WwgdUyqw,UC261_KcN9A6EIie_Rq0vlWg,4
r8dmWpcR77M,UC261_KcN9A6EIie_Rq0vlWg,4
2-3v9kJ87kY,UC261_KcN9A6EIie_Rq0vlWg,4
_TTlQQPkGYc,UC261_KcN9A6EIie_Rq0vlWg,4
lx6hhBaX_9A,UC261_KcN9A6EIie_Rq0vlWg,4
u5LyrmlGruA,UC261_KcN9A6EIie_Rq0vlWg,4
zDRjXA8Oqvk,UCiVJZlfcmWMUiXv5oywnDhQ,4
ukQB6IyWl-o,UC261_KcN9A6EIie_Rq0vlWg,4
dHL6t9gr3vA,UC261_KcN9A6EIie_Rq0vlWg,4
RHbheR7slJM,UC261_KcN9A6EIie_Rq0vlWg,4
yo3IxXm9-Zs,UC261_KcN9A6EIie_Rq0vlWg,4
myL3nfrOTXQ,UC261_KcN9A6EIie_Rq0vlWg,4
7t5gMkVGaHE,UC261_KcN9A6EIie_Rq0vlWg,4
kpmODgYcg3E,UC261_KcN9A6EIie_Rq0vlWg,4
ACXhtdu_p5g,UC95VQDMjwvr7GsejfIdS6GQ,4
ri1e-ye-ufM,UC261_KcN9A6EIie_Rq0vlWg,4
x9Js_flgaGU,UC261_KcN9A6EIie_Rq0vlWg,4
-dAmCbtKhv8,UCVZ9t0crMOnaOTz2WyWTmSA,4
BTd4f2k2F8Y,UCQ2ni-j9Hbtbzt9FytvkBUQ,4
I9lrXmC_olQ,UC261_KcN9A6EIie_Rq0vlWg,4
v-28WAmVpAE,UCVZ9t0crMOnaOTz2WyWTmSA,4
ABrViWoxWOk,UCVZ9t0crMOnaOTz2WyWTmSA,4
xL88BdxM34A,UCiVJZlfcmWMUiXv5oywnDhQ,4
Zh1mMAzjwBE,UCVZ9t0crMOnaOTz2WyWTmSA,4
4ti1FHq4Pnk,UC95VQDMjwvr7GsejfIdS6GQ,4
aA6rHFxmUaE,UC2hm5rD_IrfYRMfq5YQudgA,4
3rOuaLmvl9Y,UC95VQDMjwvr7GsejfIdS6GQ,4
Tr53kMKTlMU,UCVZ9t0crMOnaOTz2WyWTmSA,4
G24CatEACaA,UC8b-bA_uLbZHRretA5FK_JQ,4
uNI8ZRkgpT8,UCiVJZlfcmWMUiXv5oywnDhQ,4
Mo4vF1sSzXI,UC95VQDMjwvr7GsejfIdS6GQ,4
r_2S3gxP9pQ,UCQ2ni-j9Hbtbzt9FytvkBUQ,4
XpDOuNVxe-s,UCVZ9t0crMOnaOTz2WyWTmSA,4
sk1dHWS4qTQ,UCVZ9t0crMOnaOTz2WyWTmSA,4
_D9ItaZgy1I,UC95VQDMjwvr7GsejfIdS6GQ,4
sNOQK8g6z20,UC95VQDMjwvr7GsejfIdS6GQ,4
aVAMeAyWfHo,UCiVJZlfcmWMUiXv5oywnDhQ,4
uPPuRnZHR_E,UC95VQDMjwvr7GsejfIdS6GQ,4
G62kLP-IxcM,UC95VQDMjwvr7GsejfIdS6GQ,4
NA75jaXcROY,UCQ2ni-j9Hbtbzt9FytvkBUQ,4
POY9_hqnbrI,UC95VQDMjwvr7GsejfIdS6GQ,4
QzC5BOhzN-Q,UCVZ9t0crMOnaOTz2WyWTmSA,4
QjR8E80gj_A,UC95VQDMjwvr7GsejfIdS6GQ,4
Uh-tnlOEcKA,UCVZ9t0crMOnaOTz2WyWTmSA,4
zvwtqhZujn4,UCVZ9t0crMOnaOTz2WyWTmSA,4
7yij8G-n01g,UCVZ9t0crMOnaOTz2WyWTmSA,4
UXHUAp6r5b0,UC95VQDMjwvr7GsejfIdS6GQ,4
3QZx_oGvUOQ,UCVZ9t0crMOnaOTz2WyWTmSA,4
QGetF8q2Cag,UCiVJZlfcmWMUiXv5oywnDhQ,4
480d0SXRqYU,UCVZ9t0crMOnaOTz2WyWTmSA,4
kRLZmfdv6jk,UCVZ9t0crMOnaOTz2WyWTmSA,4
olUI2ACbWro,UC95VQDMjwvr7GsejfIdS6GQ,4
SU5XyAZEtVE,UCVZ9t0crMOnaOTz2WyWTmSA,4
IcVH1OP0qeE,UCVZ9t0crMOnaOTz2WyWTmSA,4
9feBSb6SQFE,UCVZ9t0crMOnaOTz2WyWTmSA,4
_hah4p_jiQs,UCVZ9t0crMOnaOTz2WyWTmSA,4
w-vXKF1HtFs,UCVZ9t0crMOnaOTz2WyWTmSA,4
sFG2tW9qEV8,UCVZ9t0crMOnaOTz2WyWTmSA,4
xKQ71Ku-sHo,UC95VQDMjwvr7GsejfIdS6GQ,4
oXUZDuyJwug,UCVZ9t0crMOnaOTz2WyWTmSA,4
3PgMZiAdkoc,UC2hm5rD_IrfYRMfq5YQudgA,4
kOtsC7Iao8w,UCQ2ni-j9Hbtbzt9FytvkBUQ,4
jpuvB8-TtrQ,UC95VQDMjwvr7GsejfIdS6GQ,4
pBdO0MpGoUg,UCVZ9t0crMOnaOTz2WyWTmSA,4
Nk62-WM4ftc,UC95VQDMjwvr7GsejfIdS6GQ,4
usb4QrK2VhU,UCiVJZlfcmWMUiXv5oywnDhQ,4
Bvs2XoTTguk,UC95VQDMjwvr7GsejfIdS6GQ,4
p8kONBSXOag,UC8b-bA_uLbZHRretA5FK_JQ,4
Khl-YbH0FI4,UC95VQDMjwvr7GsejfIdS6GQ,4
hfWERTuunVQ,UC95VQDMjwvr7GsejfIdS6GQ,4
57lsnrca1BU,UC95VQDMjwvr7GsejfIdS6GQ,4
q0-OlbIif0I,UCXMwCQVey4PhdWFJ6WhAVhA,4
pCbFnIdEddg,UCVZ9t0crMOnaOTz2WyWTmSA,4
XgZcEO3JKHk,UCiVJZlfcmWMUiXv5oywnDhQ,4
L2d2HBg2igY,UCVZ9t0crMOnaOTz2WyWTmSA,4
FWDrETFkcNY,UC8b-bA_uLbZHRretA5FK_JQ,4
gvKJsWu_t2w,UC95VQDMjwvr7GsejfIdS6GQ,4
eyU8H4KK6xE,UCVZ9t0crMOnaOTz2WyWTmSA,4
QizYM400Fyk,UC8b-bA_uLbZHRretA5FK_JQ,4
7L9vDnKm0e8,UC8b-bA_uLbZHRretA5FK_JQ,4
cngBPYk7cow,UC95VQDMjwvr7GsejfIdS6GQ,4
pb05ieiQY-g,UCVZ9t0crMOnaOTz2WyWTmSA,4
WMrj90EplYY,UCiVJZlfcmWMUiXv5oywnDhQ,4
gPXxqfKBkjk,UC95VQDMjwvr7GsejfIdS6GQ,4
K_Y0R7fyS5M,UCVZ9t0crMOnaOTz2WyWTmSA,4
Rj1G6UmvcAs,UCVZ9t0crMOnaOTz2WyWTmSA,4
lWBQKX71Ke4,UCiVJZlfcmWMUiXv5oywnDhQ,4
g_fsr_giJjw,UC95VQDMjwvr7GsejfIdS6GQ,4
o_SdESRa3TY,UC8b-bA_uLbZHRretA5FK_JQ,4
NyS9OYMEPz8,UC8b-bA_uLbZHRretA5FK_JQ,4
vvKn3_4wZJI,UC95VQDMjwvr7GsejfIdS6GQ,4
yACKsCRqD1k,UCXMwCQVey4PhdWFJ6WhAVhA,4
Q7aodE0eUHM,UC95VQDMjwvr7GsejfIdS6GQ,4
HSnajSNvUOM,UCiVJZlfcmWMUiXv5oywnDhQ,4
w2__eJq5A-Q,UCiVJZlfcmWMUiXv5oywnDhQ,4
sQ1Evc6sUbY,UC95VQDMjwvr7GsejfIdS6GQ,4
-p0bHzhKOM0,UC8b-bA_uLbZHRretA5FK_JQ,4
CMJezQBFWi8,UCVZ9t0crMOnaOTz2WyWTmSA,4
jHdUA3RwaGI,UCVZ9t0crMOnaOTz2WyWTmSA,4
2bhp60jiHIU,UC95VQDMjwvr7GsejfIdS6GQ,4
83MfALaHU9s,UCVZ9t0crMOnaOTz2WyWTmSA,4
F0Sw2mJQc1E,UCVZ9t0crMOnaOTz2WyWTmSA,4
V_jKUCGpY8I,UCVZ9t0crMOnaOTz2WyWTmSA,4
Q2vjZkRV5Ig,UCVZ9t0crMOnaOTz2WyWTmSA,4
apCPk9rnwEg,UCVZ9t0crMOnaOTz2WyWTmSA,4
fEvCOireeFw,UC8b-bA_uLbZHRretA5FK_JQ,4
7xvwB2keXmI,UCiVJZlfcmWMUiXv5oywnDhQ,4
M2rdl59PsaE,UCVZ9t0crMOnaOTz2WyWTmSA,4
eLXgwJoqWCY,UCVZ9t0crMOnaOTz2WyWTmSA,4
64Zj1gpf61M,UC95VQDMjwvr7GsejfIdS6GQ,4
eqxcXFAsupo,UC8b-bA_uLbZHRretA5FK_JQ,4
89NJ-z1Lv_U,UCiVJZlfcmWMUiXv5oywnDhQ,4
kf4afSh9yjg,UC95VQDMjwvr7GsejfIdS6GQ,4
Yht4M0MAqGQ,UC95VQDMjwvr7GsejfIdS6GQ,4
KneBOgNDP_M,UCXMwCQVey4PhdWFJ6WhAVhA,4
LaeGmVJ7rrs,UCVZ9t0crMOnaOTz2WyWTmSA,4
p32SFEmQ6eU,UCiVJZlfcmWMUiXv5oywnDhQ,4
llYIZPKXh4w,UC8b-bA_uLbZHRretA5FK_JQ,4
KSFBF4XayOU,UC95VQDMjwvr7GsejfIdS6GQ,4
MOz5Z_BkZ9g,UC95VQDMjwvr7GsejfIdS6GQ,4
ANdc35vx_TE,UCVZ9t0crMOnaOTz2WyWTmSA,4
Rk6GpvyxLpc,UCiVJZlfcmWMUiXv5oywnDhQ,4
0S-QhVo9c28,UC8b-bA_uLbZHRretA5FK_JQ,4
ZHV5EdC2AKk,UCiVJZlfcmWMUiXv5oywnDhQ,4
7aUgoE3mr7Y,UC8b-bA_uLbZHRretA5FK_JQ,4
0MLOIhUr1Zo,UC95VQDMjwvr7GsejfIdS6GQ,4
Mnbhq6jxDho,UC8b-bA_uLbZHRretA5FK_JQ,4
FhaZqDk5-wI,UCiVJZlfcmWMUiXv5oywnDhQ,4
09sAwDCIpBI,UC95VQDMjwvr7GsejfIdS6GQ,4
HROSzLHxuGo,UCVZ9t0crMOnaOTz2WyWTmSA,4
gy6MM27U9TA,UC8b-bA_uLbZHRretA5FK_JQ,4
AbfVDcZwNnU,UCiVJZlfcmWMUiXv5oywnDhQ,4
k2saHGCqD0I,UC95VQDMjwvr7GsejfIdS6GQ,4
13BtQ7t3qoE,UC8b-bA_uLbZHRretA5FK_JQ,4
XqWHXJ7PK9k,UC8b-bA_uLbZHRretA5FK_JQ,4
W17Mg58QGn8,UCVZ9t0crMOnaOTz2WyWTmSA,4
9MfdUyFywQw,UC95VQDMjwvr7GsejfIdS6GQ,4
yk-5XR66REA,UC8b-bA_uLbZHRretA5FK_JQ,4
tPHfekoOWf0,UCiVJZlfcmWMUiXv5oywnDhQ,4
a15jZA5X0U8,UCXMwCQVey4PhdWFJ6WhAVhA,4
Tmp32BE-mvQ,UC95VQDMjwvr7GsejfIdS6GQ,4
nysC828-UJs,UC8b-bA_uLbZHRretA5FK_JQ,4
ggiFhXmb-wM,UC95VQDMjwvr7GsejfIdS6GQ,4
ckbjVQD0gzc,UC95VQDMjwvr7GsejfIdS6GQ,4
f-Ld_huer9k,UCVZ9t0crMOnaOTz2WyWTmSA,4
MD_lxVIwO2Y,UCiVJZlfcmWMUiXv5oywnDhQ,4
OyDLuom4KGs,UC2hm5rD_IrfYRMfq5YQudgA,4
q1_wmJV_E_Y,UCVZ9t0crMOnaOTz2WyWTmSA,4
pQPkiCpRXYQ,UCVZ9t0crMOnaOTz2WyWTmSA,4
EoA-K6zqvX8,UCVZ9t0crMOnaOTz2WyWTmSA,4
tr8TfC-y-sk,UCVZ9t0crMOnaOTz2WyWTmSA,4
WJvLPhY5SKA,UC8b-bA_uLbZHRretA5FK_JQ,4
co16pyBQHzo,UCiVJZlfcmWMUiXv5oywnDhQ,4
AVYBSlzHGQc,UCVZ9t0crMOnaOTz2WyWTmSA,4
7OVgFfjpUwM,UC95VQDMjwvr7GsejfIdS6GQ,4
sF71jBtSbEw,UCVZ9t0crMOnaOTz2WyWTmSA,4
DCyBsIUTx7Q,UCVZ9t0crMOnaOTz2WyWTmSA,4
uL6glGvb9v4,UCVZ9t0crMOnaOTz2WyWTmSA,4
2tPJyLlXfRI,UCVZ9t0crMOnaOTz2WyWTmSA,4
V0xVDGaML-E,UCiVJZlfcmWMUiXv5oywnDhQ,4
aCDX3neTtc4,UC95VQDMjwvr7GsejfIdS6GQ,4
tlJLmPr5-98,UCXMwCQVey4PhdWFJ6WhAVhA,4
4ogTapvM1oE,UC8b-bA_uLbZHRretA5FK_JQ,4
DHrtRv40wT0,UC95VQDMjwvr7GsejfIdS6GQ,4
OfZ0kgiousA,UCiVJZlfcmWMUiXv5oywnDhQ,4
t-pr6rSnKBE,UCVZ9t0crMOnaOTz2WyWTmSA,4
7L13F9f9rzE,UC8b-bA_uLbZHRretA5FK_JQ,4
3ngxJ41_lZw,UC8b-bA_uLbZHRretA5FK_JQ,4
HYx8lQofTIM,UCiVJZlfcmWMUiXv5oywnDhQ,4
n7NkSqJtFHA,UC95VQDMjwvr7GsejfIdS6GQ,4
LaRMJJKKCDI,UC95VQDMjwvr7GsejfIdS6GQ,4
GQYddnarWnY,UCXMwCQVey4PhdWFJ6WhAVhA,4
-4OQevC_Omc,UCVZ9t0crMOnaOTz2WyWTmSA,4
mnZB_ozHwpg,UCiVJZlfcmWMUiXv5oywnDhQ,4
UXeRrFEp-lY,UCVZ9t0crMOnaOTz2WyWTmSA,4
84N55jsSBWg,UCiVJZlfcmWMUiXv5oywnDhQ,4
gU7Of3yWcPM,UC95VQDMjwvr7GsejfIdS6GQ,4
LjziZgtUtb0,UCVZ9t0crMOnaOTz2WyWTmSA,4
mUojfQUcI2Q,UCVZ9t0crMOnaOTz2WyWTmSA,4
gHmWp1efepg,UCiVJZlfcmWMUiXv5oywnDhQ,4
Kmcd2slQR-c,UC95VQDMjwvr7GsejfIdS6GQ,4
1C8PKsAZ4Bw,UCiVJZlfcmWMUiXv5oywnDhQ,4
VV3kv0LBusk,UC8b-bA_uLbZHRretA5FK_JQ,4
vVhn3jDGckg,UC8b-bA_uLbZHRretA5FK_JQ,4
hj1PQzxPzPk,UCiVJZlfcmWMUiXv5oywnDhQ,4
vJWzUwM-RhA,UC95VQDMjwvr7GsejfIdS6GQ,4
wadHLiZhhz8,UCdZoVLv1XHLLLJTSNcifuDQ,4
cQMnezYozKw,UCiVJZlfcmWMUiXv5oywnDhQ,4
ymyvz5Rhou0,UCdZoVLv1XHLLLJTSNcifuDQ,4
ILI8ySAWD5Q,UC95VQDMjwvr7GsejfIdS6GQ,4
WZ8R8-CVHgQ,UCdZoVLv1XHLLLJTSNcifuDQ,4
nRzSF5CShTQ,UC8b-bA_uLbZHRretA5FK_JQ,4
a0lVCqAVrGw,UCiVJZlfcmWMUiXv5oywnDhQ,4
X3OYHP1Uo2Q,UC95VQDMjwvr7GsejfIdS6GQ,4
s6SPphf85uw,UCdZoVLv1XHLLLJTSNcifuDQ,4
JHFMgK1Vvbg,UCdZoVLv1XHLLLJTSNcifuDQ,4
KimF3QkO-Ns,UC2hm5rD_IrfYRMfq5YQudgA,4
wL29zuHt4CU,UCiVJZlfcmWMUiXv5oywnDhQ,4
oldxTv-5nBQ,UCdZoVLv1XHLLLJTSNcifuDQ,4
b-mDxf2Tgms,UC95VQDMjwvr7GsejfIdS6GQ,4
R_JnYk3M0Q0,UCdZoVLv1XHLLLJTSNcifuDQ,4
7gzAXG2eDhQ,UCdZoVLv1XHLLLJTSNcifuDQ,4
Dfbsk60KGb0,UCiVJZlfcmWMUiXv5oywnDhQ,4
txZFnVAdyDk,UC8b-bA_uLbZHRretA5FK_JQ,4
WThVmDccGno,UC95VQDMjwvr7GsejfIdS6GQ,4
0w4bWXb27CU,UCdZoVLv1XHLLLJTSNcifuDQ,4
laOst96MFCw,UC8b-bA_uLbZHRretA5FK_JQ,4
6oxQxwGMoug,UC95VQDMjwvr7GsejfIdS6GQ,4
XNJUXoWu7VA,UCdZoVLv1XHLLLJTSNcifuDQ,4
giepFR3ZxX4,UCdZoVLv1XHLLLJTSNcifuDQ,4
gn13HE7H8yw,UCdZoVLv1XHLLLJTSNcifuDQ,4
_fqjDAR6MNI,UCiVJZlfcmWMUiXv5oywnDhQ,4
gYYnqgFIWFE,UCdZoVLv1XHLLLJTSNcifuDQ,4
Bxn6l3ZED0U,UCdZoVLv1XHLLLJTSNcifuDQ,4
P51-duN_O08,UC95VQDMjwvr7GsejfIdS6GQ,4
HQVYwA10msI,UCdZoVLv1XHLLLJTSNcifuDQ,4
nOnFPs9s0cs,UCdZoVLv1XHLLLJTSNcifuDQ,4
nEQp28O-tQw,UC8b-bA_uLbZHRretA5FK_JQ,4
ht38Kjt_ZnE,UCdZoVLv1XHLLLJTSNcifuDQ,4
r2SeZwH7KE4,UCiVJZlfcmWMUiXv5oywnDhQ,4
N5SqRIQyEqs,UCdZoVLv1XHLLLJTSNcifuDQ,4
IO_ggzx3qkw,UCdZoVLv1XHLLLJTSNcifuDQ,4
57ue6puZo3E,UC8b-bA_uLbZHRretA5FK_JQ,4
M3PVkPkPJP4,UCdZoVLv1XHLLLJTSNcifuDQ,4
S161RHNZvmw,UCdZoVLv1XHLLLJTSNcifuDQ,4
__cLk10qPKU,UCdZoVLv1XHLLLJTSNcifuDQ,4
Ysy6sGyu7VY,UCdZoVLv1XHLLLJTSNcifuDQ,4
fpdhrOdCnEI,UC95VQDMjwvr7GsejfIdS6GQ,4
qgtmTQoln7c,UCdZoVLv1XHLLLJTSNcifuDQ,4
7eaZN-JH1So,UCdZoVLv1XHLLLJTSNcifuDQ,4
4D-FF2BQE80,UCiVJZlfcmWMUiXv5oywnDhQ,4
5CljAtJ14Ug,UCdZoVLv1XHLLLJTSNcifuDQ,4
OeZTEzV0Yiw,UCdZoVLv1XHLLLJTSNcifuDQ,4
luUV6MCC7gM,UC95VQDMjwvr7GsejfIdS6GQ,4
rqEVXpfOZGI,UCdZoVLv1XHLLLJTSNcifuDQ,4
ojDbFavxA_4,UC8b-bA_uLbZHRretA5FK_JQ,4
CliZ1yXet1Y,UCdZoVLv1XHLLLJTSNcifuDQ,4
-R-a33LyZmg,UCdZoVLv1XHLLLJTSNcifuDQ,4
roOvcmEYdF4,UCdZoVLv1XHLLLJTSNcifuDQ,4
WeHvUXkS7zg,UCdZoVLv1XHLLLJTSNcifuDQ,4
6A3Tp-O392M,UCiVJZlfcmWMUiXv5oywnDhQ,4
R9qCvu0VVSk,UCVZ9t0crMOnaOTz2WyWTmSA,4
jdS1TvgipZE,UC8b-bA_uLbZHRretA5FK_JQ,4
9gkpmrUPYZ4,UCdZoVLv1XHLLLJTSNcifuDQ,4
R3MZDEzAjNg,UCdZoVLv1XHLLLJTSNcifuDQ,4
viI7Glw7eZU,UCdZoVLv1XHLLLJTSNcifuDQ,4
FYL6pFmsqeM,UCVZ9t0crMOnaOTz2WyWTmSA,4
mnB11LOFrLY,UCdZoVLv1XHLLLJTSNcifuDQ,4
2_M3QdfMArg,UCdZoVLv1XHLLLJTSNcifuDQ,4
DIU49eadByQ,UCdZoVLv1XHLLLJTSNcifuDQ,4
zKr80xckB50,UC8b-bA_uLbZHRretA5FK_JQ,4
9bkgOTOldM4,UCVZ9t0crMOnaOTz2WyWTmSA,4
Y225lroIKoY,UCiVJZlfcmWMUiXv5oywnDhQ,4
_Prd_glg2ME,UCdZoVLv1XHLLLJTSNcifuDQ,4
JcpXL_IqaB0,UCdZoVLv1XHLLLJTSNcifuDQ,4
lCE8K94cNbg,UCdZoVLv1XHLLLJTSNcifuDQ,4
e3sf5QU3DEM,UC95VQDMjwvr7GsejfIdS6GQ,4
w54EdplWDb8,UCdZoVLv1XHLLLJTSNcifuDQ,4
r4_dm0t07bg,UCdZoVLv1XHLLLJTSNcifuDQ,4
v1lW4gDKynM,UC8b-bA_uLbZHRretA5FK_JQ,4
6KHciaM_C1Q,UCdZoVLv1XHLLLJTSNcifuDQ,4
Xo4l853NVco,UCdZoVLv1XHLLLJTSNcifuDQ,4
ZUqqXkD80BI,UCdZoVLv1XHLLLJTSNcifuDQ,4
hc4phBmksms,UCiVJZlfcmWMUiXv5oywnDhQ,4
Aifw1_3jFqE,UCdZoVLv1XHLLLJTSNcifuDQ,4
cL4qZC1h7YE,UCdZoVLv1XHLLLJTSNcifuDQ,4
12DuDnnZbf4,UCdZoVLv1XHLLLJTSNcifuDQ,4
Nv5TbKq5H6o,UC8b-bA_uLbZHRretA5FK_JQ,4
VwgYfgXiOsI,UCdZoVLv1XHLLLJTSNcifuDQ,4
a091v81gV80,UCVZ9t0crMOnaOTz2WyWTmSA,4
M0iJ8UuzO9s,UCdZoVLv1XHLLLJTSNcifuDQ,4
VTmXDMM4CmU,UCdZoVLv1XHLLLJTSNcifuDQ,4
sYF5f7g31Ic,UCdZoVLv1XHLLLJTSNcifuDQ,4
eI_k0C4v8r4,UCdZoVLv1XHLLLJTSNcifuDQ,4
aQKDdEGcS3U,UCdZoVLv1XHLLLJTSNcifuDQ,4
aTBfStvvPhU,UC95VQDMjwvr7GsejfIdS6GQ,4
_DUUvKy5bIU,UCdZoVLv1XHLLLJTSNcifuDQ,4
1eAe4e-cvGY,UCdZoVLv1XHLLLJTSNcifuDQ,4
en7y_i85PHY,UCVZ9t0crMOnaOTz2WyWTmSA,4
5n4FChGp-8s,UCdZoVLv1XHLLLJTSNcifuDQ,4
duZ_t0j2TJc,UC95VQDMjwvr7GsejfIdS6GQ,4
PLfxkSTNzbU,UCdZoVLv1XHLLLJTSNcifuDQ,4
R7kXkRFj91I,UCdZoVLv1XHLLLJTSNcifuDQ,4
_HN8b-8403Q,UCiVJZlfcmWMUiXv5oywnDhQ,4
NTdpY3pJYOI,UCdZoVLv1XHLLLJTSNcifuDQ,4
ypDl4952j5c,UCdZoVLv1XHLLLJTSNcifuDQ,4
mV5gqGynEw4,UCdZoVLv1XHLLLJTSNcifuDQ,4
TaBPdXAUjBk,UCdZoVLv1XHLLLJTSNcifuDQ,4
85_dTu4s6y8,UCdZoVLv1XHLLLJTSNcifuDQ,4
9qr08hhzIfg,UCiVJZlfcmWMUiXv5oywnDhQ,4
4wE892RVgSo,UCdZoVLv1XHLLLJTSNcifuDQ,4
s0wvO7QMYHE,UCdZoVLv1XHLLLJTSNcifuDQ,4
JbZs7SiRlXE,UCdZoVLv1XHLLLJTSNcifuDQ,4
L2JXHFGbEiE,UC95VQDMjwvr7GsejfIdS6GQ,4
rxY1f9oCrcs,UC2hm5rD_IrfYRMfq5YQudgA,4
GZ-zbUR4ma0,UCdZoVLv1XHLLLJTSNcifuDQ,4
uEXnG9ezWIg,UC8b-bA_uLbZHRretA5FK_JQ,4
_2vjozvcEDM,UCdZoVLv1XHLLLJTSNcifuDQ,4
e0udublrQFQ,UC8b-bA_uLbZHRretA5FK_JQ,4
XPOUkzCIG1U,UCdZoVLv1XHLLLJTSNcifuDQ,4
C3VKBQxe2do,UCiVJZlfcmWMUiXv5oywnDhQ,4
fsf6PH5KT6E,UCdZoVLv1XHLLLJTSNcifuDQ,4
Q7j2f7DHBxI,UC95VQDMjwvr7GsejfIdS6GQ,4
JHeCgUL5vho,UCdZoVLv1XHLLLJTSNcifuDQ,4
UlZtyvbzR4Q,UCdZoVLv1XHLLLJTSNcifuDQ,4
vhrPWMs13bQ,UCdZoVLv1XHLLLJTSNcifuDQ,4
PMUU8pbUMek,UCdZoVLv1XHLLLJTSNcifuDQ,4
43IgVC8o_ls,UCdZoVLv1XHLLLJTSNcifuDQ,4
EA5H0Euzka0,UCdZoVLv1XHLLLJTSNcifuDQ,4
5uHQmT98gxM,UCiVJZlfcmWMUiXv5oywnDhQ,4
AYeVZea1N3M,UCdZoVLv1XHLLLJTSNcifuDQ,4
6k8UtW7eLxQ,UCdZoVLv1XHLLLJTSNcifuDQ,4
ms5GnZJHwAU,UCdZoVLv1XHLLLJTSNcifuDQ,4
u_9guqB_ZMc,UCdZoVLv1XHLLLJTSNcifuDQ,4
BCy-2LPMQNM,UC95VQDMjwvr7GsejfIdS6GQ,4
NSX_YB6DEpM,UCdZoVLv1XHLLLJTSNcifuDQ,4
PSh_7v-AmBY,UCVZ9t0crMOnaOTz2WyWTmSA,4
g-kg2gfo_k0,UCVZ9t0crMOnaOTz2WyWTmSA,4
vHAfT0HRQK8,UCdZoVLv1XHLLLJTSNcifuDQ,4
4f5M1fHxRrQ,UCiVJZlfcmWMUiXv5oywnDhQ,4
WYlQZ_gwnF0,UCdZoVLv1XHLLLJTSNcifuDQ,4
LicPHp2VPLE,UCVZ9t0crMOnaOTz2WyWTmSA,4
ucyUVV1gvYk,UCdZoVLv1XHLLLJTSNcifuDQ,4
C7E_NxL0pyc,UCdZoVLv1XHLLLJTSNcifuDQ,4
nrI55oEtjj4,UCVZ9t0crMOnaOTz2WyWTmSA,4
XCRlsJZwWzM,UCdZoVLv1XHLLLJTSNcifuDQ,4
9t1_C48WUNM,UCdZoVLv1XHLLLJTSNcifuDQ,4
DHnsTbXQ2VE,UCVZ9t0crMOnaOTz2WyWTmSA,4
KNqb9Kw4DtI,UCdZoVLv1XHLLLJTSNcifuDQ,4
gwEu7EFNIrc,UCVZ9t0crMOnaOTz2WyWTmSA,4
zm7VCZVL064,UCdZoVLv1XHLLLJTSNcifuDQ,4
Vip25Tet4tA,UCiVJZlfcmWMUiXv5oywnDhQ,4
FlIgN4uuSUg,UCdZoVLv1XHLLLJTSNcifuDQ,4
6L4WQ2yJjWg,UCdZoVLv1XHLLLJTSNcifuDQ,4
dRCMddPmvzo,UC8b-bA_uLbZHRretA5FK_JQ,4
uv4UT_fnp0w,UCdZoVLv1XHLLLJTSNcifuDQ,4
voKN199svDM,UC95VQDMjwvr7GsejfIdS6GQ,4
8pL9t5e_238,UCdZoVLv1XHLLLJTSNcifuDQ,4
pdUBgKmElcc,UCdZoVLv1XHLLLJTSNcifuDQ,4
IInA0l_VLX0,UCdZoVLv1XHLLLJTSNcifuDQ,4
W72ZbSk7Dm8,UCdZoVLv1XHLLLJTSNcifuDQ,4
jimgjZcetXk,UCVZ9t0crMOnaOTz2WyWTmSA,4
SZGKOFFNtH0,UCdZoVLv1XHLLLJTSNcifuDQ,4
XUg2u329Uq4,UCiVJZlfcmWMUiXv5oywnDhQ,4
vd3Z8-puzO0,UCdZoVLv1XHLLLJTSNcifuDQ,4
zy7Jg3OUoko,UCVZ9t0crMOnaOTz2WyWTmSA,4
8mQNTHeDgu4,UCdZoVLv1XHLLLJTSNcifuDQ,4
-ZIf-4ymeMc,UCVZ9t0crMOnaOTz2WyWTmSA,4
kuxZ0AapY34,UCdZoVLv1XHLLLJTSNcifuDQ,4
_-4FctEyd9E,UCdZoVLv1XHLLLJTSNcifuDQ,4
CoT2bKWwuBo,UCVZ9t0crMOnaOTz2WyWTmSA,4
c2NIA2koki8,UCdZoVLv1XHLLLJTSNcifuDQ,4
WSFTUzAKgr8,UCdZoVLv1XHLLLJTSNcifuDQ,4
5BQqt_0hPJs,UCdZoVLv1XHLLLJTSNcifuDQ,4
0rYSehH4k5Q,UCiVJZlfcmWMUiXv5oywnDhQ,4
T8yRwQGwVr8,UCdZoVLv1XHLLLJTSNcifuDQ,4
qzE8iy9-Y-Q,UCdZoVLv1XHLLLJTSNcifuDQ,4
K4k7W-G6z8o,UCdZoVLv1XHLLLJTSNcifuDQ,4
0GMYHR38TPs,UCdZoVLv1XHLLLJTSNcifuDQ,4
V3pCOlLhjCo,UCdZoVLv1XHLLLJTSNcifuDQ,4
Qkrliy6PRbA,UCdZoVLv1XHLLLJTSNcifuDQ,4
qeB7mg2hrmA,UCdZoVLv1XHLLLJTSNcifuDQ,4
ua3YotfDqQw,UCiVJZlfcmWMUiXv5oywnDhQ,4
RhHGvieqKPY,UCdZoVLv1XHLLLJTSNcifuDQ,4
t0RTCcTc3AA,UCdZoVLv1XHLLLJTSNcifuDQ,4
OAFcIYPsqbE,UC95VQDMjwvr7GsejfIdS6GQ,4
_gQKN3-75nk,UCVZ9t0crMOnaOTz2WyWTmSA,4
c1RlsLPhOLc,UC2hm5rD_IrfYRMfq5YQudgA,4
HZJi9uLWLY0,UCVZ9t0crMOnaOTz2WyWTmSA,4
VO8OSVfR7-c,UCVZ9t0crMOnaOTz2WyWTmSA,4
PQa9Zzr59Ik,UCiVJZlfcmWMUiXv5oywnDhQ,4
XyzL0UhvI3w,UC95VQDMjwvr7GsejfIdS6GQ,4
3JnomoA2lgk,UC8b-bA_uLbZHRretA5FK_JQ,4
mXO4uZS_SBY,UCVZ9t0crMOnaOTz2WyWTmSA,4
zz0TQFxg668,UC8b-bA_uLbZHRretA5FK_JQ,4
836B1J_gkl4,UCiVJZlfcmWMUiXv5oywnDhQ,4
GJ_eY5uAriw,UCVZ9t0crMOnaOTz2WyWTmSA,4
FIbgbmE8Ao4,UCiVJZlfcmWMUiXv5oywnDhQ,4
bgdVbOJNbi8,UCiVJZlfcmWMUiXv5oywnDhQ,4
8s_BMHgS76w,UC8b-bA_uLbZHRretA5FK_JQ,4
PRp-IS9GPtk,UCiVJZlfcmWMUiXv5oywnDhQ,4
tZmIi1hC2og,UCiVJZlfcmWMUiXv5oywnDhQ,4
-F1ZjQaTiSM,UC95VQDMjwvr7GsejfIdS6GQ,4
sxBC1ffVkfE,UC8b-bA_uLbZHRretA5FK_JQ,4
hlcDIUMlDvY,UCVZ9t0crMOnaOTz2WyWTmSA,4
5rQW5mKzt0o,UCiVJZlfcmWMUiXv5oywnDhQ,4
L3zwM0dDN-c,UCVZ9t0crMOnaOTz2WyWTmSA,4
l_tGlcDTySE,UC95VQDMjwvr7GsejfIdS6GQ,4
FSm256sct7g,UCVZ9t0crMOnaOTz2WyWTmSA,4
anYT3-9iwEY,UCiVJZlfcmWMUiXv5oywnDhQ,4
l6xD6BsujAE,UC8b-bA_uLbZHRretA5FK_JQ,4
i6n_TC83cSE,UC95VQDMjwvr7GsejfIdS6GQ,4
TsyceMA6KRo,UCiVJZlfcmWMUiXv5oywnDhQ,4
_xHY8YrtlQQ,UC95VQDMjwvr7GsejfIdS6GQ,4
VNxEkUzTj84,UCiVJZlfcmWMUiXv5oywnDhQ,4
qeiFgZ-Ii28,UCVZ9t0crMOnaOTz2WyWTmSA,4
IKlL9VSfk8w,UC95VQDMjwvr7GsejfIdS6GQ,4
pB8-1BZqtIw,UCVZ9t0crMOnaOTz2WyWTmSA,4
m9_YEaX7G7A,UCiVJZlfcmWMUiXv5oywnDhQ,4
vrO7Q00K8tM,UCVZ9t0crMOnaOTz2WyWTmSA,4
Suz6dg1xM5Q,UC95VQDMjwvr7GsejfIdS6GQ,4
LHcATLp480s,UCiVJZlfcmWMUiXv5oywnDhQ,4
KWDMsohE2wE,UCiVJZlfcmWMUiXv5oywnDhQ,4
ZPIKSd5CzB0,UCVZ9t0crMOnaOTz2WyWTmSA,4
EM_zpGOoSlY,UC95VQDMjwvr7GsejfIdS6GQ,4
wTYrT0vcF1A,UC2hm5rD_IrfYRMfq5YQudgA,4
hFRTtyRGyTk,UCiVJZlfcmWMUiXv5oywnDhQ,4
qVBwyeY-TMw,UC95VQDMjwvr7GsejfIdS6GQ,4
iBclUolVLIY,UCiVJZlfcmWMUiXv5oywnDhQ,4
y8zQqD5RJ9U,UC8b-bA_uLbZHRretA5FK_JQ,4
c65raCmA3yE,UCiVJZlfcmWMUiXv5oywnDhQ,4
0Gw-C69nrdQ,UCVZ9t0crMOnaOTz2WyWTmSA,4
PRhZtjKYtcQ,UCVZ9t0crMOnaOTz2WyWTmSA,4
kLoqsYSQYw0,UCiVJZlfcmWMUiXv5oywnDhQ,4
xbdxWKn4hdI,UC95VQDMjwvr7GsejfIdS6GQ,4
dADRa4H1g5Y,UCiVJZlfcmWMUiXv5oywnDhQ,4
3VbYsgo-VZI,UC8b-bA_uLbZHRretA5FK_JQ,4
W0xce-1o1Xs,UCiVJZlfcmWMUiXv5oywnDhQ,4
zL7qRxllwVk,UCiVJZlfcmWMUiXv5oywnDhQ,4
1D3MKWbtHb4,UC8b-bA_uLbZHRretA5FK_JQ,4
NpVBeG2fv8Y,UCiVJZlfcmWMUiXv5oywnDhQ,4
3fwVk9xgII0,UCVZ9t0crMOnaOTz2WyWTmSA,4
q7AYRjWPN-E,UCVZ9t0crMOnaOTz2WyWTmSA,4
c5-HjAIzGBU,UCiVJZlfcmWMUiXv5oywnDhQ,4
I-cRwjdWmEw,UC8b-bA_uLbZHRretA5FK_JQ,4
nMtRy3TCXzE,UC2hm5rD_IrfYRMfq5YQudgA,4
MrxF6hXohAw,UC95VQDMjwvr7GsejfIdS6GQ,4
EYTfSCT4NaY,UCiVJZlfcmWMUiXv5oywnDhQ,4
4gi_9AWAOpQ,UCiVJZlfcmWMUiXv5oywnDhQ,4
PH610uu_t8A,UC8b-bA_uLbZHRretA5FK_JQ,4
_NEgXl4dzb4,UCiVJZlfcmWMUiXv5oywnDhQ,4
Ruxz0ydCK7Q,UC95VQDMjwvr7GsejfIdS6GQ,4
SIPXw6rNYqM,UCiVJZlfcmWMUiXv5oywnDhQ,4
bGPnFynurc4,UCVZ9t0crMOnaOTz2WyWTmSA,4
UO1sL66fqoM,UCiVJZlfcmWMUiXv5oywnDhQ,4
kP-MmkyNE8M,UCVZ9t0crMOnaOTz2WyWTmSA,4
f8uuHkyTY-U,UC95VQDMjwvr7GsejfIdS6GQ,4
E3zNzD6Ar2o,UCiVJZlfcmWMUiXv5oywnDhQ,4
i0wxkXqXpzE,UCVZ9t0crMOnaOTz2WyWTmSA,4
WguZJ2iqzJg,UCiVJZlfcmWMUiXv5oywnDhQ,4
gG2ANyWlCVs,UC95VQDMjwvr7GsejfIdS6GQ,4
z3Dv3Q2BrO4,UCiVJZlfcmWMUiXv5oywnDhQ,4
aDgONXaRFRY,UCiVJZlfcmWMUiXv5oywnDhQ,4
zPpfrM5txQ8,UC95VQDMjwvr7GsejfIdS6GQ,4
NEBxbkFGDIs,UCiVJZlfcmWMUiXv5oywnDhQ,4
3N7jHzv5Ov8,UCiVJZlfcmWMUiXv5oywnDhQ,4
1-DkmyG6zSY,UCVZ9t0crMOnaOTz2WyWTmSA,4
ukUTpZFekIs,UCiVJZlfcmWMUiXv5oywnDhQ,4
xqnqppo-nkg,UCiVJZlfcmWMUiXv5oywnDhQ,4
J9Bajsrx9wk,UCiVJZlfcmWMUiXv5oywnDhQ,4
OHZ38ItPIsY,UCVZ9t0crMOnaOTz2WyWTmSA,4
hVlMpM6kg3A,UCiVJZlfcmWMUiXv5oywnDhQ,4
zlotc9vOLTU,UCiVJZlfcmWMUiXv5oywnDhQ,4
IudOqHgXu6M,UCiVJZlfcmWMUiXv5oywnDhQ,4
vFHeZRwA45A,UCiVJZlfcmWMUiXv5oywnDhQ,4
OF5SicT2qXE,UCVZ9t0crMOnaOTz2WyWTmSA,4
BHD0DGlMR8A,UCVZ9t0crMOnaOTz2WyWTmSA,4
gMwkmCNCXMY,UCiVJZlfcmWMUiXv5oywnDhQ,4
M_Rx17XUDp8,UCVZ9t0crMOnaOTz2WyWTmSA,4
sRzANct1doo,UC2hm5rD_IrfYRMfq5YQudgA,4
AHawodd8GeU,UCiVJZlfcmWMUiXv5oywnDhQ,4
ixamIYgUQrk,UCiVJZlfcmWMUiXv5oywnDhQ,4
8h8p3o45-rg,UCiVJZlfcmWMUiXv5oywnDhQ,4
ctoZQGSQcFk,UCiVJZlfcmWMUiXv5oywnDhQ,4
xX_XnUAdnsU,UCiVJZlfcmWMUiXv5oywnDhQ,4
LdadVQauqPI,UCiVJZlfcmWMUiXv5oywnDhQ,4
wfHosQGZ7nM,UC8b-bA_uLbZHRretA5FK_JQ,4
jvn8rDwZ2LM,UCVZ9t0crMOnaOTz2WyWTmSA,4
YVBtugeZzu8,UCVZ9t0crMOnaOTz2WyWTmSA,4
_mKtCfaGqk8,UCiVJZlfcmWMUiXv5oywnDhQ,4
JzU8chLl13o,UC8b-bA_uLbZHRretA5FK_JQ,4
RdXiqkVnTqI,UCiVJZlfcmWMUiXv5oywnDhQ,4
0wsY-isIEvM,UCiVJZlfcmWMUiXv5oywnDhQ,4
_2ucLNiJWVg,UCiVJZlfcmWMUiXv5oywnDhQ,4
S_1vjOdr6Q4,UCiVJZlfcmWMUiXv5oywnDhQ,4
iIod41RKur0,UCiVJZlfcmWMUiXv5oywnDhQ,4
oN6M80UAu5w,UCiVJZlfcmWMUiXv5oywnDhQ,4
3_JwhW5TkN8,UCiVJZlfcmWMUiXv5oywnDhQ,4
c9pUwappOxk,UCiVJZlfcmWMUiXv5oywnDhQ,4
0u7wAft4V7Q,UCiVJZlfcmWMUiXv5oywnDhQ,4
Ogj4wVQQuEw,UCiVJZlfcmWMUiXv5oywnDhQ,4
-WYW-qqv9cE,UCVZ9t0crMOnaOTz2WyWTmSA,4
fgaALf4MAwc,UCiVJZlfcmWMUiXv5oywnDhQ,4
JWivc_eIz0w,UCiVJZlfcmWMUiXv5oywnDhQ,4
eBcPFPw2g1E,UCiVJZlfcmWMUiXv5oywnDhQ,4
l4dzDlGJXGo,UCiVJZlfcmWMUiXv5oywnDhQ,4
W1bOfQJcjzg,UCiVJZlfcmWMUiXv5oywnDhQ,4
75POu1HF6Xg,UCiVJZlfcmWMUiXv5oywnDhQ,4
PQEZU5jZ3xc,UCiVJZlfcmWMUiXv5oywnDhQ,4
ZLiMU3_egBY,UCiVJZlfcmWMUiXv5oywnDhQ,4
8_dm-OyrnNc,UCiVJZlfcmWMUiXv5oywnDhQ,4
jz4NKO-Jxqs,UCiVJZlfcmWMUiXv5oywnDhQ,4
oecJxDLg_10,UCiVJZlfcmWMUiXv5oywnDhQ,4
j6zrDxRe95g,UCiVJZlfcmWMUiXv5oywnDhQ,4
yl5TteOUmq0,UCiVJZlfcmWMUiXv5oywnDhQ,4
qFiGIPAuPS4,UCVZ9t0crMOnaOTz2WyWTmSA,4
zXMElxTXjjM,UCiVJZlfcmWMUiXv5oywnDhQ,4
YRg0uvWxzuk,UCiVJZlfcmWMUiXv5oywnDhQ,4
CY3qGx-346g,UCiVJZlfcmWMUiXv5oywnDhQ,4
uR9BRiLhpMY,UC2hm5rD_IrfYRMfq5YQudgA,4
33HUpqGH9n0,UCiVJZlfcmWMUiXv5oywnDhQ,4
xRtQ8ALNiaA,UCiVJZlfcmWMUiXv5oywnDhQ,4
Mo_EIrKzEpY,UCiVJZlfcmWMUiXv5oywnDhQ,4
YGbjxP3yGbQ,UCVZ9t0crMOnaOTz2WyWTmSA,4
rOL9MLKtmoE,UCVZ9t0crMOnaOTz2WyWTmSA,4
Y-RdSX3ZM_I,UCiVJZlfcmWMUiXv5oywnDhQ,4
u00pLolYAFU,UCiVJZlfcmWMUiXv5oywnDhQ,4
9AOUNDe6iaw,UCiVJZlfcmWMUiXv5oywnDhQ,4
Pk5L6SpN4eo,UC2hm5rD_IrfYRMfq5YQudgA,4
76ekwKl38ro,UCiVJZlfcmWMUiXv5oywnDhQ,4
Nx5951p9Bgk,UCiVJZlfcmWMUiXv5oywnDhQ,4
2bqzSS30A_M,UCiVJZlfcmWMUiXv5oywnDhQ,4
Uwacej5zpy0,UCiVJZlfcmWMUiXv5oywnDhQ,4
8kUXkHp5kTg,UC8b-bA_uLbZHRretA5FK_JQ,4
2HF7RQiQZQ0,UCiVJZlfcmWMUiXv5oywnDhQ,4
EzTzOGd4CPo,UCiVJZlfcmWMUiXv5oywnDhQ,4
